split,minifig_number,true_label,pred_label
train,DUPFIG001R,DUPLO,DUPLO
train,DUPFIG019,DUPLO,DUPLO
train,DUPFIG034,DUPLO,DUPLO
train,DUPFIG035,DUPLO,DUPLO
train,DUPFIG002,DUPLO,DUPLO
train,DUPFIG027,DUPLO,DUPLO
train,DUPFIG001,DUPLO,DUPLO
train,DUPFIG041,DUPLO,DUPLO
train,DUPFIG012,DUPLO,DUPLO
train,CAS086A,Castle,Castle
train,CAS085A,Castle,Castle
train,CAS081A,Castle,Castle
train,SP005,Space,Space
train,FIREC019,Town,Town
train,FIRE005,Town,Town
train,PLN051,Town,Town
train,PLN106,Town,Town
train,PLN063,Town,Town
train,PLN046,Town,Town
train,TWN448,Town,Town
train,PLN020,Town,Town
train,PLN028,Town,Town
train,PLN064,Town,Town
train,PLN024,Town,Town
train,PLN128,Town,Town
train,PLN126,Town,Town
train,PLN112,Town,Town
train,PLN017,Town,Town
train,PLN058,Town,Town
train,PLN026,Town,Town
train,CON014,Town,Town
train,PLN069,Town,Town
train,PLN018,Town,Town
train,PLN107,Town,Town
train,TRN109,Town,Town
train,PLN030,Town,Town
train,PLN099,Town,Town
train,CHEF004,Town,Town
train,CAS075,Castle,Castle
train,CAS233,Castle,Castle
train,CAS230,Castle,Castle
train,CAS077,Castle,Castle
train,CAS076,Castle,Castle
train,SP127,Space,Space
train,SP128,Space,Space
train,DUPFIG040,DUPLO,DUPLO
train,DUPFIG011,DUPLO,DUPLO
train,DUPFIG014,DUPLO,DUPLO
train,DUPFIG044,DUPLO,DUPLO
train,DUPFIG033,DUPLO,DUPLO
train,DUPFIG018,DUPLO,DUPLO
train,FAB1A,Fabuland,Fabuland
train,FAB12D,Fabuland,Fabuland
train,FAB2A,Fabuland,Fabuland
train,FAB4G,Fabuland,Fabuland
train,FAB5E,Fabuland,Fabuland
train,FAB7E,Fabuland,Fabuland
train,FAB8G,Fabuland,Fabuland
train,FAB9D,Fabuland,Fabuland
train,FAB9C,Fabuland,Fabuland
train,FAB11A,Fabuland,Fabuland
train,FAB11C,Fabuland,Fabuland
train,CON015,Town,Town
train,COP001,Town,Town
train,COP003,Town,Town
train,BUT025,Town,Town
train,BUT013,Town,Town
train,BUT010,Town,Town
train,BUT026,Town,Town
train,CON016,Town,Town
train,BUT022,Town,Town
train,TRN088,Town,Town
train,TRN098,Town,Town
train,TWN042,Castle,Castle
train,CHEF002,Town,Town
train,DOC001A,Town,Town
train,DOC029,Town,Town
train,DUPFIG024,DUPLO,DUPLO
train,DUPFIG005,DUPLO,DUPLO
train,DUPFIG025,DUPLO,DUPLO
train,DUPFIG039,DUPLO,DUPLO
train,DUPFIG003,DUPLO,DUPLO
train,DUPFIG023,DUPLO,DUPLO
train,EXX001,Town,Town
train,FAB4A,Fabuland,Fabuland
train,FAB8C,Fabuland,Fabuland
train,JRED013,Town,Town
train,JRED005,Town,Town
train,NCKLC004,Town,Town
train,PLN060,Town,Town
train,PLN037,Town,Town
train,PLN061,Town,Town
train,PLN085,Town,Town
train,PLN059,Town,Town
train,FMF002,Town,Town
train,PLN057,Town,Town
train,PLN073,Town,Town
train,PLN084,Town,Town
train,PLN016,Town,Town
train,PLN078,Town,Town
train,PLN154,Town,Town
train,PLN072,Town,Town
train,COP015,Town,Town
train,COP046,Town,Town
train,BUT030,Town,Town
train,BUT015,Town,Town
train,BUT011,Town,Town
train,TRN089,Town,Town
train,TRN100,Town,Town
train,VER004,Town,Town
train,DOC006,Town,Town
train,DOC008,Town,Town
train,DOC011,Town,Town
train,DOC007,Town,Town
train,DUPFIG030,DUPLO,DUPLO
train,DUPFIG037,DUPLO,DUPLO
train,DUPFIG013,DUPLO,DUPLO
train,FAB1C,Fabuland,Fabuland
train,FAB10A,Fabuland,Fabuland
train,FAB2C,Fabuland,Fabuland
train,FAB5B,Fabuland,Fabuland
train,FAB8D,Fabuland,Fabuland
train,FIREC001,Town,Town
train,PLN009,Town,Town
train,PLN002,Town,Town
train,PLN004,Town,Town
train,PLN123,Town,Town
train,COP013,Town,Town
train,SHELL004,Town,Town
train,BUT001,Town,Town
train,BUT004,Town,Town
train,DOC030,Town,Town
train,DUPFIG016,DUPLO,DUPLO
train,DUPFIG032,DUPLO,DUPLO
train,FAB12C,Fabuland,Fabuland
train,FAB10C,Fabuland,Fabuland
train,FAB2G,Fabuland,Fabuland
train,FAB2L,Fabuland,Fabuland
train,FAB2D,Fabuland,Fabuland
train,FAB3I,Fabuland,Fabuland
train,FAB5A,Fabuland,Fabuland
train,FAB5G,Fabuland,Fabuland
train,FAB6E,Fabuland,Fabuland
train,FAB6A,Fabuland,Fabuland
train,FAB8F,Fabuland,Fabuland
train,FAB11B,Fabuland,Fabuland
train,FAB11E,Fabuland,Fabuland
train,FAB11F,Fabuland,Fabuland
train,FAB3A,Fabuland,Fabuland
train,FIREC005,Town,Town
train,HGH002,Town,Town
train,JRED018,Town,Town
train,NCKLC011,Town,Town
train,PLN152,Town,Town
train,PLN087,Town,Town
train,PLN015,Town,Town
train,PLN086,Town,Town
train,PLN151,Town,Town
train,BUT029,Town,Town
train,BUT027,Town,Town
train,BUT028,Town,Town
train,SOC038,Sports,Town
train,TRN078,Town,Town
train,TRN113,Town,Town
train,TRN114,Town,Town
train,TRN137,Town,Town
train,VER010,Town,Town
train,CAS232,Castle,Castle
train,4555PB216,DUPLO,DUPLO
train,4555PB164,DUPLO,DUPLO
train,4555PB177,DUPLO,DUPLO
train,FAB10B,Fabuland,Fabuland
train,FAB12A,Fabuland,Fabuland
train,FAB2H,Fabuland,Fabuland
train,FIREC024,Town,Town
train,HOR020,Town,Town
train,JRED017,Town,Town
train,JRED015,Town,Town
train,PLN074,Town,Town
train,PLN050,Town,Town
train,PLN198,Town,Town
train,PLN052,Town,Town
train,BUT023,Town,Town
train,BUT024,Town,Town
train,TRN097,Town,Town
train,VER013,Town,Town
train,VER007,Town,Town
train,CAS301,Castle,Castle
train,CAS101A,Castle,Castle
train,CAS089,Castle,Castle
train,CAS175,Castle,Castle
train,CAS183,Castle,Castle
train,CAS231,Castle,Castle
train,CAS186,Castle,Castle
train,CAS194,Castle,Castle
train,CAS193,Castle,Castle
train,CAS189,Castle,Castle
train,CAS190,Castle,Castle
train,CAS414,Castle,Castle
train,CAS199,Castle,Castle
train,CAS002,Castle,Castle
train,SP004,Space,Space
train,CAS288,Castle,Castle
train,CAS108,Castle,Castle
train,CAS238,Castle,Castle
train,CAS111,Castle,Castle
train,CAS222,Castle,Castle
train,DUPFIG009,DUPLO,DUPLO
train,DUPFIG004,DUPLO,DUPLO
train,4555PB094,DUPLO,DUPLO
train,4555PB126,DUPLO,DUPLO
train,4555PB115,DUPLO,DUPLO
train,FAB4D,Fabuland,Fabuland
train,FAB4F,Fabuland,Fabuland
train,FAB8E,Fabuland,Fabuland
train,FAB3B,Fabuland,Fabuland
train,ZIP015,Town,Town
train,ZIP021,Town,Town
train,CAS092,Castle,Castle
train,PLN077,Town,Town
train,PLN071,Town,Town
train,POST002,Town,Town
train,SHELL001,Town,Town
train,BUT031,Town,Town
train,VER005,Town,Town
train,VER003,Town,Town
train,VER009,Town,Town
train,VER006,Town,Town
train,AIR011,Town,Town
train,AIR012,Town,Town
train,AIR003,Town,Town
train,AIR002,Town,Town
train,CAS098,Castle,Castle
train,CAS005,Castle,Castle
train,CAS189A,Castle,Castle
train,SP052A,Space,Space
train,SP131,Space,Space
train,SP074,Space,Space
train,SP075,Space,Space
train,SP070,Space,Space
train,SP076,Space,Space
train,SP077,Space,Space
train,CAS113,Castle,Castle
train,CAS113A,Castle,Castle
train,4555PB221,DUPLO,DUPLO
train,4555PB162A,DUPLO,DUPLO
train,4555PB222,DUPLO,DUPLO
train,4555PB086A,DUPLO,DUPLO
train,FAB12H,Fabuland,Fabuland
train,FAB5D,Fabuland,Fabuland
train,FAB8H,Fabuland,Fabuland
train,FAB8I,Fabuland,Fabuland
train,FAB12E,Fabuland,Fabuland
train,FIREC018,Town,Town
train,HGH005,Town,Town
train,HGH009,Town,Town
train,HOR007,Town,Town
train,HOR010,Town,Town
train,HOR006,Town,Town
train,JRED022,Town,Town
train,ZIP041,Town,Town
train,ZIP005,Town,Town
train,ZIP042,Town,Town
train,OVR014,Town,Town
train,OVR012,Town,Town
train,OVR003,Town,Town
train,OVR029,Town,Town
train,OVR008,Town,Town
train,CAS093,Castle,Castle
train,PLN029,Town,Town
train,PLN022,Town,Town
train,MMF005,Town,Town
train,PLN023,Town,Town
train,PLN021,Town,Town
train,PLN003,Town,Town
train,PLN098,Town,Town
train,PLN102,Town,Town
train,PLN090,Town,Town
train,FMF001,Town,Town
train,PLN164,Town,Town
train,POST005,Town,Town
train,BUT003,Town,Town
train,BUT038,Town,Town
train,BUT012,Town,Town
train,BUT006,Town,Town
train,BUT017,Town,Town
train,BUT037,Town,Town
train,TRN069,Town,Town
train,TRN070,Town,Town
train,TRN133,Town,Town
train,VER001,Town,Town
train,VER017,Town,Town
train,VER016,Town,Town
train,S010,Town,Town
train,S003,Town,Town
train,CAS176,Castle,Castle
train,CAS181,Castle,Castle
train,CAS184,Castle,Castle
train,CAS197,Castle,Castle
train,SP053B,Space,Space
train,SP081,Space,Space
train,CAS237A,Castle,Castle
train,CAS105,Castle,Castle
train,CAS109,Castle,Castle
train,4943PB002,DUPLO,DUPLO
train,4943PB016,DUPLO,DUPLO
train,4943PB011A,DUPLO,DUPLO
train,4943PB011,DUPLO,DUPLO
train,4943PB015,DUPLO,DUPLO
train,4555PB254,DUPLO,DUPLO
train,4555PB174,DUPLO,DUPLO
train,4555PB158,DUPLO,DUPLO
train,4555PB233,DUPLO,DUPLO
train,4555PB013A,DUPLO,DUPLO
train,4555PB013,DUPLO,DUPLO
train,4555PB160,DUPLO,DUPLO
train,4555PB047,DUPLO,DUPLO
train,4555PB210,DUPLO,DUPLO
train,4555PB149,DUPLO,DUPLO
train,4555PB209,DUPLO,DUPLO
train,4555PB211,DUPLO,DUPLO
train,4555PB131A,DUPLO,DUPLO
train,4555PB131,DUPLO,DUPLO
train,4555PB208,DUPLO,DUPLO
train,FAB12B,Fabuland,Fabuland
train,FAB5C,Fabuland,Fabuland
train,FAB6C,Fabuland,Fabuland
train,FAB7F,Fabuland,Fabuland
train,FAB8A,Fabuland,Fabuland
train,FAB9G,Fabuland,Fabuland
train,FAB9B,Fabuland,Fabuland
train,FAB11G,Fabuland,Fabuland
train,FAB3D,Fabuland,Fabuland
train,FAB12G,Fabuland,Fabuland
train,HOR008,Town,Town
train,TRN010,Town,Town
train,HOR021,Town,Town
train,JRED019,Town,Town
train,ZIP045,Town,Town
train,CAS095,Castle,Castle
train,OVR002,Town,Town
train,PLN054,Town,Town
train,POST004,Town,Town
train,PAR013,Town,Town
train,SHELL012,Town,Town
train,TRN101,Town,Town
train,S011,Town,Town
train,CAS099,Castle,Castle
train,SP001,Space,Space
train,BOAT001,Town,Town
train,CAS177,Castle,Castle
train,CAS201,Castle,Castle
train,CAS200,Castle,Castle
train,SP072,Space,Space
train,CAS107,Castle,Castle
train,CAS289,Castle,Castle
train,DOC002,Town,Town
train,DOC004,Town,Town
train,DOC018,Town,Town
train,4555PB180,DUPLO,DUPLO
train,FAB2I,Fabuland,Fabuland
train,FAB4C,Fabuland,Fabuland
train,FAB5F,Fabuland,Fabuland
train,CAS131A,Castle,Castle
train,CAS134A,Castle,Castle
train,CAS123A,Castle,Castle
train,CAS284,Castle,Castle
train,CAS137A,Castle,Castle
train,SP014,Space,Space
train,SP015,Space,Space
train,HGH003,Town,Town
train,HOR003,Town,Town
train,HOR004,Town,Town
train,HOR015,Town,Town
train,JRED003,Town,Town
train,ZIP001,Town,Town
train,ZIP044,Town,Town
train,BOAT002,Town,Town
train,NCKLC006,Town,Town
train,NCKLC005,Town,Town
train,OVR015,Town,Town
train,PLN114,Town,Town
train,PLN105,Town,Town
train,PLN110,Town,Town
train,PLN115,Town,Town
train,SHELL005,Town,Town
train,BUT019,Town,Town
train,TRN096,Town,Town
train,VER014,Town,Town
train,S002,Town,Town
train,S001,Town,Town
train,S006,Town,Town
train,AIR005,Town,Town
train,CAS188,Castle,Castle
train,CAS185,Castle,Castle
train,CAS180,Castle,Castle
train,CAS195,Castle,Castle
train,CAS191,Castle,Castle
train,CAS110,Castle,Castle
train,CAS120,Castle,Castle
train,CAS119,Castle,Castle
train,DOC009,Town,Town
train,DOC012,Town,Town
train,4943PB013,DUPLO,DUPLO
train,4555PB085,DUPLO,DUPLO
train,4555PB142,DUPLO,DUPLO
train,4555PB001,DUPLO,DUPLO
train,4555PB157,DUPLO,DUPLO
train,4555PB155,DUPLO,DUPLO
train,4555PB113,DUPLO,DUPLO
train,4555PB169,DUPLO,DUPLO
train,FAB5I,Fabuland,Fabuland
train,CAS139,Castle,Castle
train,CAS140A,Castle,Castle
train,HGH004,Town,Town
train,HOR011,Town,Town
train,ZIP003,Town,Town
train,CAS216,Castle,Castle
train,OVR013,Town,Town
train,OVR005,Town,Town
train,OVR006,Town,Town
train,CAS553,Castle,Castle
train,CAS220,Castle,Castle
train,PLN032,Town,Town
train,PLN044,Town,Town
train,PLN033,Town,Town
train,COP004,Town,Town
train,CAS287,Castle,Castle
train,BUT014,Town,Town
train,PI055,Pirates,Pirates
train,CAS121,Castle,Castle
train,4555PB121,DUPLO,DUPLO
train,4555PB110,DUPLO,DUPLO
train,4555PB002,DUPLO,DUPLO
train,4555PB114,DUPLO,DUPLO
train,4555PB156,DUPLO,DUPLO
train,4555PB199,DUPLO,DUPLO
train,FAB4H,Fabuland,Fabuland
train,CAS132A,Castle,Castle
train,CAS137,Castle,Castle
train,HOR017,Town,Town
train,PI061,Pirates,Pirates
train,PI004B,Pirates,Pirates
train,PI004,Pirates,Pirates
train,PI064,Pirates,Pirates
train,PI063,Pirates,Pirates
train,PI060,Pirates,Pirates
train,JRED007,Town,Town
train,ZIP014,Town,Town
train,ZIP007,Town,Town
train,ZIP010,Town,Town
train,CAS091,Castle,Castle
train,PI021,Pirates,Pirates
train,PI008,Pirates,Pirates
train,PI009,Pirates,Pirates
train,PI056,Pirates,Pirates
train,PI043,Pirates,Pirates
train,PI041,Pirates,Pirates
train,PI042,Pirates,Pirates
train,PLN082,Town,Town
train,PLN042,Town,Town
train,SP036,Space,Space
train,AIR006,Town,Town
train,AIR004,Town,Town
train,CAS173,Castle,Castle
train,CAS169,Castle,Castle
train,CAS171,Castle,Castle
train,CAS187,Castle,Castle
train,CHEF001,Town,Town
train,CAS112,Castle,Castle
train,4943PB001,DUPLO,DUPLO
train,4555PB023,DUPLO,DUPLO
train,4555PB124,DUPLO,DUPLO
train,4555PB020,DUPLO,DUPLO
train,4555PB079,DUPLO,DUPLO
train,FIREC002,Town,Town
train,FIREC003,Town,Town
train,CAS321,Castle,Castle
train,CAS136,Castle,Castle
train,CAS133,Castle,Castle
train,CAS320,Castle,Castle
train,CAS128,Castle,Castle
train,CAS323,Castle,Castle
train,CAS319,Castle,Castle
train,HOR009,Town,Town
train,HOR018,Town,Town
train,HOR013,Town,Town
train,HOR001,Town,Town
train,HOR019,Town,Town
train,JRED006,Town,Town
train,ZIP023,Town,Town
train,SP083,Space,Space
train,SP033,Space,Space
train,CAS097,Castle,Castle
train,NCKLC003,Town,Town
train,NCKLC007,Town,Town
train,PLN047,Town,Town
train,PLN067,Town,Town
train,PLN062,Town,Town
train,PLN010,Town,Town
train,PLN039,Town,Town
train,PLN038,Town,Town
train,PLN031,Town,Town
train,PLN006,Town,Town
train,CAS144,Castle,Castle
train,CAS147,Castle,Castle
train,CAS155,Castle,Castle
train,CAS162,Castle,Castle
train,BUT007,Town,Town
train,BUT008,Town,Town
train,TRN083,Town,Town
train,TRN084,Town,Town
train,WTR002,Town,Town
train,TRC004,Town,Town
train,VER011,Town,Town
train,S005,Town,Town
train,AIR001,Town,Town
train,AIR037,Town,Town
train,SP055,Space,Space
train,SP051,Space,Space
train,BOAT005,Town,Town
train,BOAT007,Town,Town
train,2327PB33,DUPLO,DUPLO
train,2327PB04,DUPLO,DUPLO
train,2327PB05,DUPLO,DUPLO
train,2327PB15,DUPLO,DUPLO
train,2327PB34,DUPLO,DUPLO
train,2327PB21,DUPLO,DUPLO
train,2327PB23,DUPLO,DUPLO
train,2327PB17,DUPLO,DUPLO
train,2327PB35,DUPLO,DUPLO
train,2327PB14,DUPLO,DUPLO
train,2327PB10,DUPLO,DUPLO
train,4943PB005,DUPLO,DUPLO
train,4943PB007,DUPLO,DUPLO
train,4943PB006,DUPLO,DUPLO
train,4555PB099,DUPLO,DUPLO
train,4555PB119,DUPLO,DUPLO
train,4555PB132,DUPLO,DUPLO
train,4555PB112,DUPLO,DUPLO
train,4555PB008B,DUPLO,DUPLO
train,4555PB266,DUPLO,DUPLO
train,4555PB122,DUPLO,DUPLO
train,4555PB166,DUPLO,DUPLO
train,4555PB252,DUPLO,DUPLO
train,4555PB086,DUPLO,DUPLO
train,4555PB066,DUPLO,DUPLO
train,4555PB061,DUPLO,DUPLO
train,FIREC016,Town,Town
train,SP057,Space,Space
train,SP056,Space,Space
train,HGH008,Town,Town
train,TRN009,Town,Town
train,ZIP025,Town,Town
train,ZIP024,Town,Town
train,SP054B,Space,Space
train,TRN006,Town,Town
train,NCKLC013,Town,Town
train,TRN007,Town,Town
train,OVR034,Town,Town
train,PI072,Pirates,Pirates
train,PI019,Pirates,Pirates
train,PLN179,Town,Town
train,PLN034,Town,Town
train,PLN036,Town,Town
train,PLN131,Town,Town
train,COP016,Town,Town
train,COP017,Town,Town
train,COP052,Town,Town
train,COP030,Town,Town
train,CAS148,Castle,Castle
train,BUT016,Town,Town
train,BUT039,Town,Town
train,SOC074,Sports,Sports
train,TRN023,Town,Town
train,TRN028,Town,Town
train,TRN027,Town,Town
train,CAS102,Castle,Castle
train,BK001,Town,Town
train,CAS168,Castle,Castle
train,CAS166,Castle,Castle
train,CAS167,Castle,Castle
train,CAS322,Castle,Castle
train,CAS179,Castle,Castle
train,4555PB004,DUPLO,DUPLO
train,4555PB102,DUPLO,DUPLO
train,4555PB108,DUPLO,DUPLO
train,PAR025,Town,Town
train,HOR016,Town,Town
train,HOR024,Town,Town
train,PAR015,Town,Town
train,PI074,Pirates,Pirates
train,PI062,Pirates,Pirates
train,ZIP039,Town,Town
train,ZIP017,Town,Town
train,ZIP018,Town,Town
train,ZIP019,Town,Town
train,ZIP012,Town,Town
train,OCT002,Town,Town
train,OCT012,Town,Town
train,PAR021,Town,Town
train,PAR020,Town,Town
train,PI018,Pirates,Pirates
train,PI080,Pirates,Pirates
train,PI025,Pirates,Pirates
train,PI027,Pirates,Pirates
train,PI039,Pirates,Pirates
train,PI078,Pirates,Pirates
train,PAR035,Town,Town
train,PLN049,Town,Town
train,PLN043,Town,Town
train,COP012,Town,Town
train,COP027,Town,Town
train,PAR010,Town,Town
train,PAR017,Town,Town
train,PAR014,Town,Town
train,CAS142,Castle,Castle
train,CAS149,Castle,Castle
train,CAS318,Castle,Castle
train,CAS159,Castle,Castle
train,CAS163A,Castle,Castle
train,CAS150,Castle,Castle
train,CAS151A,Castle,Castle
train,CAS164,Castle,Castle
train,SP038,Space,Space
train,WTR001,Town,Town
train,VER002,Town,Town
train,CAS251,Castle,Castle
train,ZIP028,Town,Town
train,CAS174,Castle,Castle
train,CAS236,Castle,Castle
train,CAS219,Castle,Castle
train,CAS245,Castle,Castle
train,CAS017A,Castle,Castle
train,CAS018A,Castle,Castle
train,2327PB20,DUPLO,DUPLO
train,2327PB09,DUPLO,DUPLO
train,4555PB093,DUPLO,DUPLO
train,4555PB107,DUPLO,DUPLO
train,4555PB009,DUPLO,DUPLO
train,4555PB163,DUPLO,DUPLO
train,4555PB176,DUPLO,DUPLO
train,4555PB062,DUPLO,DUPLO
train,4555PB046,DUPLO,DUPLO
train,4555PB057,DUPLO,DUPLO
train,FIREC028,Town,Town
train,PAR028,Town,Town
train,PAR044,Town,Town
train,HOR028,Town,Town
train,SP017,Space,Space
train,SP019,Space,Space
train,JBR003,Town,Town
train,JBR007,Town,Town
train,PCK005,Town,Town
train,PCK003,Town,Town
train,PCK001,Town,Town
train,PCK016,Town,Town
train,PCK018,Town,Town
train,JRED012,Town,Town
train,ZIP022,Town,Town
train,ZIP036,Town,Town
train,ZIP035,Town,Town
train,ZIP046,Town,Town
train,ZIP029,Town,Town
train,ZIP032,Town,Town
train,ZIP033,Town,Town
train,TWN007,Town,Town
train,PAR046A,Town,Town
train,CAS249,Castle,Castle
train,OCT004,Town,Town
train,OVR026,Town,Town
train,TRN036,Town,Town
train,PAR019,Town,Town
train,PI076,Pirates,Pirates
train,PI006,Pirates,Pirates
train,PI053,Pirates,Pirates
train,PI028,Pirates,Pirates
train,PLN011,Town,Town
train,PLN005,Town,Town
train,TRN037,Town,Town
train,PLN141,Town,Town
train,PLN140,Town,Town
train,PLN143,Town,Town
train,JAIL001,Town,Town
train,COP051,Town,Town
train,COP007,Town,Town
train,COP002,Town,Town
train,COP006,Town,Town
train,COP010,Town,Town
train,COP005,Town,Town
train,PAR016,Town,Town
train,CAS152,Castle,Castle
train,CAS235,Castle,Castle
train,TRN035,Town,Town
train,CAS234,Castle,Castle
train,AIR009,Town,Town
train,AIR007,Town,Town
train,BELVFEMALE37,Belville,Belville
train,BELVFEMALE24C,Belville,Belville
train,BELVFEMALE23A,Belville,Belville
train,BELVFEMALE20C,Belville,Belville
train,BELVMALE08,Belville,Belville
train,PAR004,Town,Town
train,PAR006,Town,Town
train,CHEF005,Town,Town
train,DOC010,Town,Town
train,CAS011,Castle,Castle
train,CAS014,Castle,Castle
train,CAS017,Castle,Castle
train,2327PB13,DUPLO,DUPLO
train,2327PB03,DUPLO,DUPLO
train,2327PB01,DUPLO,DUPLO
train,2327PB25,DUPLO,DUPLO
train,2327PB12,DUPLO,DUPLO
train,2327PB30,DUPLO,DUPLO
train,2327PB11,DUPLO,DUPLO
train,2327PB22,DUPLO,DUPLO
train,4555PB089,DUPLO,DUPLO
train,6453PB029,DUPLO,DUPLO
train,4555PB111,DUPLO,DUPLO
train,6453PB024,DUPLO,DUPLO
train,6453PB043,DUPLO,DUPLO
train,6453PB010,DUPLO,DUPLO
train,6453PB022,DUPLO,DUPLO
train,6453PB011,DUPLO,DUPLO
train,4555PB016,DUPLO,DUPLO
train,4555PB128,DUPLO,DUPLO
train,4555PB097,DUPLO,DUPLO
train,4555PB116,DUPLO,DUPLO
train,4555PB127,DUPLO,DUPLO
train,4555PB187,DUPLO,DUPLO
train,4555PB008,DUPLO,DUPLO
train,4555PB098,DUPLO,DUPLO
train,4555PB033,DUPLO,DUPLO
train,4555PB255,DUPLO,DUPLO
train,FIREC007,Town,Town
train,FIREC010,Town,Town
train,JBR001,Town,Town
train,PAR047,Town,Town
train,PI066,Pirates,Pirates
train,PI066A,Pirates,Pirates
train,PI070,Pirates,Pirates
train,JBR008,Town,Town
train,JBR009,Town,Town
train,JBR011,Town,Town
train,PCK009,Town,Town
train,PCK004,Town,Town
train,PAR048,Town,Town
train,LEA002,Town,Town
train,OCT037A,Town,Town
train,OCT006,Town,Town
train,OCT036,Town,Town
train,OCT003,Town,Town
train,OVR011,Town,Town
train,PI017,Pirates,Pirates
train,PI022,Pirates,Pirates
train,PI075,Pirates,Pirates
train,PLN008,Town,Town
train,COP020,Town,Town
train,COP011,Town,Town
train,PAR018,Town,Town
train,FBR002,Town,Town
train,FBR001,Town,Town
train,TRN005,Town,Town
train,SP040,Space,Space
train,SP041,Space,Space
train,PAR032,Town,Town
train,SP049,Space,Space
train,BELVFEMALE19,Belville,Belville
train,BELVFEMALE21,Belville,Belville
train,PAR005,Town,Town
train,JBL002,Town,Town
train,RES006,Town,Town
train,RES004,Town,Town
train,RES003,Town,Town
train,2327PB18,DUPLO,DUPLO
train,4555PB228,DUPLO,DUPLO
train,4555PB227,DUPLO,DUPLO
train,6453PB045,DUPLO,DUPLO
train,6453PB049,DUPLO,DUPLO
train,6453PB042,DUPLO,DUPLO
train,4555PB200,DUPLO,DUPLO
train,4555PB050,DUPLO,DUPLO
train,4555PB048,DUPLO,DUPLO
train,6453PB048,DUPLO,DUPLO
train,6453PB055,DUPLO,DUPLO
train,4555PB225,DUPLO,DUPLO
train,4555PB184,DUPLO,DUPLO
train,4555PB133,DUPLO,DUPLO
train,4555PB253,DUPLO,DUPLO
train,4555PB191,DUPLO,DUPLO
train,4555PB248,DUPLO,DUPLO
train,4555PB246,DUPLO,DUPLO
train,4555PB214,DUPLO,DUPLO
train,4555PB045,DUPLO,DUPLO
train,4555PB043,DUPLO,DUPLO
train,4555PB058,DUPLO,DUPLO
train,4555PB190,DUPLO,DUPLO
train,4555PB078,DUPLO,DUPLO
train,4555PB263,DUPLO,DUPLO
train,4555PB262,DUPLO,DUPLO
train,4555PB243,DUPLO,DUPLO
train,4555PB217,DUPLO,DUPLO
train,4555PB061A,DUPLO,DUPLO
train,FIREC011,Town,Town
train,PAR022,Town,Town
train,JBL007,Town,Town
train,JBL001,Town,Town
train,SPLC004,Town,Town
train,SPLC005,Town,Town
train,CAS019,Castle,Castle
train,OCT022,Town,Town
train,OCT001,Town,Town
train,OCT030,Town,Town
train,OVR028,Town,Town
train,PI020,Pirates,Pirates
train,PI026,Pirates,Pirates
train,PI032,Pirates,Pirates
train,PLN053,Town,Town
train,CAS060A,Castle,Castle
train,CAS239,Castle,Castle
train,CAS064,Castle,Castle
train,CAS066,Castle,Castle
train,CAS067,Castle,Castle
train,CAS153,Castle,Castle
train,CAS145,Castle,Castle
train,GEN001,Castle,Castle
train,AIR018,Town,Town
train,AIR016,Town,Town
train,AIR014,Town,Town
train,AIR015,Town,Town
train,BELVFEMALE51,Belville,Belville
train,BELVFEMALE12,Belville,Belville
train,BELVFEMALE24,Belville,Belville
train,BELVMALE12,Belville,Belville
train,BELVMALE06,Belville,Belville
train,PAR054,Town,Town
train,JBL003,Town,Town
train,RES002,Town,Town
train,RES005,Town,Town
train,CAS004,Castle,Castle
train,CAS285,Castle,Castle
train,CAS008,Castle,Castle
train,DOC014,Town,Town
train,6453PB005,DUPLO,DUPLO
train,6453PB014,DUPLO,DUPLO
train,6453PB013,DUPLO,DUPLO
train,4555PB018,DUPLO,DUPLO
train,4555PB019,DUPLO,DUPLO
train,4555PB015,DUPLO,DUPLO
train,4555PB241,DUPLO,DUPLO
train,4555PB256,DUPLO,DUPLO
train,4555PB063,DUPLO,DUPLO
train,4555PB064,DUPLO,DUPLO
train,4555PB075,DUPLO,DUPLO
train,4555PB100,DUPLO,DUPLO
train,4555PB242,DUPLO,DUPLO
train,4555PB071,DUPLO,DUPLO
train,SP008,Space,Space
train,SP012,Space,Space
train,SP009,Space,Space
train,FIREC012,Town,Town
train,PI014,Pirates,Pirates
train,PI010,Pirates,Pirates
train,PI016,Pirates,Pirates
train,JSTR001,Town,Town
train,JSTR003,Town,Town
train,JSTR008,Town,Town
train,JSTR002,Town,Town
train,JBL004,Town,Town
train,JBR004,Town,Town
train,JBR013,Town,Town
train,PCK015,Town,Town
train,PCK012,Town,Town
train,TRN074,Town,Town
train,TRN029,Town,Town
train,PAR024,Town,Town
train,TRN014,Town,Town
train,SPLC007,Town,Town
train,LEA003,Town,Town
train,OCT016,Town,Town
train,OCT005,Town,Town
train,OCT024,Town,Town
train,OCT025,Town,Town
train,OCT007,Town,Town
train,OCT045,Town,Town
train,OCT027,Town,Town
train,OCT026,Town,Town
train,OCT009,Town,Town
train,PI012,Pirates,Pirates
train,PI036,Pirates,Pirates
train,PI034,Pirates,Pirates
train,PI035,Pirates,Pirates
train,PI047,Pirates,Pirates
train,PI052,Pirates,Pirates
train,PI030,Pirates,Pirates
train,PI024,Pirates,Pirates
train,PLN097,Town,Town
train,PLN048,Town,Town
train,PLN100,Town,Town
train,SOC045,Town,Town
train,COP022,Town,Town
train,CAS061,Castle,Castle
train,RAC011,Town,Town
train,VEL002,Town,Town
train,GEN011,Pirates,Pirates
train,PAR033,Town,Town
train,PAR051,Town,Town
train,BNK002,Town,Town
train,BELVBABY04,Belville,Belville
train,BELVBABY03,Belville,Belville
train,BELVFEMALE68,Belville,Belville
train,BELVFEMALE36,Belville,Belville
train,BELVFEMALE58,Belville,Belville
train,BELVFEMALE59,Belville,Belville
train,BELVFEMALE34,Belville,Belville
train,PAR008,Town,Town
train,CAS009,Castle,Castle
train,DIV001A,Town,Town
train,DIV013,Town,Town
train,DIV003,Town,Town
train,DIV025,Town,Town
train,DIV004,Town,Town
train,DIV023,Town,Town
train,DIV022,Town,Town
train,DIV007,Town,Town
train,DIV008,Town,Town
train,DIV010,Town,Town
train,DIV011,Town,Town
train,DIV009,Town,Town
train,DIV012,Town,Town
train,DIV017B,Town,Town
train,DIV015A,Town,Town
train,DIV019,Town,Town
train,DIV016,Town,Town
train,DIV018A,Town,Town
train,DIV014,Town,Town
train,6453PB001,DUPLO,DUPLO
train,6453PB046,DUPLO,DUPLO
train,4555PB170,DUPLO,DUPLO
train,4555PB068,DUPLO,DUPLO
train,FIREC020,Town,Town
train,CAS022A,Castle,Castle
train,CAS022,Castle,Castle
train,CAS023,Castle,Castle
train,CAS250,Castle,Castle
train,CAS244,Castle,Castle
train,CAS026,Castle,Castle
train,CAS029,Castle,Castle
train,CAS215,Castle,Castle
train,CAS032,Castle,Castle
train,PAR042,Town,Town
train,PAR007,Town,Town
train,PI077,Pirates,Pirates
train,INF001,Town,Town
train,PAR023,Town,Town
train,JSTR005,Town,Town
train,JBL008,Town,Town
train,TRN020,Town,Town
train,PCK022,Town,Town
train,PCK019,Town,Town
train,PCK020,Town,Town
train,PCK017,Town,Town
train,PCK006,Town,Town
train,PCK023,Town,Town
train,TRN103,Town,Town
train,LEA004,Town,Town
train,LEA006,Town,Town
train,OCT021,Town,Town
train,OCT020,Town,Town
train,OCT031,Town,Town
train,PI057,Pirates,Pirates
train,PI050,Pirates,Pirates
train,PI048,Pirates,Pirates
train,PLN096,Town,Town
train,PAR041,Town,Town
train,PLN129,Town,Town
train,COP044,Town,Town
train,SP058,Space,Space
train,SP067,Space,Space
train,SP035,Space,Space
train,TRN092,Town,Town
train,EXT011,Town,Town
train,SP044,Space,Space
train,SP042,Space,Space
train,AIR017,Town,Town
train,BELVFEMALE03,Belville,Belville
train,BELVFEMALE42,Belville,Belville
train,BELVFEMALE11,Belville,Belville
train,BELVFEMALE61,Belville,Belville
train,BELVFEMALE67,Belville,Belville
train,BELVFEMALE53,Belville,Belville
train,BELVFEMALE73,Belville,Belville
train,BELVFEMALE46,Belville,Belville
train,BELVMALE15,Belville,Belville
train,BELVMALE10,Belville,Belville
train,BIKERB,Town,Town
train,JBL009,Town,Town
train,CAR002,Town,Town
train,CAR001,Town,Town
train,CHEF008,Town,Town
train,CAS205,Castle,Castle
train,DIV002A,Town,Town
train,SOC057,Town,Town
train,6453PB004,DUPLO,DUPLO
train,6453PB015,DUPLO,DUPLO
train,6453PB030,DUPLO,DUPLO
train,6453PB033,DUPLO,DUPLO
train,6453PB031,DUPLO,DUPLO
train,6453PB038,DUPLO,DUPLO
train,6453PB026,DUPLO,DUPLO
train,31181PB04,DUPLO,DUPLO
train,31181PB05,DUPLO,DUPLO
train,4555PB087,DUPLO,DUPLO
train,4555PB080,DUPLO,DUPLO
train,4555PB024,DUPLO,DUPLO
train,4555PB088,DUPLO,DUPLO
train,4555PB106,DUPLO,DUPLO
train,EXT001,Town,Town
train,EXT002,Town,Town
train,EXT003A,Town,Town
train,EXT007,Town,Town
train,EXT018,Town,Town
train,EXT005,Town,Town
train,EXT004,Town,Town
train,EXT010,Town,Town
train,EXT012,Town,Town
train,SP026,Space,Space
train,SP029,Space,Space
train,SP028,Space,Space
train,SP030,Space,Space
train,PAR055,Town,Town
train,JSTR009,Town,Town
train,TWN013,Town,Town
train,TRN107,Town,Town
train,PCK021,Town,Town
train,PCK011,Town,Town
train,PCK010,Town,Town
train,PCK013,Town,Town
train,TWN046,Town,Town
train,LEA005,Town,Town
train,TRN108,Town,Town
train,TRN087,Town,Town
train,OCT023,Town,Town
train,OCT013,Town,Town
train,OCT015,Town,Town
train,OCT044,Town,Town
train,OCT033,Town,Town
train,OCT035,Town,Town
train,OCT039,Town,Town
train,OCT071,Town,Town
train,OCT052,Town,Town
train,OVR022,Town,Town
train,TWN036,Town,Town
train,TWN043,Town,Town
train,PLN014,Town,Town
train,PLN012,Town,Town
train,PLN055,Town,Town
train,PLN091,Sports,Sports
train,SOC095,Sports,Sports
train,PLN092,Sports,Sports
train,JAIL003,Town,Town
train,COP028,Town,Town
train,COP037,Town,Town
train,COP035,Town,Town
train,COP038,Town,Town
train,COP029,Town,Town
train,POST003,Town,Town
train,RAC001,Town,Town
train,RAC004,Town,Town
train,RSQ002,Town,Town
train,RSQ003,Town,Town
train,RSQ010,Town,Town
train,RSQ013,Town,Town
train,RSQ006,Town,Town
train,RSQ007,Town,Town
train,RSQ009A,Town,Town
train,TRN105,Town,Town
train,TV003,Town,Town
train,TV002,Town,Town
train,SP047,Space,Space
train,SW0007,Star Wars,Star Wars
train,SW0029,Star Wars,Star Wars
train,BNK001,Town,Town
train,BELVFAIRY04,Belville,Belville
train,BELVFAIRY02,Belville,Belville
train,BELVFEMALE47,Belville,Belville
train,BELVFEMALE17,Belville,Belville
train,BELVMALE07,Belville,Belville
train,BELVMALE11,Belville,Belville
train,SW0009,Star Wars,Star Wars
train,TRN018,Town,Town
train,RES010,Town,Town
train,RES013,Town,Town
train,RES008,Town,Town
train,RES011,Town,Town
train,RES012A,Town,Town
train,RES009,Town,Town
train,SW0003,Star Wars,Star Wars
train,SW0004,Star Wars,Star Wars
train,DOC017,Town,Town
train,31231PB04,DUPLO,DUPLO
train,31234PB01,DUPLO,DUPLO
train,31234PB02,DUPLO,DUPLO
train,31231PB01,DUPLO,DUPLO
train,31231PB02,DUPLO,DUPLO
train,31231PB03,DUPLO,DUPLO
train,31234PB04,DUPLO,DUPLO
train,31232PB03,DUPLO,DUPLO
train,31233PB01,DUPLO,DUPLO
train,31233PB02,DUPLO,DUPLO
train,31233PB03,DUPLO,DUPLO
train,EEYORE,DUPLO,DUPLO
train,PIGLET,DUPLO,DUPLO
train,TIGGER,DUPLO,DUPLO
train,POOH,DUPLO,DUPLO
train,6453PB025,DUPLO,DUPLO
train,EXT016,Town,Town
train,SPP010,Town,Town
train,FIREC026,Town,Town
train,FIREC023,Town,Town
train,FIREC015,Town,Town
train,FIREC025,Town,Town
train,SW0043,Star Wars,Star Wars
train,SW0016,Star Wars,Star Wars
train,SW0005,Star Wars,Star Wars
train,SP023,Space,Space
train,SP031,Space,Space
train,JSTR007,Town,Town
train,JSTR010,Town,Town
train,JBL012,Town,Town
train,TRN022,Town,Town
train,TRN095,Town,Town
train,TWN003,Town,Town
train,PCK014,Town,Town
train,SW0017,Star Wars,Star Wars
train,TRN016,Town,Town
train,LEA007,Town,Town
train,SHELL011,Town,Town
train,SW0019,Star Wars,Star Wars
train,SW0024,Star Wars,Star Wars
train,SW0023,Star Wars,Star Wars
train,OCT043,Town,Town
train,OCT040,Town,Town
train,OCT042,Town,Town
train,OCT041,Town,Town
train,OCT038,Town,Town
train,OVR016,Town,Town
train,SW0025,Star Wars,Star Wars
train,TWN039,Town,Town
train,SW0064,Star Wars,Star Wars
train,PLN089,Town,Town
train,COP033,Town,Town
train,COP057,Town,Town
train,COP032,Town,Town
train,COP031,Town,Town
train,COP047,Town,Town
train,SW0027,Star Wars,Star Wars
train,SW0033,Star Wars,Star Wars
train,REP002,Town,Town
train,REP003,Town,Town
train,REP006,Town,Town
train,REP001,Town,Town
train,SW0980,Star Wars,Star Wars
train,SHELL008,Town,Town
train,SHELL006,Town,Town
train,TWN001,Town,Town
train,SPP002,Town,Town
train,SPP003,Town,Town
train,SPP005,Town,Town
train,SPP006,Town,Town
train,SPP001,Town,Town
train,SPP016,Town,Town
train,SPP008,Town,Town
train,SPP009,Town,Town
train,SPP011,Town,Town
train,SPP014,Town,Town
train,SPP012,Town,Town
train,TRN032,Town,Town
train,TRN033,Town,Town
train,TRN112,Town,Town
train,ARC004,Town,Town
train,ARC005,Town,Town
train,ARC006,Town,Town
train,ARC008,Town,Town
train,ARC009,Town,Town
train,ARC001,Town,Town
train,SW0048,Star Wars,Star Wars
train,BELVFAIRY09,Belville,Belville
train,BELVFAIRY03,Belville,Belville
train,BELVFAIRY06,Belville,Belville
train,BELVMALE13,Belville,Belville
train,SW0002,Star Wars,Star Wars
train,SW0010,Star Wars,Star Wars
train,SW0011,Star Wars,Star Wars
train,CON003,Town,Town
train,CON001,Town,Town
train,31232PB02,DUPLO,DUPLO
train,4555PB182,DUPLO,DUPLO
train,4555PB139,DUPLO,DUPLO
train,4555PB037,DUPLO,DUPLO
train,4555PB101,DUPLO,DUPLO
train,4555PB042,DUPLO,DUPLO
train,4555PB259,DUPLO,DUPLO
train,4555PB096,DUPLO,DUPLO
train,4555PB095,DUPLO,DUPLO
train,4555PB109,DUPLO,DUPLO
train,SW0041,Star Wars,Star Wars
train,EXT019,Town,Town
train,FIRE001,Town,Town
train,TWN038,Town,Town
train,FIRE003,Town,Town
train,FIRE008,Town,Town
train,FIRE007,Town,Town
train,FIREC014,Town,Town
train,SW0013,Star Wars,Star Wars
train,SW0014,Star Wars,Star Wars
train,CAS046,Castle,Castle
train,CAS041,Castle,Castle
train,CAS043,Castle,Castle
train,CAS279,Castle,Castle
train,CAS035,Castle,Castle
train,CAS036,Castle,Castle
train,CAS246,Castle,Castle
train,CAS039,Castle,Castle
train,CAS247,Castle,Castle
train,CAS033,Castle,Castle
train,CAS042,Castle,Castle
train,CAS044,Castle,Castle
train,CAS045,Castle,Castle
train,TEL003,Town,Town
train,TEL002,Town,Town
train,SOC006,Town,Town
train,SW0020,Star Wars,Star Wars
train,SW0044,Star Wars,Star Wars
train,MCK001,Disney,Disney
train,MCK003,Disney,Disney
train,MCK004,Disney,Disney
train,CON005,Town,Town
train,CON002,Town,Town
train,PLN104,Town,Town
train,SOC007,Sports,Sports
train,PLN165,Town,Town
train,COP041,Town,Town
train,SW0026,Star Wars,Star Wars
train,TWN002,Town,Town
train,TWN008,Town,Town
train,TWN009,Town,Town
train,TWN005A,Town,Town
train,SW0030,Star Wars,Star Wars
train,SW0031,Star Wars,Star Wars
train,SW0032,Star Wars,Star Wars
train,RSQ011,Town,Town
train,RSQ015,Town,Town
train,SOC001,Town,Town
train,GEN009,Castle,Castle
train,SOC044,Sports,Sports
train,SOC009,Sports,Sports
train,SOC151,Sports,Sports
train,SOC059,Sports,Sports
train,SOC022,Sports,Sports
train,SOC149,Sports,Sports
train,SOC034,Sports,Sports
train,SOC028,Sports,Sports
train,SOC003,Sports,Sports
train,SOC043,Sports,Sports
train,SOC023,Sports,Sports
train,SOC017,Sports,Sports
train,SOC150,Sports,Sports
train,SOC096,Sports,Sports
train,SOC027,Sports,Sports
train,SOC103,Sports,Sports
train,SOC105,Sports,Sports
train,SOC011,Sports,Sports
train,SOC018,Sports,Town
train,SOC030,Sports,Sports
train,SOC036,Sports,Sports
train,SOC040,Sports,Sports
train,SOC012,Sports,Sports
train,SOC019,Sports,Sports
train,SOC025,Sports,Sports
train,SOC031,Sports,Sports
train,SOC013,Sports,Sports
train,SOC020,Sports,Sports
train,SOC026,Sports,Sports
train,SOC032,Sports,Sports
train,SOC042,Sports,Sports
train,SPP017,Town,Town
train,TWN004,Town,Town
train,SOC048,Town,Town
train,HP008,Harry Potter,Harry Potter
train,SW0065,Star Wars,Star Wars
train,BELVFEMALE40,Belville,Belville
train,BELVFEMALE32,Belville,Belville
train,BELVFEMALE31,Belville,Belville
train,HP040,Harry Potter,Harry Potter
train,31310PB01,DUPLO,DUPLO
train,31312PB01,DUPLO,DUPLO
train,31312PB04,DUPLO,DUPLO
train,31312PB03,DUPLO,DUPLO
train,6453PB012,DUPLO,DUPLO
train,6453PB028,DUPLO,DUPLO
train,6453PB017,DUPLO,DUPLO
train,31181PB01,DUPLO,DUPLO
train,4555PB006,DUPLO,DUPLO
train,4555PB092,DUPLO,DUPLO
train,4555PB044,DUPLO,DUPLO
train,4555PB067,DUPLO,DUPLO
train,4555PB188,DUPLO,DUPLO
train,4555PB074,DUPLO,DUPLO
train,4555PB056,DUPLO,DUPLO
train,4555PB070,DUPLO,DUPLO
train,BTB010,DUPLO,DUPLO
train,BTB012,DUPLO,DUPLO
train,HP005,Harry Potter,Harry Potter
train,HP036,Harry Potter,Harry Potter
train,HP035,Harry Potter,Harry Potter
train,HP003,Harry Potter,Harry Potter
train,HP001,Harry Potter,Harry Potter
train,HP016,Harry Potter,Harry Potter
train,SW0040,Star Wars,Star Wars
train,SW0042,Star Wars,Star Wars
train,SW0036,Star Wars,Star Wars
train,SW0035,Star Wars,Star Wars
train,LOM013,Space,Space
train,LOM014,Space,Town
train,LOM015,Space,Space
train,LOM016,Space,Space
train,LOM017,Space,Space
train,LOM003A,Space,Space
train,LOM005,Space,Space
train,LOM018,Space,Space
train,LOM006,Space,Space
train,LOM007,Space,Space
train,LOM008,Space,Space
train,LOM009,Space,Space
train,LOM001,Space,Space
train,LOM010,Space,Space
train,LOM011,Space,Space
train,LOM012,Space,Space
train,TRN003,Town,Town
train,OVR035,Town,Town
train,HP012,Harry Potter,Harry Potter
train,HP006,Harry Potter,Harry Potter
train,HP034,Harry Potter,Harry Potter
train,HP007,Harry Potter,Harry Potter
train,SOC097,Sports,Town
train,SOC051,Sports,Sports
train,SOC053,Sports,Sports
train,SOC050,Sports,Sports
train,SOC054,Sports,Sports
train,HP015,Harry Potter,Harry Potter
train,SW0100,Star Wars,Star Wars
train,SW0099,Star Wars,Star Wars
train,SP061,Space,Space
train,SP062,Space,Space
train,BELVBABY01,Belville,Belville
train,BELVBABY02,Belville,Belville
train,BELVFEMALE08,Belville,Belville
train,BELVFEMALE04,Belville,Belville
train,BELVFEMALE07,Belville,Belville
train,BELVFEMALE09,Belville,Belville
train,BELVFEMALE02,Belville,Belville
train,BELVMALE01,Belville,Belville
train,BELVMALE02,Belville,Belville
train,CAS253,Castle,Castle
train,CAS204,Castle,Castle
train,SW0054,Star Wars,Star Wars
train,CAS217,Castle,Castle
train,CAS218,Castle,Castle
train,SW0058,Star Wars,Star Wars
train,SW0060,Star Wars,Star Wars
train,SW0063,Star Wars,Star Wars
train,BTB008,DUPLO,DUPLO
train,6453PB003,DUPLO,DUPLO
train,6453PB009,DUPLO,DUPLO
train,6453PB023,DUPLO,DUPLO
train,6453PB008,DUPLO,DUPLO
train,6453PB037,DUPLO,DUPLO
train,6453PB035,DUPLO,DUPLO
train,6453PB020,DUPLO,DUPLO
train,6453PB019,DUPLO,DUPLO
train,31181PB02,DUPLO,DUPLO
train,4555PB017,DUPLO,DUPLO
train,4555PB175,DUPLO,DUPLO
train,4555PB104,DUPLO,DUPLO
train,4555PB152,DUPLO,DUPLO
train,4555PB021,DUPLO,DUPLO
train,4555PB134,DUPLO,DUPLO
train,4555PB007,DUPLO,DUPLO
train,4555PB005,DUPLO,DUPLO
train,4555PB151,DUPLO,DUPLO
train,4555PB251,DUPLO,DUPLO
train,4555PB060,DUPLO,DUPLO
train,4555PB090,DUPLO,DUPLO
train,4555PB135,DUPLO,DUPLO
train,4555PB059,DUPLO,DUPLO
train,4555PB201,DUPLO,DUPLO
train,4555PB206,DUPLO,DUPLO
train,4555PB029,DUPLO,DUPLO
train,4555PB052,DUPLO,DUPLO
train,4555PB028,DUPLO,DUPLO
train,4555PB137,DUPLO,DUPLO
train,4555PB179,DUPLO,DUPLO
train,4555PB031,DUPLO,DUPLO
train,4555PB054,DUPLO,DUPLO
train,4555PB025,DUPLO,DUPLO
train,4555PB193,DUPLO,DUPLO
train,4555PB082,DUPLO,DUPLO
train,4555PB041,DUPLO,DUPLO
train,4555PB034,DUPLO,DUPLO
train,BTB011,DUPLO,DUPLO
train,SW0050,Star Wars,Star Wars
train,HP030,Harry Potter,Harry Potter
train,HP078,Harry Potter,Harry Potter
train,HP079,Harry Potter,Harry Potter
train,HP026,Harry Potter,Harry Potter
train,HP033,Harry Potter,Harry Potter
train,HP025,Harry Potter,Harry Potter
train,SW0053,Star Wars,Star Wars
train,SW0057,Star Wars,Star Wars
train,SW0049,Star Wars,Star Wars
train,HP018,Harry Potter,Harry Potter
train,HP021,Harry Potter,Harry Potter
train,41983,Harry Potter,Harry Potter
train,TRN077,Town,Town
train,SW0055,Star Wars,Star Wars
train,OCT046,Town,Town
train,PI198,Pirates,Pirates
train,COP025,Town,Town
train,HP028,Harry Potter,Harry Potter
train,HP029,Harry Potter,Harry Potter
train,HP022,Harry Potter,Harry Potter
train,HP032,Harry Potter,Harry Potter
train,CC4455,Sports,Town
train,SOC055,Sports,Sports
train,SOC068,Sports,Sports
train,SOC061,Sports,Sports
train,SOC062,Sports,Sports
train,SOC063,Sports,Sports
train,SOC065,Sports,Sports
train,SOC066,Sports,Sports
train,SOC090,Sports,Sports
train,SOC137,Sports,Sports
train,SOC091,Sports,Sports
train,SOC086,Sports,Sports
train,SOC087,Sports,Sports
train,SOC138,Sports,Sports
train,SOC136,Sports,Sports
train,SOC088,Sports,Sports
train,CC4443,Sports,Sports
train,CC4448,Sports,Sports
train,CC4449,Sports,Sports
train,CC4450,Sports,Sports
train,CC4471,Sports,Sports
train,CC4472,Sports,Sports
train,CC4446,Sports,Sports
train,CC4447,Sports,Sports
train,CC4451,Sports,Sports
train,SOC101,Sports,Sports
train,SOC102,Sports,Sports
train,SOC082,Sports,Sports
train,SOC106,Sports,Sports
train,SOC140,Sports,Sports
train,SOC141,Sports,Sports
train,SOC083,Sports,Sports
train,SOC085,Sports,Sports
train,SOC094,Sports,Sports
train,SOC071,Sports,Sports
train,SOC072,Sports,Sports
train,SOC073,Sports,Sports
train,SOC075,Sports,Sports
train,SOC076,Sports,Sports
train,SOC077,Sports,Sports
train,SOC079,Sports,Sports
train,SOC080,Sports,Sports
train,CC4454,Sports,Sports
train,SW0056,Star Wars,Star Wars
train,HP031,Harry Potter,Harry Potter
train,SW0052,Star Wars,Star Wars
train,WC4457,Town,Town
train,HP027,Harry Potter,Harry Potter
train,SW0051,Star Wars,Star Wars
train,SW0059,Star Wars,Star Wars
train,SW0102,Star Wars,Star Wars
train,SW0074,Star Wars,Star Wars
train,NBA056,Sports,Sports
train,NBA049,Sports,Sports
train,NBA033,Sports,Sports
train,SW0061,Star Wars,Star Wars
train,BELVFEMALE05,Belville,Belville
train,BELVFEMALE10,Belville,Belville
train,BELVBABY06,Belville,Belville
train,BELVFEMALE29,Belville,Belville
train,BELVFEMALE30,Belville,Belville
train,BELVMALE03,Belville,Belville
train,SW0076,Star Wars,Star Wars
train,SW0107,Star Wars,Star Wars
train,CHEF010,Town,Town
train,TWN020,Town,Town
train,HP037,Harry Potter,Harry Potter
train,44686,DUPLO,DUPLO
train,44332,DUPLO,DUPLO
train,44390,DUPLO,DUPLO
train,44323,DUPLO,DUPLO
train,46088,DUPLO,DUPLO
train,44316,DUPLO,DUPLO
train,46085,DUPLO,DUPLO
train,4555PB153,DUPLO,DUPLO
train,4555PB140,DUPLO,DUPLO
train,4555PB197,DUPLO,DUPLO
train,4555PB194,DUPLO,DUPLO
train,4555PB136,DUPLO,DUPLO
train,4555PB143,DUPLO,DUPLO
train,4555PB147,DUPLO,DUPLO
train,4555PB148,DUPLO,DUPLO
train,SW0072,Star Wars,Star Wars
train,SW0062,Star Wars,Star Wars
train,SW0078,Star Wars,Star Wars
train,HP038,Harry Potter,Harry Potter
train,SW0071,Star Wars,Star Wars
train,HP039,Harry Potter,Harry Potter
train,SW0103,Star Wars,Star Wars
train,TRN117,Town,Town
train,NBA050,Sports,Sports
train,NBA051,Sports,Sports
train,NBA052,Sports,Sports
train,NBA053,Sports,Sports
train,NBA054,Sports,Sports
train,NBA014,Sports,Sports
train,NBA010,Sports,Sports
train,NBA037,Sports,Sports
train,NBA024,Sports,Sports
train,NBA040,Sports,Sports
train,NBA021,Sports,Sports
train,NBA012,Sports,Sports
train,NBA036,Sports,Sports
train,NBA035,Sports,Sports
train,NBA006,Sports,Sports
train,NBA016,Sports,Sports
train,NBA043,Sports,Sports
train,NBA031,Sports,Sports
train,NBA045,Sports,Sports
train,NBA028,Sports,Sports
train,NBA027,Sports,Sports
train,NBA027A,Sports,Sports
train,NBA030,Sports,Sports
train,NBA044,Sports,Sports
train,NBA041,Sports,Sports
train,NBA025,Sports,Sports
train,NBA042,Sports,Sports
train,NBA020,Sports,Sports
train,NBA011,Sports,Sports
train,NBA018,Sports,Sports
train,NBA004,Sports,Sports
train,NBA003,Sports,Sports
train,NBA023,Sports,Sports
train,NBA015,Sports,Sports
train,NBA038,Sports,Sports
train,NBA007,Sports,Sports
train,NBA039,Sports,Sports
train,WC001,Town,Town
train,WC008,Town,Town
train,WC004,Town,Town
train,WC005,Town,Town
train,WC023,Town,Town
train,SW0104,Star Wars,Star Wars
train,TWN026,Town,Town
train,GG010,Sports,Sports
train,GG003,Sports,Sports
train,GG004,Sports,Sports
train,GG006,Sports,Sports
train,GG002,Sports,Sports
train,GG008,Sports,Sports
train,GG005,Sports,Sports
train,SOC099,Sports,Sports
train,TRN116,Town,Town
train,SW0077,Star Wars,Star Wars
train,AIR021,Town,Town
train,HP060,Harry Potter,Harry Potter
train,BELVFEMALE63,Belville,Belville
train,BELVFEMALE66,Belville,Belville
train,BELVFEMALE43,Belville,Belville
train,BELVFEMALE48,Belville,Belville
train,BELVMALE04,Belville,Belville
train,BELVMALE16,Belville,Belville
train,SW0011A,Star Wars,Star Wars
train,WC019,Town,Town
train,WC013,Town,Town
train,WC014,Town,Town
train,SW0004A,Star Wars,Star Wars
train,WC015,Town,Town
train,HP024,Harry Potter,Harry Potter
train,DUPLOBOOTS,DUPLO,DUPLO
train,DUPLODIEGO,DUPLO,DUPLO
train,DUPLODORA,DUPLO,DUPLO
train,47205PB002,DUPLO,DUPLO
train,47205PB005,DUPLO,DUPLO
train,47394PB064,DUPLO,DUPLO
train,47394PB028,DUPLO,DUPLO
train,47394PB013,DUPLO,DUPLO
train,47394PB014,DUPLO,DUPLO
train,47394PB006,DUPLO,DUPLO
train,47394PB007,DUPLO,DUPLO
train,47394PB005,DUPLO,DUPLO
train,47394PB076,DUPLO,DUPLO
train,47394PB077,DUPLO,DUPLO
train,47394PB061,DUPLO,DUPLO
train,47394PB065,DUPLO,DUPLO
train,47394PB016,DUPLO,DUPLO
train,47394PB035,DUPLO,DUPLO
train,47394PB001,DUPLO,DUPLO
train,47394PB041,DUPLO,DUPLO
train,47394PB068,DUPLO,DUPLO
train,47394PB027,DUPLO,DUPLO
train,47394PB009,DUPLO,DUPLO
train,47394PB011A,DUPLO,DUPLO
train,WC016,Town,Town
train,WC024,Town,Town
train,WC020,Town,Town
train,SW0081,Star Wars,Star Wars
train,HP059,Harry Potter,Harry Potter
train,HP057,Harry Potter,Harry Potter
train,HP056,Harry Potter,Harry Potter
train,HP051,Harry Potter,Harry Potter
train,HP054,Harry Potter,Harry Potter
train,HP063,Harry Potter,Harry Potter
train,HKY003,Sports,Sports
train,HKY004,Sports,Sports
train,HKY006,Sports,Sports
train,HKY007,Sports,Sports
train,HKY008,Sports,Sports
train,SW0108,Star Wars,Star Wars
train,SW0035A,Star Wars,Star Wars
train,CAS260,Castle,Castle
train,CAS258,Castle,Castle
train,CAS259,Castle,Castle
train,CAS256,Castle,Castle
train,CAS257,Castle,Castle
train,SW0106,Star Wars,Star Wars
train,SW0019A,Star Wars,Star Wars
train,NBA057,Sports,Sports
train,HKY011,Sports,Sports
train,GG011,Sports,Sports
train,GG012,Sports,Sports
train,SOC153,Sports,Sports
train,HP043,Harry Potter,Harry Potter
train,SW0023A,Star Wars,Star Wars
train,WC011,Town,Town
train,SW0113,Star Wars,Star Wars
train,HP042,Harry Potter,Harry Potter
train,HP062,Harry Potter,Harry Potter
train,HP050,Harry Potter,Harry Potter
train,HP044,Harry Potter,Harry Potter
train,SW0033A,Star Wars,Star Wars
train,HP058,Harry Potter,Harry Potter
train,HP055,Harry Potter,Harry Potter
train,SW0109,Star Wars,Star Wars
train,SW0080,Star Wars,Star Wars
train,HP047,Harry Potter,Harry Potter
train,HP052,Harry Potter,Harry Potter
train,HKY009,Sports,Sports
train,HKY010,Sports,Sports
train,PAR031B,Town,Town
train,TRN004,Town,Town
train,AIR019,Town,Town
train,SW0120,Star Wars,Star Wars
train,SW0142,Star Wars,Star Wars
train,BELVFEMALE55,Belville,Belville
train,BELVFEMALE39,Belville,Belville
train,BELVFEMALE50,Belville,Belville
train,BELVFEMALE54,Belville,Belville
train,BELVFEMALE56,Belville,Belville
train,BELVMALE14,Belville,Belville
train,CHEF011,Town,Town
train,CHEF009,Town,Town
train,SW0127,Star Wars,Star Wars
train,SW0131,Star Wars,Star Wars
train,SW0126,Star Wars,Star Wars
train,SW0118,Star Wars,Star Wars
train,SW0128,Star Wars,Star Wars
train,SW0129,Star Wars,Star Wars
train,SW0130,Star Wars,Star Wars
train,CTY0015,Town,Town
train,CTY0014,Town,Town
train,CTY0016,Town,Town
train,CTY0010,Town,Town
train,TWN023,Town,Town
train,SW0138,Star Wars,Star Wars
train,SW0123,Star Wars,Star Wars
train,SW0117,Star Wars,Star Wars
train,HP073A,Harry Potter,Harry Potter
train,ADV052,Town,Town
train,DOC019,Town,Town
train,DOC038,Town,Town
train,DOC028,Town,Holiday & Event
train,47205PB001,DUPLO,DUPLO
train,47205PB017,DUPLO,DUPLO
train,47205PB007,DUPLO,DUPLO
train,47205PB004,DUPLO,DUPLO
train,47205PB003,DUPLO,DUPLO
train,47394PB015,DUPLO,DUPLO
train,47394PB047,DUPLO,DUPLO
train,47394PB054,DUPLO,DUPLO
train,47394PB057,DUPLO,DUPLO
train,47394PB055,DUPLO,DUPLO
train,47394PB080,DUPLO,DUPLO
train,47394PB066,DUPLO,DUPLO
train,47394PB045,DUPLO,DUPLO
train,47394PB052,DUPLO,DUPLO
train,47394PB046,DUPLO,DUPLO
train,47394PB051,DUPLO,DUPLO
train,47394PB038,DUPLO,DUPLO
train,47394PB048,DUPLO,DUPLO
train,47394PB082,DUPLO,DUPLO
train,47394PB069,DUPLO,DUPLO
train,47394PB043,DUPLO,DUPLO
train,47394PB029,DUPLO,DUPLO
train,47394PB073,DUPLO,DUPLO
train,TMS08,DUPLO,DUPLO
train,BTB002,DUPLO,DUPLO
train,TMS12,DUPLO,DUPLO
train,TMS06,DUPLO,DUPLO
train,TMS10,DUPLO,DUPLO
train,BTB014,DUPLO,DUPLO
train,SW0125,Star Wars,Star Wars
train,SW0124,Star Wars,Star Wars
train,FIREC022,Town,Town
train,CTY0004,Town,LEGO Brand
train,CTY0022,Town,Town
train,WC021,Town,Town
train,SW0134,Star Wars,Star Wars
train,SW0073A,Star Wars,Star Wars
train,HP066,Harry Potter,Harry Potter
train,HP074,Harry Potter,Harry Potter
train,HP075,Harry Potter,Harry Potter
train,HP065,Harry Potter,Harry Potter
train,SW0114,Star Wars,Star Wars
train,SW0122,Star Wars,Star Wars
train,INF002,Town,Town
train,JBL011,Town,Town
train,SW0141,Star Wars,Star Wars
train,CAS277,Castle,Castle
train,51798,Castle,Castle
train,51800,Castle,Castle
train,51799,Castle,Castle
train,51801,Castle,Castle
train,CAS278,Castle,Castle
train,CAS275,Castle,Castle
train,CAS266,Castle,Castle
train,CAS267,Castle,Castle
train,CAS291,Castle,Castle
train,CAS270,Castle,Castle
train,CAS283,Castle,Castle
train,CAS273,Castle,Castle
train,HP069A,Harry Potter,Harry Potter
train,SW0116,Star Wars,Star Wars
train,SW0133,Star Wars,Star Wars
train,SW0144,Star Wars,Star Wars
train,TWN024,Town,Town
train,SW0152,Star Wars,Star Wars
train,CTY0002,Town,Town
train,CTY0001,Town,Town
train,OCT047,Town,Town
train,HP071,Harry Potter,Harry Potter
train,WC028,Town,Town
train,CTY0008,Town,Town
train,CTY0019,Town,Town
train,COP045,Town,Town
train,CTY0013,Town,Town
train,CTY0012,Town,Town
train,CTY0007,Town,Town
train,WC022,Town,Town
train,HP076,Harry Potter,Harry Potter
train,HP064,Harry Potter,Harry Potter
train,PAR057,Town,Town
train,SW0146,Star Wars,Star Wars
train,HP077,Harry Potter,Harry Potter
train,HP068,Harry Potter,Harry Potter
train,SW0132,Star Wars,Star Wars
train,TWN063A,Town,Town
train,AIR036,Town,Town
train,AIR035,Town,Town
train,AIR022,Town,Town
train,AIR029,Town,Town
train,AIR030,Town,Town
train,SW0028A,Star Wars,Star Wars
train,SW0155,Star Wars,Star Wars
train,BELVFAIRY08,Belville,Belville
train,BELVFEMALE72,Belville,Belville
train,BELVFEMALE71,Belville,Belville
train,BELVMALE18,Belville,Belville
train,TWN033,Town,Town
train,TWN028,Town,Town
train,CAS309,Castle,Castle
train,CAS308,Castle,Castle
train,CAS302,Castle,Castle
train,CAS304,Castle,Castle
train,CAS305,Castle,Castle
train,CAS303,Castle,Castle
train,CHEF013,Town,Town
train,CTY0032,Town,Town
train,CTY0031,Town,Town
train,TWN035,Town,Town
train,DOC026,Town,Town
train,DOC023,Town,Town
train,CTY0017,Town,Town
train,DOC027,Town,Town
train,CTY0080,Town,Town
train,DOC025,Town,Town
train,DOC024,Town,Town
train,CTY0081,Town,Town
train,TMS01,DUPLO,DUPLO
train,47205PB010,DUPLO,DUPLO
train,47205PB008,DUPLO,DUPLO
train,47394PB037,DUPLO,DUPLO
train,47394PB112,DUPLO,DUPLO
train,47394PB088,DUPLO,DUPLO
train,47394PB090,DUPLO,DUPLO
train,47394PB081,DUPLO,DUPLO
train,47394PB033,DUPLO,DUPLO
train,47394PB042,DUPLO,DUPLO
train,47394PB058,DUPLO,DUPLO
train,47394PB036,DUPLO,DUPLO
train,47394PB059,DUPLO,DUPLO
train,47394PB022,DUPLO,DUPLO
train,47394PB049,DUPLO,DUPLO
train,TMS02,DUPLO,DUPLO
train,CTY0030,Town,Town
train,CTY0018,Town,Town
train,CTY0036,Town,Town
train,CTY0035,Town,Town
train,SW0087,Star Wars,Star Wars
train,GEN022,Castle,Castle
train,SW0157,Star Wars,Star Wars
train,SW0088,Star Wars,Star Wars
train,SW0151,Star Wars,Star Wars
train,PCK024,Town,Town
train,CAS297,Castle,Castle
train,CAS315,Castle,Castle
train,CAS316,Castle,Castle
train,CAS317,Castle,Castle
train,CAS293,Castle,Castle
train,CAS296,Castle,Castle
train,CAS311,Castle,Castle
train,CAS313,Castle,Castle
train,CAS294,Castle,Castle
train,CAS290,Castle,Castle
train,CAS292,Castle,Castle
train,SW0086,Star Wars,Star Wars
train,SW0083,Star Wars,Star Wars
train,SW0090,Star Wars,Star Wars
train,SW0148,Star Wars,Star Wars
train,TWN029,Town,Town
train,TWN031,Town,Town
train,SW0156,Star Wars,Star Wars
train,OVR025,Town,Town
train,OVR024,Town,Town
train,CTY0042,Town,Town
train,AIR033,Town,Town
train,CTY0079,Town,Town
train,CTY0029,Town,Town
train,TWN032,Town,Town
train,TRN124,Town,Town
train,CTY0082,Town,Town
train,CTY0037,Town,Town
train,SOC116,Sports,Sports
train,SOC130,Sports,Sports
train,SOC129,Sports,Town
train,SOC128,Sports,Sports
train,PLN109,Town,Town
train,SOC114,Sports,Sports
train,SOC131,Sports,Town
train,SOC115,Sports,Sports
train,SOC121,Sports,Sports
train,SOC133,Sports,Sports
train,SOC119,Sports,Sports
train,SOC118,Sports,Sports
train,SOC120,Sports,Sports
train,SOC124,Sports,Sports
train,SOC123,Sports,Sports
train,SOC134,Sports,Sports
train,CTY0027,Town,Town
train,CTY0025,Town,Town
train,COP048,Town,Town
train,CTY0028,Town,Town
train,SW0082,Star Wars,Star Wars
train,TWN027,Town,Town
train,TRN126,Town,Town
train,CTY0084,Town,Town
train,HOL005,Holiday & Event,Holiday & Event
train,HOL007,Holiday & Event,Holiday & Event
train,TRN127,Town,Town
train,TWN011,Town,Town
train,TWN030,Town,Town
train,PAR058A,Town,Town
train,PAR059,Town,Town
train,SW0153,Star Wars,Star Wars
train,SW0089,Star Wars,Star Wars
train,CAS306,Castle,Castle
train,TWN061,Town,Town
train,AIR038,Town,Town
train,SW0159,Star Wars,Star Wars
train,SW0168,Star Wars,Star Wars
train,SW0177,Star Wars,Star Wars
train,SW0001C,Star Wars,Star Wars
train,BELVFEMALE75,Belville,Belville
train,BELVFEMALE76,Belville,Belville
train,BELVFEMALE77,Belville,Belville
train,BELVBABY07,Belville,Belville
train,BELVFEMALE74,Belville,Belville
train,SW0158,Star Wars,Star Wars
train,CHEF016,Town,Town
train,SW0091,Star Wars,Star Wars
train,SW0012B,Star Wars,Star Wars
train,TWN045,Town,Town
train,HP081,Harry Potter,Harry Potter
train,HP085,Harry Potter,Harry Potter
train,47205PB013,DUPLO,DUPLO
train,47205PB014,DUPLO,DUPLO
train,47205PB012,DUPLO,DUPLO
train,47205PB016,DUPLO,DUPLO
train,47205PB018,DUPLO,DUPLO
train,47394PB095,DUPLO,DUPLO
train,47394PB075,DUPLO,DUPLO
train,47394PB070,DUPLO,DUPLO
train,47394PB086,DUPLO,DUPLO
train,47394PB105,DUPLO,DUPLO
train,47394PB087,DUPLO,DUPLO
train,47394PB074,DUPLO,DUPLO
train,47394PB071,DUPLO,DUPLO
train,47394PB102,DUPLO,DUPLO
train,47394PB133,DUPLO,DUPLO
train,47394PB078,DUPLO,DUPLO
train,47394PB096,DUPLO,DUPLO
train,TMS05,DUPLO,DUPLO
train,BTB001,DUPLO,DUPLO
train,TMS03,DUPLO,DUPLO
train,TMS04,DUPLO,DUPLO
train,CAS352,Castle,Castle
train,CAS334,Castle,Castle
train,CAS361,Castle,Castle
train,CAS348,Castle,Castle
train,CAS360,Castle,Castle
train,CAS341,Castle,Castle
train,CAS339,Castle,Castle
train,CAS343,Castle,Castle
train,CAS354,Castle,Castle
train,CAS355,Castle,Castle
train,CAS356,Castle,Castle
train,CAS357,Castle,Castle
train,CAS351,Castle,Castle
train,CAS353,Castle,Castle
train,CAS327,Castle,Castle
train,CAS329,Castle,Castle
train,CAS331,Castle,Castle
train,CAS359,Castle,Castle
train,CAS358,Castle,Castle
train,CTY0045,Town,Town
train,CTY0088,Town,Town
train,CTY0047,Town,Town
train,CTY0043,Town,Town
train,CTY0085,Town,Town
train,CTY0093,Town,Town
train,CTY0086,Town,Town
train,SW0134A,Star Wars,Star Wars
train,HP086,Harry Potter,Harry Potter
train,HP083,Harry Potter,Harry Potter
train,SW0167,Star Wars,Star Wars
train,SW0093,Star Wars,Star Wars
train,SW0171,Star Wars,Star Wars
train,SW0036B,Star Wars,Star Wars
train,SW0165,Star Wars,Star Wars
train,MM001,Space,Space
train,MM002,Space,Space
train,MM003,Space,Space
train,MM007,Space,Space
train,MM008,Space,Space
train,MM004,Space,Space
train,TWN044,Town,Town
train,TWN040,Town,Town
train,SW0162,Star Wars,Star Wars
train,SW0173,Star Wars,Star Wars
train,OCT060,Town,Town
train,OVR027,Town,Town
train,OVR032,Town,Town
train,OVR031,Town,Town
train,BOAT010,Town,Town
train,BOAT011,Town,Town
train,CTY0048,Town,Town
train,CTY0050,Town,Town
train,PLN134,Town,Town
train,PLN113,Town,Town
train,CTY0040,Town,Town
train,HP080,Harry Potter,Harry Potter
train,HP082,Harry Potter,Harry Potter
train,SW0172,Star Wars,Star Wars
train,SW0094,Star Wars,Star Wars
train,TRN140,Town,Town
train,TWN060,Town,Town
train,CTY0060,Town,Town
train,SW0169,Star Wars,Star Wars
train,SW0170,Star Wars,Star Wars
train,CTY0049,Town,Town
train,SW0096,Star Wars,Star Wars
train,SW0092,Star Wars,Star Wars
train,TWN127,Town,Town
train,TWN062,Town,Town
train,TWN126,Town,Town
train,SW0192,Star Wars,Star Wars
train,AIR039,Town,Town
train,AIR041,Town,Town
train,SW0183,Star Wars,Star Wars
train,SW0195,Star Wars,Star Wars
train,SW0217,Star Wars,Star Wars
train,SW0213,Star Wars,Star Wars
train,SW0001D,Star Wars,Star Wars
train,SW0184,Star Wars,Star Wars
train,BELVFEMALE79,Belville,Belville
train,BELVFEMALE78,Belville,Belville
train,BELVFEMALE80,Belville,Belville
train,TWN068,Town,Town
train,SW0161A,Star Wars,Star Wars
train,SW0182,Star Wars,Star Wars
train,TWN066,Town,Town
train,CHEF017B,Town,Town
train,SP005NEW,Space,Space
train,SW0189,Star Wars,Star Wars
train,SW0200,Star Wars,Star Wars
train,SW0201,Star Wars,Star Wars
train,SW0194,Star Wars,Star Wars
train,SW0196,Star Wars,Star Wars
train,SW0202A,Star Wars,Star Wars
train,CTY0068,Town,Town
train,CTY0072,Town,Town
train,CTY0073A,Town,Town
train,CTY0074,Town,Town
train,CTY0077,Town,Town
train,CTY0089,Town,Town
train,CTY0109,Town,Town
train,CTY0078,Town,Town
train,CTY0052,Town,Town
train,SW0180,Star Wars,Star Wars
train,SW0311,Star Wars,Star Wars
train,47205PB019,DUPLO,DUPLO
train,47394PB111,DUPLO,DUPLO
train,47394PB099,DUPLO,DUPLO
train,47394PB092,DUPLO,DUPLO
train,47394PB108,DUPLO,DUPLO
train,47394PB100,DUPLO,DUPLO
train,47394PB107,DUPLO,DUPLO
train,47394PB113,DUPLO,DUPLO
train,47394PB101,DUPLO,DUPLO
train,47394PB097,DUPLO,DUPLO
train,47394PB098,DUPLO,DUPLO
train,CAS388,Castle,Castle
train,CAS380,Castle,Castle
train,CAS379,Castle,Castle
train,CAS367,Castle,Castle
train,CAS381,Castle,Castle
train,CAS370,Castle,Castle
train,CAS374,Castle,Castle
train,CAS385,Castle,Castle
train,CAS383,Castle,Castle
train,CAS386,Castle,Castle
train,CAS387,Castle,Castle
train,CAS382,Castle,Castle
train,CAS391,Castle,Castle
train,CAS389,Castle,Castle
train,CAS394,Castle,Castle
train,CAS390,Castle,Castle
train,CAS395,Castle,Castle
train,CAS392,Castle,Castle
train,CAS373,Castle,Castle
train,CAS397,Castle,Castle
train,CAS396,Castle,Castle
train,CAS403,Castle,Castle
train,CAS404,Castle,Castle
train,CAS365,Castle,Castle
train,CAS369,Castle,Castle
train,CAS375,Castle,Castle
train,CAS398,Castle,LEGENDS OF CHIMA
train,CAS400,Castle,Castle
train,CAS364,Castle,Castle
train,FIREC001NEW,Town,Town
train,CTY0303,Town,Town
train,SW0601,Star Wars,Star Wars
train,SW0190,Star Wars,Star Wars
train,SW0188,Star Wars,Star Wars
train,SW0211,Star Wars,Star Wars
train,GEN023,LEGO Brand,LEGO Brand
train,SW0207,Star Wars,Star Wars
train,SW0204,Star Wars,Star Wars
train,MM010,Space,Space
train,MM014,Space,Space
train,MM011,Space,Space
train,MM015,Space,Space
train,SW0197,Star Wars,Star Wars
train,SW0206,Star Wars,Star Wars
train,OCT062,Town,Town
train,OCT061,Town,Town
train,OCT012NEW2,Town,Town
train,OVR040,Town,Town
train,OVR033,Town,Town
train,CTY0238,Town,Town
train,CTY0064,Town,Town
train,CTY0076,Town,Town
train,CTY0104,Town,Town
train,CTY0103,Town,Town
train,PLN156,Town,LEGO Brand
train,PLN157A,Town,Town
train,TWN073,Town,Town
train,SW0198,Star Wars,Star Wars
train,CTY0102,Town,Town
train,CTY0067,Town,Town
train,CTY0094,Town,Town
train,CTY0098,Town,Town
train,CTY0095,Town,Town
train,CTY0101,Town,Town
train,CTY0100,Town,Town
train,JAIL004,Town,Town
train,POST006,Town,Town
train,POST007,Town,Town
train,SW0212,Star Wars,Star Wars
train,AIR040,Town,Town
train,SW0187,Star Wars,Star Wars
train,CTY0051,Town,Town
train,CTY0112,Town,Town
train,TWN074,Town,Town
train,SP088,Space,Space
train,SP089,Space,Space
train,SP090,Space,Space
train,SW0181,Star Wars,Star Wars
train,TWN070,Town,Town
train,TWN067,Town,Town
train,TWN065,Town,Town
train,SW0247,Star Wars,Star Wars
train,PI086,Pirates,Castle
train,SW0222,Star Wars,Star Wars
train,SW0231,Star Wars,Star Wars
train,CAS101B,Castle,Castle
train,TWN048,Town,Town
train,SP001NEW2,Space,Space
train,CTY0139,Town,Town
train,CTY0148,Town,Town
train,CTY0140,Town,Town
train,CTY0150,Town,Town
train,CTY0152,Town,Town
train,CTY0141,Town,Town
train,SW0002B,Star Wars,Star Wars
train,SW0256,Star Wars,Star Wars
train,HOL002,Holiday & Event,Holiday & Event
train,SW0243,Star Wars,Star Wars
train,CHEF007B,Town,Town
train,CHEF018,Town,Town
train,CHEF019,Town,Town
train,CAS229NEW,Castle,Castle
train,SP004NEW,Space,Space
train,SP007NEW,Space,Space
train,TWN079,Town,Town
train,SW0233,Star Wars,Star Wars
train,SW0223,Star Wars,Star Wars
train,SW0221,Star Wars,Star Wars
train,CTY0105,Town,Town
train,CTY0124,Town,Town
train,CTY0125,Town,Town
train,CTY0113,Town,Town
train,SW0224,Star Wars,Star Wars
train,SW0250,Star Wars,Star Wars
train,SW0250A,Star Wars,Star Wars
train,TWN047,Town,Town
train,SW0218,Star Wars,Star Wars
train,85363PB001,DUPLO,DUPLO
train,47394PB116,DUPLO,DUPLO
train,47394PB118,DUPLO,DUPLO
train,47394PB120,DUPLO,DUPLO
train,47394PB117,DUPLO,DUPLO
train,TMS07,DUPLO,DUPLO
train,SW0240,Star Wars,Star Wars
train,CAS413,Castle,Castle
train,CAS425,Castle,Castle
train,CAS418,Castle,Castle
train,CAS426,Castle,Castle
train,CAS408,Castle,Castle
train,CAS407,Castle,Castle
train,CAS419,Castle,Castle
train,CAS416,Castle,Castle
train,CAS430,Castle,Castle
train,CAS429,Castle,Castle
train,CAS431,Castle,Castle
train,CAS432,Castle,Castle
train,CAS415,Castle,Castle
train,CAS403A,Castle,Castle
train,CAS411,Castle,Castle
train,CAS410,Castle,Castle
train,CAS420,Castle,Castle
train,CAS421,Castle,Castle
train,CAS427,Castle,Castle
train,CTY0134,Town,Town
train,TWN093,Town,Town
train,TWN092,Town,Town
train,CTY0115,Town,Town
train,CAS128NEW,Castle,Castle
train,SW0253,Star Wars,Star Wars
train,SW0246,Star Wars,Star Wars
train,SW0252,Star Wars,Star Wars
train,SW0005A,Star Wars,Star Wars
train,SW0166B,Star Wars,Star Wars
train,PI091,Pirates,Pirates
train,PI109,Pirates,Pirates
train,PI123,Pirates,Pirates
train,PI114,Pirates,Pirates
train,PI087,Pirates,Pirates
train,PI090,Pirates,Pirates
train,PI104,Pirates,Pirates
train,PI061A,Pirates,Pirates
train,SW0097,Star Wars,Star Wars
train,SW0188A,Star Wars,Star Wars
train,SW0251,Star Wars,Star Wars
train,SW0257,Star Wars,Star Wars
train,SW0220,Star Wars,Star Wars
train,PI113,Pirates,Pirates
train,85863PB011,Games,Games
train,85863PB001,Games,Games
train,85863PB003,Games,Games
train,85863PB002,Games,Games
train,85863PB004,Games,Games
train,85863PB014,Games,Games
train,85863PB013,Games,Games
train,85863PB012,Games,Games
train,85863PB018,Games,Games
train,85863PB017,Games,Games
train,85863PB009,Games,Games
train,85863PB007,Games,Games
train,85863PB006,Games,Games
train,85863PB010B,Games,Games
train,85863PB005,Games,Games
train,SW0248,Star Wars,Star Wars
train,SW0249,Star Wars,Star Wars
train,SW0234,Star Wars,Star Wars
train,SW0241,Star Wars,Star Wars
train,TWN055,Town,Town
train,OVR036,Town,Town
train,OVR038,Town,Town
train,OVR039,Town,Town
train,CTY0114,Town,Town
train,TWN086,Town,Town
train,SW0238,Star Wars,Star Wars
train,SW0225,Star Wars,Star Wars
train,PI013NEW,Pirates,Pirates
train,PI102,Pirates,Pirates
train,PI099,Pirates,Pirates
train,PI103,Pirates,Pirates
train,PI101,Pirates,Pirates
train,PI126,Pirates,Pirates
train,PI106,Pirates,Pirates
train,PI133,Pirates,Pirates
train,PI094,Pirates,Pirates
train,PI134,Pirates,Pirates
train,PI128,Pirates,Pirates
train,PI084,Pirates,Pirates
train,PI130,Pirates,Pirates
train,PI100,Pirates,Pirates
train,PI112,Pirates,Pirates
train,PI107,Pirates,Pirates
train,PI093,Pirates,Pirates
train,TWN081,Town,Town
train,CTY0126,Town,Town
train,TWN080,Town,Town
train,CTY0146,Town,Town
train,TWN058,Town,Town
train,PLN162,Town,Town
train,CTY0155,Town,Town
train,PLN158,Town,Town
train,TWN083,Town,Town
train,TWN059,Town,Town
train,TWN090,Town,Town
train,PLN163,Town,Town
train,PLN161,Town,Town
train,CTY0174,Town,Town
train,CTY0153,Town,Town
train,CTY0128,Town,Town
train,POST001NEW,Town,Town
train,POST008,Town,Town
train,CTY0142,Town,Town
train,TWN056,Town,Town
train,TWN084,Town,Town
train,TWN085,Town,Town
train,TWN051,Town,Town
train,SW0228,Star Wars,Star Wars
train,SW0244,Star Wars,Star Wars
train,CTY0147,Town,Town
train,GEN026,Games,Games
train,SP101,Space,Space
train,SP102,Space,Space
train,SP097,Space,Space
train,SP100,Space,Space
train,SP092,Space,Space
train,SP108,Space,Space
train,SP105,Space,Space
train,SP106,Space,Space
train,SP094,Space,Space
train,SP109,Space,Space
train,SP098,Space,Space
train,SP104,Space,Space
train,SP103,Space,Space
train,CTY0145,Town,Town
train,SW0230,Star Wars,Star Wars
train,CTY0144,Town,Town
train,WTR005,Town,Town
train,SW0245,Star Wars,Star Wars
train,TWN082,Town,Town
train,CTY0130,Town,Town
train,SW0219,Star Wars,Star Wars
train,SW0282,Star Wars,Star Wars
train,SW0284,Star Wars,Star Wars
train,AIR010B,Town,Town
train,AIR042,Town,Town
train,HP099,Harry Potter,Harry Potter
train,SW0263,Star Wars,Star Wars
train,SW0283,Star Wars,Star Wars
train,HP097,Harry Potter,Harry Potter
train,SW0267,Star Wars,Star Wars
train,SW0119,Star Wars,Star Wars
train,HP092,Harry Potter,Harry Potter
train,TWN104,Town,Town
train,CTY0186,Town,Town
train,TWN052,Town,Town
train,TWN108,Town,Town
train,CTY0162,Town,Town
train,SW0279,Star Wars,Star Wars
train,SW0275,Star Wars,Star Wars
train,SW0285,Star Wars,Star Wars
train,PI116,Pirates,Pirates
train,PI121,Pirates,Pirates
train,COL003,Collectible Minifigures,Collectible Minifigures
train,TWN120,Town,Town
train,CHEF020,Town,Town
train,TWN112,Town,Town
train,CTY0184,Town,Town
train,COL019,Collectible Minifigures,Collectible Minifigures
train,SP006NEW2,Space,Space
train,SW0200A,Star Wars,Star Wars
train,SW0272,Star Wars,Star Wars
train,SW0266,Star Wars,Star Wars
train,SW0265,Star Wars,Star Wars
train,SW0281,Star Wars,Star Wars
train,CTY0168,Town,Town
train,COL016,Collectible Minifigures,Collectible Minifigures
train,TWN119,Town,Town
train,CTY0185,Town,Town
train,CTY0169,Town,Town
train,CTY0195,Town,Town
train,TWN100,Town,Town
train,CTY0181,Town,Town
train,COL015,Collectible Minifigures,Collectible Minifigures
train,HP101,Harry Potter,Harry Potter
train,COL029,Collectible Minifigures,Collectible Minifigures
train,HP105,Harry Potter,Harry Potter
train,DOC001B,Town,Town
train,HP108,Harry Potter,Harry Potter
train,CRS053,DUPLO,DUPLO
train,85363PB002,DUPLO,DUPLO
train,47205PB021,DUPLO,DUPLO
train,47394PB129,DUPLO,DUPLO
train,47394PB123,DUPLO,DUPLO
train,47394PB131,DUPLO,DUPLO
train,47394PB128,DUPLO,DUPLO
train,47394PB127,DUPLO,DUPLO
train,47394PB130,DUPLO,DUPLO
train,47205PB022,DUPLO,DUPLO
train,CRS049,DUPLO,DUPLO
train,CRS025,DUPLO,DUPLO
train,CRS052,DUPLO,DUPLO
train,CRS054,DUPLO,DUPLO
train,CRS026,DUPLO,DUPLO
train,SW0216A,Star Wars,Star Wars
train,COL023,Collectible Minifigures,Collectible Minifigures
train,CTY0171,Town,Town
train,HP091,Harry Potter,Harry Potter
train,CTY0251,Town,Town
train,CTY0057,Town,Town
train,CTY0173,Town,Town
train,CTY0055,Town,Town
train,CTY0167,Town,Town
train,CTY0164,Town,Town
train,CTY0116B,Town,Town
train,CTY0166,Town,Town
train,COL014,Collectible Minifigures,Collectible Minifigures
train,SW0254,Star Wars,Star Wars
train,SW0289,Star Wars,Star Wars
train,HP114,Harry Potter,Harry Potter
train,CTY0191,Town,Town
train,CTY0194,Town,Town
train,SW0278,Star Wars,Star Wars
train,SW0290,Star Wars,Star Wars
train,HP116,Harry Potter,Harry Potter
train,HP110,Harry Potter,Harry Potter
train,SW0258,Star Wars,Star Wars
train,SW0259,Star Wars,Star Wars
train,SW0293,Star Wars,Star Wars
train,SW0261,Star Wars,Star Wars
train,PI117,Pirates,Pirates
train,PI119,Pirates,Pirates
train,PI118,Pirates,Pirates
train,COL030,Collectible Minifigures,Collectible Minifigures
train,CAS471,Castle,Castle
train,CAS467,Castle,Castle
train,CAS473,Castle,Castle
train,CAS435,Castle,Castle
train,CAS462,Castle,Castle
train,CAS452,Castle,Castle
train,CAS454,Castle,Castle
train,CAS455,Castle,Castle
train,CAS456,Castle,Castle
train,CAS439,Castle,Castle
train,CAS461,Castle,Castle
train,CAS463,Castle,Castle
train,CAS457,Castle,Castle
train,CAS458,Castle,Castle
train,CAS453,Castle,Castle
train,CAS468,Castle,Castle
train,CAS437,Castle,Castle
train,CAS443,Castle,Castle
train,CAS440,Castle,Castle
train,CAS459,Castle,Castle
train,CAS445,Castle,Castle
train,CAS474,Castle,Castle
train,CAS446,Castle,Castle
train,CAS444,Castle,Castle
train,CAS449,Castle,Castle
train,CAS447,Castle,Castle
train,CAS450,Castle,Castle
train,CAS460,Castle,Castle
train,CAS438,Castle,Castle
train,CAS448,Castle,Castle
train,CAS472,Castle,Castle
train,CAS451,Castle,Castle
train,CAS442,Castle,Castle
train,CAS469,Castle,Castle
train,GEN029,LEGO Brand,LEGO Brand
train,COL024,Collectible Minifigures,Collectible Minifigures
train,HP104,Harry Potter,Harry Potter
train,SW0098,Star Wars,Star Wars
train,SW0292,Star Wars,Star Wars
train,SW0295,Star Wars,Star Wars
train,SW0273,Star Wars,Star Wars
train,HP103,Harry Potter,Harry Potter
train,HP106,Harry Potter,Harry Potter
train,COL009,Collectible Minifigures,Collectible Minifigures
train,TWN102,Town,Town
train,TWN101,Town,Town
train,HP107,Harry Potter,Harry Potter
train,85863PB045,Games,Games
train,85863PB034,Games,Games
train,85863PB039,Games,Games
train,85863PB042,Games,Games
train,85863PB037,Games,Games
train,85863PB040,Games,Games
train,85863PB026,Games,Games
train,85863PB027,Games,Games
train,85863PB025,Games,Games
train,85863PB031,Games,Games
train,85863PB030,Games,Games
train,85863PB032,Games,Games
train,85863PB021,Games,Games
train,85863PB020,Games,Games
train,85863PB028,Games,Games
train,HP088,Harry Potter,Harry Potter
train,SW0226,Star Wars,Star Wars
train,COL012,Collectible Minifigures,Collectible Minifigures
train,SW0274,Star Wars,Star Wars
train,OCT054,Town,Town
train,HP109,Harry Potter,Harry Potter
train,TWN098,Town,Town
train,CTY0176,Town,Town
train,CTY0161,Town,Town
train,TWN115,Town,Town
train,CTY0170,Town,Town
train,TWN123,Town,Town
train,CTY0188,Town,Town
train,COL032,Collectible Minifigures,Collectible Minifigures
train,PI120,Pirates,Pirates
train,TWN125,Town,Town
train,CTY0163,Town,Town
train,TWN122,Town,Town
train,PLN166,Town,Town
train,CTY0197,Town,Town
train,CTY0198,Town,Town
train,COL027,Collectible Minifigures,Collectible Minifigures
train,HP096,Harry Potter,Harry Potter
train,HP100,Harry Potter,Harry Potter
train,TWN097,Town,Town
train,CTY0175,Town,Town
train,TWN111,Town,Town
train,COL007,Collectible Minifigures,Collectible Minifigures
train,SW0227,Star Wars,Star Wars
train,HP112,Harry Potter,Harry Potter
train,HP113,Harry Potter,Harry Potter
train,HP111,Harry Potter,Harry Potter
train,HOL010,Holiday & Event,Holiday & Event
train,SW0244A,Star Wars,Star Wars
train,SW0288,Star Wars,Star Wars
train,SW0270,Star Wars,Star Wars
train,TWN128,Town,Town
train,CTY0182,Town,Town
train,SP121,Town,Town
train,SP114,Space,Space
train,SP115,Space,Space
train,SP113,Space,Space
train,SP111,Space,Space
train,SP112,Space,Space
train,SP116,Space,Space
train,SP117,Space,Space
train,SP118,Space,Space
train,SP119,Space,Space
train,COL013,Collectible Minifigures,Collectible Minifigures
train,COL018,Collectible Minifigures,Collectible Minifigures
train,HP102,Harry Potter,Harry Potter
train,CTY0172,Town,Town
train,TWN109,Town,Town
train,TWN118,Town,Town
train,COL010,Collectible Minifigures,Collectible Minifigures
train,COL031,Collectible Minifigures,Collectible Minifigures
train,CTY0160,Town,Town
train,CTY0193,Town,Town
train,TWN103,Town,Town
train,TWN117,Town,Town
train,SW0264,Star Wars,Star Wars
train,COL022,Collectible Minifigures,Collectible Minifigures
train,COL001,Collectible Minifigures,Collectible Minifigures
train,COL021,Collectible Minifigures,Collectible Minifigures
train,TWN105,Town,Town
train,COL026,Collectible Minifigures,Collectible Minifigures
train,CTY0190,Town,Town
train,TWN096,Town,Town
train,COL020,Collectible Minifigures,Collectible Minifigures
train,SW0260,Star Wars,Star Wars
train,COL005,Collectible Minifigures,Collectible Minifigures
train,SW0352,Star Wars,Star Wars
train,AIR047,Town,Town
train,AIR046,Town,Town
train,AIR046B,Town,Town
train,AIR048,Town,Town
train,AC012,Space,Space
train,AC004,Space,Space
train,AC007,Space,Space
train,AC008,Space,Space
train,AC015,Space,Space
train,AC001,Space,Space
train,AC005,Space,Space
train,AC006,Space,Space
train,AC014,Space,Space
train,SW0349,Star Wars,Star Wars
train,COL062,Collectible Minifigures,Collectible Minifigures
train,SW0318,Star Wars,Star Wars
train,SW0303,Star Wars,Star Wars
train,SW0306,Star Wars,Star Wars
train,TWN135,Town,Town
train,CTY0123B,Town,Town
train,CTY0227,Town,Town
train,CTY0248,Town,Town
train,NJO0008,NINJAGO,NINJAGO
train,TWN143,Holiday & Event,Holiday & Event
train,TWN132,Town,Town
train,PI138B,Pirates,Pirates
train,CTY0229,Town,Town
train,NJO0021,NINJAGO,NINJAGO
train,SW0297,Star Wars,Star Wars
train,SW0299,Star Wars,Star Wars
train,SW0315,Star Wars,Star Wars
train,SW0341,Star Wars,Star Wars
train,SW0330,Star Wars,Star Wars
train,SW0355,Star Wars,Star Wars
train,CTY0246,Town,Town
train,COL064,Collectible Minifigures,Collectible Minifigures
train,TWN148,Town,Town
train,CTY0220,Town,NINJAGO
train,CTY0235,Town,Town
train,DOC036,Town,Town
train,SW0348,Star Wars,Star Wars
train,GEN035,NINJAGO,NINJAGO
train,CRS060,DUPLO,DUPLO
train,47394PB137,DUPLO,DUPLO
train,47394PB142,DUPLO,DUPLO
train,47394PB138,DUPLO,DUPLO
train,47394PB141,DUPLO,DUPLO
train,EEYORENEW,DUPLO,DUPLO
train,47394PB140,DUPLO,DUPLO
train,CRS057,DUPLO,DUPLO
train,CRS058,DUPLO,DUPLO
train,CRS051,DUPLO,DUPLO
train,CRS061,DUPLO,DUPLO
train,CRS059,DUPLO,DUPLO
train,CRS045,DUPLO,DUPLO
train,SW0332,Star Wars,Star Wars
train,COL078,Collectible Minifigures,Collectible Minifigures
train,COL042,Collectible Minifigures,Collectible Minifigures
train,SW0307,Star Wars,Star Wars
train,HP128,Harry Potter,Harry Potter
train,COL076,Collectible Minifigures,Collectible Minifigures
train,CTY0606,Town,Town
train,TWN137,Town,Town
train,CTY0120,Town,Town
train,CTY0090B,Town,Town
train,NJO0011,NINJAGO,NINJAGO
train,NJO0019,NINJAGO,NINJAGO
train,HP122,Harry Potter,Harry Potter
train,HP119,Harry Potter,Harry Potter
train,SW0320,Star Wars,Star Wars
train,HP117,Harry Potter,Harry Potter
train,HP118,Harry Potter,Harry Potter
train,COL065,Collectible Minifigures,Collectible Minifigures
train,SH0001,Super Heroes,Super Heroes
train,TWN140,Town,Town
train,SW0302,Star Wars,Star Wars
train,SW0334,Star Wars,Star Wars
train,SW0356,Star Wars,Star Wars
train,SW0343,Star Wars,Star Wars
train,HP121,Harry Potter,Harry Potter
train,COL056,Collectible Minifigures,Collectible Minifigures
train,COL033,Collectible Minifigures,Collectible Minifigures
train,CTY0252,Town,Town
train,COL068,Collectible Minifigures,Collectible Minifigures
train,COL063,Collectible Minifigures,Collectible Minifigures
train,SW0351,Star Wars,Star Wars
train,PI136,Pirates,Pirates
train,PI135B,Pirates,Pirates
train,SW0301,Star Wars,Star Wars
train,NJO0004,NINJAGO,NINJAGO
train,NJO0016,NINJAGO,NINJAGO
train,CTY0250,Town,Town
train,NJO0007,NINJAGO,NINJAGO
train,SW0319,Star Wars,Star Wars
train,CAS495,Castle,Castle
train,CAS487,Castle,Castle
train,CAS494,Castle,Castle
train,CAS485,Castle,Castle
train,CAS493,Castle,Castle
train,CAS480,Castle,Castle
train,CAS486,Castle,Castle
train,CAS497,Castle,Castle
train,CAS496,Castle,Castle
train,CAS475,Castle,Castle
train,CAS489,Castle,Castle
train,CAS490,Castle,Castle
train,CAS491,Castle,Castle
train,CAS477,Castle,Castle
train,NJO0010,NINJAGO,NINJAGO
train,NJO0017,NINJAGO,NINJAGO
train,TLS026,LEGO Brand,LEGO Brand
train,TLS059,LEGO Brand,LEGO Brand
train,TLS007,LEGO Brand,LEGO Brand
train,TLS014,LEGO Brand,LEGO Brand
train,TLS011,LEGO Brand,LEGO Brand
train,TLS004,LEGO Brand,LEGO Brand
train,TLS015,LEGO Brand,LEGO Brand
train,TLS030,LEGO Brand,LEGO Brand
train,TLS024,LEGO Brand,LEGO Brand
train,TLS027,LEGO Brand,LEGO Brand
train,TLS025,LEGO Brand,LEGO Brand
train,TLS020,LEGO Brand,LEGO Brand
train,TLS021,LEGO Brand,Holiday & Event
train,TLS058,LEGO Brand,LEGO Brand
train,TLS060,LEGO Brand,LEGO Brand
train,TLS016,LEGO Brand,LEGO Brand
train,TLS009,LEGO Brand,LEGO Brand
train,TLS006,LEGO Brand,LEGO Brand
train,TLS012,LEGO Brand,LEGO Brand
train,CTY0236,Town,Town
train,COL070,Collectible Minifigures,Collectible Minifigures
train,SW0338,Star Wars,Star Wars
train,NJO0013,NINJAGO,NINJAGO
train,SW0310,Star Wars,Star Wars
train,SW0296,Star Wars,Star Wars
train,PI139,Pirates,Pirates
train,PI140B,Pirates,Pirates
train,85863PB059,Games,Games
train,85863PB068,Games,Games
train,85863PB062,Games,Games
train,85863PB061,Games,Games
train,85863PB065,Games,Games
train,85863PB064,Games,Games
train,85863PB057,Games,Games
train,85863PB069,Games,Games
train,85863PB070,Games,Games
train,85863PB066,Games,Games
train,85863PB060,Games,Games
train,85863PB071,Games,Games
train,85863PB050,Games,Games
train,85863PB051,Games,Games
train,85863PB056,Games,Games
train,85863PB052,Games,Games
train,85863PB055,Games,Games
train,85863PB049,Games,Games
train,85863PB048,Games,Games
train,85863PB046,Games,Games
train,SW0156A,Star Wars,Star Wars
train,COL045,Collectible Minifigures,Collectible Minifigures
train,COL051,Collectible Minifigures,Collectible Minifigures
train,HP129,Harry Potter,Harry Potter
train,NJO0025,NINJAGO,NINJAGO
train,NJO0003,NINJAGO,NINJAGO
train,NJO0012,NINJAGO,NINJAGO
train,SW0329,Star Wars,Star Wars
train,SW0336,Star Wars,Star Wars
train,OCT065,Town,Town
train,OCT064,Town,Town
train,TWN142,Town,Town
train,TWN153,Town,Town
train,CTY0202,Town,Town
train,TWN138,Town,Town
train,TWN151,Town,Town
train,CTY0245,Town,Town
train,CTY0058B,Town,Town
train,CTY0059,Town,Town
train,CTY0215,Town,Town
train,CTY0214B,Town,Town
train,SW0324,Star Wars,Star Wars
train,COL036,Collectible Minifigures,Collectible Minifigures
train,PI137B,Pirates,Pirates
train,TWN150,Town,Town
train,PLN167,Town,Town
train,PLN116,Town,Town
train,TWN149,Town,Town
train,PLN168,Town,Town
train,TWN152,Town,Town
train,CTY0230,Town,Town
train,CTY0027A,Town,Town
train,CTY0231,Town,Town
train,CTY0242,Town,Town
train,CTY0216,Town,Town
train,CTY0212,Town,Town
train,CTY0219,Town,Town
train,CTY0211,Town,Town
train,CTY0218,Town,Town
train,CTY0241,Town,Town
train,CTY0205,Town,Town
train,CTY0209,Town,LEGO Brand
train,CTY0210,Town,Town
train,CTY0255,Town,Town
train,CTY0204,Town,Town
train,CTY0217,Town,Town
train,CTY0200,Town,Town
train,CTY0253,Town,Town
train,CTY0254,Town,Town
train,CTY0208,Town,Town
train,TWN145,Town,Town
train,POST010B,Town,Town
train,TWN146,Town,Town
train,SW0346,Star Wars,Star Wars
train,SW0337,Star Wars,Star Wars
train,HP130,Harry Potter,Harry Potter
train,COL052,Collectible Minifigures,Collectible Minifigures
train,SW0322,Star Wars,Star Wars
train,SW0344,Star Wars,Star Wars
train,COL040,Collectible Minifigures,Collectible Minifigures
train,COL041,Collectible Minifigures,Collectible Minifigures
train,CAS479B,Castle,Castle
train,CTY0119,Town,Town
train,HP123,Harry Potter,Harry Potter
train,COL067,Collectible Minifigures,Collectible Minifigures
train,COL058,Collectible Minifigures,Collectible Minifigures
train,NJO0014,NINJAGO,NINJAGO
train,COL035,Collectible Minifigures,Collectible Minifigures
train,HOL011,Holiday & Event,Holiday & Event
train,HOL012,Holiday & Event,Holiday & Event
train,HOL013,Holiday & Event,Holiday & Event
train,SW0316,Star Wars,Star Wars
train,SW0326,Star Wars,Star Wars
train,SW0347,Star Wars,Star Wars
train,TWN129,Town,Town
train,CTY0233,Town,Town
train,CTY0249,Town,Town
train,TWN130,Town,Town
train,SP124,Town,Town
train,COL073,Collectible Minifigures,Collectible Minifigures
train,COL080,Collectible Minifigures,Collectible Minifigures
train,COL039,Collectible Minifigures,Collectible Minifigures
train,COL059,Collectible Minifigures,Collectible Minifigures
train,COL044,Collectible Minifigures,Collectible Minifigures
train,CTY0225,Town,Town
train,HP127,Harry Potter,Harry Potter
train,SW0305,Star Wars,Star Wars
train,CTY0183,Town,Town
train,COL053,Collectible Minifigures,Collectible Minifigures
train,COL046,Collectible Minifigures,Collectible Minifigures
train,SW0339,Star Wars,Star Wars
train,COL034,Collectible Minifigures,Collectible Minifigures
train,SW0312,Star Wars,Star Wars
train,COL054,Collectible Minifigures,Collectible Minifigures
train,SW0328,Star Wars,Star Wars
train,SW0325,Star Wars,Star Wars
train,COL060,Collectible Minifigures,Collectible Minifigures
train,CTY0234,Town,Town
train,CTY0240,Town,Town
train,CTY0237,Town,Town
train,CAS483B,Castle,Castle
train,NJO0026,NINJAGO,NINJAGO
train,NJO0002,NINJAGO,NINJAGO
train,SW0358,Star Wars,Star Wars
train,NJO0001,NINJAGO,NINJAGO
train,NJO0018,NINJAGO,NINJAGO
train,SW0354,Star Wars,Star Wars
train,NJO0066,NINJAGO,NINJAGO
train,COL128,Collectible Minifigures,Collectible Minifigures
train,SW0361,Star Wars,Star Wars
train,LOR017,The Hobbit and The Lord of the Rings,The Hobbit and The Lord of the Rings
train,SW0424,Star Wars,Star Wars
train,SW0373,Star Wars,Star Wars
train,SW0375,Star Wars,Star Wars
train,SW0390,Star Wars,Star Wars
train,COL098,Collectible Minifigures,Collectible Minifigures
train,LOR049,The Hobbit and The Lord of the Rings,The Hobbit and The Lord of the Rings
train,COL085,Collectible Minifigures,NINJAGO
train,SH0009,Super Heroes,Super Heroes
train,SW0379,Star Wars,Star Wars
train,SH0016,Super Heroes,Super Heroes
train,SH0046,Super Heroes,Super Heroes
train,SH0025,Super Heroes,Super Heroes
train,SH0019,Super Heroes,Super Heroes
train,SW0415,Star Wars,Star Wars
train,SW0404,Star Wars,Star Wars
train,LOR041,The Hobbit and The Lord of the Rings,The Hobbit and The Lord of the Rings
train,LOR029,The Hobbit and The Lord of the Rings,The Hobbit and The Lord of the Rings
train,SH0043,Super Heroes,Super Heroes
train,CTY0281,Town,Town
train,CTY0295,Town,Town
train,SW0431,Star Wars,Star Wars
train,SW0396,Star Wars,Star Wars
train,TWN162,Town,Town
train,TGB001,Collectible Minifigures,Collectible Minifigures
train,COL100,Collectible Minifigures,Collectible Minifigures
train,COL099,Collectible Minifigures,Collectible Minifigures
train,SW0365,Star Wars,Star Wars
train,SH0028,Super Heroes,Super Heroes
train,SH0014,Super Heroes,Super Heroes
train,SH0006,Super Heroes,Super Heroes
train,TWN161,Town,Town
train,SH0030,Super Heroes,Super Heroes
train,COL081,Collectible Minifigures,Collectible Minifigures
train,SP004NEW2,Space,Space
train,COL087,Collectible Minifigures,Collectible Minifigures
train,SW0377,Star Wars,Star Wars
train,NJO0041,NINJAGO,NINJAGO
train,NJO0057,NINJAGO,NINJAGO
train,NJO0054,NINJAGO,NINJAGO
train,NJO0039,NINJAGO,NINJAGO
train,COL108,Collectible Minifigures,Collectible Minifigures
train,COL114,Collectible Minifigures,Collectible Minifigures
train,CTY0293,Town,Town
train,COL116,Collectible Minifigures,Collectible Minifigures
train,COL103,Collectible Minifigures,Collectible Minifigures
train,CTY0329,Town,Town
train,SW0413,Star Wars,Star Wars
train,SW0384,Star Wars,Star Wars
train,SH0032,Super Heroes,Super Heroes
train,SW0374,Star Wars,Star Wars
train,COL118,Collectible Minifigures,Collectible Minifigures
train,COL124,Collectible Minifigures,Collectible Minifigures
train,CTY0319,Town,Town
train,LOR047,The Hobbit and The Lord of the Rings,The Hobbit and The Lord of the Rings
train,COL119,Collectible Minifigures,Collectible Minifigures
train,SH0040,Super Heroes,Super Heroes
train,47394PB149,DUPLO,DUPLO
train,47394PB148,DUPLO,DUPLO
train,47394PB144,DUPLO,DUPLO
train,47394PB146,DUPLO,DUPLO
train,CRS062,DUPLO,DUPLO
train,CRS063,DUPLO,DUPLO
train,LOR050,The Hobbit and The Lord of the Rings,The Hobbit and The Lord of the Rings
train,LOR033,The Hobbit and The Lord of the Rings,The Hobbit and The Lord of the Rings
train,SW0367,Star Wars,Star Wars
train,LOR010,The Hobbit and The Lord of the Rings,The Hobbit and The Lord of the Rings
train,SW0392,Star Wars,Star Wars
train,COL110,Collectible Minifigures,Collectible Minifigures
train,COL113,Collectible Minifigures,Collectible Minifigures
train,COL121,Collectible Minifigures,Collectible Minifigures
train,NJO0036,NINJAGO,NINJAGO
train,NJO0048,NINJAGO,NINJAGO
train,NJO0049,NINJAGO,NINJAGO
train,CTY0327,Town,Town
train,HOL027,Holiday & Event,BrickLink Designer Program
train,CTY0300,Town,Town
train,CTY0302,Town,Town
train,CTY0338,Town,Town
train,CTY0279,Town,Town
train,CTY0287,Town,Town
train,CTY0307,Town,Town
train,CTY0304,Town,Town
train,CTY0337,Town,Town
train,CTY0280,Town,Town
train,CTY0278,Town,Town
train,CTY0323,Town,Town
train,COL086,Collectible Minifigures,Collectible Minifigures
train,CTY0334,Town,Town
train,CTY0309,Town,Town
train,TGB006,Collectible Minifigures,Collectible Minifigures
train,COL117,Collectible Minifigures,Collectible Minifigures
train,CTY0263,Town,Town
train,CTY0264,Town,Town
train,CTY0260,Town,Town
train,CTY0276,Town,Town
train,CTY0267,Town,Town
train,CTY0383,Town,Town
train,CTY0274,Town,Town
train,CTY0277,Town,Town
train,FRND0014,Friends,Friends
train,FRND0004,Friends,Friends
train,FRND0018,Friends,Friends
train,FRND0029,Friends,Friends
train,FRND0011,Friends,Friends
train,FRND0007,Friends,Friends
train,FRND0022,Friends,Friends
train,FRND0005,Friends,Friends
train,FRND0009,Friends,Friends
train,FRND0021,Friends,Friends
train,FRND0010,Friends,Friends
train,FRND0030,Friends,Friends
train,FRND0006,Friends,Friends
train,FRND0019,Friends,Friends
train,FRND0015,Friends,Friends
train,FRND0003,Friends,Friends
train,FRND0028,Friends,Friends
train,FRND0008,Friends,Friends
train,FRND0002,Friends,Friends
train,LOR003,The Hobbit and The Lord of the Rings,The Hobbit and The Lord of the Rings
train,LOR028,The Hobbit and The Lord of the Rings,The Hobbit and The Lord of the Rings
train,COL104,Collectible Minifigures,Collectible Minifigures
train,COL096,Collectible Minifigures,Collectible Minifigures
train,SW0381,Star Wars,Star Wars
train,SW0382,Star Wars,Star Wars
train,TWN165,Town,Town
train,TWN164,Town,Town
train,LOR042,The Hobbit and The Lord of the Rings,The Hobbit and The Lord of the Rings
train,LOR043,The Hobbit and The Lord of the Rings,The Hobbit and The Lord of the Rings
train,LOR032,The Hobbit and The Lord of the Rings,The Hobbit and The Lord of the Rings
train,LOR031,The Hobbit and The Lord of the Rings,The Hobbit and The Lord of the Rings
train,LOR005,The Hobbit and The Lord of the Rings,The Hobbit and The Lord of the Rings
train,COL112,Collectible Minifigures,Collectible Minifigures
train,CTY0261,Town,Town
train,TWN158,Town,Town
train,SH0023,Super Heroes,Super Heroes
train,LOR020,The Hobbit and The Lord of the Rings,The Hobbit and The Lord of the Rings
train,SH0024,Super Heroes,Super Heroes
train,SH0034,Super Heroes,Super Heroes
train,IDEA012,LEGO Ideas,LEGO Ideas
train,COL107,Collectible Minifigures,Collectible Minifigures
train,TGB008,Collectible Minifigures,Collectible Minifigures
train,SW0425,Star Wars,Star Wars
train,LOR039,The Hobbit and The Lord of the Rings,The Hobbit and The Lord of the Rings
train,LOR048,The Hobbit and The Lord of the Rings,The Hobbit and The Lord of the Rings
train,SW0401,Star Wars,Star Wars
train,SW0426,Star Wars,Star Wars
train,SW0005B,Star Wars,Star Wars
train,SW0366,Star Wars,Star Wars
train,COL093,Collectible Minifigures,Collectible Minifigures
train,SH0041,Super Heroes,Super Heroes
train,SH0015,Super Heroes,Super Heroes
train,SH0027,Super Heroes,Super Heroes
train,SW0402,Star Wars,Star Wars
train,TWN160,Town,Town
train,NJO0061,NINJAGO,NINJAGO
train,NJO0034,NINJAGO,NINJAGO
train,SH0044,Super Heroes,Super Heroes
train,SW0372,Star Wars,Star Wars
train,TGB004,Collectible Minifigures,Collectible Minifigures
train,COL106,Collectible Minifigures,Collectible Minifigures
train,NJO0052,NINJAGO,NINJAGO
train,NJO0037,NINJAGO,NINJAGO
train,LOR021,The Hobbit and The Lord of the Rings,The Hobbit and The Lord of the Rings
train,CAS510,Castle,Castle
train,CAS509,Castle,Castle
train,CAS508,Castle,Castle
train,CAS506,Castle,Castle
train,CAS503,Castle,Castle
train,CAS499,Castle,Castle
train,CAS513,Castle,Castle
train,CAS502,Castle,Castle
train,CAS501,Castle,Castle
train,CAS505,Castle,Castle
train,SW0422,Star Wars,Star Wars
train,SW0397,Star Wars,Star Wars
train,COL084,Collectible Minifigures,Collectible Minifigures
train,CTY0332,Town,Town
train,TLS031,LEGO Brand,LEGO Brand
train,TLS074,LEGO Brand,LEGO Brand
train,TLS039,LEGO Brand,LEGO Brand
train,TLS002,LEGO Brand,LEGO Brand
train,TLS117,LEGO Brand,LEGO Brand
train,TLS069,LEGO Brand,LEGO Brand
train,TLS046,LEGO Brand,LEGO Brand
train,TLS056,LEGO Brand,LEGO Brand
train,TLS042,LEGO Brand,LEGO Brand
train,TLS115,LEGO Brand,LEGO Brand
train,TLS052,LEGO Brand,LEGO Brand
train,TLS055,LEGO Brand,LEGO Brand
train,TLS038,LEGO Brand,LEGO Brand
train,TLS040,LEGO Brand,LEGO Brand
train,TLS066,LEGO Brand,LEGO Brand
train,TLS035,LEGO Brand,LEGO Brand
train,TLS063,LEGO Brand,LEGO Brand
train,TLS116,LEGO Brand,LEGO Brand
train,TLS048,LEGO Brand,LEGO Brand
train,TLS043,LEGO Brand,LEGO Brand
train,TLS064,LEGO Brand,LEGO Brand
train,TLS076,LEGO Brand,LEGO Brand
train,TLS065,LEGO Brand,LEGO Brand
train,TLS067,LEGO Brand,LEGO Brand
train,LOR035,The Hobbit and The Lord of the Rings,The Hobbit and The Lord of the Rings
train,SH0039,Super Heroes,Super Heroes
train,NJO0068,NINJAGO,NINJAGO
train,NJO0070,NINJAGO,NINJAGO
train,NJO0038,NINJAGO,NINJAGO
train,NJO0065,NINJAGO,NINJAGO
train,SW0400,Star Wars,Star Wars
train,SH0033,Super Heroes,Super Heroes
train,NJO0042,NINJAGO,NINJAGO
train,LOR025,The Hobbit and The Lord of the Rings,The Hobbit and The Lord of the Rings
train,SW0417,Star Wars,Star Wars
train,SH0031,Super Heroes,Super Heroes
train,TWN155,Town,Town
train,COL095,Collectible Minifigures,Collectible Minifigures
train,CTY0331,Town,Town
train,HOL026,Holiday & Event,Holiday & Event
train,LOR016,The Hobbit and The Lord of the Rings,The Hobbit and The Lord of the Rings
train,85863PB074,Games,Games
train,85863PB073,Games,Games
train,85863PB093,Games,Games
train,85863PB090,Games,Games
train,85863PB092,Games,Games
train,85863PB085,Games,Games
train,85863PB087,Games,Games
train,85863PB088,Games,Games
train,85863PB086,Games,Games
train,85863PB083,Games,Games
train,85863PB079,Games,Games
train,85863PB080,Games,Games
train,85863PB078,Games,Games
train,85863PB076,Games,Games
train,85863PB077,Games,Games
train,85863PB082,Games,Games
train,85863PB095,Games,Games
train,85863PB094,Games,Games
train,85863PB097,Games,Games
train,85863PB096,Games,Games
train,MIN001,Minecraft,Minecraft
train,MIN002,Minecraft,Minecraft
train,CTY0310,Town,Town
train,CTY0311,Town,Town
train,CTY0333,Town,Town
train,CTY0322,Town,Town
train,COL088,Collectible Minifigures,Collectible Minifigures
train,LOR054,The Hobbit and The Lord of the Rings,The Hobbit and The Lord of the Rings
train,LOR053,The Hobbit and The Lord of the Rings,The Hobbit and The Lord of the Rings
train,LOR026,The Hobbit and The Lord of the Rings,The Hobbit and The Lord of the Rings
train,LOR024,The Hobbit and The Lord of the Rings,The Hobbit and The Lord of the Rings
train,LOR023,The Hobbit and The Lord of the Rings,The Hobbit and The Lord of the Rings
train,LOR011,The Hobbit and The Lord of the Rings,The Hobbit and The Lord of the Rings
train,LOR046,The Hobbit and The Lord of the Rings,The Hobbit and The Lord of the Rings
train,SW0363,Star Wars,Star Wars
train,SW0409,Star Wars,Star Wars
train,SW0362,Star Wars,Star Wars
train,COL101,Collectible Minifigures,Collectible Minifigures
train,OCT069,Town,Town
train,OCT066,Town,Town
train,OCT067,Town,Town
train,OCT012NEW,Town,Town
train,LOR056,The Hobbit and The Lord of the Rings,The Hobbit and The Lord of the Rings
train,SW0406,Star Wars,Star Wars
train,CTY0314,Town,Town
train,LOR045,The Hobbit and The Lord of the Rings,The Hobbit and The Lord of the Rings
train,CTY0269,Town,Town
train,CTY0340,Town,Town
train,CTY0320,Town,Town
train,CTY0294,Town,Town
train,CTY0335,Town,Town
train,CTY0291,Town,Town
train,SW0411,Star Wars,Star Wars
train,CTY0271,Town,Town
train,CTY0317,Town,Town
train,CTY0272,Town,Town
train,LOR012,The Hobbit and The Lord of the Rings,The Hobbit and The Lord of the Rings
train,COL127,Collectible Minifigures,Collectible Minifigures
train,CTY0270,Town,Town
train,SH0010,Super Heroes,Super Heroes
train,CTY0316,Town,Town
train,CTY0288,Town,Town
train,CTY0282,Town,Town
train,CTY0265,Town,Collectible Minifigures
train,CTY0283,Town,Town
train,CTY0341,Town,Town
train,SW0416,Star Wars,Star Wars
train,TWN159,Town,Town
train,SW0371,Star Wars,Star Wars
train,SW0410,Star Wars,Star Wars
train,NJO0033,NINJAGO,NINJAGO
train,SW0427,Star Wars,Star Wars
train,SW0399,Star Wars,Star Wars
train,SW0369,Star Wars,Star Wars
train,CTY0312,Town,Town
train,TGB003,Collectible Minifigures,Collectible Minifigures
train,SW0391,Star Wars,Star Wars
train,LOR018,The Hobbit and The Lord of the Rings,The Hobbit and The Lord of the Rings
train,SH0011,Super Heroes,Super Heroes
train,RB001,Collectible Minifigures,Collectible Minifigures
train,COL111,Collectible Minifigures,Collectible Minifigures
train,LOR009,The Hobbit and The Lord of the Rings,The Hobbit and The Lord of the Rings
train,SW0420,Star Wars,Star Wars
train,NJO0050,NINJAGO,NINJAGO
train,SW0364,Star Wars,Star Wars
train,SW0383,Star Wars,Star Wars
train,SW0423,Star Wars,Star Wars
train,HOL014,Holiday & Event,Holiday & Event
train,SW0389,Star Wars,Star Wars
train,TWN156,Town,Town
train,SH0042,Super Heroes,Super Heroes
train,SW0414,Star Wars,Star Wars
train,NJO0040,NINJAGO,NINJAGO
train,NJO0067,NINJAGO,NINJAGO
train,COL092,Collectible Minifigures,Collectible Minifigures
train,COL083,Collectible Minifigures,Collectible Minifigures
train,NJO0035,NINJAGO,NINJAGO
train,SW0428,Star Wars,Star Wars
train,SH0038,Super Heroes,Super Heroes
train,SH0045,Super Heroes,Super Heroes
train,HOL025,Holiday & Event,Holiday & Event
train,COL091,Collectible Minifigures,Collectible Minifigures
train,CTY0339,Town,Town
train,CTY0313,Town,Town
train,CTY0292,Town,Town
train,COL097,Collectible Minifigures,Collectible Minifigures
train,LOR034,The Hobbit and The Lord of the Rings,The Hobbit and The Lord of the Rings
train,SW0385,Star Wars,Star Wars
train,COL105,Collectible Minifigures,Collectible Minifigures
train,SH0005,Super Heroes,Super Heroes
train,SH0020,Super Heroes,Super Heroes
train,COL126,Collectible Minifigures,Collectible Minifigures
train,SH0018,Super Heroes,Super Heroes
train,LOR040,The Hobbit and The Lord of the Rings,The Hobbit and The Lord of the Rings
train,SH0007,Super Heroes,Super Heroes
train,SH0021,Super Heroes,Super Heroes
train,LOR006,The Hobbit and The Lord of the Rings,The Hobbit and The Lord of the Rings
train,LOR022,The Hobbit and The Lord of the Rings,The Hobbit and The Lord of the Rings
train,COL109,Collectible Minifigures,Collectible Minifigures
train,SH0017,Super Heroes,Super Heroes
train,TGB007,Collectible Minifigures,Collectible Minifigures
train,NJO0064,NINJAGO,NINJAGO
train,LOR038,The Hobbit and The Lord of the Rings,The Hobbit and The Lord of the Rings
train,NJO0044,NINJAGO,NINJAGO
train,NJO0069,NINJAGO,NINJAGO
train,NJO0031,NINJAGO,NINJAGO
train,MOF018,Holiday & Event,Holiday & Event
train,CTY0403,Town,Town
train,SH0067,Super Heroes,Super Heroes
train,COL139,Collectible Minifigures,Collectible Minifigures
train,GS008,Space,Space
train,GS001,Space,Space
train,SH0050,Super Heroes,Super Heroes
train,LOR066,The Hobbit and The Lord of the Rings,The Hobbit and The Lord of the Rings
train,LOR060,The Hobbit and The Lord of the Rings,The Hobbit and The Lord of the Rings
train,GS012,Space,Space
train,SW0477,Star Wars,Star Wars
train,SW0456,Star Wars,Star Wars
train,COL279,Collectible Minifigures,Collectible Minifigures
train,LOR087,The Hobbit and The Lord of the Rings,NINJAGO
train,SH0062,Super Heroes,Super Heroes
train,COL163,Collectible Minifigures,Collectible Minifigures
train,LOR084,The Hobbit and The Lord of the Rings,The Hobbit and The Lord of the Rings
train,COL157,Collectible Minifigures,Collectible Minifigures
train,SH0048,Super Heroes,Super Heroes
train,SW0467,Star Wars,Star Wars
train,SW0467B,Star Wars,Star Wars
train,SW0482,Star Wars,Star Wars
train,COL141,Collectible Minifigures,Collectible Minifigures
train,LOR075,The Hobbit and The Lord of the Rings,The Hobbit and The Lord of the Rings
train,LOR057,The Hobbit and The Lord of the Rings,The Hobbit and The Lord of the Rings
train,GS005,Space,Space
train,GEN051,Holiday & Event,Holiday & Event
train,CTY0395,Town,Town
train,CTY0401,Town,Town
train,CTY0388,Town,Town
train,CTY0420,Town,Town
train,CTY0533,Town,Town
train,SW0514,Star Wars,Star Wars
train,HOL359,Holiday & Event,Holiday & Event
train,TWN197,Town,Town
train,GS013,Space,Space
train,SW0497,Star Wars,Star Wars
train,CTY0421,Town,Town
train,CTY0422,Town,Town
train,CAS524,Castle,Castle
train,CAS518A,Castle,Castle
train,CAS522,Castle,Castle
train,CAS537,Castle,Castle
train,CAS528,Castle,Castle
train,CAS523,Castle,Castle
train,CAS532,Castle,Castle
train,CAS535,Castle,Castle
train,CAS521,Castle,Castle
train,CAS520,Castle,Castle
train,CAS516,Castle,Castle
train,CAS517,Castle,Castle
train,CAS531,Castle,Castle
train,CAS536,Castle,Castle
train,CAS533,Castle,Castle
train,CHEF019A,Town,Town
train,TWN187,Town,Town
train,COL135,Collectible Minifigures,Collectible Minifigures
train,CTY0438,Town,Town
train,CTY0396,Town,Town
train,TWN176,Town,Town
train,GS009,Space,Space
train,CTY0436,Town,Town
train,SW0491,Star Wars,Star Wars
train,SW0439,Star Wars,Star Wars
train,CTY0415,Town,Town
train,CTY0410,Town,Town
train,CTY0418,Town,Town
train,CTY0408,Town,Town
train,CTY0424,Town,Town
train,CTY0416,Town,Town
train,CTY0411,Town,Town
train,CTY0417,Town,Town
train,CTY0474,Town,Town
train,CTY0406,Town,Town
train,CTY0413,Town,Town
train,CTY0407,Town,Town
train,SW0480,Star Wars,Star Wars
train,SH0079,Super Heroes,Super Heroes
train,SW0448,Star Wars,Star Wars
train,SH0063,Super Heroes,Super Heroes
train,CTY0366,Town,Town
train,CTY0397,Town,Town
train,SW0472,Star Wars,Star Wars
train,LOC044,LEGENDS OF CHIMA,LEGENDS OF CHIMA
train,LOC024,LEGENDS OF CHIMA,LEGENDS OF CHIMA
train,LOC162,LEGENDS OF CHIMA,LEGENDS OF CHIMA
train,LOC023,LEGENDS OF CHIMA,LEGENDS OF CHIMA
train,LOC004,LEGENDS OF CHIMA,LEGENDS OF CHIMA
train,GS007,Space,Space
train,GS002,Space,Space
train,TWN186,Town,Town
train,CTY0370,Town,Town
train,CTY0419,Town,Town
train,COL175,Collectible Minifigures,Collectible Minifigures
train,IDEA002,LEGO Ideas,LEGO Ideas
train,COL284,Collectible Minifigures,Collectible Minifigures
train,SH0052,Super Heroes,Super Heroes
train,SW0441,Star Wars,Star Wars
train,SW0447,Star Wars,Star Wars
train,CRS048,DUPLO,DUPLO
train,47205PB026,DUPLO,DUPLO
train,47205PB025,DUPLO,DUPLO
train,47205PB028,DUPLO,DUPLO
train,47394PB154,DUPLO,DUPLO
train,47394PB153,DUPLO,DUPLO
train,47394PB173,DUPLO,DUPLO
train,47394PB197,DUPLO,DUPLO
train,47394PB152,DUPLO,DUPLO
train,47394PB151,DUPLO,DUPLO
train,47394PB157,DUPLO,DUPLO
train,47394PB165,DUPLO,DUPLO
train,47394PB166,DUPLO,DUPLO
train,47394PB159,DUPLO,DUPLO
train,47394PB164,DUPLO,DUPLO
train,47394PB163,DUPLO,DUPLO
train,DUPMERMAID01,DUPLO,DUPLO
train,CRS029,DUPLO,DUPLO
train,SW0965,Star Wars,Star Wars
train,LOC021,LEGENDS OF CHIMA,LEGENDS OF CHIMA
train,HOL355,Holiday & Event,Holiday & Event
train,LOR059,The Hobbit and The Lord of the Rings,The Hobbit and The Lord of the Rings
train,SW0511,Star Wars,Star Wars
train,SW0507,Star Wars,Star Wars
train,LOC037,LEGENDS OF CHIMA,LEGENDS OF CHIMA
train,LOC005,LEGENDS OF CHIMA,LEGENDS OF CHIMA
train,LOC032,LEGENDS OF CHIMA,LEGENDS OF CHIMA
train,LOC045,LEGENDS OF CHIMA,LEGENDS OF CHIMA
train,LOC018,LEGENDS OF CHIMA,LEGENDS OF CHIMA
train,LOC014,LEGENDS OF CHIMA,LEGENDS OF CHIMA
train,SW0508,Star Wars,Star Wars
train,SH0071,Super Heroes,Super Heroes
train,SW0473,Star Wars,Star Wars
train,SH0080,Super Heroes,Super Heroes
train,CTY0134A,Town,Town
train,CTY0550,Town,Town
train,CTY0354,Town,Town
train,TWN171,Town,Town
train,TWN180,Town,Town
train,SW0517,Star Wars,Star Wars
train,CTY0349,Town,Town
train,CTY0371,Town,Town
train,CTY0344,Town,Town
train,CTY0343,Town,Town
train,CTY0381,Town,Town
train,CTY0372,Town,Town
train,CTY0351,Town,Town
train,CTY0348,Town,Town
train,TWN175,Town,Town
train,CTY0531,Town,Town
train,CTY0345,Town,Town
train,CTY0405,Town,Town
train,COL137,Collectible Minifigures,Collectible Minifigures
train,FRND0051,Friends,Friends
train,FRND0047,Friends,Friends
train,FRND0031,Friends,Friends
train,FRND0049,Friends,Friends
train,FRND0034,Friends,Friends
train,FRND0052,Friends,Friends
train,FRND0037,Friends,Friends
train,FRND0033,Friends,Friends
train,FRND0035,Friends,Friends
train,FRND0039,Friends,Friends
train,FRND0043,Friends,Friends
train,FRND0046,Friends,Friends
train,FRND0041,Friends,Friends
train,FRND0050,Friends,Friends
train,FRND0045,Friends,Friends
train,FRND0044,Friends,Friends
train,FRND0048,Friends,Friends
train,FRND0053,Friends,Friends
train,FRND0036,Friends,Friends
train,FRND0042A,Friends,Friends
train,FRND0038,Friends,Friends
train,LOC046,LEGENDS OF CHIMA,LEGENDS OF CHIMA
train,LOC036,LEGENDS OF CHIMA,LEGENDS OF CHIMA
train,LOR063,The Hobbit and The Lord of the Rings,The Hobbit and The Lord of the Rings
train,SW0460,Star Wars,Star Wars
train,SH0078,Super Heroes,Super Heroes
train,SH0076,Super Heroes,Super Heroes
train,COL168,Collectible Minifigures,Collectible Minifigures
train,HOL360,Holiday & Event,Holiday & Event
train,LOC031,LEGENDS OF CHIMA,LEGENDS OF CHIMA
train,LOC035,LEGENDS OF CHIMA,LEGENDS OF CHIMA
train,COL152,Collectible Minifigures,Collectible Minifigures
train,CTY0352,Town,Town
train,HOL023,Holiday & Event,Holiday & Event
train,LOC028,LEGENDS OF CHIMA,LEGENDS OF CHIMA
train,LOR088,The Hobbit and The Lord of the Rings,The Hobbit and The Lord of the Rings
train,LOR076,The Hobbit and The Lord of the Rings,The Hobbit and The Lord of the Rings
train,LOR077,The Hobbit and The Lord of the Rings,The Hobbit and The Lord of the Rings
train,SW0466,Star Wars,Star Wars
train,SW0451,Star Wars,Star Wars
train,COL169,Collectible Minifigures,Collectible Minifigures
train,COL131,Collectible Minifigures,Collectible Minifigures
train,SW0516,Star Wars,Star Wars
train,SW0462,Star Wars,Star Wars
train,SW0459,Star Wars,Star Wars
train,SW0505,Star Wars,Star Wars
train,SH0065,Super Heroes,Super Heroes
train,SH0084,Super Heroes,Super Heroes
train,COL167,Collectible Minifigures,Collectible Minifigures
train,SH0054,Super Heroes,Super Heroes
train,GS011,Space,Space
train,SW0468,Star Wars,Star Wars
train,NJO0079,NINJAGO,NINJAGO
train,SW0501,Star Wars,Star Wars
train,SW0475,Star Wars,Star Wars
train,SW0475A,Star Wars,Star Wars
train,SH0082,Super Heroes,Super Heroes
train,NJO0071,NINJAGO,NINJAGO
train,LOR071,The Hobbit and The Lord of the Rings,The Hobbit and The Lord of the Rings
train,COL278,Collectible Minifigures,Town
train,COL178,Collectible Minifigures,Collectible Minifigures
train,LOC030,LEGENDS OF CHIMA,LEGENDS OF CHIMA
train,LOC011,LEGENDS OF CHIMA,LEGENDS OF CHIMA
train,TLS078,LEGO Brand,LEGO Brand
train,TLS080,LEGO Brand,LEGO Brand
train,TLS081,LEGO Brand,LEGO Brand
train,TLS079,LEGO Brand,LEGO Brand
train,TLS082,LEGO Brand,Town
train,TLS073,LEGO Brand,LEGO Brand
train,TLS077,LEGO Brand,LEGO Brand
train,TLS085,LEGO Brand,LEGO Brand
train,TLS084,LEGO Brand,LEGO Brand
train,TLS071,LEGO Brand,LEGO Brand
train,LOC003,LEGENDS OF CHIMA,LEGENDS OF CHIMA
train,LOC006,LEGENDS OF CHIMA,LEGENDS OF CHIMA
train,LOC017,LEGENDS OF CHIMA,LEGENDS OF CHIMA
train,TWN184,Town,Town
train,COL280,Collectible Minifigures,Collectible Minifigures
train,NJO0073,NINJAGO,NINJAGO
train,SH0075,Super Heroes,Super Heroes
train,LOC012,LEGENDS OF CHIMA,LEGENDS OF CHIMA
train,NJO0078,NINJAGO,NINJAGO
train,SW0509,Star Wars,Star Wars
train,SW0461,Star Wars,Star Wars
train,SW0479,Star Wars,Star Wars
train,SW0434,Star Wars,Star Wars
train,SW0495,Star Wars,Star Wars
train,GS014,Space,Space
train,LOR085,The Hobbit and The Lord of the Rings,The Hobbit and The Lord of the Rings
train,GS015,Space,Space
train,CTY0355,Town,Town
train,TWN188,Town,Town
train,CTY0346,Town,Town
train,COL146,Collectible Minifigures,Collectible Minifigures
train,COL140,Collectible Minifigures,Collectible Minifigures
train,85863PB101,Games,Games
train,85863PB104,Games,Games
train,85863PB103,Games,Games
train,85863PB102,Games,Games
train,85863PB107,Games,Games
train,85863PB098,Games,Games
train,85863PB109,Games,Games
train,85863PB111,Games,Games
train,85863PB110,Games,Games
train,85863PB113,Games,Games
train,85863PB112,Games,Games
train,85863PB115,Games,Games
train,85863PB116,Games,Games
train,MIN007,Minecraft,Minecraft
train,CTY0385,Town,Town
train,CTY0387,Town,Town
train,LOR065,The Hobbit and The Lord of the Rings,The Hobbit and The Lord of the Rings
train,COL160,Collectible Minifigures,Collectible Minifigures
train,COL171,Collectible Minifigures,Collectible Minifigures
train,SH0049,Super Heroes,Super Heroes
train,COL142,Collectible Minifigures,Collectible Minifigures
train,LOR081,The Hobbit and The Lord of the Rings,The Hobbit and The Lord of the Rings
train,SW0496,Star Wars,Star Wars
train,SW0489,Star Wars,Star Wars
train,SW0498,Star Wars,Star Wars
train,CTY0373,Town,Town
train,CTY0374,Town,Town
train,TWN185,Town,Town
train,HOL015,Holiday & Event,Holiday & Event
train,TWN172,Town,Town
train,CTY0440,Town,Town
train,GS010,Space,Space
train,HOL019,Holiday & Event,Holiday & Event
train,HOL028,Holiday & Event,Holiday & Event
train,HOL033,Holiday & Event,Holiday & Event
train,HOL020,Holiday & Event,Holiday & Event
train,OVR037A,Town,Town
train,HOL032,Holiday & Event,Holiday & Event
train,CTY0365,Town,Town
train,TWN174,Town,Town
train,CTY0398,Town,Town
train,CTY0402,Town,Town
train,CTY0430,Town,Town
train,SW0490,Star Wars,Star Wars
train,COL153,Collectible Minifigures,Collectible Minifigures
train,TWN178,Town,Town
train,CTY0353,Town,Town
train,PI145,Pirates,Pirates
train,PI144,Pirates,Pirates
train,COL281,Collectible Minifigures,Collectible Minifigures
train,PI143,Pirates,Pirates
train,TWN195,Town,Town
train,HOL030,Holiday & Event,Holiday & Event
train,CTY0442,Town,Town
train,PLN173,Town,Town
train,PLN172,Town,Town
train,HOL018,Holiday & Event,Holiday & Event
train,COL144,Collectible Minifigures,Collectible Minifigures
train,SW0474,Star Wars,Star Wars
train,CTY0363,Town,Town
train,CTY0358,Town,Town
train,CTY0433,Town,Town
train,CTY0364,Town,Town
train,CTY0393,Town,Town
train,TWN182,Town,Town
train,COL282,Collectible Minifigures,Town
train,COL283,Collectible Minifigures,Collectible Minifigures
train,CTY0356,Town,Town
train,CTY0357,Town,Town
train,CTY0360,Town,Town
train,CTY0361,Town,Town
train,CTY0376,Town,Town
train,CTY0377,Town,Town
train,CTY0378,Town,Town
train,COL134,Collectible Minifigures,Collectible Minifigures
train,COL165,Collectible Minifigures,Collectible Minifigures
train,SW0504,Star Wars,Star Wars
train,CAS515,Castle,Castle
train,CTY0389,Town,Town
train,CTY0390,Town,Town
train,CTY0391,Town,Town
train,LOC033,LEGENDS OF CHIMA,LEGENDS OF CHIMA
train,LOC001,LEGENDS OF CHIMA,LEGENDS OF CHIMA
train,LOC042,LEGENDS OF CHIMA,LEGENDS OF CHIMA
train,LOC002,LEGENDS OF CHIMA,LEGENDS OF CHIMA
train,SW0455,Star Wars,Star Wars
train,GS006,Space,Space
train,COL156,Collectible Minifigures,Collectible Minifigures
train,LOC007,LEGENDS OF CHIMA,LEGENDS OF CHIMA
train,SH0059,Super Heroes,Super Heroes
train,COL136,Collectible Minifigures,Collectible Minifigures
train,COL147,Collectible Minifigures,Collectible Minifigures
train,COL133,Collectible Minifigures,Collectible Minifigures
train,COL155,Collectible Minifigures,Collectible Minifigures
train,CTY0444,Town,Town
train,HOL357,Holiday & Event,Holiday & Event
train,SW0506,Star Wars,Star Wars
train,LOR074,The Hobbit and The Lord of the Rings,The Hobbit and The Lord of the Rings
train,SH0058,Super Heroes,Super Heroes
train,COL173,Collectible Minifigures,Collectible Minifigures
train,COL154,Collectible Minifigures,Collectible Minifigures
train,SW0436,Star Wars,Star Wars
train,LOC029,LEGENDS OF CHIMA,LEGENDS OF CHIMA
train,HOL021,Holiday & Event,Holiday & Event
train,SW0458,Star Wars,Star Wars
train,SW0463,Star Wars,Star Wars
train,LOR069,The Hobbit and The Lord of the Rings,The Hobbit and The Lord of the Rings
train,LOR070,The Hobbit and The Lord of the Rings,The Hobbit and The Lord of the Rings
train,GS004,Space,Space
train,SW0503,Star Wars,Star Wars
train,SH0139,Super Heroes,Super Heroes
train,SH0140,Super Heroes,Super Heroes
train,SW0469,Star Wars,Star Wars
train,CTY0400,Town,Town
train,LOR090,The Hobbit and The Lord of the Rings,The Hobbit and The Lord of the Rings
train,NJO0072,NINJAGO,NINJAGO
train,NJO0077,NINJAGO,NINJAGO
train,NJO0081,NINJAGO,NINJAGO
train,CTY0145A,Town,Town
train,TWN173,Town,Town
train,HOL017,Holiday & Event,Holiday & Event
train,SH0137,Super Heroes,Super Heroes
train,SH0077,Super Heroes,Super Heroes
train,CTY0437,Town,Town
train,HOL031,Holiday & Event,Holiday & Event
train,SW0510,Star Wars,Star Wars
train,SH0061,Super Heroes,Super Heroes
train,SH0074,Super Heroes,Super Heroes
train,SH0070,Super Heroes,Super Heroes
train,LOR079,The Hobbit and The Lord of the Rings,The Hobbit and The Lord of the Rings
train,COL149,Collectible Minifigures,Collectible Minifigures
train,COL162,Collectible Minifigures,Collectible Minifigures
train,COL158,Collectible Minifigures,Collectible Minifigures
train,SW0454,Star Wars,Star Wars
train,SH0055,Super Heroes,Super Heroes
train,COL129,Collectible Minifigures,Collectible Minifigures
train,SH0066,Super Heroes,Super Heroes
train,SW0487,Star Wars,Star Wars
train,LOC015,LEGENDS OF CHIMA,LEGENDS OF CHIMA
train,LOC039,LEGENDS OF CHIMA,LEGENDS OF CHIMA
train,GS003,Space,Space
train,CTY0439,Town,Town
train,LOC038,LEGENDS OF CHIMA,LEGENDS OF CHIMA
train,SW0446A,Star Wars,Star Wars
train,SW0465,Star Wars,Star Wars
train,SW0471,Star Wars,Star Wars
train,TLM013,Collectible Minifigures,Collectible Minifigures
train,TLM005,Collectible Minifigures,Collectible Minifigures
train,SIM017,Collectible Minifigures,Collectible Minifigures
train,CTY0554,Town,Town
train,CTY0497,Town,Town
train,CTY0495,Town,Town
train,CTY0490,Town,Town
train,CTY0498,Town,Town
train,CTY0496,Town,Town
train,CTY0552,Town,Town
train,CTY0494,Town,Town
train,CTY0509,Town,Town
train,DP004,Disney,Disney
train,SH0109,Super Heroes,Super Heroes
train,TWN193,Town,Town
train,SW0565,Star Wars,Star Wars
train,SW0598,Star Wars,Star Wars
train,SW0572,Star Wars,Star Wars
train,SW0534,Star Wars,Star Wars
train,SW0555,Star Wars,Star Wars
train,SW0527,Star Wars,Star Wars
train,LOR099,The Hobbit and The Lord of the Rings,The Hobbit and The Lord of the Rings
train,SIM008,Collectible Minifigures,Collectible Minifigures
train,SH0092,Super Heroes,Super Heroes
train,SH0089,Super Heroes,Super Heroes
train,SH0111,Super Heroes,Super Heroes
train,SH0129,Super Heroes,Super Heroes
train,COL183,Collectible Minifigures,Collectible Minifigures
train,LOR093,The Hobbit and The Lord of the Rings,The Hobbit and The Lord of the Rings
train,LOR091,The Hobbit and The Lord of the Rings,Star Wars
train,SW0554,Star Wars,Star Wars
train,TWN211,Town,Town
train,LOC057,LEGENDS OF CHIMA,LEGENDS OF CHIMA
train,CTY0511,Town,Town
train,CTY0461,Town,Town
train,LOC054,LEGENDS OF CHIMA,LEGENDS OF CHIMA
train,TWN191,Town,Town
train,SW0533,Star Wars,Star Wars
train,TLM001,Collectible Minifigures,Collectible Minifigures
train,SH0106,Super Heroes,Super Heroes
train,CAS541,Castle,Castle
train,CAS540,Castle,Castle
train,SW0540,Star Wars,Star Wars
train,CTY0502,Town,Town
train,TWN192,Town,Town
train,SIM021,Collectible Minifigures,Collectible Minifigures
train,HOL052,Holiday & Event,Holiday & Event
train,DP003,Disney,Disney
train,DP008,Disney,Disney
train,IDEA007,LEGO Ideas,LEGO Ideas
train,IDEA008,LEGO Ideas,LEGO Ideas
train,SP075NEW,Space,Space
train,SW0524,Star Wars,Star Wars
train,SW0518,Star Wars,Star Wars
train,SW0531,Star Wars,Star Wars
train,SW0541,Star Wars,Star Wars
train,SW0596,Star Wars,Star Wars
train,SW0528,Star Wars,Star Wars
train,SW0525,Star Wars,Star Wars
train,SW0537,Star Wars,Star Wars
train,SW0519,Star Wars,Star Wars
train,NJO0090,NINJAGO,NINJAGO
train,CTY0483,Town,Town
train,LOC103,LEGENDS OF CHIMA,LEGENDS OF CHIMA
train,LOC092,LEGENDS OF CHIMA,LEGENDS OF CHIMA
train,LOC063,LEGENDS OF CHIMA,LEGENDS OF CHIMA
train,LOC094,LEGENDS OF CHIMA,LEGENDS OF CHIMA
train,SH0117,Super Heroes,Super Heroes
train,NJO0088,NINJAGO,NINJAGO
train,LOR107,The Hobbit and The Lord of the Rings,The Hobbit and The Lord of the Rings
train,SW0567,Star Wars,Star Wars
train,RAC055,Town,Town
train,CTY0506,Town,Town
train,GEN062,LEGO Brand,LEGO Brand
train,COL188,Collectible Minifigures,Collectible Minifigures
train,GB001,LEGO Ideas,LEGO Ideas
train,SH0110,Super Heroes,Super Heroes
train,GB002,LEGO Ideas,LEGO Ideas
train,GB003,LEGO Ideas,LEGO Ideas
train,SH0125,Super Heroes,Super Heroes
train,TWN198,Town,Town
train,CRS035,DUPLO,DUPLO
train,CRS036,DUPLO,DUPLO
train,CRS034,DUPLO,DUPLO
train,47394PB187,DUPLO,DUPLO
train,47205PB030,DUPLO,DUPLO
train,47394PB172,DUPLO,DUPLO
train,47394PB178,DUPLO,DUPLO
train,47394PB196,DUPLO,DUPLO
train,47394PB179,DUPLO,DUPLO
train,47394PB171,DUPLO,DUPLO
train,47394PB169,DUPLO,DUPLO
train,47394PB168,DUPLO,DUPLO
train,47394PB167,DUPLO,DUPLO
train,47394PB175,DUPLO,DUPLO
train,47394PB174,DUPLO,DUPLO
train,47394PB184,DUPLO,DUPLO
train,47394PB189,DUPLO,DUPLO
train,LOR095,The Hobbit and The Lord of the Rings,The Hobbit and The Lord of the Rings
train,HOL045A,Holiday & Event,Holiday & Event
train,HOL050,Holiday & Event,Holiday & Event
train,HOL049,Holiday & Event,Holiday & Event
train,HOL044,Holiday & Event,Holiday & Event
train,HOL047,Holiday & Event,Holiday & Event
train,HOL046,Holiday & Event,Holiday & Event
train,LOR105,The Hobbit and The Lord of the Rings,The Hobbit and The Lord of the Rings
train,MIN014,Minecraft,Minecraft
train,LOC098,LEGENDS OF CHIMA,LEGENDS OF CHIMA
train,LOC058,LEGENDS OF CHIMA,LEGENDS OF CHIMA
train,LOC071,LEGENDS OF CHIMA,LEGENDS OF CHIMA
train,SW0574A,Star Wars,Star Wars
train,COL181,Collectible Minifigures,Collectible Minifigures
train,LOR097,The Hobbit and The Lord of the Rings,The Hobbit and The Lord of the Rings
train,CTY0507,Town,Town
train,CTY0508,Town,Town
train,CTY0467,Town,Town
train,LOC077,LEGENDS OF CHIMA,LEGENDS OF CHIMA
train,LOC075,LEGENDS OF CHIMA,LEGENDS OF CHIMA
train,DP007,Disney,Disney
train,LOC076,LEGENDS OF CHIMA,LEGENDS OF CHIMA
train,FRND0055,Friends,Friends
train,FRND0087,Friends,Friends
train,FRND0075,Friends,Friends
train,FRND0082,Friends,Friends
train,FRND0070,Friends,Friends
train,FRND0063,Friends,Friends
train,FRND0077,Friends,Friends
train,FRND0072,Friends,Friends
train,FRND0084,Friends,Friends
train,FRND0081,Friends,Friends
train,FRND0061,Friends,Friends
train,FRND0088,Friends,Friends
train,FRND0080,Friends,Friends
train,FRND0107,Friends,Friends
train,FRND0056,Friends,Friends
train,FRND0086,Friends,Friends
train,FRND0062,Friends,Friends
train,FRND0079,Friends,Friends
train,FRND0073,Friends,Friends
train,FRND0069,Friends,Friends
train,FRND0064,Friends,Friends
train,FRND0083,Friends,Friends
train,FRND0076,Friends,Friends
train,TLM009,Collectible Minifigures,Collectible Minifigures
train,LOR103,The Hobbit and The Lord of the Rings,The Hobbit and The Lord of the Rings
train,SH0124,Super Heroes,Super Heroes
train,SW0575,Star Wars,Star Wars
train,SW0557,Star Wars,Star Wars
train,SW0515,Star Wars,Star Wars
train,COL193,Collectible Minifigures,Collectible Minifigures
train,LOC091,LEGENDS OF CHIMA,LEGENDS OF CHIMA
train,LOC068,LEGENDS OF CHIMA,LEGENDS OF CHIMA
train,LOC050,LEGENDS OF CHIMA,LEGENDS OF CHIMA
train,GEN055,Holiday & Event,Holiday & Event
train,SIM012,Collectible Minifigures,Collectible Minifigures
train,SW0558,Star Wars,Star Wars
train,SW0553,Star Wars,Star Wars
train,SH0102,Super Heroes,Super Heroes
train,LOR110,The Hobbit and The Lord of the Rings,The Hobbit and The Lord of the Rings
train,SW0539,Star Wars,Star Wars
train,TLM003,Collectible Minifigures,Collectible Minifigures
train,SW0576,Star Wars,Star Wars
train,SIM007,Collectible Minifigures,Collectible Minifigures
train,SH0095,Super Heroes,Super Heroes
train,COL180,Collectible Minifigures,Collectible Minifigures
train,LOR101,The Hobbit and The Lord of the Rings,The Hobbit and The Lord of the Rings
train,LOR102,The Hobbit and The Lord of the Rings,The Hobbit and The Lord of the Rings
train,SW0545,Star Wars,Star Wars
train,SW0529,Star Wars,Star Wars
train,SW0578,Star Wars,Star Wars
train,SW0585,Star Wars,Star Wars
train,SW0543,Star Wars,Star Wars
train,SIM019,Collectible Minifigures,Collectible Minifigures
train,SW0560,Star Wars,Star Wars
train,SW0590,Star Wars,Star Wars
train,NJO0089,NINJAGO,NINJAGO
train,NJO0103,NINJAGO,NINJAGO
train,SW0571,Star Wars,Star Wars
train,COL187,Collectible Minifigures,Collectible Minifigures
train,NJO0091,NINJAGO,NINJAGO
train,SW0577,Star Wars,Star Wars
train,SW0602,Star Wars,Star Wars
train,LOR096,The Hobbit and The Lord of the Rings,The Hobbit and The Lord of the Rings
train,SIM014,Collectible Minifigures,Collectible Minifigures
train,LOC093,LEGENDS OF CHIMA,LEGENDS OF CHIMA
train,LOC066,LEGENDS OF CHIMA,LEGENDS OF CHIMA
train,LOC062,LEGENDS OF CHIMA,LEGENDS OF CHIMA
train,LOC049,LEGENDS OF CHIMA,LEGENDS OF CHIMA
train,LOC055,LEGENDS OF CHIMA,LEGENDS OF CHIMA
train,GEN058,LEGO Brand,LEGO Brand
train,COL185,Collectible Minifigures,Collectible Minifigures
train,SIM010,Collectible Minifigures,Collectible Minifigures
train,NJO0097,NINJAGO,NINJAGO
train,NJO0087,NINJAGO,NINJAGO
train,NJO0094,NINJAGO,NINJAGO
train,SW0569,Star Wars,Star Wars
train,SW0551,Star Wars,Star Wars
train,SIM011,Collectible Minifigures,Collectible Minifigures
train,SH0119,Super Heroes,Super Heroes
train,SH0086,Super Heroes,Super Heroes
train,SIM009,Collectible Minifigures,Collectible Minifigures
train,TLM016,Collectible Minifigures,Collectible Minifigures
train,SH0114,Super Heroes,Super Heroes
train,SH0103,Super Heroes,Super Heroes
train,LOC085,LEGENDS OF CHIMA,LEGENDS OF CHIMA
train,TWN213,Town,Town
train,TWN207,Town,Town
train,TWN189,Town,Town
train,SIM015,Collectible Minifigures,Collectible Minifigures
train,SW0587,Star Wars,Star Wars
train,SH0101,Super Heroes,Super Heroes
train,CTY0475,Town,Town
train,LOC084,LEGENDS OF CHIMA,LEGENDS OF CHIMA
train,SIM022,Collectible Minifigures,Collectible Minifigures
train,TLM006,Collectible Minifigures,Collectible Minifigures
train,SW0594,Star Wars,Star Wars
train,SH0121,Super Heroes,Super Heroes
train,SIM013,Collectible Minifigures,Collectible Minifigures
train,SW0536,Star Wars,Star Wars
train,SIM018,Collectible Minifigures,Collectible Minifigures
train,SH0085,Super Heroes,Super Heroes
train,NJO0084,NINJAGO,NINJAGO
train,NJO0101,NINJAGO,NINJAGO
train,NJO0109,NINJAGO,NINJAGO
train,NJO0096,NINJAGO,NINJAGO
train,SH0128,Super Heroes,Super Heroes
train,SW0552,Star Wars,Star Wars
train,SW0535,Star Wars,Star Wars
train,TWN206,Town,Town
train,CTY0473,Town,Town
train,TWN216,Town,Town
train,HOL038,Holiday & Event,Holiday & Event
train,CTY0459,Town,Town
train,NJO0107,NINJAGO,NINJAGO
train,SW0559,Star Wars,Star Wars
train,TLM015,Collectible Minifigures,Collectible Minifigures
train,NJO0086,NINJAGO,NINJAGO
train,SW0591,Star Wars,Star Wars
train,GEN064,LEGO Brand,LEGO Brand
train,CTY0466,Town,Town
train,SH0142,Super Heroes,Super Heroes
train,SW0538,Star Wars,Star Wars
train,CTY0451,Town,Town
train,CTY0456,Town,Town
train,CTY0452,Town,Town
train,CTY0453,Town,Town
train,CTY0462,Town,Town
train,CTY0501,Town,Town
train,CTY0482,Town,Town
train,CTY0487,Town,Town
train,CTY0484,Town,Town
train,CTY0449,Town,Town
train,CTY0464,Town,Town
train,CTY0455,Town,Town
train,CTY0477,Town,Town
train,CTY0458,Town,Town
train,CTY0476,Town,Town
train,CTY0450,Town,Town
train,CTY0488,Town,Town
train,COP055,Town,Town
train,COP054,Town,Town
train,HOL042,Holiday & Event,Holiday & Event
train,HOL041,Holiday & Event,Holiday & Event
train,CTY0457,Town,Town
train,CTY0463,Town,Town
train,CTY0486,Town,Town
train,CTY0448,Town,Town
train,CTY0479,Town,Town
train,TLM002,Collectible Minifigures,Collectible Minifigures
train,CTY0510,Town,Town
train,DP009,Disney,Disney
train,DP005,Disney,Disney
train,COL186,Collectible Minifigures,Collectible Minifigures
train,SW0593,Star Wars,Star Wars
train,SW0573,Star Wars,Star Wars
train,SIM016,Collectible Minifigures,Collectible Minifigures
train,DP010,Disney,Disney
train,DP006,Disney,Disney
train,SW0544,Star Wars,Star Wars
train,TWN194,Town,Town
train,TWN214,Town,Town
train,TWN205,Town,Town
train,SH0107,Super Heroes,Super Heroes
train,IDEA009,LEGO Ideas,LEGO Ideas
train,IDEA010,LEGO Ideas,LEGO Ideas
train,IDEA011,LEGO Ideas,LEGO Ideas
train,SH0091,Super Heroes,Super Heroes
train,SH0112,Super Heroes,Super Heroes
train,SH0090,Super Heroes,Super Heroes
train,SH0122,Super Heroes,Super Heroes
train,LOC059,LEGENDS OF CHIMA,LEGENDS OF CHIMA
train,SH0126,Super Heroes,Super Heroes
train,NJO0105,NINJAGO,NINJAGO
train,SW0548A,Star Wars,Star Wars
train,HOL036,Holiday & Event,Holiday & Event
train,SW0599,Star Wars,Star Wars
train,HOL292,Holiday & Event,Holiday & Event
train,LOC056,LEGENDS OF CHIMA,LEGENDS OF CHIMA
train,SIM020,Collectible Minifigures,Collectible Minifigures
train,LOC064,LEGENDS OF CHIMA,LEGENDS OF CHIMA
train,SW0600,Star Wars,Star Wars
train,GEN060,LEGO Brand,LEGO Brand
train,LOC087,LEGENDS OF CHIMA,LEGENDS OF CHIMA
train,GEN066,Castle,Super Heroes
train,MIN011,Minecraft,Minecraft
train,SW0580,Star Wars,Star Wars
train,LOC061,LEGENDS OF CHIMA,LEGENDS OF CHIMA
train,LOC053,LEGENDS OF CHIMA,LEGENDS OF CHIMA
train,LOC065,LEGENDS OF CHIMA,LEGENDS OF CHIMA
train,COL194,Collectible Minifigures,Collectible Minifigures
train,SH0123,Super Heroes,Super Heroes
train,SH0127,Super Heroes,Super Heroes
train,LOC078,LEGENDS OF CHIMA,LEGENDS OF CHIMA
train,MIN013,Minecraft,Minecraft
train,MIN015,Minecraft,Minecraft
train,SH0116,Super Heroes,Super Heroes
train,LOC086,LEGENDS OF CHIMA,LEGENDS OF CHIMA
train,TWN200,Town,Town
train,GEN063,LEGO Brand,LEGO Brand
train,SH0143,Super Heroes,Super Heroes
train,CTY0512,Town,Town
train,CTY0504,Town,Town
train,LOC111,LEGENDS OF CHIMA,LEGENDS OF CHIMA
train,TLM012,Collectible Minifigures,Collectible Minifigures
train,CTY0468,Town,Town
train,GEN061,LEGO Brand,LEGO Brand
train,LOR098,The Hobbit and The Lord of the Rings,The Hobbit and The Lord of the Rings
train,SW0556,Star Wars,Star Wars
train,SH0130,Super Heroes,Super Heroes
train,SH0094,Super Heroes,Super Heroes
train,SH0096,Super Heroes,Super Heroes
train,SH0120,Super Heroes,Super Heroes
train,SH0098,Super Heroes,Super Heroes
train,TWN201,Town,Town
train,SW0550,Star Wars,Star Wars
train,TWN202,Town,Town
train,LOC080,LEGENDS OF CHIMA,LEGENDS OF CHIMA
train,COL182,Collectible Minifigures,Collectible Minifigures
train,LOC082,LEGENDS OF CHIMA,LEGENDS OF CHIMA
train,LOC107,LEGENDS OF CHIMA,LEGENDS OF CHIMA
train,LOC074,LEGENDS OF CHIMA,LEGENDS OF CHIMA
train,LOC112,LEGENDS OF CHIMA,LEGENDS OF CHIMA
train,LOC096,LEGENDS OF CHIMA,LEGENDS OF CHIMA
train,LOC088,LEGENDS OF CHIMA,LEGENDS OF CHIMA
train,CTY0469,Town,Town
train,TLM004,Collectible Minifigures,Collectible Minifigures
train,LOC106,LEGENDS OF CHIMA,LEGENDS OF CHIMA
train,GB004,LEGO Ideas,LEGO Ideas
train,HOL039,Holiday & Event,Holiday & Event
train,LOR104,The Hobbit and The Lord of the Rings,The Hobbit and The Lord of the Rings
train,SH0118,Super Heroes,Super Heroes
train,LOC089,LEGENDS OF CHIMA,LEGENDS OF CHIMA
train,LOC146,LEGENDS OF CHIMA,LEGENDS OF CHIMA
train,LOC072,LEGENDS OF CHIMA,LEGENDS OF CHIMA
train,LOC052,LEGENDS OF CHIMA,LEGENDS OF CHIMA
train,NJO0095,NINJAGO,NINJAGO
train,NJO0099,NINJAGO,NINJAGO
train,JW007,Jurassic World,Jurassic World
train,JW004,Jurassic World,Jurassic World
train,JW013,Jurassic World,Jurassic World
train,JW010,Jurassic World,Jurassic World
train,JW001,Jurassic World,Jurassic World
train,PI149A,Pirates,Pirates
train,SW0633,Star Wars,Star Wars
train,SW0647,Star Wars,Star Wars
train,SW0625,Star Wars,Star Wars
train,DP013,Disney,Disney
train,MIN017,Minecraft,Minecraft
train,COL201,Collectible Minifigures,Collectible Minifigures
train,SH0208,Super Heroes,Super Heroes
train,IDEA019,LEGO Ideas,LEGO Ideas
train,SW0640,Star Wars,Star Wars
train,SH0201,Super Heroes,Super Heroes
train,DP014,Disney,Disney
train,SH0207,Super Heroes,Super Heroes
train,SW0615,Star Wars,Star Wars
train,SW0679,Star Wars,Star Wars
train,CTY0562,Town,Town
train,DP011,Disney,Disney
train,LOR111,The Hobbit and The Lord of the Rings,The Hobbit and The Lord of the Rings
train,COL224,Collectible Minifigures,Collectible Minifigures
train,JW005,Jurassic World,Jurassic World
train,SH0151,Super Heroes,Super Heroes
train,SH0204,Super Heroes,Super Heroes
train,SH0163,Super Heroes,Super Heroes
train,SW0661,Star Wars,Star Wars
train,SH0198,Super Heroes,Super Heroes
train,IDEA018,LEGO Ideas,LEGO Ideas
train,SW0611,Star Wars,Star Wars
train,SH0160,Super Heroes,Super Heroes
train,SH0186,Super Heroes,Super Heroes
train,NJO0150,NINJAGO,NINJAGO
train,LOC149,LEGENDS OF CHIMA,LEGENDS OF CHIMA
train,CTY0546,Town,Town
train,CON009,Town,Town
train,CON010,Town,Town
train,PI156,Pirates,Pirates
train,PI157,Pirates,Pirates
train,PI150,Pirates,Pirates
train,PI151,Pirates,Pirates
train,PI152,Pirates,Pirates
train,PI154,Pirates,Pirates
train,PI155,Pirates,Pirates
train,PI173,Pirates,Pirates
train,PI174,Pirates,Pirates
train,PI175,Pirates,Pirates
train,SW0610,Star Wars,Star Wars
train,SW0631,Star Wars,Star Wars
train,NJO0173,NINJAGO,NINJAGO
train,TWN244,Town,Town
train,TWN242,Town,Town
train,SH0159,Super Heroes,Super Heroes
train,LOC141,LEGENDS OF CHIMA,LEGENDS OF CHIMA
train,LOC134,LEGENDS OF CHIMA,LEGENDS OF CHIMA
train,HOL054,Holiday & Event,Holiday & Event
train,SW0653,Star Wars,Star Wars
train,SC011,SPEED CHAMPIONS,SPEED CHAMPIONS
train,SH0184,Super Heroes,Super Heroes
train,SH0177,Super Heroes,Super Heroes
train,SH0148,Super Heroes,Super Heroes
train,SW0684,Star Wars,Star Wars
train,SW0639,Star Wars,Star Wars
train,HOL063,Holiday & Event,Holiday & Event
train,HOL064,Holiday & Event,Holiday & Event
train,NJO0126,NINJAGO,NINJAGO
train,PI177,Pirates,Pirates
train,TWN233,Town,Town
train,TWN247,Town,Holiday & Event
train,NJO0113,NINJAGO,NINJAGO
train,CTY0580,Town,Town
train,CTY0581,Town,Town
train,CTY0573,Town,Town
train,NJO0169,NINJAGO,NINJAGO
train,IDEA022,LEGO Ideas,LEGO Ideas
train,TWN224,Town,Town
train,HOL056,Holiday & Event,Holiday & Event
train,CTY0577,Town,Town
train,SW0605,Star Wars,Star Wars
train,SW0606,Star Wars,Star Wars
train,SW0629,Star Wars,Star Wars
train,SW0609,Star Wars,Star Wars
train,SW0608,Star Wars,Star Wars
train,NJO0157,NINJAGO,NINJAGO
train,NJO0140,NINJAGO,NINJAGO
train,NJO0114,NINJAGO,NINJAGO
train,NJO0139,NINJAGO,NINJAGO
train,SIM033,Collectible Minifigures,Collectible Minifigures
train,CTY0529,Town,Town
train,CTY0528,Town,Town
train,CTY0534,Town,Town
train,CTY0549,Town,Town
train,CTY0541,Town,Town
train,CTY0530,Town,Town
train,LOC150,LEGENDS OF CHIMA,LEGENDS OF CHIMA
train,LOC122,LEGENDS OF CHIMA,LEGENDS OF CHIMA
train,LOC123,LEGENDS OF CHIMA,LEGENDS OF CHIMA
train,LOC153,LEGENDS OF CHIMA,LEGENDS OF CHIMA
train,SH0155,Super Heroes,Super Heroes
train,TWN235,Town,Town
train,TWN245,Town,Town
train,NJO0170,NINJAGO,NINJAGO
train,TWN236,Town,Town
train,TWN218,Town,Town
train,SW0636,Star Wars,Star Wars
train,SIM028,Collectible Minifigures,Collectible Minifigures
train,CTY0597,Town,Town
train,CTY0560,Town,Town
train,CTY0604,Town,Town
train,CTY0603,Town,Town
train,CTY0565,Town,Town
train,CTY0566,Town,Town
train,CTY0605,Town,Town
train,SW0652,Star Wars,Star Wars
train,SW0642,Star Wars,Star Wars
train,47394PB213,DUPLO,DUPLO
train,47205PB044,DUPLO,DUPLO
train,47205PB042,DUPLO,DUPLO
train,47205PB039,DUPLO,DUPLO
train,47205PB035,DUPLO,DUPLO
train,47205PB033,DUPLO,DUPLO
train,47205PB032,DUPLO,DUPLO
train,47205PB041,DUPLO,DUPLO
train,47394PB238,DUPLO,DUPLO
train,47394PB207,DUPLO,DUPLO
train,47394PB201,DUPLO,DUPLO
train,47394PB190,DUPLO,DUPLO
train,47394PB180,DUPLO,DUPLO
train,47394PB209,DUPLO,DUPLO
train,47394PB193,DUPLO,DUPLO
train,47394PB211,DUPLO,DUPLO
train,47394PB194,DUPLO,DUPLO
train,47394PB192,DUPLO,DUPLO
train,CRS047,DUPLO,DUPLO
train,CRS046,DUPLO,DUPLO
train,SIM040,Collectible Minifigures,Collectible Minifigures
train,COL202,Collectible Minifigures,Collectible Minifigures
train,DP015,Disney,Disney
train,SW0634,Star Wars,Star Wars
train,SW0646,Star Wars,Star Wars
train,LOC138,LEGENDS OF CHIMA,LEGENDS OF CHIMA
train,COL204,Collectible Minifigures,Collectible Minifigures
train,SW0574,Star Wars,Star Wars
train,SIM032,Collectible Minifigures,Collectible Minifigures
train,TWN227,Town,Town
train,HOL072,Holiday & Event,Holiday & Event
train,HOL053,Holiday & Event,Holiday & Event
train,TWN237,Town,Town
train,SW0676,Star Wars,Star Wars
train,CTY0538,Town,Town
train,CTY0588,Town,Town
train,CTY0587,Town,Town
train,CTY0524,Town,Town
train,CTY0525,Town,Town
train,SW0654,Star Wars,Star Wars
train,SW0665,Star Wars,Star Wars
train,SW0656,Star Wars,Star Wars
train,SW0657,Star Wars,Star Wars
train,SW0667,Star Wars,Star Wars
train,SW0664,Star Wars,Star Wars
train,SW0672,Star Wars,Star Wars
train,CTY0540,Town,Town
train,COL216,Collectible Minifigures,Collectible Minifigures
train,LOC144,LEGENDS OF CHIMA,LEGENDS OF CHIMA
train,FRND0122,Friends,Friends
train,FRND0094,Friends,Friends
train,FRND0114,Friends,Friends
train,FRND0091,Friends,Friends
train,FRND0129,Friends,Friends
train,FRND0121,Friends,Friends
train,FRND0108,Friends,Friends
train,FRND0097,Friends,Friends
train,FRND0099,Friends,Friends
train,FRND0095,Friends,Friends
train,FRND0103,Friends,Friends
train,FRND0200,Friends,Friends
train,FRND0118,Friends,Friends
train,FRND0123,Friends,Friends
train,FRND0120,Friends,Friends
train,FRND0092,Friends,Friends
train,FRND0131,Friends,Friends
train,FRND0130,Friends,Friends
train,FRND0101,Friends,Friends
train,FRND0098,Friends,Friends
train,FRND0113,Friends,Friends
train,FRND0105,Friends,Friends
train,FRND0111,Friends,Friends
train,FRND0109,Friends,Friends
train,FRND0128,Friends,Friends
train,FRND0102,Friends,Friends
train,FRND0127,Friends,Friends
train,FRND0125,Friends,Friends
train,FRND0116,Friends,Friends
train,FRND0117,Friends,Friends
train,COL210,Collectible Minifigures,Collectible Minifigures
train,SW0662,Star Wars,Star Wars
train,NJO0146,NINJAGO,NINJAGO
train,NJO0177,NINJAGO,NINJAGO
train,NJO0156,NINJAGO,NINJAGO
train,NJO0141,NINJAGO,NINJAGO
train,NJO0182,NINJAGO,NINJAGO
train,NJO0145,NINJAGO,NINJAGO
train,NJO0183,NINJAGO,NINJAGO
train,NJO0155,NINJAGO,NINJAGO
train,NJO0178,NINJAGO,NINJAGO
train,NJO0147,NINJAGO,NINJAGO
train,TWN241,Town,Town
train,SH0147,Super Heroes,Super Heroes
train,LOC131,LEGENDS OF CHIMA,LEGENDS OF CHIMA
train,TWN243,Town,Town
train,JW002,Jurassic World,Jurassic World
train,SH0153,Super Heroes,Super Heroes
train,CTY0545,Town,Town
train,SH0196,Super Heroes,Super Heroes
train,SH0145,Super Heroes,Super Heroes
train,HOL071,Holiday & Event,Holiday & Event
train,CTY0547,Town,Town
train,NJO0116,NINJAGO,NINJAGO
train,SW0628,Star Wars,Star Wars
train,SW0644,Star Wars,Star Wars
train,SW0675,Star Wars,Star Wars
train,SH0202,Super Heroes,Super Heroes
train,SIM036,Collectible Minifigures,Collectible Minifigures
train,SH0199,Super Heroes,Super Heroes
train,SH0172,Super Heroes,Super Heroes
train,90398PB003,Super Heroes,Super Heroes
train,SH0154,Super Heroes,Super Heroes
train,COL208,Collectible Minifigures,Collectible Minifigures
train,SW0678,Star Wars,Star Wars
train,SH0173,Super Heroes,Super Heroes
train,SH0171,Super Heroes,Super Heroes
train,LOC120,LEGENDS OF CHIMA,LEGENDS OF CHIMA
train,TWN240,Town,Town
train,LOC136,LEGENDS OF CHIMA,LEGENDS OF CHIMA
train,LOC127,LEGENDS OF CHIMA,LEGENDS OF CHIMA
train,LOC160,LEGENDS OF CHIMA,LEGENDS OF CHIMA
train,LOC154,LEGENDS OF CHIMA,LEGENDS OF CHIMA
train,LOC137,LEGENDS OF CHIMA,LEGENDS OF CHIMA
train,LOC156,LEGENDS OF CHIMA,LEGENDS OF CHIMA
train,LOC118,LEGENDS OF CHIMA,LEGENDS OF CHIMA
train,SW0623,Star Wars,Star Wars
train,SW0682,Star Wars,Star Wars
train,SW0603,Star Wars,Star Wars
train,SW0630,Star Wars,Star Wars
train,SW0621,Star Wars,Star Wars
train,SH0168,Super Heroes,Super Heroes
train,SH0167,Super Heroes,Super Heroes
train,90398PB004C01,Super Heroes,Super Heroes
train,SH0193,Super Heroes,Super Heroes
train,DP012,Disney,Disney
train,NJO0160,NINJAGO,NINJAGO
train,NJO0152,NINJAGO,NINJAGO
train,NJO0128,NINJAGO,NINJAGO
train,NJO0162,NINJAGO,NINJAGO
train,NJO0137,NINJAGO,NINJAGO
train,NJO0171,NINJAGO,NINJAGO
train,NJO0161,NINJAGO,NINJAGO
train,NJO0148,NINJAGO,NINJAGO
train,NJO0121,NINJAGO,NINJAGO
train,NJO0117,NINJAGO,NINJAGO
train,NJO0119,NINJAGO,NINJAGO
train,NJO0122,NINJAGO,NINJAGO
train,NJO0127,NINJAGO,NINJAGO
train,NJO0120,NINJAGO,NINJAGO
train,SW0663,Star Wars,Star Wars
train,COL209,Collectible Minifigures,Collectible Minifigures
train,TWN222,Town,Town
train,SC001,SPEED CHAMPIONS,SPEED CHAMPIONS
train,TLS088,LEGO Brand,LEGO Brand
train,CTY0579,Town,LEGO Brand
train,LOC115,LEGENDS OF CHIMA,LEGENDS OF CHIMA
train,SH0211,Super Heroes,Super Heroes
train,HOL073,Holiday & Event,Holiday & Event
train,SW0681,Star Wars,Star Wars
train,LOC116,LEGENDS OF CHIMA,LEGENDS OF CHIMA
train,NJO0129,NINJAGO,NINJAGO
train,NJO0123,NINJAGO,NINJAGO
train,NJO0207,NINJAGO,NINJAGO
train,NJO0154,NINJAGO,NINJAGO
train,NJO0133,NINJAGO,NINJAGO
train,SH0158,Super Heroes,Super Heroes
train,SC004,SPEED CHAMPIONS,SPEED CHAMPIONS
train,SC005,SPEED CHAMPIONS,SPEED CHAMPIONS
train,SC003,SPEED CHAMPIONS,SPEED CHAMPIONS
train,HOL055,Holiday & Event,Holiday & Event
train,HOL074,Holiday & Event,Holiday & Event
train,HOL066,Holiday & Event,Holiday & Event
train,HOL059,Holiday & Event,Holiday & Event
train,NJO0172,NINJAGO,NINJAGO
train,TWN239,Town,Town
train,COL213,Collectible Minifigures,Collectible Minifigures
train,LOC159,LEGENDS OF CHIMA,LEGENDS OF CHIMA
train,CTY1091,Town,Town
train,SW0641,Star Wars,Star Wars
train,SH0185,Super Heroes,Super Heroes
train,90398PB005,Super Heroes,Super Heroes
train,HOL070B,Holiday & Event,Holiday & Event
train,DP017,Disney,Disney
train,PI158,Pirates,Pirates
train,TWN230,Town,Town
train,CTY0555,Town,Town
train,HOL067,Holiday & Event,Holiday & Event
train,CTY0544,Town,Town
train,CTY0526,Town,Town
train,CTY0539,Town,Town
train,PI163,Pirates,Pirates
train,PI159,Pirates,Pirates
train,PI160,Pirates,Pirates
train,PI161,Pirates,Pirates
train,PI166,Pirates,Pirates
train,PI167,Pirates,Pirates
train,PI168,Pirates,Pirates
train,PI169,Pirates,Pirates
train,PI170,Pirates,Pirates
train,PI146,Pirates,Pirates
train,PI148,Pirates,Pirates
train,PI171,Pirates,Pirates
train,PI164,Pirates,Pirates
train,PI165,Pirates,Pirates
train,TWN219,Town,Town
train,TWN246,Town,Town
train,PLN178,Town,Town
train,CTY0536,Town,Town
train,CTY0537,Town,Town
train,SH0203,Super Heroes,Super Heroes
train,SC008,SPEED CHAMPIONS,SPEED CHAMPIONS
train,SC009,SPEED CHAMPIONS,SPEED CHAMPIONS
train,SC002,SPEED CHAMPIONS,SPEED CHAMPIONS
train,SW0643,Star Wars,Star Wars
train,SIM035,Collectible Minifigures,Collectible Minifigures
train,NJO0131,NINJAGO,NINJAGO
train,SW0651,Star Wars,Star Wars
train,CTY0389A,Town,Town
train,SC010,SPEED CHAMPIONS,SPEED CHAMPIONS
train,IDEA017,LEGO Ideas,LEGO Ideas
train,SW0660,Star Wars,Star Wars
train,SW0659,Star Wars,Star Wars
train,SW0668,Star Wars,Star Wars
train,LOC158,LEGENDS OF CHIMA,LEGENDS OF CHIMA
train,SH0195,Super Heroes,Super Heroes
train,SH0200,Super Heroes,Super Heroes
train,LOC151,LEGENDS OF CHIMA,LEGENDS OF CHIMA
train,NJO0149,NINJAGO,NINJAGO
train,LOC126,LEGENDS OF CHIMA,LEGENDS OF CHIMA
train,SW0616,Star Wars,Star Wars
train,NJO0166,NINJAGO,NINJAGO
train,COL206,Collectible Minifigures,Collectible Minifigures
train,SH0191,Super Heroes,Super Heroes
train,CTY0598,Town,Town
train,CTY0559,Town,Town
train,CTY0617,Town,Town
train,CTY0558,Town,Town
train,SH0161,Super Heroes,Super Heroes
train,SC012,SPEED CHAMPIONS,SPEED CHAMPIONS
train,SC017,SPEED CHAMPIONS,SPEED CHAMPIONS
train,SC016,SPEED CHAMPIONS,SPEED CHAMPIONS
train,SC014,SPEED CHAMPIONS,SPEED CHAMPIONS
train,SC015,SPEED CHAMPIONS,SPEED CHAMPIONS
train,SC013,SPEED CHAMPIONS,SPEED CHAMPIONS
train,SW0614,Star Wars,Star Wars
train,SW0613,Star Wars,Star Wars
train,CTY0571,Town,Town
train,SW0604,Star Wars,Star Wars
train,IDEA013,LEGO Ideas,LEGO Ideas
train,LOC143,LEGENDS OF CHIMA,LEGENDS OF CHIMA
train,JW003,Jurassic World,Jurassic World
train,SH0144,Super Heroes,Super Heroes
train,LOC161,LEGENDS OF CHIMA,LEGENDS OF CHIMA
train,LOC124,LEGENDS OF CHIMA,LEGENDS OF CHIMA
train,GEN067,Pirates,Pirates
train,COL221,Collectible Minifigures,Collectible Minifigures
train,GEN069,NINJAGO,NINJAGO
train,MIN018,Minecraft,Minecraft
train,NJO0135,NINJAGO,NINJAGO
train,CTY0520,Town,Town
train,SW0607,Star Wars,Star Wars
train,SH0146,Super Heroes,Super Heroes
train,CTY0600,Town,Town
train,CTY0557,Town,Town
train,CTY0563,Town,Town
train,COL217,Collectible Minifigures,Collectible Minifigures
train,SH0190,Super Heroes,Super Heroes
train,SH0205,Super Heroes,Super Heroes
train,CTY0582,Town,Town
train,CTY0583,Town,Town
train,NJO0175,NINJAGO,NINJAGO
train,MIN016,Minecraft,Minecraft
train,SH0157,Super Heroes,Super Heroes
train,SH0003A,Super Heroes,Super Heroes
train,SH0156,Super Heroes,Super Heroes
train,TWN228,Town,Town
train,CTY0522,Town,Town
train,CTY0535,Town,Town
train,CTY0548,Town,Town
train,CTY0523,Town,Town
train,CTY0519,Town,Town
train,HOL061,Holiday & Event,Holiday & Event
train,CTY0572,Town,Town
train,LOC132,LEGENDS OF CHIMA,LEGENDS OF CHIMA
train,SW0619,Star Wars,Star Wars
train,LOC139,LEGENDS OF CHIMA,LEGENDS OF CHIMA
train,CTY0569,Town,Town
train,IDEA020,LEGO Ideas,LEGO Ideas
train,SH0206,Super Heroes,Super Heroes
train,SH0174,Super Heroes,Super Heroes
train,IDEA021,LEGO Ideas,LEGO Ideas
train,SH0170,Super Heroes,Super Heroes
train,COL219,Collectible Minifigures,Collectible Minifigures
train,LOC133,LEGENDS OF CHIMA,LEGENDS OF CHIMA
train,LOC140,LEGENDS OF CHIMA,LEGENDS OF CHIMA
train,SH0169,Super Heroes,Super Heroes
train,SH0209,Super Heroes,Super Heroes
train,COL197,Collectible Minifigures,Collectible Minifigures
train,SW0655,Star Wars,Star Wars
train,CTY0568,Town,Town
train,JW006,Jurassic World,Jurassic World
train,JW016,Jurassic World,Jurassic World
train,JW009,Jurassic World,Jurassic World
train,SH0178,Super Heroes,Super Heroes
train,LOC145,LEGENDS OF CHIMA,LEGENDS OF CHIMA
train,COL214,Collectible Minifigures,Collectible Minifigures
train,SW0649,Star Wars,Star Wars
train,HOL065,Holiday & Event,Holiday & Event
train,SH0181,Super Heroes,Super Heroes
train,COL211,Collectible Minifigures,Collectible Minifigures
train,SH0150,Super Heroes,Super Heroes
train,SW0627,Star Wars,Star Wars
train,NJO0168,NINJAGO,NINJAGO
train,NJO0180,NINJAGO,NINJAGO
train,CTY0543,Town,Town
train,CTY0542,Town,Town
train,SH0189,Super Heroes,Super Heroes
train,JW014,Jurassic World,Jurassic World
train,NJO0159,NINJAGO,NINJAGO
train,NJO0111,NINJAGO,NINJAGO
train,NJO0185,NINJAGO,NINJAGO
train,COL223,Collectible Minifigures,Collectible Minifigures
train,COL218,Collectible Minifigures,Collectible Minifigures
train,MIN021,Minecraft,Minecraft
train,COL212,Collectible Minifigures,Collectible Minifigures
train,COL227,Collectible Minifigures,Collectible Minifigures
train,SC027,SPEED CHAMPIONS,SPEED CHAMPIONS
train,NEX029,NEXO KNIGHTS,NEXO KNIGHTS
train,NEX035,NEXO KNIGHTS,NEXO KNIGHTS
train,NEX064,NEXO KNIGHTS,NEXO KNIGHTS
train,NEX021,NEXO KNIGHTS,NEXO KNIGHTS
train,SH0255,Super Heroes,Super Heroes
train,SW0759,Star Wars,Star Wars
train,CTY0706,Town,Town
train,AIR052,Town,Town
train,AIR055,Town,Town
train,AIR049,Town,Town
train,AIR053,Town,Town
train,DIS004,Collectible Minifigures,Collectible Minifigures
train,MIN026,Minecraft,Minecraft
train,SH0237,Super Heroes,Super Heroes
train,DIS007,Collectible Minifigures,Collectible Minifigures
train,DFB012,Collectible Minifigures,Collectible Minifigures
train,COL235,Collectible Minifigures,Collectible Minifigures
train,DP019,Disney,Disney
train,DIS018,Collectible Minifigures,Collectible Minifigures
train,NEX005,NEXO KNIGHTS,NEXO KNIGHTS
train,NEX065,NEXO KNIGHTS,NEXO KNIGHTS
train,SW0527A,Star Wars,Star Wars
train,SW0724,Star Wars,Star Wars
train,SW0773,Star Wars,Star Wars
train,SW0706,Star Wars,Star Wars
train,COL229,Collectible Minifigures,Collectible Minifigures
train,SH0293,Super Heroes,Super Heroes
train,SC024,SPEED CHAMPIONS,SPEED CHAMPIONS
train,SC025,SPEED CHAMPIONS,SPEED CHAMPIONS
train,SH0272,Super Heroes,Super Heroes
train,NEX006,NEXO KNIGHTS,NEXO KNIGHTS
train,NEX007,NEXO KNIGHTS,NEXO KNIGHTS
train,NEX060,NEXO KNIGHTS,NEXO KNIGHTS
train,COL260,Collectible Minifigures,Collectible Minifigures
train,COL259,Collectible Minifigures,Collectible Minifigures
train,COL237,Collectible Minifigures,Collectible Minifigures
train,COL258,Collectible Minifigures,Collectible Minifigures
train,TWN251,Town,Town
train,TWN248,Town,Town
train,DFB007,Collectible Minifigures,Collectible Minifigures
train,SH0217,Super Heroes,Super Heroes
train,SH0233,Super Heroes,Super Heroes
train,SH0242,Super Heroes,Super Heroes
train,SH0279,Super Heroes,Super Heroes
train,SW0783,Star Wars,Star Wars
train,DP025,Disney,Disney
train,NEX008,NEXO KNIGHTS,NEXO KNIGHTS
train,NEX022,NEXO KNIGHTS,NEXO KNIGHTS
train,DP024,Disney,Disney
train,DFB005,Collectible Minifigures,Collectible Minifigures
train,SW0762,Star Wars,Star Wars
train,CTY0705,Town,Town
train,SH0278,Super Heroes,Super Heroes
train,CTY0610,Town,Town
train,SW0711,Star Wars,Star Wars
train,SW0794,Star Wars,Star Wars
train,NEX046,NEXO KNIGHTS,NEXO KNIGHTS
train,CTY0657,Town,Town
train,GEN078,LEGO Brand,LEGO Brand
train,CTY0662,Town,Town
train,TWN257,Holiday & Event,Holiday & Event
train,SH0235,Super Heroes,Super Heroes
train,CTY0656,Town,Town
train,DIS003,Collectible Minifigures,Collectible Minifigures
train,TWN261,Town,Town
train,TWN260,Town,Town
train,CTY0624,Town,Town
train,SH0250,Super Heroes,Super Heroes
train,SH0226,Super Heroes,Super Heroes
train,SW0749,Star Wars,Star Wars
train,NJO0236,NINJAGO,NINJAGO
train,SH0286,Super Heroes,Super Heroes
train,SW0790,Star Wars,Star Wars
train,SH0243,Super Heroes,Super Heroes
train,SH0241,Super Heroes,Super Heroes
train,CTY0671,Town,Town
train,NEX009,NEXO KNIGHTS,NEXO KNIGHTS
train,DIS008,Collectible Minifigures,Collectible Minifigures
train,SC023,SPEED CHAMPIONS,SPEED CHAMPIONS
train,CTY0663,Town,Town
train,TWN266,Town,Town
train,3899PB006,Disney,Disney
train,SW0789,Star Wars,Star Wars
train,DFB014,Collectible Minifigures,Collectible Minifigures
train,DP022,Disney,Disney
train,CTY0678,Town,Town
train,NJO0191,NINJAGO,NINJAGO
train,NJO0238,NINJAGO,NINJAGO
train,TWN264,Town,Town
train,NEX023,NEXO KNIGHTS,NEXO KNIGHTS
train,NEX010,NEXO KNIGHTS,NEXO KNIGHTS
train,NEX058,NEXO KNIGHTS,NEXO KNIGHTS
train,NEX057,NEXO KNIGHTS,NEXO KNIGHTS
train,NJO0188,NINJAGO,NINJAGO
train,NJO0256,NINJAGO,NINJAGO
train,NJO0202,NINJAGO,NINJAGO
train,NJO0199A,NINJAGO,NINJAGO
train,NJO0262,NINJAGO,NINJAGO
train,SW0748,Star Wars,Star Wars
train,SW0758,Star Wars,Star Wars
train,CTY0641,Town,Town
train,SH0262,Super Heroes,Super Heroes
train,CAS542,Castle,Castle
train,NEX043,NEXO KNIGHTS,NEXO KNIGHTS
train,NEX027,NEXO KNIGHTS,NEXO KNIGHTS
train,NEX026,NEXO KNIGHTS,NEXO KNIGHTS
train,NEX012,NEXO KNIGHTS,NEXO KNIGHTS
train,CTY0675,Town,Town
train,COL247,Collectible Minifigures,Collectible Minifigures
train,COL246,Collectible Minifigures,Collectible Minifigures
train,CTY0658,Town,Town
train,NJO0219,NINJAGO,NINJAGO
train,NJO0211,NINJAGO,NINJAGO
train,NJO0218,NINJAGO,NINJAGO
train,DIS021,Disney,Disney
train,DIS009,Collectible Minifigures,Collectible Minifigures
train,CTY0623,Town,Town
train,SW0744,Star Wars,Star Wars
train,SH0259,Super Heroes,Super Heroes
train,SW0769,Star Wars,Star Wars
train,SH0288,Super Heroes,Super Heroes
train,COL245,Collectible Minifigures,Collectible Minifigures
train,SH0236,Super Heroes,Super Heroes
train,SW0781,Star Wars,Star Wars
train,GAME012,LEGO Brand,LEGO Brand
train,SH0296,Super Heroes,Super Heroes
train,COL255,Collectible Minifigures,Collectible Minifigures
train,NJO0204,NINJAGO,NINJAGO
train,NJO0243,NINJAGO,NINJAGO
train,NJO0190,NINJAGO,NINJAGO
train,NJO0454,NINJAGO,NINJAGO
train,47205PB038,DUPLO,DUPLO
train,47205PB039A,DUPLO,DUPLO
train,47205PB040,DUPLO,DUPLO
train,47205PB046,DUPLO,DUPLO
train,47205PB036,DUPLO,DUPLO
train,47394PB217,DUPLO,DUPLO
train,47394PB223,DUPLO,DUPLO
train,47394PB215,DUPLO,DUPLO
train,47394PB218,DUPLO,DUPLO
train,47394PB200,DUPLO,DUPLO
train,47394PB219,DUPLO,DUPLO
train,47394PB204,DUPLO,DUPLO
train,47394PB198,DUPLO,DUPLO
train,47394PB202,DUPLO,DUPLO
train,SW0689,Star Wars,Star Wars
train,SW0966,Star Wars,Star Wars
train,SW0634A,Star Wars,Star Wars
train,MIN024,Minecraft,Minecraft
train,NJO0257,NINJAGO,NINJAGO
train,SH0261,Super Heroes,Super Heroes
train,COL228,Collectible Minifigures,Collectible Minifigures
train,CTY0661,Town,Town
train,CTY0622,Town,Town
train,DP026,Disney,Disney
train,SW0716,Star Wars,Star Wars
train,CTY0653,Town,Town
train,CTY0649,Town,Town
train,CTY0650,Town,Town
train,CTY0635,Town,Town
train,CTY0669,Town,Town
train,CTY0627,Town,Town
train,CTY0651,Town,Town
train,CTY0652,Town,Town
train,GAME015,LEGO Brand,LEGO Brand
train,CTY0629,Town,Town
train,CTY0626,Town,Town
train,CTY0638,Town,Town
train,CTY0639,Town,Town
train,SW0715,Star Wars,Star Wars
train,SW0695,Star Wars,Star Wars
train,SW0722,Star Wars,Star Wars
train,SW0701,Star Wars,Star Wars
train,NEX050,NEXO KNIGHTS,NEXO KNIGHTS
train,NEX054,NEXO KNIGHTS,NEXO KNIGHTS
train,NEX003,NEXO KNIGHTS,NEXO KNIGHTS
train,NEX044,NEXO KNIGHTS,NEXO KNIGHTS
train,NJO0239,NINJAGO,NINJAGO
train,COL233,Collectible Minifigures,Collectible Minifigures
train,COL272,Collectible Minifigures,Collectible Minifigures
train,SC018,SPEED CHAMPIONS,SPEED CHAMPIONS
train,SC019,SPEED CHAMPIONS,SPEED CHAMPIONS
train,CTY0383A,Town,Town
train,NJO0244,NINJAGO,NINJAGO
train,FRND0176,Friends,Friends
train,FRND0145,Friends,Friends
train,FRND0169,Friends,Friends
train,FRND0160,Friends,Friends
train,FRND0188,Friends,Friends
train,FRND0138,Friends,Friends
train,FRND0172,Friends,Friends
train,FRND0135,Friends,Friends
train,FRND0149,Friends,Friends
train,FRND0180,Friends,Friends
train,FRND0178,Friends,Friends
train,FRND0150,Friends,Friends
train,FRND0155,Friends,Friends
train,FRND0192,Friends,Friends
train,FRND0140,Friends,Friends
train,FRND0153,Friends,Friends
train,FRND0170,Friends,Friends
train,FRND0166,Friends,Friends
train,FRND0141,Friends,Friends
train,FRND0139,Friends,Friends
train,FRND0164,Friends,Friends
train,FRND0181,Friends,Friends
train,FRND0142,Friends,Friends
train,FRND0162,Friends,Friends
train,FRND0168,Friends,Friends
train,FRND0144,Friends,Friends
train,FRND0187,Friends,Friends
train,FRND0137,Friends,Friends
train,FRND0151,Friends,Friends
train,FRND0179,Friends,Friends
train,FRND0158,Friends,Friends
train,FRND0159,Friends,Friends
train,FRND0163,Friends,Friends
train,FRND0161,Friends,Friends
train,FRND0148,Friends,Friends
train,FRND0191,Friends,Friends
train,FRND0171,Friends,Friends
train,NJO0221,NINJAGO,NINJAGO
train,SW0718,Star Wars,LEGO Ideas
train,NEX056,NEXO KNIGHTS,NEXO KNIGHTS
train,NEX051,NEXO KNIGHTS,NEXO KNIGHTS
train,DIS005,Collectible Minifigures,Collectible Minifigures
train,SH0267,Super Heroes,Super Heroes
train,HOL115,Holiday & Event,Holiday & Event
train,CTY0665,Town,BrickLink Designer Program
train,TWN254,Town,Town
train,TWN265,Town,Town
train,GEN077,LEGO Brand,LEGO Brand
train,SW0767,Star Wars,Star Wars
train,SW0770,Star Wars,Star Wars
train,SW0741,Star Wars,Star Wars
train,CTY0660,Town,Town
train,SH0249,Super Heroes,Super Heroes
train,SH0271,Super Heroes,Super Heroes
train,TWN256,Holiday & Event,Holiday & Event
train,SW0771,Star Wars,Star Wars
train,SW0709,Star Wars,Star Wars
train,SW0772,Star Wars,Star Wars
train,SW0714,Star Wars,Star Wars
train,SH0302,Super Heroes,Super Heroes
train,SW0736,Star Wars,Star Wars
train,SW0735,Star Wars,Star Wars
train,SW0708,Star Wars,Star Wars
train,SW0734,Star Wars,Star Wars
train,SW0765,Star Wars,Star Wars
train,SH0252,Super Heroes,Super Heroes
train,SH0216,Super Heroes,Super Heroes
train,SH0227,Super Heroes,Super Heroes
train,HOL080,Holiday & Event,Holiday & Event
train,HOL081,Holiday & Event,Holiday & Event
train,COL244,Collectible Minifigures,Collectible Minifigures
train,SW0797,Star Wars,Star Wars
train,SW0702,Star Wars,Star Wars
train,SW0693,Star Wars,Star Wars
train,SW0785,Star Wars,Star Wars
train,SW0795,Star Wars,Star Wars
train,SW0747,Star Wars,Star Wars
train,SW0691,Star Wars,Star Wars
train,SW0774,Star Wars,Star Wars
train,SW0712A,Star Wars,Star Wars
train,SW0521B,Star Wars,Star Wars
train,SW0692,Star Wars,Star Wars
train,SW0788,Star Wars,Star Wars
train,SW0776,Star Wars,Star Wars
train,MIN093,Minecraft,Minecraft
train,SH0254,Super Heroes,Super Heroes
train,SH0215,Super Heroes,Super Heroes
train,COL236,Collectible Minifigures,Collectible Minifigures
train,NJO0258,NINJAGO,NINJAGO
train,NJO0272,NINJAGO,NINJAGO
train,NJO0214,NINJAGO,NINJAGO
train,NJO0210,NINJAGO,NINJAGO
train,NJO0192,NINJAGO,NINJAGO
train,NJO0249,NINJAGO,NINJAGO
train,NEX013,NEXO KNIGHTS,NEXO KNIGHTS
train,DFB001,Collectible Minifigures,Collectible Minifigures
train,SW0791,Star Wars,Star Wars
train,SW0782,Star Wars,Star Wars
train,NJO0205,NINJAGO,NINJAGO
train,NJO0198,NINJAGO,NINJAGO
train,NJO0194,NINJAGO,NINJAGO
train,SH0283,Super Heroes,Super Heroes
train,COL239,Collectible Minifigures,Collectible Minifigures
train,COL251,Collectible Minifigures,Collectible Minifigures
train,SH0280,Super Heroes,Super Heroes
train,NEX014,NEXO KNIGHTS,NEXO KNIGHTS
train,SW0755,Star Wars,Star Wars
train,NJO0247,NINJAGO,NINJAGO
train,DP020,Disney,Disney
train,SW0717,Star Wars,Star Wars
train,NEX002,NEXO KNIGHTS,NEXO KNIGHTS
train,NEX028,NEXO KNIGHTS,NEXO KNIGHTS
train,NEX037,NEXO KNIGHTS,NEXO KNIGHTS
train,NEX055,NEXO KNIGHTS,NEXO KNIGHTS
train,COL238,Collectible Minifigures,Collectible Minifigures
train,NEX047,NEXO KNIGHTS,NEXO KNIGHTS
train,NEX030,NEXO KNIGHTS,NEXO KNIGHTS
train,CTY0667,Town,Town
train,GEN084,LEGO Brand,LEGO Brand
train,GEN083,LEGO Brand,LEGO Brand
train,SH0292,Super Heroes,Super Heroes
train,SH0222,Super Heroes,Super Heroes
train,SH0224,Super Heroes,Super Heroes
train,SH0223,Super Heroes,Super Heroes
train,CTY0654,Town,Town
train,CTY0707,Town,Town
train,TWN262,Town,Town
train,TWN263,Town,Town
train,RAC061,Town,Town
train,CTY0692,Town,Town
train,NJO0226,NINJAGO,NINJAGO
train,NJO0253,NINJAGO,NINJAGO
train,NJO0213,NINJAGO,NINJAGO
train,NJO0209,NINJAGO,NINJAGO
train,NJO0193,NINJAGO,NINJAGO
train,NJO0241,NINJAGO,NINJAGO
train,SH0033A,Super Heroes,Super Heroes
train,SW0738,Star Wars,Star Wars
train,SW0731,Star Wars,Star Wars
train,SW0778,Star Wars,Star Wars
train,DP031,Disney,Disney
train,SW0745,Star Wars,Star Wars
train,NEX049,NEXO KNIGHTS,NEXO KNIGHTS
train,CTY0664,Town,Town
train,DIS006,Collectible Minifigures,Collectible Minifigures
train,DFB013,Collectible Minifigures,Collectible Minifigures
train,COL256,Collectible Minifigures,Collectible Minifigures
train,DFB015,Collectible Minifigures,Collectible Minifigures
train,NJO0254,NINJAGO,NINJAGO
train,NJO0259,NINJAGO,NINJAGO
train,DFB016,Collectible Minifigures,Collectible Minifigures
train,SW0703,Star Wars,Star Wars
train,SC020,SPEED CHAMPIONS,SPEED CHAMPIONS
train,CTY0673,Town,Town
train,CTY0689,Town,Town
train,CTY0679,Town,Town
train,CTY0666,Town,Town
train,DIS019,Disney,Disney
train,MIN034,Minecraft,Minecraft
train,MIN035,Minecraft,Minecraft
train,MIN036,Minecraft,Minecraft
train,MIN037,Minecraft,Minecraft
train,MIN038,Minecraft,Minecraft
train,MIN039,Minecraft,Minecraft
train,MIN041,Minecraft,Minecraft
train,DIS011,Collectible Minifigures,Collectible Minifigures
train,NEX017,NEXO KNIGHTS,NEXO KNIGHTS
train,CTY0614,Town,Town
train,SH0266,Super Heroes,Super Heroes
train,DIS013,Collectible Minifigures,Collectible Minifigures
train,DP028,Disney,Disney
train,COL268,Collectible Minifigures,Collectible Minifigures
train,COL266,Collectible Minifigures,Collectible Minifigures
train,SW0752,Star Wars,Star Wars
train,NJO0195,NINJAGO,NINJAGO
train,TLS114,LEGO Brand,LEGO Brand
train,SH0294,Super Heroes,Super Heroes
train,NJO0268,NINJAGO,NINJAGO
train,NJO0212,NINJAGO,NINJAGO
train,NJO0252,NINJAGO,NINJAGO
train,NJO0200,NINJAGO,NINJAGO
train,NJO0245,NINJAGO,NINJAGO
train,SW0704,Star Wars,Star Wars
train,GAME014,LEGO Brand,LEGO Brand
train,TWN267,Town,Town
train,GEN079,LEGO Brand,LEGO Brand
train,CTY0630,Town,Town
train,CTY0704,Town,Town
train,CTY0677,Town,Town
train,CTY0688,Town,Town
train,AIR050,Town,Town
train,GAME016,LEGO Brand,LEGO Brand
train,CTY0636,Town,Town
train,CTY0609,Town,Town
train,SW0798,Star Wars,Star Wars
train,CTY0607,Town,Town
train,CTY0608,Town,Town
train,COL253,Collectible Minifigures,Collectible Minifigures
train,DIS015,Collectible Minifigures,Collectible Minifigures
train,TWN255,Town,Town
train,SW0737,Star Wars,Star Wars
train,CTY0631,Town,Town
train,CTY0645,Town,Town
train,CTY0642,Town,Town
train,CTY0621,Town,Town
train,CTY0616,Town,Town
train,CTY0615,Town,Town
train,CTY0619,Town,Town
train,CTY0633,Town,Town
train,GAME013,LEGO Brand,LEGO Brand
train,CTY0643,Town,Town
train,CTY0618,Town,Town
train,COL276,Collectible Minifigures,Collectible Minifigures
train,CTY0612,Town,Town
train,CTY0613,Town,Town
train,COP056,Town,Town
train,SC033,SPEED CHAMPIONS,SPEED CHAMPIONS
train,SC031,SPEED CHAMPIONS,SPEED CHAMPIONS
train,CTY0676,Town,Town
train,TWN259,Town,Town
train,NJO0234,NINJAGO,NINJAGO
train,NEX018,NEXO KNIGHTS,NEXO KNIGHTS
train,COL243,Collectible Minifigures,Collectible Minifigures
train,SW0756,Star Wars,Star Wars
train,SH0290,Super Heroes,Super Heroes
train,COL270,Collectible Minifigures,Collectible Minifigures
train,RAC059,Town,Town
train,SC026,SPEED CHAMPIONS,SPEED CHAMPIONS
train,SC029,SPEED CHAMPIONS,SPEED CHAMPIONS
train,SW0728,Star Wars,Star Wars
train,SW0761,Star Wars,Star Wars
train,SW0757,Star Wars,Star Wars
train,SW0793,Star Wars,Star Wars
train,SW0786,Star Wars,Star Wars
train,SW0690,Star Wars,Star Wars
train,GAME010,LEGO Brand,LEGO Brand
train,SH0282,Super Heroes,Super Heroes
train,SH0251,Super Heroes,Super Heroes
train,SW0699,Star Wars,Star Wars
train,SW0720,Star Wars,Star Wars
train,SW0697,Star Wars,Star Wars
train,SW0698,Star Wars,Star Wars
train,SW0696,Star Wars,Star Wars
train,SH0244,Super Heroes,Super Heroes
train,NEX032,NEXO KNIGHTS,NEXO KNIGHTS
train,NEX062,NEXO KNIGHTS,NEXO KNIGHTS
train,SW0687,Star Wars,Star Wars
train,COL254,Collectible Minifigures,NINJAGO
train,NJO0269,NINJAGO,NINJAGO
train,NJO0246,NINJAGO,NINJAGO
train,SW0753,Star Wars,Star Wars
train,NEX019,NEXO KNIGHTS,NEXO KNIGHTS
train,NEX038,NEXO KNIGHTS,NEXO KNIGHTS
train,NEX075,NEXO KNIGHTS,NEXO KNIGHTS
train,NEX040,NEXO KNIGHTS,NEXO KNIGHTS
train,SW0742,Star Wars,Star Wars
train,DFB011,Collectible Minifigures,Collectible Minifigures
train,NJO0271,NINJAGO,NINJAGO
train,COL252,Collectible Minifigures,Collectible Minifigures
train,SH0275,Super Heroes,Super Heroes
train,SH0274,Super Heroes,Super Heroes
train,SH0269,Super Heroes,Super Heroes
train,SH0214,Super Heroes,Super Heroes
train,SH0213,Super Heroes,Super Heroes
train,NEX020,NEXO KNIGHTS,NEXO KNIGHTS
train,NEX034,NEXO KNIGHTS,NEXO KNIGHTS
train,NEX033,NEXO KNIGHTS,NEXO KNIGHTS
train,NEX048,NEXO KNIGHTS,NEXO KNIGHTS
train,COL240,Collectible Minifigures,Collectible Minifigures
train,DFB006,Collectible Minifigures,Collectible Minifigures
train,SH0232,Super Heroes,Super Heroes
train,MIN032,Minecraft,Minecraft
train,NJO0230,NINJAGO,NINJAGO
train,NJO0231,NINJAGO,NINJAGO
train,SW0763,Star Wars,Star Wars
train,SW1133,Star Wars,Star Wars
train,SH0228,Super Heroes,Super Heroes
train,SH0299,Super Heroes,Super Heroes
train,COL248,Collectible Minifigures,Collectible Minifigures
train,CTY0634,Town,Town
train,COL257,Collectible Minifigures,Collectible Minifigures
train,DIS023,Disney,Disney
train,TWN258,Town,Town
train,DIS001,Collectible Minifigures,Collectible Minifigures
train,NJO0264,NINJAGO,NINJAGO
train,NJO0222,NINJAGO,NINJAGO
train,GEN080,LEGO Brand,LEGO Brand
train,SH0219,Super Heroes,Super Heroes
train,DIS014,Collectible Minifigures,Collectible Minifigures
train,NJO0240,NINJAGO,NINJAGO
train,SH0291,Super Heroes,Super Heroes
train,SW0740,Star Wars,Star Wars
train,COL269,Collectible Minifigures,Collectible Minifigures
train,SH0230,Super Heroes,Super Heroes
train,SH0298,Super Heroes,Super Heroes
train,IDEA027,LEGO Ideas,LEGO Ideas
train,IDEA029,LEGO Ideas,LEGO Ideas
train,IDEA025,LEGO Ideas,LEGO Ideas
train,SH0238,Super Heroes,Super Heroes
train,SH0240,Super Heroes,Super Heroes
train,SH0256,Super Heroes,Super Heroes
train,DFB009,Collectible Minifigures,Collectible Minifigures
train,DIS022,Disney,Disney
train,DFB010,Collectible Minifigures,Collectible Minifigures
train,COL232,Collectible Minifigures,Collectible Minifigures
train,SW0710,Star Wars,Star Wars
train,SW0739,Star Wars,Star Wars
train,SW0723,Star Wars,Star Wars
train,DIS017,Collectible Minifigures,Collectible Minifigures
train,MIN028,Minecraft,Minecraft
train,SH0303,Super Heroes,Super Heroes
train,CTY0693,Town,Town
train,CTY0681,Town,Town
train,CTY0690,Town,Town
train,CTY0685,Town,Town
train,CTY0686,Town,Town
train,CTY0682,Town,Town
train,CTY0697,Town,Town
train,CTY0740,Town,Town
train,CTY0683,Town,Town
train,SH0285,Super Heroes,Super Heroes
train,SH0258,Super Heroes,Super Heroes
train,COL264,Collectible Minifigures,Collectible Minifigures
train,SH0287,Super Heroes,Super Heroes
train,COL271A,Collectible Minifigures,Collectible Minifigures
train,HOL076,Holiday & Event,Holiday & Event
train,HOL075,Holiday & Event,Holiday & Event
train,HOL079,Holiday & Event,Holiday & Event
train,SH0257,Super Heroes,Super Heroes
train,GEN082,LEGO Brand,LEGO Brand
train,GEN081,LEGO Brand,LEGO Brand
train,SH0221,Super Heroes,Super Heroes
train,SW0713,Star Wars,Star Wars
train,COL241,Collectible Minifigures,Collectible Minifigures
train,NJO0225,NINJAGO,NINJAGO
train,NJO0208,NINJAGO,NINJAGO
train,SW0707,Star Wars,Star Wars
train,SW0754,Star Wars,Star Wars
train,NJO0260,NINJAGO,NINJAGO
train,NJO0266,NINJAGO,NINJAGO
train,NJO0228,NINJAGO,NINJAGO
train,NJO0189,NINJAGO,NINJAGO
train,NJO0237,NINJAGO,NINJAGO
train,NJO0217,NINJAGO,NINJAGO
train,MIN030,Minecraft,Minecraft
train,SC037,SPEED CHAMPIONS,SPEED CHAMPIONS
train,SC038,SPEED CHAMPIONS,SPEED CHAMPIONS
train,NEX103,NEXO KNIGHTS,NEXO KNIGHTS
train,SH0339,Super Heroes,Super Heroes
train,NEX068,NEXO KNIGHTS,NEXO KNIGHTS
train,SW0833,Star Wars,Star Wars
train,SH0369,Super Heroes,Super Heroes
train,MIN047,Minecraft,Minecraft
train,MIN045,Minecraft,Minecraft
train,MIN055,Minecraft,Minecraft
train,SH0424,Super Heroes,Super Heroes
train,SH0446,Super Heroes,Super Heroes
train,SW0829,Star Wars,Star Wars
train,NJO0368,The LEGO NINJAGO Movie,The LEGO NINJAGO Movie
train,CTY0714,Town,Town
train,DP033,Disney,Disney
train,DP036,Disney,Disney
train,DP041,Disney,Disney
train,CAS544,Castle,Castle
train,COLTLBM08,Collectible Minifigures,Collectible Minifigures
train,SW0825,Star Wars,Star Wars
train,CTY0727,Town,Town
train,TWN303,Town,Town
train,SH0430,Super Heroes,Super Heroes
train,SH0432,Super Heroes,Super Heroes
train,CTY0729,Town,Town
train,CTY0728,Town,Town
train,NEX079,NEXO KNIGHTS,NEXO KNIGHTS
train,FRND0279,Friends,Friends
train,SW0840,Star Wars,Star Wars
train,TWN273,Town,Holiday & Event
train,SH0337,Super Heroes,Super Heroes
train,TWN270,Town,Town
train,SH0305,Super Heroes,Super Heroes
train,SH0419,Super Heroes,Super Heroes
train,SH0402,Super Heroes,Super Heroes
train,SH0437,Super Heroes,Super Heroes
train,SH0311,Super Heroes,Super Heroes
train,SH0356,Super Heroes,Super Heroes
train,SH0435,Super Heroes,Super Heroes
train,SH0312,Super Heroes,Super Heroes
train,SH0318,Super Heroes,Super Heroes
train,SH0415,Super Heroes,Super Heroes
train,SH0376,Super Heroes,Super Heroes
train,SH0377,Super Heroes,Super Heroes
train,SH0390,Super Heroes,Super Heroes
train,COL295,Collectible Minifigures,Collectible Minifigures
train,COLTLBM24,Collectible Minifigures,Collectible Minifigures
train,SW0855,Star Wars,Star Wars
train,CTY0765,Town,Town
train,CTY0769,Town,Town
train,CTY0771,Town,Town
train,CTY0770,Town,Town
train,CTY0768,Town,Town
train,CTY0762,Town,Town
train,CTY0763,Town,Town
train,CTY0757,Town,Town
train,CTY0758,Town,Town
train,SH0425,Super Heroes,Super Heroes
train,CTY0747,Town,Town
train,CTY0807,Town,Town
train,CON012,Town,Town
train,SW0844,Star Wars,Star Wars
train,SW0828,Star Wars,Star Wars
train,COL304,Collectible Minifigures,Collectible Minifigures
train,TWN296,Town,Town
train,TWN302,Town,Town
train,TWN291,Town,Town
train,NEX092,NEXO KNIGHTS,NEXO KNIGHTS
train,NEX120,NEXO KNIGHTS,NEXO KNIGHTS
train,NEX104,NEXO KNIGHTS,NEXO KNIGHTS
train,NEX114,NEXO KNIGHTS,NEXO KNIGHTS
train,SH0408,Super Heroes,Super Heroes
train,CTY0712,Town,Town
train,COL292,Collectible Minifigures,Collectible Minifigures
train,COLTLBM18,Collectible Minifigures,Collectible Minifigures
train,SH0335,Super Heroes,Super Heroes
train,SC041,SPEED CHAMPIONS,SPEED CHAMPIONS
train,SW0868,Star Wars,Star Wars
train,CTY0799,Town,Town
train,CTY0801,Town,Town
train,TWN292,Town,Town
train,SW0813,Star Wars,Star Wars
train,CAS543,Castle,Castle
train,CTY0731,Town,Town
train,COLTLBM16,Collectible Minifigures,Collectible Minifigures
train,SH0330,Super Heroes,Super Heroes
train,SH0338,Super Heroes,Super Heroes
train,SH0399,Super Heroes,Super Heroes
train,HOL088,Holiday & Event,Holiday & Event
train,HOL104,Holiday & Event,Holiday & Event
train,CTY0767,Town,Town
train,CTY0761,Town,Town
train,HOL098,Holiday & Event,Holiday & Event
train,HOL096,Holiday & Event,Holiday & Event
train,HOL097,Holiday & Event,Holiday & Event
train,DP039,Disney,Disney
train,CTY0783,Town,Town
train,CTY0802,Town,Town
train,CTY0803,Town,Town
train,CTY0805,Town,Town
train,HOL109,Holiday & Event,Holiday & Event
train,CTY0793,Town,Town
train,CTY0816,Town,Town
train,COL311,Collectible Minifigures,Collectible Minifigures
train,CTY0790,Town,Town
train,CTY0823,Town,Town
train,CTY0806,Town,Town
train,CTY0822,Town,Town
train,CTY0808,Town,Town
train,CTY0794,Town,Town
train,COL310,Collectible Minifigures,Collectible Minifigures
train,CTY0788,Town,Town
train,CTY0789,Town,Town
train,COL309,Collectible Minifigures,Collectible Minifigures
train,CTY0814,Town,Town
train,CTY0786,Town,Town
train,COLTLBM04,Collectible Minifigures,Collectible Minifigures
train,TWN304,Town,Town
train,NEX090,NEXO KNIGHTS,NEXO KNIGHTS
train,NEX073,NEXO KNIGHTS,NEXO KNIGHTS
train,NEX083,NEXO KNIGHTS,NEXO KNIGHTS
train,NEX125,NEXO KNIGHTS,NEXO KNIGHTS
train,NEX106,NEXO KNIGHTS,NEXO KNIGHTS
train,SW0837,Star Wars,Star Wars
train,CTY0813,Town,Town
train,CTY0797,Town,Town
train,CTY0862,Town,Town
train,CTY0812,Town,Town
train,CTY0826,Town,Town
train,CTY0863,Town,Town
train,CTY0861,Town,Holiday & Event
train,CTY0828,Town,Town
train,CTY0865,Town,Town
train,CTY0817,Town,Town
train,CTY0810,Town,Town
train,CTY0824,Town,Town
train,CTY0866,Town,Town
train,CTY0825,Town,Town
train,CTY0811,Town,Town
train,HOL107,Holiday & Event,Holiday & Event
train,HOL108,Holiday & Event,Holiday & Event
train,NJO0297,NINJAGO,NINJAGO
train,NJO0304,NINJAGO,NINJAGO
train,NJO0280,NINJAGO,NINJAGO
train,NJO0363,The LEGO NINJAGO Movie,The LEGO NINJAGO Movie
train,NJO0322,The LEGO NINJAGO Movie,NINJAGO
train,NJO0323,The LEGO NINJAGO Movie,The LEGO NINJAGO Movie
train,COLTLNM08,Collectible Minifigures,Collectible Minifigures
train,NJO0294,NINJAGO,NINJAGO
train,SH0326,Super Heroes,Super Heroes
train,COLTLBM07,Collectible Minifigures,Collectible Minifigures
train,CTY0700,Town,Town
train,COL289,Collectible Minifigures,Collectible Minifigures
train,NJO0422,The LEGO NINJAGO Movie,The LEGO NINJAGO Movie
train,NJO0369,The LEGO NINJAGO Movie,The LEGO NINJAGO Movie
train,SH0436,Super Heroes,Super Heroes
train,TWN298,Town,Town
train,TWN295,Town,Town
train,COL299,Collectible Minifigures,Collectible Minifigures
train,TWN287,Town,Town
train,CAS550,Castle,Castle
train,SW0834,Star Wars,Star Wars
train,TWN272,Town,Town
train,SH0325,Super Heroes,Super Heroes
train,COLTLBM09,Collectible Minifigures,Collectible Minifigures
train,SH0443,Super Heroes,Super Heroes
train,SH0440,Super Heroes,Super Heroes
train,DOC037,Town,Collectible Minifigures
train,COLTLBM21,Collectible Minifigures,Collectible Minifigures
train,CTY0749,Town,Town
train,SH0387,Super Heroes,Super Heroes
train,SP126,Town,Town
train,CRS024,DUPLO,DUPLO
train,47205PB051,DUPLO,DUPLO
train,47205PB043A,DUPLO,DUPLO
train,47205PB042A,DUPLO,DUPLO
train,47205PB050,DUPLO,DUPLO
train,47205PB045,DUPLO,DUPLO
train,47205PB041A,DUPLO,DUPLO
train,47205PB053,DUPLO,DUPLO
train,47205PB030A,DUPLO,DUPLO
train,47205PB052,DUPLO,DUPLO
train,47394PB236,DUPLO,DUPLO
train,47394PB240,DUPLO,DUPLO
train,47394PB241,DUPLO,DUPLO
train,47394PB234,DUPLO,DUPLO
train,47394PB226,DUPLO,DUPLO
train,47394PB203A,DUPLO,DUPLO
train,47394PB228,DUPLO,DUPLO
train,47394PB227,DUPLO,DUPLO
train,47394PB165A,DUPLO,DUPLO
train,47394PB220,DUPLO,DUPLO
train,47394PB182,DUPLO,DUPLO
train,47394PB233,DUPLO,DUPLO
train,47394PB232,DUPLO,DUPLO
train,47394PB235,DUPLO,DUPLO
train,47394PB225,DUPLO,DUPLO
train,47394PB229,DUPLO,DUPLO
train,47394PB230,DUPLO,DUPLO
train,CRS021,DUPLO,DUPLO
train,CRS023,DUPLO,DUPLO
train,CRS020,DUPLO,DUPLO
train,COLTLBM22,Collectible Minifigures,Collectible Minifigures
train,NJO0370,The LEGO NINJAGO Movie,The LEGO NINJAGO Movie
train,NJO0371,The LEGO NINJAGO Movie,The LEGO NINJAGO Movie
train,COL300,Collectible Minifigures,Collectible Minifigures
train,DP034,Disney,Disney
train,COLTLBM12,Collectible Minifigures,Collectible Minifigures
train,SH0392,Super Heroes,Super Heroes
train,COLTLBM03,Collectible Minifigures,Collectible Minifigures
train,NEX099,NEXO KNIGHTS,NEXO KNIGHTS
train,CTY0723,Town,Town
train,HOL100,Holiday & Event,Holiday & Event
train,TWN281,Town,Town
train,CTY0721,Town,Town
train,HOL089,Holiday & Event,Holiday & Event
train,SC049,SPEED CHAMPIONS,SPEED CHAMPIONS
train,SC050,SPEED CHAMPIONS,SPEED CHAMPIONS
train,SC051,SPEED CHAMPIONS,SPEED CHAMPIONS
train,SC048,SPEED CHAMPIONS,SPEED CHAMPIONS
train,CTY0737,Town,Town
train,CTY0741,Town,Town
train,CTY0717,Town,Town
train,SW0871,Star Wars,Star Wars
train,SW0860,Star Wars,Star Wars
train,SW0869,Star Wars,Star Wars
train,IDEA030,LEGO Ideas,LEGO Ideas
train,TWN268,Town,Town
train,COL305,Collectible Minifigures,Collectible Minifigures
train,SH0418B,Super Heroes,Super Heroes
train,SH0418A,Super Heroes,Super Heroes
train,SC039,SPEED CHAMPIONS,SPEED CHAMPIONS
train,NJO0377,The LEGO NINJAGO Movie,The LEGO NINJAGO Movie
train,NJO0421,The LEGO NINJAGO Movie,The LEGO NINJAGO Movie
train,FRND0213,Friends,Friends
train,FRND0220,Friends,Friends
train,FRND0208,Friends,Friends
train,FRND0198,Friends,Friends
train,FRND0219,Friends,Friends
train,FRND0194,Friends,Friends
train,FRND0204,Friends,Friends
train,FRND0209,Friends,Friends
train,FRND0186,Friends,Friends
train,FRND0231,Friends,Friends
train,FRND0199,Friends,Friends
train,FRND0207,Friends,Friends
train,FRND0189,Friends,Friends
train,FRND0212,Friends,Friends
train,FRND0224,Friends,Friends
train,FRND0193,Friends,Friends
train,FRND0218,Friends,Friends
train,FRND0182,Friends,Friends
train,FRND0230,Friends,Friends
train,FRND0215,Friends,Friends
train,FRND0222,Friends,Friends
train,FRND0257,Friends,Friends
train,FRND0228,Friends,Friends
train,FRND0196,Friends,Friends
train,FRND0223,Friends,Friends
train,FRND0184,Friends,Friends
train,FRND0225,Friends,Friends
train,FRND0202,Friends,Friends
train,FRND0217,Friends,Friends
train,FRND0206,Friends,Friends
train,FRND0229,Friends,Friends
train,FRND0211,Friends,Friends
train,NEX089,NEXO KNIGHTS,NEXO KNIGHTS
train,NEX081,NEXO KNIGHTS,NEXO KNIGHTS
train,COLTLNM05,Collectible Minifigures,Collectible Minifigures
train,SH0346,Super Heroes,Super Heroes
train,SH0347,Super Heroes,Super Heroes
train,SH0401,Super Heroes,Super Heroes
train,SH0416,Super Heroes,Super Heroes
train,SH0417,Super Heroes,Super Heroes
train,NJO0381,The LEGO NINJAGO Movie,The LEGO NINJAGO Movie
train,NEX095,NEXO KNIGHTS,NEXO KNIGHTS
train,SW0854,Star Wars,Star Wars
train,SH0448,Super Heroes,Super Heroes
train,HOL103,Holiday & Event,Holiday & Event
train,HOL083,Holiday & Event,Holiday & Event
train,COLTLBM02,Collectible Minifigures,Collectible Minifigures
train,HOL086,Holiday & Event,Holiday & Event
train,COLTLNM17,Collectible Minifigures,Collectible Minifigures
train,COLTLNM18,Collectible Minifigures,Collectible Minifigures
train,SW0811,Star Wars,Star Wars
train,SH0410,Super Heroes,Super Heroes
train,HOL106,Holiday & Event,Holiday & Event
train,COL306,Collectible Minifigures,Collectible Minifigures
train,NJO0339,The LEGO NINJAGO Movie,The LEGO NINJAGO Movie
train,SH0381,Super Heroes,Super Heroes
train,SW0839,Star Wars,Star Wars
train,NJO0358,The LEGO NINJAGO Movie,The LEGO NINJAGO Movie
train,NJO0366,The LEGO NINJAGO Movie,The LEGO NINJAGO Movie
train,NJO0378,The LEGO NINJAGO Movie,The LEGO NINJAGO Movie
train,SW0823,Star Wars,Star Wars
train,SW0879,Star Wars,Star Wars
train,SW0841,Star Wars,Star Wars
train,SH0398,Super Heroes,Super Heroes
train,SH0406,Super Heroes,Super Heroes
train,NJO0351,The LEGO NINJAGO Movie,The LEGO NINJAGO Movie
train,COL291,Collectible Minifigures,Collectible Minifigures
train,SH0371,Super Heroes,Super Heroes
train,CTY0725,Town,Town
train,SW0831A,Star Wars,Star Wars
train,SW0877,Star Wars,Star Wars
train,SW0802,Star Wars,Star Wars
train,SH0405,Super Heroes,Super Heroes
train,NJO0332,The LEGO NINJAGO Movie,The LEGO NINJAGO Movie
train,NJO0329,The LEGO NINJAGO Movie,The LEGO NINJAGO Movie
train,SW0845,Star Wars,Star Wars
train,NJO0281,NINJAGO,NINJAGO
train,NJO0313,The LEGO NINJAGO Movie,The LEGO NINJAGO Movie
train,NJO0314,The LEGO NINJAGO Movie,The LEGO NINJAGO Movie
train,NJO0348,NINJAGO,NINJAGO
train,COLTLNM06,Collectible Minifigures,Collectible Minifigures
train,NJO0359,The LEGO NINJAGO Movie,The LEGO NINJAGO Movie
train,NJO0352,The LEGO NINJAGO Movie,The LEGO NINJAGO Movie
train,NJO0310,The LEGO NINJAGO Movie,The LEGO NINJAGO Movie
train,SH0367,Super Heroes,Super Heroes
train,SW0814,Star Wars,Star Wars
train,NJO0420,NINJAGO,NINJAGO
train,NJO0305,NINJAGO,NINJAGO
train,NJO0274,NINJAGO,NINJAGO
train,NJO0277,NINJAGO,NINJAGO
train,NJO0349,The LEGO NINJAGO Movie,The LEGO NINJAGO Movie
train,NJO0317,The LEGO NINJAGO Movie,The LEGO NINJAGO Movie
train,NJO0360,The LEGO NINJAGO Movie,The LEGO NINJAGO Movie
train,NJO0327,The LEGO NINJAGO Movie,The LEGO NINJAGO Movie
train,COLTLNM01,Collectible Minifigures,Collectible Minifigures
train,SW0817,Star Wars,Star Wars
train,SH0321,Super Heroes,Super Heroes
train,SH0357,Super Heroes,Super Heroes
train,NEX100,NEXO KNIGHTS,NEXO KNIGHTS
train,SH0336,Super Heroes,Super Heroes
train,NJO0328,The LEGO NINJAGO Movie,The LEGO NINJAGO Movie
train,SW0848,Star Wars,Star Wars
train,NJO0291,NINJAGO,NINJAGO
train,NJO0419,NINJAGO,NINJAGO
train,SW0859,Star Wars,Star Wars
train,NEX076,NEXO KNIGHTS,NEXO KNIGHTS
train,SW0818,Star Wars,Star Wars
train,NJO0350,The LEGO NINJAGO Movie,The LEGO NINJAGO Movie
train,TWN275,Town,Town
train,GEN090,LEGO Brand,LEGO Brand
train,NJO0426,The LEGO NINJAGO Movie,The LEGO NINJAGO Movie
train,NJO0283,NINJAGO,NINJAGO
train,NJO0284,NINJAGO,NINJAGO
train,NJO0311,The LEGO NINJAGO Movie,NINJAGO
train,NJO0312,The LEGO NINJAGO Movie,NINJAGO
train,NJO0338,The LEGO NINJAGO Movie,The LEGO NINJAGO Movie
train,COLTLNM07,Collectible Minifigures,Collectible Minifigures
train,COLTLNM03,Collectible Minifigures,Collectible Minifigures
train,COLTLBM01,Collectible Minifigures,Collectible Minifigures
train,NEX098,NEXO KNIGHTS,NEXO KNIGHTS
train,SW0852,Star Wars,Star Wars
train,NEX084,NEXO KNIGHTS,NEXO KNIGHTS
train,NEX086,NEXO KNIGHTS,NEXO KNIGHTS
train,IDEA034,LEGO Ideas,LEGO Ideas
train,CAS545,Castle,Castle
train,SH0365,Super Heroes,Super Heroes
train,NJO0343,The LEGO NINJAGO Movie,NINJAGO
train,SH0383,Super Heroes,Super Heroes
train,COLTLBM17,Collectible Minifigures,Collectible Minifigures
train,SH0422,Super Heroes,Super Heroes
train,MOA003,Disney,Disney
train,SH0350,Super Heroes,Super Heroes
train,SC052,SPEED CHAMPIONS,SPEED CHAMPIONS
train,HOL099,Holiday & Event,Holiday & Event
train,TWN280,Town,Town
train,SC045,SPEED CHAMPIONS,SPEED CHAMPIONS
train,SC044,SPEED CHAMPIONS,SPEED CHAMPIONS
train,SC046,SPEED CHAMPIONS,SPEED CHAMPIONS
train,SC043,SPEED CHAMPIONS,SPEED CHAMPIONS
train,PI184,Pirates,Pirates
train,PI183,Pirates,Pirates
train,COLTLBM20,Collectible Minifigures,Collectible Minifigures
train,NJO0340,The LEGO NINJAGO Movie,The LEGO NINJAGO Movie
train,COLTLNM09,Collectible Minifigures,Collectible Minifigures
train,MOA001,Disney,Disney
train,TWN301,Town,Town
train,TWN290,Town,Town
train,SW0824,Star Wars,Star Wars
train,SH0355,Super Heroes,Super Heroes
train,SH0375,Super Heroes,Super Heroes
train,TWN274,Town,Town
train,COLTLNM20,Collectible Minifigures,Collectible Minifigures
train,NJO0415,The LEGO NINJAGO Movie,The LEGO NINJAGO Movie
train,IDEA036,LEGO Ideas,LEGO Ideas
train,SH0386,Super Heroes,Super Heroes
train,NJO0417,NINJAGO,NINJAGO
train,NJO0418,NINJAGO,NINJAGO
train,NJO0355,The LEGO NINJAGO Movie,The LEGO NINJAGO Movie
train,NJO0279,NINJAGO,NINJAGO
train,NJO0278,NINJAGO,NINJAGO
train,NJO0321,The LEGO NINJAGO Movie,The LEGO NINJAGO Movie
train,SW0812,Star Wars,Star Wars
train,TWN278,Town,Town
train,NJO0342,The LEGO NINJAGO Movie,The LEGO NINJAGO Movie
train,TWN279,Town,Town
train,COLTLBM14,Collectible Minifigures,Collectible Minifigures
train,CTY0718,Town,Town
train,SH0431,Super Heroes,Super Heroes
train,SH0433,Super Heroes,Super Heroes
train,SH0439,Super Heroes,Super Heroes
train,CTY0738,Town,Town
train,SH0374,Super Heroes,Super Heroes
train,COLTLBM10,Collectible Minifigures,Collectible Minifigures
train,PI179,Pirates,Pirates
train,PI180,Pirates,Pirates
train,CTY0711,Town,Town
train,CTY0710,Town,Town
train,CTY0726,Town,Town
train,PLN180,Town,Town
train,GEN091,LEGO Brand,LEGO Brand
train,SW0865,Star Wars,Star Wars
train,SH0327,Super Heroes,Super Heroes
train,SH0342,Super Heroes,Super Heroes
train,CTY0779,Town,Town
train,CTY0777,Town,Town
train,CTY0755,Town,Town
train,CTY0745,Town,Town
train,CTY0754,Town,Town
train,CTY0746,Town,Town
train,CTY0701,Town,Town
train,CTY0780,Town,Town
train,CTY0774,Town,Town
train,CTY0733,Town,Town
train,CTY0702,Town,Town
train,CTY0732,Town,Town
train,CTY0744,Town,Town
train,CTY0778,Town,Town
train,CTY0734,Town,Town
train,CTY0752,Town,Town
train,CTY0748,Town,Town
train,CTY0756,Town,Town
train,CTY0708,Town,Town
train,CTY0743,Town,Town
train,CTY0751,Town,Town
train,CTY0715,Town,Town
train,CTY0773,Town,Town
train,CTY0716,Town,Town
train,SH0397,Super Heroes,Super Heroes
train,POST011,Town,Town
train,SW0878,Star Wars,Star Wars
train,COL286,Collectible Minifigures,Collectible Minifigures
train,SW0838,Star Wars,Star Wars
train,SW0843,Star Wars,Star Wars
train,NJO0289,NINJAGO,NINJAGO
train,NJO0411,The LEGO NINJAGO Movie,The LEGO NINJAGO Movie
train,SW0820,Star Wars,Star Wars
train,SW0819,Star Wars,Star Wars
train,SW0801,Star Wars,Star Wars
train,SW0803,Star Wars,Star Wars
train,SW0804,Star Wars,Star Wars
train,COLTLBM11,Collectible Minifigures,Collectible Minifigures
train,SH0370,Super Heroes,Super Heroes
train,TWN286,Town,Town
train,NEX070,NEXO KNIGHTS,NEXO KNIGHTS
train,SW0862,Star Wars,Star Wars
train,SW0861,Star Wars,Star Wars
train,SW0864,Star Wars,Star Wars
train,SW0876,Star Wars,Star Wars
train,SW0853,Star Wars,Star Wars
train,SW0866,Star Wars,Star Wars
train,NJO0276,NINJAGO,NINJAGO
train,SH0315,Super Heroes,Super Heroes
train,NEX101,NEXO KNIGHTS,Town
train,NEX151,NEXO KNIGHTS,NEXO KNIGHTS
train,NEX107,NEXO KNIGHTS,NEXO KNIGHTS
train,COL298,Collectible Minifigures,Collectible Minifigures
train,COL293,Collectible Minifigures,Collectible Minifigures
train,NEX071,NEXO KNIGHTS,NEXO KNIGHTS
train,SW0857,Star Wars,Star Wars
train,NEX122,NEXO KNIGHTS,NEXO KNIGHTS
train,NEX111,NEXO KNIGHTS,NEXO KNIGHTS
train,NEX067,NEXO KNIGHTS,NEXO KNIGHTS
train,IDEA032,LEGO Ideas,LEGO Ideas
train,COL307,Collectible Minifigures,Collectible Minifigures
train,SH0426,Super Heroes,Super Heroes
train,NJO0331,The LEGO NINJAGO Movie,The LEGO NINJAGO Movie
train,IDEA037,LEGO Ideas,LEGO Ideas
train,HOL110,Holiday & Event,Holiday & Event
train,CTY0722,Town,Town
train,SH0332,Super Heroes,Super Heroes
train,SH0391,Super Heroes,Super Heroes
train,SW0815,Star Wars,Star Wars
train,SW0850,Star Wars,Star Wars
train,SH0361,Super Heroes,Super Heroes
train,SH0331,Super Heroes,Super Heroes
train,SH0320,Super Heroes,Super Heroes
train,NJO0315,The LEGO NINJAGO Movie,The LEGO NINJAGO Movie
train,NJO0333,The LEGO NINJAGO Movie,The LEGO NINJAGO Movie
train,NJO0299,NINJAGO,NINJAGO
train,COLTLNM13,Collectible Minifigures,Collectible Minifigures
train,COLTLNM11,Collectible Minifigures,Collectible Minifigures
train,NJO0362,The LEGO NINJAGO Movie,The LEGO NINJAGO Movie
train,NJO0361,The LEGO NINJAGO Movie,The LEGO NINJAGO Movie
train,COLTLNM14,Collectible Minifigures,Collectible Minifigures
train,NJO0341,The LEGO NINJAGO Movie,The LEGO NINJAGO Movie
train,COLTLNM12,Collectible Minifigures,Collectible Minifigures
train,NJO0356,The LEGO NINJAGO Movie,The LEGO NINJAGO Movie
train,NJO0325,The LEGO NINJAGO Movie,The LEGO NINJAGO Movie
train,SH0373,Super Heroes,Super Heroes
train,NJO0376,The LEGO NINJAGO Movie,The LEGO NINJAGO Movie
train,CTY0720,Town,Town
train,GEN103,Friends,Friends
train,NJO0300,NINJAGO,NINJAGO
train,NJO0275,NINJAGO,NINJAGO
train,MIN043,Minecraft,Minecraft
train,CAS549,Castle,Castle
train,DP043,Disney,Disney
train,SW0827,Star Wars,Star Wars
train,SW0826,Star Wars,Star Wars
train,SW0764B,Star Wars,Star Wars
train,SH0360,Super Heroes,Super Heroes
train,COLTLNM02,Collectible Minifigures,NINJAGO
train,SH0380,Super Heroes,Super Heroes
train,SH0385,Super Heroes,Super Heroes
train,SH0352,Super Heroes,Super Heroes
train,MIN056,Minecraft,Minecraft
train,MIN044,Minecraft,Minecraft
train,MIN048,Minecraft,Minecraft
train,MIN053,Minecraft,Minecraft
train,MIN042,Minecraft,Minecraft
train,SH0394,Super Heroes,Super Heroes
train,NEX108,NEXO KNIGHTS,NEXO KNIGHTS
train,NEX072,NEXO KNIGHTS,NEXO KNIGHTS
train,NEX102,NEXO KNIGHTS,NEXO KNIGHTS
train,NEX123,NEXO KNIGHTS,NEXO KNIGHTS
train,NEX096,NEXO KNIGHTS,NEXO KNIGHTS
train,NEX088,NEXO KNIGHTS,NEXO KNIGHTS
train,SH0366,Super Heroes,Super Heroes
train,SH0348,Super Heroes,Super Heroes
train,SW0856,Star Wars,Star Wars
train,TWN285,Town,Town
train,COLTLNM19,Collectible Minifigures,Collectible Minifigures
train,NJO0330,The LEGO NINJAGO Movie,The LEGO NINJAGO Movie
train,SH0322,Super Heroes,Super Heroes
train,SH0363,Super Heroes,Super Heroes
train,SH0438,Super Heroes,Super Heroes
train,SH0354,Super Heroes,Super Heroes
train,SH0353,Super Heroes,Super Heroes
train,SH0343,Super Heroes,Super Heroes
train,SH0447,Super Heroes,Super Heroes
train,COL301,Collectible Minifigures,Collectible Minifigures
train,SH0409,Super Heroes,Super Heroes
train,NJO0336,The LEGO NINJAGO Movie,The LEGO NINJAGO Movie
train,NJO0373,The LEGO NINJAGO Movie,The LEGO NINJAGO Movie
train,SH0395,Super Heroes,Super Heroes
train,DP038,Disney,Disney
train,COLTLBM05,Collectible Minifigures,Collectible Minifigures
train,SH0407,Super Heroes,Super Heroes
train,NJO0296,NINJAGO,NINJAGO
train,COL290,Collectible Minifigures,Collectible Minifigures
train,COLTLNM16,Collectible Minifigures,Collectible Minifigures
train,NEX121,NEXO KNIGHTS,NEXO KNIGHTS
train,HOL090,Holiday & Event,Holiday & Event
train,HOL091,Holiday & Event,Holiday & Event
train,HOL094,Holiday & Event,Holiday & Event
train,HOL105,Holiday & Event,Holiday & Event
train,MIN046,Minecraft,Minecraft
train,SH0358,Super Heroes,Super Heroes
train,SH0379,Super Heroes,Super Heroes
train,COL297,Collectible Minifigures,Collectible Minifigures
train,SW0849,Star Wars,Star Wars
train,NJO0302,NINJAGO,NINJAGO
train,NJO0318,The LEGO NINJAGO Movie,NINJAGO
train,NJO0319,The LEGO NINJAGO Movie,The LEGO NINJAGO Movie
train,COLTLNM10,Collectible Minifigures,Collectible Minifigures
train,SH0323,Super Heroes,Super Heroes
train,COLTLBM15,Collectible Minifigures,Collectible Minifigures
train,MIN050,Minecraft,Minecraft
train,SW0936,Star Wars,Star Wars
train,SW0956,Star Wars,Star Wars
train,NEX144,NEXO KNIGHTS,NEXO KNIGHTS
train,NEX136,NEXO KNIGHTS,NEXO KNIGHTS
train,NEX152,NEXO KNIGHTS,NEXO KNIGHTS
train,JW034,Jurassic World,Jurassic World
train,JW032,Jurassic World,Jurassic World
train,JW040,Jurassic World,Jurassic World
train,JW038,Jurassic World,Super Heroes
train,JW035,Jurassic World,Jurassic World
train,JW037,Jurassic World,Jurassic World
train,JW039,Jurassic World,Jurassic World
train,CTY0949,Town,Town
train,CTY0841,Town,Town
train,90398PB020,Harry Potter,Harry Potter
train,MIN059,Minecraft,Minecraft
train,SW0939,Star Wars,Star Wars
train,SH0516,Super Heroes,Super Heroes
train,SW0963,Star Wars,Star Wars
train,COLTLBM39,Collectible Minifigures,Collectible Minifigures
train,SH0525,Super Heroes,Super Heroes
train,CTY0923,Town,NINJAGO
train,CTY0929,Town,Town
train,CTY0931,Town,Town
train,CTY0906,Town,Town
train,CTY0903,Town,Town
train,CTY0928,Town,Town
train,CTY0927,Town,Town
train,CTY0926,Town,Town
train,CTY0905,Town,Town
train,CTY0924,Town,Town
train,HP140,Harry Potter,Harry Potter
train,90398PB025,Harry Potter,Harry Potter
train,DP048,Disney,Disney
train,DP053,Disney,Disney
train,DP057,Disney,Disney
train,SW0908,Star Wars,Star Wars
train,SW0943,Star Wars,Star Wars
train,SW0895,Star Wars,Star Wars
train,DP045,Disney,Disney
train,HOL121,Holiday & Event,Holiday & Event
train,CTY0894,Town,Town
train,CTY0918,Town,Town
train,MIN057,Minecraft,Minecraft
train,TRN249,Town,Town
train,SW0909,Star Wars,Star Wars
train,SH0528,Super Heroes,Super Heroes
train,SH0513,Super Heroes,Super Heroes
train,SH0449,Super Heroes,Super Heroes
train,SH0532,Super Heroes,Super Heroes
train,SH0531,Super Heroes,Super Heroes
train,SH0458,Super Heroes,Super Heroes
train,SH0535,Super Heroes,Super Heroes
train,SH0450,Super Heroes,Super Heroes
train,SH0452,Super Heroes,Super Heroes
train,SH0534,Super Heroes,Super Heroes
train,SH0522,Super Heroes,Super Heroes
train,TWN336,Town,Town
train,TWN335,Town,Town
train,90398PB026,Harry Potter,Harry Potter
train,NEX130,NEXO KNIGHTS,NEXO KNIGHTS
train,SW0975,Star Wars,Star Wars
train,SW0944,Star Wars,Star Wars
train,COL321,Collectible Minifigures,Collectible Minifigures
train,COL327,Collectible Minifigures,Collectible Minifigures
train,COLTLBM43,Collectible Minifigures,Collectible Minifigures
train,SH0521,Super Heroes,Super Heroes
train,SH0466,Super Heroes,Super Heroes
train,SW0985,Star Wars,Star Wars
train,COLTLBM44,Collectible Minifigures,Collectible Minifigures
train,SW0977,Star Wars,Star Wars
train,TWN308,Town,Town
train,HOL118,Holiday & Event,Holiday & Event
train,TWN329,Town,Town
train,SH0484,Super Heroes,Super Heroes
train,COL314,Collectible Minifigures,Collectible Minifigures
train,COL313,Collectible Minifigures,Collectible Minifigures
train,HOL113,Holiday & Event,Holiday & Event
train,NJO0445,NINJAGO,NINJAGO
train,CTY0944,Town,Town
train,CTY0919,Town,Town
train,CTY0843,Town,Town
train,TWN307,Town,Town
train,SH0495,Super Heroes,Super Heroes
train,SH0491,Super Heroes,Super Heroes
train,SW0904,Star Wars,Star Wars
train,SW0890,Star Wars,Star Wars
train,DP056,Disney,Disney
train,COLHP12,Collectible Minifigures,Collectible Minifigures
train,NEX142,NEXO KNIGHTS,NEXO KNIGHTS
train,NJO0435,The LEGO NINJAGO Movie,The LEGO NINJAGO Movie
train,NJO0441,The LEGO NINJAGO Movie,The LEGO NINJAGO Movie
train,TWN324,Town,Town
train,SH0460,Super Heroes,Super Heroes
train,HOL129,Holiday & Event,Holiday & Event
train,TWN310,Town,Town
train,GEN108,LEGO Brand,LEGO Brand
train,GEN106,LEGO Brand,LEGO Brand
train,TWN338,Town,Town
train,CTY0908,Town,Town
train,HOL127,Holiday & Event,Holiday & Event
train,TWN322,Town,Town
train,TWN343,Town,Town
train,TWN327,Town,Town
train,COLHP07,Collectible Minifigures,Collectible Minifigures
train,NJO0388,NINJAGO,NINJAGO
train,NJO0399,NINJAGO,NINJAGO
train,DP051,Disney,Disney
train,COL331,Collectible Minifigures,Collectible Minifigures
train,NEX147,NEXO KNIGHTS,NEXO KNIGHTS
train,COLTLBM27,Collectible Minifigures,Collectible Minifigures
train,SW0910,Star Wars,Star Wars
train,TWN319,Town,Town
train,NJO0449,NINJAGO,NINJAGO
train,NJO0408,NINJAGO,NINJAGO
train,NJO0447,NINJAGO,NINJAGO
train,NJO0472,NINJAGO,NINJAGO
train,NJO0460,NINJAGO,NINJAGO
train,NJO0386,NINJAGO,NINJAGO
train,NJO0436,The LEGO NINJAGO Movie,The LEGO NINJAGO Movie
train,SH0488,Super Heroes,Super Heroes
train,CTY0934,Town,Town
train,CTY0935,Town,Town
train,TWN321,Town,Town
train,TWN320,Town,Town
train,COL326,Collectible Minifigures,Collectible Minifigures
train,SH0454,Super Heroes,Super Heroes
train,NEX132,NEXO KNIGHTS,NEXO KNIGHTS
train,SH0470,Super Heroes,Super Heroes
train,NJO0468,NINJAGO,NINJAGO
train,NJO0444,The LEGO NINJAGO Movie,NINJAGO
train,TRN248,Town,Town
train,SW0928,Star Wars,Star Wars
train,COLHP08,Collectible Minifigures,Collectible Minifigures
train,COLTLBM26,Collectible Minifigures,Collectible Minifigures
train,SW0903,Star Wars,Star Wars
train,COLHP10,Collectible Minifigures,Collectible Minifigures
train,CTY0900,Town,Town
train,TWN344,Town,Town
train,CTY0899,Town,Town
train,DOC016NEW,Town,Town
train,SH0509,Super Heroes,Super Heroes
train,TWN312,Town,Town
train,JW019,Jurassic World,Jurassic World
train,COL333,Collectible Minifigures,Collectible Minifigures
train,90398PB015,Harry Potter,Harry Potter
train,COLHP04,Collectible Minifigures,Collectible Minifigures
train,NJO0488,NINJAGO,NINJAGO
train,TWN333,Town,Town
train,SW0967,Star Wars,Star Wars
train,SW0954,Star Wars,Star Wars
train,47205PB044A,DUPLO,DUPLO
train,47205PB056,DUPLO,DUPLO
train,47205PB062,DUPLO,DUPLO
train,47205PB058,DUPLO,DUPLO
train,47205PB059,DUPLO,DUPLO
train,47205PB063,DUPLO,DUPLO
train,47394PB239,DUPLO,DUPLO
train,47394PB242,DUPLO,DUPLO
train,47394PB249,DUPLO,DUPLO
train,47394PB256,DUPLO,DUPLO
train,47394PB248,DUPLO,DUPLO
train,47394PB247,DUPLO,DUPLO
train,47394PB253,DUPLO,DUPLO
train,47394PB251,DUPLO,DUPLO
train,47394PB254,DUPLO,DUPLO
train,47394PB252,DUPLO,DUPLO
train,47394PB246,DUPLO,DUPLO
train,47394PB250,DUPLO,DUPLO
train,47394PB257,DUPLO,DUPLO
train,47394PB259,DUPLO,DUPLO
train,47394PB258,DUPLO,DUPLO
train,47394PB243,DUPLO,DUPLO
train,DUPCLOCK01,DUPLO,DUPLO
train,35735PB01,DUPLO,DUPLO
train,SW0930,Star Wars,Star Wars
train,HOL116,Holiday & Event,Holiday & Event
train,SH0508,Super Heroes,Super Heroes
train,SH0487,Super Heroes,Super Heroes
train,JW027,Jurassic World,Jurassic World
train,SW0947,Star Wars,Star Wars
train,SH0469,Super Heroes,LEGENDS OF CHIMA
train,CTY0892,Town,Town
train,SH0503,Super Heroes,Super Heroes
train,TWN367,Town,Town
train,SC067,SPEED CHAMPIONS,SPEED CHAMPIONS
train,SC065,SPEED CHAMPIONS,SPEED CHAMPIONS
train,SC066,SPEED CHAMPIONS,SPEED CHAMPIONS
train,SC060,SPEED CHAMPIONS,SPEED CHAMPIONS
train,SW0900,Star Wars,Star Wars
train,HOL119,Holiday & Event,Holiday & Event
train,HOL123,Holiday & Event,Holiday & Event
train,HOL120,Holiday & Event,Holiday & Event
train,SH0457,Super Heroes,Super Heroes
train,COL316,Collectible Minifigures,Collectible Minifigures
train,SW0902,Star Wars,Star Wars
train,COL325,Collectible Minifigures,Collectible Minifigures
train,SC055,SPEED CHAMPIONS,SPEED CHAMPIONS
train,CTY0840,Town,Town
train,NEX145,NEXO KNIGHTS,NEXO KNIGHTS
train,FRND0260,Friends,Friends
train,FRND0271,Friends,Friends
train,FRND0253,Friends,Friends
train,FRND0237,Friends,Friends
train,FRND0270,Friends,Friends
train,FRND0248,Friends,Friends
train,FRND0239,Friends,Friends
train,FRND0238,Friends,Friends
train,FRND0240,Friends,Friends
train,FRND0275,Friends,Friends
train,FRND0255,Friends,Friends
train,FRND0247,Friends,Friends
train,FRND0236,Friends,Friends
train,FRND0273,Friends,Friends
train,FRND0235,Friends,Friends
train,FRND0263,Friends,Friends
train,FRND0241,Friends,Friends
train,FRND0269,Friends,Friends
train,FRND0268,Friends,Friends
train,FRND0267,Friends,Friends
train,FRND0256,Friends,Friends
train,FRND0246,Friends,Friends
train,FRND0276,Friends,Friends
train,FRND0232,Friends,Friends
train,FRND0251,Friends,Friends
train,FRND0277,Friends,Friends
train,FRND0252,Friends,Friends
train,FRND0278,Friends,Friends
train,FRND0272,Friends,Friends
train,FRND0339,Friends,Friends
train,SW0959,Star Wars,Star Wars
train,SH0506,Super Heroes,Super Heroes
train,HP168,Harry Potter,Harry Potter
train,COLTLBM41,Collectible Minifigures,Collectible Minifigures
train,SH0518,Super Heroes,Super Heroes
train,HOL132,Holiday & Event,Holiday & Event
train,HP159,Harry Potter,Harry Potter
train,DP047,Disney,Disney
train,IDEA041,LEGO Ideas,LEGO Ideas
train,SH0465,Super Heroes,Super Heroes
train,SH0527,Super Heroes,Super Heroes
train,CTY0893,Town,Town
train,HOL114,Holiday & Event,Holiday & Event
train,SH0501,Super Heroes,Super Heroes
train,90398PB027,Harry Potter,Harry Potter
train,90398PB028,Harry Potter,Harry Potter
train,90398PB029,Harry Potter,Harry Potter
train,JW026,Jurassic World,Jurassic World
train,SW0949,Star Wars,Star Wars
train,SW0925,Star Wars,Star Wars
train,SW0934,Star Wars,Star Wars
train,SW0921,Star Wars,Star Wars
train,GEN107,LEGO Brand,LEGO Brand
train,SH0453,Super Heroes,Super Heroes
train,SH0493,Super Heroes,Super Heroes
train,HP153,Harry Potter,Harry Potter
train,HP143,Harry Potter,Harry Potter
train,HP150,Harry Potter,Harry Potter
train,COLHP15,Collectible Minifigures,Collectible Minifigures
train,COLHP01,Collectible Minifigures,Collectible Minifigures
train,NJO0476,NINJAGO,NINJAGO
train,NJO0484,NINJAGO,NINJAGO
train,NJO0462,NINJAGO,NINJAGO
train,HP160,Harry Potter,Harry Potter
train,CTY0839,Town,Town
train,HP139,Harry Potter,Harry Potter
train,HP156,Harry Potter,Harry Potter
train,COLHP02,Collectible Minifigures,Collectible Minifigures
train,90398PB017,Harry Potter,Harry Potter
train,CTY0910,Town,Town
train,CTY0909,Town,Town
train,CTY0920,Town,Town
train,HP171,Harry Potter,Harry Potter
train,CTY0933,Town,Town
train,90398PB030,Harry Potter,Harry Potter
train,90398PB031,Harry Potter,Harry Potter
train,90398PB032,Harry Potter,Harry Potter
train,COLTLBM28,Collectible Minifigures,Collectible Minifigures
train,CTY0938,Town,Town
train,SW0914,Star Wars,Star Wars
train,SW0926,Star Wars,Star Wars
train,NEX129,NEXO KNIGHTS,NEXO KNIGHTS
train,NJO0464,NINJAGO,NINJAGO
train,SH0498,Super Heroes,Super Heroes
train,SH0496,Super Heroes,Super Heroes
train,SH0497A,Super Heroes,Super Heroes
train,SH0510,Super Heroes,Super Heroes
train,CTY0937,Town,Town
train,HP166,Harry Potter,Harry Potter
train,COLHP19,Collectible Minifigures,Collectible Minifigures
train,SW0896,Star Wars,Star Wars
train,SW0897,Star Wars,Star Wars
train,NJO0451,NINJAGO,NINJAGO
train,NJO0448,NINJAGO,NINJAGO
train,NJO0486,NINJAGO,NINJAGO
train,NJO0389,NINJAGO,NINJAGO
train,NEX138,NEXO KNIGHTS,NEXO KNIGHTS
train,NJO0478,NINJAGO,NINJAGO
train,COLTLBM40,Collectible Minifigures,Collectible Minifigures
train,NJO0469,NINJAGO,NINJAGO
train,NJO0457,NINJAGO,NINJAGO
train,NJO0473,NINJAGO,NINJAGO
train,NJO0391,NINJAGO,NINJAGO
train,NJO0391A,NINJAGO,NINJAGO
train,JW025,Jurassic World,Jurassic World
train,SW0935,Star Wars,Star Wars
train,SH0472,Super Heroes,Super Heroes
train,NJO0402,NINJAGO,NINJAGO
train,CTY0941,Town,Town
train,NEX146,NEXO KNIGHTS,NEXO KNIGHTS
train,NEX141,NEXO KNIGHTS,NEXO KNIGHTS
train,SW0973,Star Wars,Star Wars
train,SW0923,Star Wars,Star Wars
train,TLS091,LEGO Brand,LEGO Brand
train,TLS090,LEGO Brand,LEGO Brand
train,TLS097,LEGO Brand,LEGO Brand
train,GEN133,LEGO Brand,LEGO Brand
train,SH0519,Super Heroes,Super Heroes
train,JW029,Jurassic World,Jurassic World
train,NJO0438,The LEGO NINJAGO Movie,The LEGO NINJAGO Movie
train,IDEA045,LEGO Ideas,LEGO Ideas
train,NJO0403,NINJAGO,NINJAGO
train,NJO0424,NINJAGO,NINJAGO
train,NJO0474,NINJAGO,NINJAGO
train,NJO0481,NINJAGO,NINJAGO
train,NJO0401,NINJAGO,NINJAGO
train,NJO0429,NINJAGO,NINJAGO
train,SW0974,Star Wars,Star Wars
train,SH0486,Super Heroes,Super Heroes
train,COLHP09,Collectible Minifigures,Collectible Minifigures
train,HP135,Harry Potter,Harry Potter
train,TWN348,LEGO Brand,LEGO Brand
train,TWN350,LEGO Brand,LEGO Brand
train,TWN354,LEGO Brand,LEGO Brand
train,SW0971,Star Wars,Star Wars
train,SW0952,Star Wars,Star Wars
train,SW0887,Star Wars,Star Wars
train,NEX133,NEXO KNIGHTS,NEXO KNIGHTS
train,COLHP14,Collectible Minifigures,Collectible Minifigures
train,HP170,Harry Potter,Harry Potter
train,JW024,Jurassic World,Jurassic World
train,TWN366,Town,Town
train,TRN247,Town,Town
train,TWN331,Town,Town
train,CTY0913,Town,Town
train,TWN311,Town,Town
train,HP136,Harry Potter,Harry Potter
train,TWN334,Town,Town
train,CTY0896,Town,Town
train,CTY0902,Town,Town
train,NEX126,NEXO KNIGHTS,NEXO KNIGHTS
train,SH0524,Super Heroes,Super Heroes
train,CTY0849,Town,Town
train,CTY0875,Town,Town
train,CTY0895,Town,Town
train,CTY0885,Town,Town
train,CTY0884,Town,Town
train,CTY0846,Town,Town
train,NJO0483,NINJAGO,NINJAGO
train,SW0917,Star Wars,Super Heroes
train,CTY0851,Town,Town
train,CTY0867,Town,Town
train,CTY0872,Town,Town
train,CTY0879,Town,Town
train,CTY0834,Town,Town
train,CTY0831,Town,Town
train,CTY0835,Town,Town
train,CTY0871,Town,Town
train,CTY0890A,Town,Town
train,CTY0833,Town,Town
train,CTY0869,Town,Town
train,CTY0854,Town,Town
train,CTY0852,Town,Town
train,CTY0832,Town,Town
train,CTY0855,Town,Town
train,CTY0887,Town,Town
train,CTY0883,Town,Town
train,CTY0853,Town,Town
train,CTY0868,Town,Town
train,CTY0870,Town,Town
train,NJO0385,NINJAGO,NINJAGO
train,DP077,Disney,Disney
train,CTY0932,Town,Town
train,HOL122,Holiday & Event,Holiday & Event
train,SH0467,Super Heroes,Super Heroes
train,HP145,Harry Potter,Harry Potter
train,SH0475,Super Heroes,Super Heroes
train,COLHP06,Collectible Minifigures,Collectible Minifigures
train,HP165,Harry Potter,Harry Potter
train,COLHP17,Collectible Minifigures,Collectible Minifigures
train,SH0481,Super Heroes,Super Heroes
train,NJO0404,NINJAGO,NINJAGO
train,NJO0433,NINJAGO,NINJAGO
train,NJO0482,NINJAGO,NINJAGO
train,NJO0475,NINJAGO,NINJAGO
train,NJO0485,NINJAGO,NINJAGO
train,NJO0594,NINJAGO,NINJAGO
train,NJO0398,NINJAGO,NINJAGO
train,NJO0430,NINJAGO,NINJAGO
train,SH0476,Super Heroes,Super Heroes
train,DP054A,Disney,Disney
train,HP137,Harry Potter,Harry Potter
train,SH0523,Super Heroes,Super Heroes
train,TWN305,Town,Town
train,TWN346,Town,Town
train,SH0505,Super Heroes,Super Heroes
train,JW023,Jurassic World,Jurassic World
train,COL332,Collectible Minifigures,Collectible Minifigures
train,COL330,Collectible Minifigures,Collectible Minifigures
train,COL340,Collectible Minifigures,Collectible Minifigures
train,COLHP22,Collectible Minifigures,Collectible Minifigures
train,PI006NEW,Pirates,Pirates
train,TWN342,Town,Town
train,TWN332,Town,Town
train,PLN184,Town,Town
train,PLN183,Town,Town
train,CTY0948,Town,Town
train,NEX131,NEXO KNIGHTS,NEXO KNIGHTS
train,CTY0888,Town,Town
train,SC058,SPEED CHAMPIONS,SPEED CHAMPIONS
train,SC059,SPEED CHAMPIONS,SPEED CHAMPIONS
train,SC057,SPEED CHAMPIONS,SPEED CHAMPIONS
train,DP052,Disney,Disney
train,DP049,Disney,Disney
train,SW0958,Star Wars,Star Wars
train,NJO0439,The LEGO NINJAGO Movie,The LEGO NINJAGO Movie
train,COLHP13,Collectible Minifigures,Collectible Minifigures
train,HP152,Harry Potter,Harry Potter
train,90398PB022,Harry Potter,Harry Potter
train,90398PB024,Harry Potter,Harry Potter
train,HP134A,Harry Potter,Harry Potter
train,HP173,Harry Potter,Harry Potter
train,COLHP11,Collectible Minifigures,Collectible Minifigures
train,SW0946,Star Wars,Star Wars
train,SW0916,Star Wars,Star Wars
train,SW0920,Star Wars,Star Wars
train,SW0924,Star Wars,Star Wars
train,TWN326,Town,Town
train,HP164,Harry Potter,Harry Potter
train,COLHP20,Collectible Minifigures,Collectible Minifigures
train,IDEA038,LEGO Ideas,LEGO Ideas
train,SW0938,Star Wars,Star Wars
train,CTY0922,Town,Town
train,CTY0874,Town,Town
train,COL324,Collectible Minifigures,Collectible Minifigures
train,SC062,SPEED CHAMPIONS,SPEED CHAMPIONS
train,SW0950,Star Wars,Star Wars
train,DP059,Disney,Disney
train,DP055,Disney,Disney
train,90398PB033,Harry Potter,Harry Potter
train,90398PB034,Harry Potter,Harry Potter
train,SW0932,Star Wars,Star Wars
train,HOL131,Holiday & Event,Holiday & Event
train,SW1005,Star Wars,Star Wars
train,SW0883,Star Wars,Star Wars
train,SW0892,Star Wars,Star Wars
train,SH0471,Super Heroes,Super Heroes
train,IDEA040,LEGO Ideas,LEGO Ideas
train,SW0955,Star Wars,Star Wars
train,NEX135,NEXO KNIGHTS,NEXO KNIGHTS
train,TWN313,Town,Town
train,HP142,Harry Potter,Harry Potter
train,HP151,Harry Potter,Harry Potter
train,HP154,Harry Potter,Harry Potter
train,COLHP03,Collectible Minifigures,Collectible Minifigures
train,90398PB019,Harry Potter,Harry Potter
train,SW0901,Star Wars,Star Wars
train,HP162,Harry Potter,Harry Potter
train,NEX148,NEXO KNIGHTS,NEXO KNIGHTS
train,NJO0443,The LEGO NINJAGO Movie,The LEGO NINJAGO Movie
train,NJO0442,The LEGO NINJAGO Movie,The LEGO NINJAGO Movie
train,HP161,Harry Potter,Harry Potter
train,IDEA039,LEGO Ideas,LEGO Ideas
train,NJO0390,NINJAGO,NINJAGO
train,SH0480,Super Heroes,Super Heroes
train,SW0882,Star Wars,Star Wars
train,SW0961,Star Wars,Star Wars
train,HOL125,Holiday & Event,Holiday & Event
train,NJO0427,NINJAGO,NINJAGO
train,SH0479,Super Heroes,Super Heroes
train,JW041,Jurassic World,Jurassic World
train,NJO0431,NINJAGO,NINJAGO
train,SH0520,Super Heroes,Super Heroes
train,GEN099,Town,Town
train,GEN094,NINJAGO,NINJAGO
train,MIN065,Minecraft,Minecraft
train,NJO0395,NINJAGO,NINJAGO
train,MIN064,Minecraft,Minecraft
train,NJO0465,NINJAGO,NINJAGO
train,NJO0477,NINJAGO,NINJAGO
train,90398PB038,Harry Potter,Harry Potter
train,HOL130,Holiday & Event,Holiday & Event
train,SH0499,Super Heroes,Super Heroes
train,SH0474,Super Heroes,Super Heroes
train,HOL124,Holiday & Event,Holiday & Event
train,MIN060,Minecraft,Minecraft
train,MIN061,Minecraft,Minecraft
train,CTY0939,Town,Town
train,SH0483,Super Heroes,Super Heroes
train,SH0463,Super Heroes,Super Heroes
train,SH0489,Super Heroes,Super Heroes
train,TWN315,Town,Town
train,TWN314,Town,Town
train,HP149A,Harry Potter,Harry Potter
train,COLTLBM30,Collectible Minifigures,Collectible Minifigures
train,SH0529,Super Heroes,Super Heroes
train,NJO0479,NINJAGO,NINJAGO
train,SH0530,Super Heroes,Super Heroes
train,SH0504,Super Heroes,Super Heroes
train,IDEA043,LEGO Ideas,LEGO Ideas
train,SH0515,Super Heroes,Super Heroes
train,SH0517,Super Heroes,Super Heroes
train,IDEA042,LEGO Ideas,LEGO Ideas
train,SH0502,Super Heroes,Super Heroes
train,JW030,Jurassic World,Jurassic World
train,HP163,Harry Potter,Harry Potter
train,SW0941,Star Wars,Star Wars
train,SW0919,Star Wars,Star Wars
train,CTY0942,Town,Town
train,CTY0916,Town,Town
train,HP158,Harry Potter,Harry Potter
train,CTY0838,Town,Town
train,SW0970,Star Wars,Star Wars
train,NJO0400,NINJAGO,NINJAGO
train,NJO0397,NINJAGO,NINJAGO
train,SH0468,Super Heroes,Super Heroes
train,COLTLBM34,Collectible Minifigures,Collectible Minifigures
train,COLTLBM32,Collectible Minifigures,Collectible Minifigures
train,COLTLBM31,Collectible Minifigures,Collectible Minifigures
train,NEX150,NEXO KNIGHTS,NEXO KNIGHTS
train,NEX128,NEXO KNIGHTS,NEXO KNIGHTS
train,NEX127,NEXO KNIGHTS,NEXO KNIGHTS
train,COL334,Collectible Minifigures,Collectible Minifigures
train,SW0942,Star Wars,Star Wars
train,CTY0901,Town,Town
train,COLTLBM37,Collectible Minifigures,Collectible Minifigures
train,SH0456,Super Heroes,Super Heroes
train,COL335,Collectible Minifigures,Collectible Minifigures
train,NJO0632,NINJAGO,NINJAGO
train,NJO0456,NINJAGO,NINJAGO
train,NJO0450,NINJAGO,NINJAGO
train,NJO0467,NINJAGO,NINJAGO
train,SW0906,Star Wars,Star Wars
train,NJO0453,NINJAGO,NINJAGO
train,NJO0458,NINJAGO,NINJAGO
train,NJO0393,NINJAGO,NINJAGO
train,NJO0410,NINJAGO,NINJAGO
train,NJO0423,NINJAGO,NINJAGO
train,JW031,Jurassic World,Jurassic World
train,SC078,SPEED CHAMPIONS,SPEED CHAMPIONS
train,SC076,SPEED CHAMPIONS,SPEED CHAMPIONS
train,SC070,SPEED CHAMPIONS,SPEED CHAMPIONS
train,DP067,Disney,Disney
train,JW049,Jurassic World,Jurassic World
train,SW1001,Star Wars,Star Wars
train,DIS033,Collectible Minifigures,Collectible Minifigures
train,SH0563,Super Heroes,Super Heroes
train,90398PB040,Super Heroes,Super Heroes
train,TLM150,Collectible Minifigures,Collectible Minifigures
train,DP063,Disney,Disney
train,NJO0540,NINJAGO,NINJAGO
train,SW1052,Star Wars,Star Wars
train,SW1013,Star Wars,Star Wars
train,CTY1036,Town,Town
train,CTY1067,Town,Town
train,CTY1008,Town,Town
train,CTY1064,Town,Town
train,CTY1040,Town,Town
train,CTY1068,Town,Town
train,CTY1041,Town,Town
train,CTY1028,Town,Town
train,CTY1063,Town,Town
train,CTY1034,Town,Town
train,CTY1059,Town,Town
train,CTY1061,Town,Town
train,CTY1076,Town,Town
train,SH0544,Super Heroes,Super Heroes
train,DP064,Disney,Disney
train,HP194,Harry Potter,Harry Potter
train,SW1037,Star Wars,Star Wars
train,CTY1048,Town,Town
train,IDEA048,LEGO Ideas,LEGO Ideas
train,SH0016B,Super Heroes,Super Heroes
train,SH0607,Super Heroes,Super Heroes
train,SH0559,Super Heroes,Super Heroes
train,SW1034,Star Wars,Star Wars
train,CTY1054,Town,Town
train,COL356,Collectible Minifigures,Collectible Minifigures
train,IDEA047,LEGO Ideas,LEGO Ideas
train,BDP004,BrickLink Designer Program,BrickLink Designer Program
train,SH0571,Super Heroes,Super Heroes
train,MIN072,Minecraft,Minecraft
train,MIN071,Minecraft,Minecraft
train,NJO0524,NINJAGO,NINJAGO
train,NJO0528,NINJAGO,NINJAGO
train,NJO0556,NINJAGO,NINJAGO
train,NJO0549,NINJAGO,NINJAGO
train,NJO0525,NINJAGO,NINJAGO
train,NJO0518,NINJAGO,NINJAGO
train,SW1068,Star Wars,Star Wars
train,CTY1081,Town,Town
train,HOL163,Holiday & Event,Holiday & Event
train,IDEA051,LEGO Ideas,LEGO Ideas
train,CTY1015,Town,Town
train,CTY1023,Town,Town
train,GEN148,LEGO Brand,LEGO Brand
train,SH0596,Super Heroes,Super Heroes
train,CTY0964,Town,Town
train,CTY1033,Town,Town
train,TLM158,Collectible Minifigures,Collectible Minifigures
train,SW1035,Star Wars,Star Wars
train,SH0605,Super Heroes,Super Heroes
train,SH0555,Super Heroes,Super Heroes
train,SW1058,Star Wars,Star Wars
train,SH0541,Super Heroes,Super Heroes
train,BDP007,BrickLink Designer Program,BrickLink Designer Program
train,HP179A,Harry Potter,Harry Potter
train,IDEA058,LEGO Ideas,LEGO Ideas
train,NJO0541,NINJAGO,NINJAGO
train,SC068,SPEED CHAMPIONS,SPEED CHAMPIONS
train,HOL144,Holiday & Event,Holiday & Event
train,CTY1046,Town,Town
train,IDEA055,LEGO Ideas,LEGO Ideas
train,TWN372,Town,Town
train,HOL146,Holiday & Event,Holiday & Event
train,TWN356,Town,Town
train,TWN376A,Town,Town
train,CTY1019,Town,Town
train,DIS045,Disney,Disney
train,DIS030,Collectible Minifigures,Collectible Minifigures
train,CTY1031,Town,Town
train,CTY1066,Town,Town
train,CTY1056,Town,Town
train,CTY1077,Town,Town
train,JW052,Jurassic World,Jurassic World
train,SW1003,Star Wars,Star Wars
train,NJO0527,NINJAGO,NINJAGO
train,NJO0493,NINJAGO,NINJAGO
train,NJO0551,NINJAGO,NINJAGO
train,NJO0546,NINJAGO,NINJAGO
train,SH0591,Super Heroes,Super Heroes
train,CTY0969,Town,Town
train,CTY0971,Town,Town
train,TLM152,Collectible Minifigures,Collectible Minifigures
train,CTY1085,Town,Town
train,CTY1017,Town,Town
train,NJO0468A,NINJAGO,NINJAGO
train,SW1025,Star Wars,Star Wars
train,DIS031,Collectible Minifigures,Collectible Minifigures
train,SW1029,Star Wars,Star Wars
train,HOL139,Holiday & Event,Holiday & Event
train,JW059,Jurassic World,Jurassic World
train,CTY0983,Town,Town
train,DIS027,Collectible Minifigures,Collectible Minifigures
train,CTY0959,Town,Town
train,CTY0958,Town,Town
train,CTY1052,Town,Town
train,CTY1062,Town,Town
train,TLM163,Collectible Minifigures,Collectible Minifigures
train,SH0548,Super Heroes,Super Heroes
train,HOL152,Holiday & Event,Holiday & Event
train,HOL145,Holiday & Event,Holiday & Event
train,HOL153,Holiday & Event,Holiday & Event
train,HOL154,Holiday & Event,Holiday & Event
train,HOL156,Holiday & Event,Holiday & Event
train,HOL148,Holiday & Event,Holiday & Event
train,HOL150,Holiday & Event,Holiday & Event
train,HOL151,Holiday & Event,Holiday & Event
train,HOL136,Holiday & Event,Holiday & Event
train,HOL134,Holiday & Event,Holiday & Event
train,MIN067,Minecraft,Minecraft
train,CTY1029,Town,Town
train,47205PB067,DUPLO,DUPLO
train,47394PB276,DUPLO,DUPLO
train,47394PB277,DUPLO,DUPLO
train,47394PB270,DUPLO,DUPLO
train,47205PB064,DUPLO,DUPLO
train,47394PB273,DUPLO,DUPLO
train,47394PB266,DUPLO,DUPLO
train,47394PB269,DUPLO,DUPLO
train,47394PB279,DUPLO,DUPLO
train,47394PB272,DUPLO,DUPLO
train,47394PB265,DUPLO,DUPLO
train,47394PB261,DUPLO,DUPLO
train,47394PB267,DUPLO,DUPLO
train,47394PB268,DUPLO,DUPLO
train,47394PB260,DUPLO,DUPLO
train,SW1030,Star Wars,Star Wars
train,DIS040,Collectible Minifigures,Collectible Minifigures
train,BDP010,BrickLink Designer Program,BrickLink Designer Program
train,BDP009,BrickLink Designer Program,BrickLink Designer Program
train,SW0989,Star Wars,Star Wars
train,DP069,Disney,Disney
train,DP071,Disney,Disney
train,DIS032,Collectible Minifigures,Collectible Minifigures
train,MIN066,Minecraft,Minecraft
train,HP193,Harry Potter,Harry Potter
train,HP183,Harry Potter,Super Heroes
train,TWN377,Town,Town
train,CTY0984,Town,Town
train,HOL142,Holiday & Event,Holiday & Event
train,SC077,SPEED CHAMPIONS,SPEED CHAMPIONS
train,SW1040,Star Wars,Star Wars
train,SW1066,Star Wars,Star Wars
train,CTY0966,Town,Town
train,CTY0974,Town,Town
train,CTY0961,Town,Town
train,CTY0962,Town,Town
train,CTY0967,Town,Town
train,CTY0960,Town,Town
train,CTY0951,Town,Town
train,CTY1004,Town,Town
train,CTY0973,Town,Town
train,CTY1012,Town,Town
train,COL349,Collectible Minifigures,Collectible Minifigures
train,SH0579,Super Heroes,Super Heroes
train,SW1055,Star Wars,Star Wars
train,SW0905,Star Wars,Star Wars
train,SW1056,Star Wars,Star Wars
train,HP178,Harry Potter,Harry Potter
train,HP187,Harry Potter,Harry Potter
train,COL355,Collectible Minifigures,Collectible Minifigures
train,FRND0292,Friends,Friends
train,FRND0296,Friends,Friends
train,FRND0308,Friends,Friends
train,FRND0282,Friends,Friends
train,FRND0288,Friends,Friends
train,FRND0287,Friends,Friends
train,FRND0335,Friends,Friends
train,FRND0293,Friends,Friends
train,FRND0303,Friends,Friends
train,FRND0294,Friends,Friends
train,FRND0283,Friends,Friends
train,FRND0302,Friends,Friends
train,FRND0305,Friends,Friends
train,FRND0313,Friends,Friends
train,FRND0322,Friends,Friends
train,FRND0342,Friends,Friends
train,FRND0304,Friends,Friends
train,FRND0326,Friends,Friends
train,FRND0306,Friends,Friends
train,FRND0291,Friends,Friends
train,FRND0289,Friends,Friends
train,FRND0298,Friends,Friends
train,FRND0281,Friends,Friends
train,FRND0290,Friends,Friends
train,FRND0316,Friends,Friends
train,FRND0330,Friends,Friends
train,FRND0301,Friends,Friends
train,FRND0323,Friends,Friends
train,FRND0321,Friends,Friends
train,FRND0314,Friends,Friends
train,FRND0334,Friends,Friends
train,FRND0299,Friends,Friends
train,FRND0336,Friends,Friends
train,FRND0341,Friends,Friends
train,FRND0319,Friends,Friends
train,FRND0311,Friends,Friends
train,FRND0320,Friends,Friends
train,FRND0325,Friends,Friends
train,FRND0340,Friends,Friends
train,COL343,Collectible Minifigures,Collectible Minifigures
train,COL352,Collectible Minifigures,Collectible Minifigures
train,CTY0957,Town,Town
train,CTY0956,Town,Town
train,COL353,Collectible Minifigures,Collectible Minifigures
train,SW1011,Star Wars,Star Wars
train,SW1062,Star Wars,Star Wars
train,NJO0523,NINJAGO,NINJAGO
train,HOL169,Holiday & Event,Holiday & Event
train,HOL168,Holiday & Event,Holiday & Event
train,TLM151,Collectible Minifigures,Collectible Minifigures
train,CTY1080,Town,Town
train,TLM159,Collectible Minifigures,Collectible Minifigures
train,SW1041,Star Wars,Star Wars
train,CTY1025,Town,Town
train,HOL140,Holiday & Event,Holiday & Event
train,CTY1024,Town,Town
train,HOL165,Holiday & Event,Holiday & Event
train,SH0545,Super Heroes,Super Heroes
train,CTY1060,Town,Town
train,CTY1010,Town,Town
train,IDEA062,LEGO Ideas,LEGO Ideas
train,DIS036,Collectible Minifigures,Collectible Minifigures
train,SH0606,Super Heroes,Super Heroes
train,CTY1074,Town,Town
train,SH0599,Super Heroes,Super Heroes
train,HP176,Harry Potter,Harry Potter
train,HP184,Harry Potter,Harry Potter
train,HP175,Harry Potter,Harry Potter
train,HP206,Harry Potter,Harry Potter
train,SH0570,Super Heroes,Super Heroes
train,NJO0515,NINJAGO,NINJAGO
train,TWN375,Town,Town
train,CTY1082,Town,Town
train,DIS037,Collectible Minifigures,Collectible Minifigures
train,HP208,Harry Potter,Harry Potter
train,HP186,Harry Potter,Harry Potter
train,CTY1084,Town,Town
train,SW1008,Star Wars,Star Wars
train,SW1015,Star Wars,Star Wars
train,SW1016,Star Wars,Star Wars
train,SW1014,Star Wars,Star Wars
train,SW1026,Star Wars,Star Wars
train,JW046,Jurassic World,Jurassic World
train,DIS026,Collectible Minifigures,Collectible Minifigures
train,TLM154,Collectible Minifigures,Collectible Minifigures
train,SH0577,Super Heroes,Super Heroes
train,SH0611,Super Heroes,Super Heroes
train,SH0581,Super Heroes,Super Heroes
train,BDP029,BrickLink Designer Program,BrickLink Designer Program
train,SW1044,Star Wars,Star Wars
train,SW1043,Star Wars,Star Wars
train,SW1017,Star Wars,Star Wars
train,SW1007,Star Wars,Star Wars
train,SW1031,Star Wars,Star Wars
train,SW0997B,Star Wars,Star Wars
train,SW0982,Star Wars,Star Wars
train,SW0987,Star Wars,Star Wars
train,SW0988,Star Wars,Star Wars
train,SH0567,Super Heroes,Super Heroes
train,SH0573,Super Heroes,Super Heroes
train,SH0575,Super Heroes,Super Heroes
train,DIS039,Collectible Minifigures,Collectible Minifigures
train,DP066,Disney,Disney
train,DP068,Disney,Disney
train,NJO0509,NINJAGO,NINJAGO
train,NJO0489,NINJAGO,NINJAGO
train,NJO0548,NINJAGO,NINJAGO
train,NJO0536,NINJAGO,NINJAGO
train,NJO0534,NINJAGO,NINJAGO
train,CTY1002,Town,Town
train,IDEA060,LEGO Ideas,LEGO Ideas
train,NJO0492,NINJAGO,NINJAGO
train,NJO0513,NINJAGO,NINJAGO
train,NJO0526,NINJAGO,NINJAGO
train,NJO0538,NINJAGO,NINJAGO
train,NJO0530,NINJAGO,NINJAGO
train,SW0996,Star Wars,Star Wars
train,CTY0987,Town,Town
train,SW1012,Star Wars,Star Wars
train,SW1060,Star Wars,Star Wars
train,SW1063,Star Wars,Star Wars
train,NJO0504,NINJAGO,NINJAGO
train,SW1006,Star Wars,Star Wars
train,SW1027,Star Wars,Star Wars
train,SW1067,Star Wars,Star Wars
train,NJO0497,NINJAGO,NINJAGO
train,CTY1070,Town,Holiday & Event
train,CTY1057,Town,Town
train,TLS099,LEGO Brand,LEGO Brand
train,IDEA064,LEGO Ideas,LEGO Ideas
train,DP075,Disney,Disney
train,NJO0516,NINJAGO,NINJAGO
train,NJO0514,NINJAGO,NINJAGO
train,NJO0544,NINJAGO,NINJAGO
train,NJO0519,NINJAGO,NINJAGO
train,NJO0533,NINJAGO,NINJAGO
train,NJO0505,NINJAGO,NINJAGO
train,HP197,Harry Potter,Harry Potter
train,BDP003,BrickLink Designer Program,BrickLink Designer Program
train,BDP002,BrickLink Designer Program,BrickLink Designer Program
train,BDP001,BrickLink Designer Program,BrickLink Designer Program
train,SW0991,Star Wars,Star Wars
train,SW0999,Star Wars,Star Wars
train,SW1039,Star Wars,Star Wars
train,CTY1093,Town,Town
train,HP201,Harry Potter,Harry Potter
train,SW1010,Star Wars,Star Wars
train,TWN371,Town,Town
train,CTY1043,Town,Town
train,CTY0985,Town,Town
train,TWN363,Town,Town
train,SH0601,Super Heroes,Super Heroes
train,SH0597A,Super Heroes,Super Heroes
train,TWN358,Town,Town
train,TWN361,Town,Town
train,CTY1072,Town,Town
train,CTY1030,Town,Town
train,IDEA049,LEGO Ideas,LEGO Ideas
train,SH0583,Super Heroes,Super Heroes
train,CTY1018,Town,Town
train,IDEA053,LEGO Ideas,LEGO Ideas
train,IDEA057,LEGO Ideas,LEGO Ideas
train,COL344,Collectible Minifigures,Collectible Minifigures
train,HOL138,Holiday & Event,Holiday & Event
train,COL357,Collectible Minifigures,Collectible Minifigures
train,SW1004,Star Wars,Star Wars
train,SW1042,Star Wars,Star Wars
train,SW0983,Star Wars,Star Wars
train,SH0587,Super Heroes,Super Heroes
train,COL347,Collectible Minifigures,Collectible Minifigures
train,SH0580,Super Heroes,Super Heroes
train,TWN373,Town,Town
train,TWN374,Town,Town
train,CTY1020,Town,Town
train,SH0602,Super Heroes,Super Heroes
train,SH0554,Super Heroes,Super Heroes
train,SH0585A,Super Heroes,Super Heroes
train,NJO0503,NINJAGO,NINJAGO
train,NJO0475B,NINJAGO,NINJAGO
train,NJO0491,NINJAGO,NINJAGO
train,NJO0542,NINJAGO,NINJAGO
train,SW1069,Star Wars,Star Wars
train,SH0556,Super Heroes,Super Heroes
train,NJO0511,NINJAGO,NINJAGO
train,NJO0501,NINJAGO,NINJAGO
train,JW048,Jurassic World,Jurassic World
train,CTY0952,Town,Town
train,JW045,Jurassic World,Jurassic World
train,CTY1418,Town,Town
train,SH0582,Super Heroes,Super Heroes
train,HP196,Harry Potter,Harry Potter
train,IDEA061,LEGO Ideas,LEGO Ideas
train,MIN068,Minecraft,Minecraft
train,CTY1089,Town,Town
train,GEN142,LEGO Brand,LEGO Brand
train,GEN145,LEGO Brand,LEGO Brand
train,GEN146,LEGO Brand,LEGO Brand
train,GEN144,LEGO Brand,LEGO Brand
train,GEN143,LEGO Brand,LEGO Brand
train,SW1049,Star Wars,Star Wars
train,SH0550,Super Heroes,Super Heroes
train,CTY0976,Town,Town
train,CTY0992,Town,Town
train,CTY1090,Town,Town
train,CTY0981,Town,Town
train,CTY1007,Town,Town
train,SW1036,Star Wars,Star Wars
train,SW0994,Star Wars,Star Wars
train,SW1022,Star Wars,Star Wars
train,SH0600,Super Heroes,Super Heroes
train,HP205,Harry Potter,Harry Potter
train,HP152A,Harry Potter,Harry Potter
train,COL345,Collectible Minifigures,Collectible Minifigures
train,SH0603,Super Heroes,Super Heroes
train,NJO0552,NINJAGO,NINJAGO
train,NJO0553,NINJAGO,NINJAGO
train,NJO0506,NINJAGO,NINJAGO
train,SC073,SPEED CHAMPIONS,SPEED CHAMPIONS
train,IDEA059,LEGO Ideas,LEGO Ideas
train,JW058,Jurassic World,Jurassic World
train,CTY1045,Town,Town
train,CTY1032,Town,Town
train,SH0610,Super Heroes,Super Heroes
train,SW1054,Star Wars,Star Wars
train,SH0588,Super Heroes,Super Heroes
train,CTY1038,Town,Town
train,SH0569,Super Heroes,Super Heroes
train,HP207,Harry Potter,Harry Potter
train,HP180,Harry Potter,Harry Potter
train,HP185,Harry Potter,Harry Potter
train,IDEA056,LEGO Ideas,LEGO Ideas
train,HP200,Harry Potter,Harry Potter
train,COL354,Collectible Minifigures,Collectible Minifigures
train,DIS038,Collectible Minifigures,Collectible Minifigures
train,NJO0502,NINJAGO,NINJAGO
train,SH0537,Super Heroes,Super Heroes
train,SW0992,Star Wars,Star Wars
train,CTY0986,Town,Town
train,TLM165,Collectible Minifigures,Collectible Minifigures
train,BDP023,BrickLink Designer Program,BrickLink Designer Program
train,CTY1011,Town,SPEED CHAMPIONS
train,DIS029,Collectible Minifigures,Collectible Minifigures
train,SH0586,Super Heroes,Super Heroes
train,SH0592,Super Heroes,Super Heroes
train,TLM153,Collectible Minifigures,Collectible Minifigures
train,COL342,Collectible Minifigures,Collectible Minifigures
train,JW050,Jurassic World,LEGO Ideas
train,JW054,Jurassic World,Jurassic World
train,SW1065,Star Wars,Star Wars
train,GEN135,Friends,Friends
train,GEN134,Friends,Friends
train,CTY1079,Town,Town
train,CTY1083,Town,Town
train,CTY1078,Town,Town
train,CTY1086,Town,Town
train,CTY1088,Town,Town
train,CTY0991,Town,Town
train,CTY0978,Town,Town
train,CTY0954,Town,Town
train,CTY0979,Town,Town
train,CTY0998,Town,Town
train,CTY0988,Town,Town
train,CTY0993,Town,Town
train,CTY0994,Town,Town
train,CTY0999,Town,Town
train,CTY0980,Town,Town
train,CTY1003,Town,Town
train,CTY1000,Town,Town
train,BDP020,BrickLink Designer Program,BrickLink Designer Program
train,BDP022,BrickLink Designer Program,BrickLink Designer Program
train,BDP021,BrickLink Designer Program,BrickLink Designer Program
train,BDP018,BrickLink Designer Program,BrickLink Designer Program
train,BDP019,BrickLink Designer Program,BrickLink Designer Program
train,BDP017,BrickLink Designer Program,BrickLink Designer Program
train,CTY1087,Town,Town
train,HOL161,Holiday & Event,Holiday & Event
train,HOL160,Holiday & Event,Holiday & Event
train,HOL170,Holiday & Event,Holiday & Event
train,HOL166,Holiday & Event,Holiday & Event
train,HOL143,Holiday & Event,Holiday & Event
train,SH0578,Super Heroes,Super Heroes
train,SH0546,Super Heroes,Super Heroes
train,NJO0498,NINJAGO,NINJAGO
train,CTY1073,Town,Town
train,HP204,Harry Potter,Harry Potter
train,CTY0989,Town,Town
train,HP199,Harry Potter,Harry Potter
train,CTY1016,Town,Town
train,NJO0500,NINJAGO,NINJAGO
train,NJO0507,NINJAGO,NINJAGO
train,NJO0508,NINJAGO,NINJAGO
train,GEN132,LEGO Brand,LEGO Brand
train,GEN139A,Town,Town
train,HOL162,Holiday & Event,Holiday & Event
train,SH0553,Super Heroes,Super Heroes
train,CTY1022,Town,Town
train,SW1047,Star Wars,Star Wars
train,SH0576,Super Heroes,Super Heroes
train,SH0549,Super Heroes,Super Heroes
train,SH0590,Super Heroes,Super Heroes
train,SH0598,Super Heroes,Super Heroes
train,BDP025,BrickLink Designer Program,BrickLink Designer Program
train,BDP028,BrickLink Designer Program,BrickLink Designer Program
train,BDP026,BrickLink Designer Program,BrickLink Designer Program
train,SH0593,Super Heroes,Super Heroes
train,SH0572,Super Heroes,Super Heroes
train,DP065,Disney,Disney
train,TLM166,Collectible Minifigures,Collectible Minifigures
train,JW051,Jurassic World,Jurassic World
train,CTY1047,Town,Town
train,SH0594,Super Heroes,Super Heroes
train,TLM167,Collectible Minifigures,Collectible Minifigures
train,SH0542,Super Heroes,Super Heroes
train,TWN357,Town,Town
train,JW055,Jurassic World,Jurassic World
train,COL341,Collectible Minifigures,Collectible Minifigures
train,HP189,Harry Potter,Harry Potter
train,HP177,Harry Potter,Harry Potter
train,DIS025,Collectible Minifigures,Collectible Minifigures
train,TLM155,Collectible Minifigures,Collectible Minifigures
train,IDEA046,LEGO Ideas,LEGO Ideas
train,SW1028,Star Wars,Star Wars
train,NJO0550,NINJAGO,NINJAGO
train,NJO0495,NINJAGO,NINJAGO
train,NJO0554,NINJAGO,NINJAGO
train,SW1070,Star Wars,Star Wars
train,NJO0557,NINJAGO,NINJAGO
train,NJO0537,NINJAGO,NINJAGO
train,NJO0522,NINJAGO,NINJAGO
train,MIN069,Minecraft,Minecraft
train,SW1020,Star Wars,Star Wars
train,SC083,SPEED CHAMPIONS,SPEED CHAMPIONS
train,COL371,Collectible Minifigures,Collectible Minifigures
train,JW067,Jurassic World,Jurassic World
train,SW1096,Star Wars,Star Wars
train,SH0624,Super Heroes,Super Heroes
train,SH0669,Super Heroes,Super Heroes
train,SH0628,Super Heroes,Super Heroes
train,SH0627,Super Heroes,Super Heroes
train,CTY1183,Town,Town
train,MK016,Monkie Kid,Monkie Kid
train,SW1083,Star Wars,Star Wars
train,SW1095,Star Wars,Star Wars
train,DP084,Disney,Disney
train,DP089,Disney,Disney
train,DP088,Disney,Disney
train,HP211,Harry Potter,Harry Potter
train,SW1085,Star Wars,Star Wars
train,SW1110,Star Wars,Star Wars
train,TWN400,Town,Town
train,COL368,Collectible Minifigures,Collectible Minifigures
train,DP105,Disney,Disney
train,DP078A,Disney,Disney
train,DP078,Disney,Disney
train,NJO0608,NINJAGO,NINJAGO
train,CTY1186,Town,Town
train,SH0658,Super Heroes,Super Heroes
train,SH0663,Super Heroes,Super Heroes
train,SH0589A,Super Heroes,Super Heroes
train,COLSH10,Collectible Minifigures,Collectible Minifigures
train,DP091,Disney,Disney
train,HP218,Harry Potter,Harry Potter
train,COLHP34,Collectible Minifigures,Collectible Minifigures
train,DP096,Disney,Disney
train,IDEA076,LEGO Ideas,LEGO Ideas
train,IDEA073,LEGO Ideas,LEGO Ideas
train,HOL197,Holiday & Event,Holiday & Event
train,SH0637,Super Heroes,Super Heroes
train,SH0675,Super Heroes,Super Heroes
train,MAR0013,Super Mario,Super Mario
train,CTY1161,Town,Town
train,HOL213,Holiday & Event,Holiday & Event
train,MAR0014,Super Mario,Super Mario
train,MAR0015,Super Mario,Super Mario
train,TWN397,Town,Town
train,COL359,Collectible Minifigures,Collectible Minifigures
train,COL370,Collectible Minifigures,Collectible Minifigures
train,SH0661,Super Heroes,Super Heroes
train,COLSH14,Collectible Minifigures,Collectible Minifigures
train,MAR0017,Super Mario,Super Mario
train,SH0625,Super Heroes,Super Heroes
train,SH0639,Super Heroes,Super Heroes
train,SH0641,Super Heroes,Super Heroes
train,IDEA065,LEGO Ideas,LEGO Ideas
train,SH0632,Super Heroes,Super Heroes
train,HP236A,Harry Potter,Super Heroes
train,MAR0018,Super Mario,Super Mario
train,SH0635,Super Heroes,Super Heroes
train,CHEF027,Town,Collectible Minifigures
train,MK023,Monkie Kid,Monkie Kid
train,TWN383,Town,Town
train,HOL189,Holiday & Event,Holiday & Event
train,38014PB01,Disney,Disney
train,HP223,Harry Potter,Harry Potter
train,HP259,Harry Potter,Harry Potter
train,DP095A,Disney,Disney
train,SP130,Space,Space
train,SW1100,Star Wars,Star Wars
train,SW1093,Star Wars,Star Wars
train,SW1097,Star Wars,Star Wars
train,DP092,Disney,Disney
train,NJO0579,NINJAGO,NINJAGO
train,NJO0588,NINJAGO,NINJAGO
train,NJO0618,NINJAGO,NINJAGO
train,NJO0612,NINJAGO,NINJAGO
train,NJO0625,NINJAGO,NINJAGO
train,NJO0606,NINJAGO,NINJAGO
train,CTY1154,Town,Town
train,CTY1162,Town,Town
train,COLSH09,Collectible Minifigures,Collectible Minifigures
train,SW1118,Star Wars,Star Wars
train,CTY1152,Town,Town
train,HP245,Harry Potter,Harry Potter
train,SW1091,Star Wars,Star Wars
train,SW1121,Star Wars,Star Wars
train,SW1106,Star Wars,Star Wars
train,CTY1169,Town,Town
train,CTY1164,Town,Town
train,CTY1224,Town,Town
train,CTY1170,Town,Town
train,CTY1223,Town,Town
train,SW1113,Star Wars,Star Wars
train,CTY1213,Town,Town
train,CTY1191,Town,Town
train,HP224,Harry Potter,Harry Potter
train,SW1125,Star Wars,Star Wars
train,JW068,Jurassic World,Jurassic World
train,SH0616,Super Heroes,Super Heroes
train,HP254,Harry Potter,Harry Potter
train,HP229,Harry Potter,Harry Potter
train,HP221,Harry Potter,Harry Potter
train,HP262,Harry Potter,Harry Potter
train,COL373,Collectible Minifigures,Collectible Minifigures
train,MAR0004,Super Mario,Super Mario
train,HP216,Harry Potter,Harry Potter
train,NJO0610,NINJAGO,NINJAGO
train,47394PB287,DUPLO,DUPLO
train,47394PB281,DUPLO,DUPLO
train,47205PB068,DUPLO,DUPLO
train,47205PB074,DUPLO,DUPLO
train,47205PB076,DUPLO,DUPLO
train,47205PB073,DUPLO,DUPLO
train,47205PB069,DUPLO,DUPLO
train,47205PB072,DUPLO,DUPLO
train,47205PB075,DUPLO,DUPLO
train,47205PB070,DUPLO,DUPLO
train,47394PB296,DUPLO,DUPLO
train,47394PB291,DUPLO,DUPLO
train,47394PB283,DUPLO,DUPLO
train,47394PB292,DUPLO,DUPLO
train,47394PB282,DUPLO,DUPLO
train,47394PB295,DUPLO,DUPLO
train,47394PB289,DUPLO,DUPLO
train,47394PB280,DUPLO,DUPLO
train,47394PB290,DUPLO,DUPLO
train,47394PB294,DUPLO,DUPLO
train,47394PB301,DUPLO,DUPLO
train,47394PB285,DUPLO,DUPLO
train,47394PB286,DUPLO,DUPLO
train,HOL196,Holiday & Event,Holiday & Event
train,HOL211,Holiday & Event,Holiday & Event
train,MAR0020,Super Mario,Super Mario
train,HOL203,Holiday & Event,Holiday & Event
train,HOL206,Holiday & Event,Holiday & Event
train,IDEA074,LEGO Ideas,LEGO Ideas
train,SH0677,Super Heroes,Super Heroes
train,CTY1175,Town,Town
train,CTY1151,Town,Town
train,CTY1150,Town,Town
train,SH0642,Super Heroes,Super Heroes
train,TWN395,Town,Town
train,TWN393,Town,Town
train,TWN385,Town,Town
train,TWN381,Town,Town
train,HP209,Harry Potter,Harry Potter
train,SC082,SPEED CHAMPIONS,SPEED CHAMPIONS
train,CTY1114,Town,Town
train,CTY1211,Town,Town
train,CTY1113,Town,Town
train,COLSH15,Collectible Minifigures,Collectible Minifigures
train,HP244,Harry Potter,Harry Potter
train,DP104,Disney,Disney
train,HOL183,Holiday & Event,Holiday & Event
train,SC079,SPEED CHAMPIONS,SPEED CHAMPIONS
train,COLHP32,Collectible Minifigures,Collectible Minifigures
train,FRND0372,Friends,Friends
train,FRND0348,Friends,Friends
train,FRND0346,Friends,Friends
train,FRND0365,Friends,Friends
train,FRND0386,Friends,Friends
train,FRND0368,Friends,Friends
train,FRND0392,Friends,Friends
train,FRND0394,Friends,Friends
train,FRND0383,Friends,Friends
train,FRND0356,Friends,Friends
train,FRND0358,Friends,Friends
train,FRND0400,Friends,Friends
train,FRND0357,Friends,Friends
train,FRND0407,Friends,Friends
train,FRND0360,Friends,Friends
train,FRND0366,Friends,Friends
train,FRND0343,Friends,Friends
train,FRND0382,Friends,Friends
train,FRND0376,Friends,Friends
train,FRND0385,Friends,Friends
train,FRND0373,Friends,Friends
train,FRND0354,Friends,Friends
train,FRND0384,Friends,Friends
train,FRND0377,Friends,Friends
train,FRND0393,Friends,Friends
train,FRND0397,Friends,Friends
train,FRND0352,Friends,Friends
train,FRND0388,Friends,Friends
train,FRND0401,Friends,Friends
train,FRND0344,Friends,Friends
train,FRND0350,Friends,Friends
train,FRND0359,Friends,Friends
train,FRND0391,Friends,Friends
train,FRND0351,Friends,Friends
train,FRND0404,Friends,Friends
train,FRND0380,Friends,Friends
train,FRND0408,Friends,Friends
train,FRND0378,Friends,Friends
train,FRND0396,Friends,Friends
train,FRND0347,Friends,Friends
train,FRND0398,Friends,Friends
train,FRND0345,Friends,Friends
train,FRND0371,Friends,Friends
train,FRND0361,Friends,Friends
train,FRND0405,Friends,Friends
train,FRND0353,Friends,Friends
train,FRND0375,Friends,Friends
train,FRND0395,Friends,Friends
train,FRND0355,Friends,Friends
train,FRND0390,Friends,Friends
train,MAR0021,Super Mario,Super Mario
train,SW1127,Star Wars,Star Wars
train,HP246,Harry Potter,Harry Potter
train,CTY1119,Town,Town
train,SW1101,Star Wars,Star Wars
train,COLHP33,Collectible Minifigures,Collectible Minifigures
train,HP249,Harry Potter,Harry Potter
train,HP219,Harry Potter,Harry Potter
train,COLHP31,Collectible Minifigures,Collectible Minifigures
train,HOL207,Holiday & Event,Holiday & Event
train,HOL215,Holiday & Event,Holiday & Event
train,NJO0600,NINJAGO,NINJAGO
train,MAR0034,Super Mario,Super Mario
train,MAR0022,Super Mario,Super Mario
train,MAR0035,Super Mario,Super Mario
train,JW064,Jurassic World,Jurassic World
train,COLSH08,Collectible Minifigures,Collectible Minifigures
train,COLHP28,Collectible Minifigures,Collectible Minifigures
train,CTY1193,Town,Town
train,MIN083,Minecraft,Minecraft
train,CTY1174,Town,Town
train,CTY1095,Town,Town
train,HP237,Harry Potter,Harry Potter
train,HP247,Harry Potter,Harry Potter
train,HP233,Harry Potter,Harry Potter
train,HP232,Harry Potter,Harry Potter
train,HP238,Harry Potter,Harry Potter
train,HP220,Harry Potter,Harry Potter
train,HP213,Harry Potter,Harry Potter
train,HP256,Harry Potter,Harry Potter
train,COLHP39,Collectible Minifigures,Collectible Minifigures
train,COLHP23,Collectible Minifigures,Collectible Minifigures
train,NJO0565,NINJAGO,NINJAGO
train,TWN389,Town,Town
train,NJO0578,NINJAGO,NINJAGO
train,SH0626,Super Heroes,Super Heroes
train,COLHP24,Collectible Minifigures,Collectible Minifigures
train,MIN084,Minecraft,Minecraft
train,CTY1198,Town,Town
train,CTY1197,Town,Town
train,HP253,Harry Potter,Harry Potter
train,HP225,Harry Potter,Harry Potter
train,HP240,Harry Potter,Harry Potter
train,COLHP25,Collectible Minifigures,Collectible Minifigures
train,HP230,Harry Potter,Harry Potter
train,SW1130,Star Wars,Star Wars
train,COLSH11,Collectible Minifigures,Collectible Minifigures
train,CTY1139,Town,Town
train,SW1115,Star Wars,Star Wars
train,MIN079,Minecraft,Minecraft
train,MIN078,Minecraft,Minecraft
train,SW1116,Star Wars,Star Wars
train,SH0654,Super Heroes,Super Heroes
train,SH0667,Super Heroes,Super Heroes
train,SH0612,Super Heroes,Super Heroes
train,SH0649,Super Heroes,Super Heroes
train,SH0640,Super Heroes,Super Heroes
train,IDEA071,LEGO Ideas,LEGO Ideas
train,SC080,SPEED CHAMPIONS,SPEED CHAMPIONS
train,COLHP30,Collectible Minifigures,Collectible Minifigures
train,NJO0569,NINJAGO,NINJAGO
train,NJO0563,NINJAGO,NINJAGO
train,NJO0615,NINJAGO,NINJAGO
train,NJO0595,NINJAGO,NINJAGO
train,NJO0601,NINJAGO,NINJAGO
train,CTY1171,Town,Town
train,COLSH13,Collectible Minifigures,Collectible Minifigures
train,SW1129,Star Wars,Star Wars
train,NJO0567,NINJAGO,NINJAGO
train,NJO0628,NINJAGO,NINJAGO
train,NJO0568,NINJAGO,NINJAGO
train,NJO0613,NINJAGO,NINJAGO
train,MIN077,Minecraft,Minecraft
train,NJO0620,NINJAGO,NINJAGO
train,NJO0605,NINJAGO,NINJAGO
train,MAR0005,Super Mario,Super Mario
train,MIN080,Minecraft,Minecraft
train,SW1098,Star Wars,Star Wars
train,SW1089,Star Wars,Star Wars
train,MAR0006,Super Mario,Super Mario
train,MAR0037,Super Mario,Super Mario
train,DP085,Disney,Disney
train,SW1126,Star Wars,Star Wars
train,IDEA067,LEGO Ideas,LEGO Ideas
train,SC084,SPEED CHAMPIONS,SPEED CHAMPIONS
train,MAR0040,Super Mario,Super Mario
train,SH0672,Super Heroes,Super Heroes
train,DP081,Disney,Disney
train,SW1109,Star Wars,Star Wars
train,COLHP29,Collectible Minifigures,Collectible Minifigures
train,HOL180,Holiday & Event,Holiday & Event
train,HOL181,Holiday & Event,Holiday & Event
train,HOL179,Holiday & Event,Holiday & Event
train,COL364,Collectible Minifigures,Collectible Minifigures
train,NJO0584,NINJAGO,NINJAGO
train,NJO0571,NINJAGO,NINJAGO
train,NJO0627,NINJAGO,NINJAGO
train,NJO0570,NINJAGO,NINJAGO
train,NJO0574,NINJAGO,NINJAGO
train,NJO0574A,NINJAGO,NINJAGO
train,NJO0602,NINJAGO,NINJAGO
train,NJO0617,NINJAGO,NINJAGO
train,SH0644,Super Heroes,Super Heroes
train,HP255,Harry Potter,Harry Potter
train,SW1086,Star Wars,Star Wars
train,DP099,Disney,Disney
train,HP227,Harry Potter,Harry Potter
train,HP239,Harry Potter,Harry Potter
train,COLHP27,Collectible Minifigures,Collectible Minifigures
train,TWN396,Town,Town
train,TWN398,Town,Town
train,TWN390,Town,Town
train,TWN386,Town,Town
train,TWN387,Town,Town
train,HOL184,Holiday & Event,Holiday & Event
train,HOL185,Holiday & Event,Holiday & Event
train,TWN380,Town,Town
train,HOL187,Holiday & Event,Holiday & Event
train,HOL178,Holiday & Event,Holiday & Event
train,HOL217,Holiday & Event,Holiday & Event
train,SW1077,Star Wars,Star Wars
train,SW1078,Star Wars,Star Wars
train,SW1079,Star Wars,Star Wars
train,SW1080,Star Wars,Star Wars
train,HP257,Harry Potter,Harry Potter
train,HP258,Harry Potter,Harry Potter
train,MAR0007,Super Mario,Super Mario
train,CTY1217,Town,Town
train,COL367,Collectible Minifigures,Collectible Minifigures
train,SH0636,Super Heroes,Super Heroes
train,CTY1222,Town,Town
train,HOL175,Holiday & Event,Holiday & Event
train,MK003,Monkie Kid,Monkie Kid
train,COLSH12,Collectible Minifigures,Collectible Minifigures
train,COLSH01,Collectible Minifigures,Collectible Minifigures
train,MOA004,Disney,Disney
train,COLHP36,Collectible Minifigures,Collectible Minifigures
train,SH0656,Super Heroes,Super Heroes
train,NJO0609,NINJAGO,NINJAGO
train,HP212,Harry Potter,Harry Potter
train,SW1128,Star Wars,Star Wars
train,MK015,Monkie Kid,Monkie Kid
train,MK019,Monkie Kid,Monkie Kid
train,MK001,Monkie Kid,Monkie Kid
train,MK007,Monkie Kid,Monkie Kid
train,CTY1107,Town,Town
train,MAR0008,Super Mario,Super Mario
train,CTY1097,Town,Town
train,SH0662,Super Heroes,Super Heroes
train,SH0621,Super Heroes,Super Heroes
train,DP080,Disney,Disney
train,NJO0603,NINJAGO,NINJAGO
train,SH0620,Super Heroes,Super Heroes
train,CTY1098,Town,Town
train,HP228,Harry Potter,Harry Potter
train,NJO0582,NINJAGO,NINJAGO
train,NJO0629,NINJAGO,NINJAGO
train,NJO0577,NINJAGO,NINJAGO
train,NJO0591,NINJAGO,NINJAGO
train,NJO0592,NINJAGO,NINJAGO
train,NJO0586,NINJAGO,NINJAGO
train,NJO0604,NINJAGO,NINJAGO
train,HP210,Harry Potter,Harry Potter
train,SW1082,Star Wars,Star Wars
train,SW1084,Star Wars,Star Wars
train,CTY1163,Town,Town
train,CTY1181,Town,Town
train,CTY1168,Town,Town
train,NJO0562,NINJAGO,NINJAGO
train,DP086,Disney,Disney
train,IDEA078,LEGO Ideas,LEGO Ideas
train,JW066,Jurassic World,Jurassic World
train,HP260,Harry Potter,LEGO Ideas
train,MAR0025,Super Mario,Super Mario
train,JW065,Jurassic World,Jurassic World
train,HP261,Harry Potter,Harry Potter
train,MAR0026,Super Mario,Super Mario
train,MK008,Monkie Kid,Monkie Kid
train,CTY1199,Town,Town
train,COL358,Collectible Minifigures,Collectible Minifigures
train,DP082,Disney,Disney
train,MAR0027,Super Mario,Super Mario
train,PI187,Pirates,Town
train,PI185,Pirates,Pirates
train,COL362,Collectible Minifigures,Collectible Minifigures
train,SW1119,Star Wars,Star Wars
train,CTY1188,Town,Holiday & Event
train,CTY1184,Town,Town
train,CTY1185,Town,Town
train,CTY1192,Town,Town
train,CTY1196,Town,Town
train,SW1117,Star Wars,Star Wars
train,CTY1132,Town,Town
train,CTY1108,Town,Town
train,CTY1133,Town,Town
train,CTY1147,Town,Town
train,CTY1134,Town,Town
train,CTY1121,Town,Town
train,CTY1143,Town,Town
train,CTY1120,Town,Town
train,CTY1155,Town,Town
train,CTY1136,Town,Town
train,CTY1144,Town,Town
train,CTY1203,Town,Town
train,CTY1205,Town,Town
train,CTY1127,Town,Town
train,CTY1122,Town,Town
train,CTY1145,Town,Town
train,CTY1159,Town,Town
train,CTY1128,Town,Town
train,CTY1142,Town,Town
train,CTY1141,Town,Town
train,CTY1206,Town,Town
train,CTY1204,Town,Town
train,CTY1131,Town,Town
train,CTY1135,Town,Town
train,CTY1209,Town,Town
train,CTY1123,Town,Town
train,CTY1207,Town,Town
train,CTY1202,Town,Town
train,CTY1208,Town,Town
train,SW1124,Star Wars,Star Wars
train,CTY1182,Town,Town
train,CTY1219,Town,Monkie Kid
train,HOL192,Holiday & Event,Holiday & Event
train,IDEA069,LEGO Ideas,LEGO Ideas
train,CTY1106,Town,Town
train,DP087,Disney,Disney
train,MK010,Monkie Kid,Monkie Kid
train,NJO0611,NINJAGO,NINJAGO
train,HP235,Harry Potter,Harry Potter
train,COLHP37,Collectible Minifigures,Collectible Minifigures
train,IDEA066,LEGO Ideas,LEGO Ideas
train,CTY1111,Town,Town
train,CTY1160,Town,Town
train,CTY1109,Town,Town
train,CTY1110,Town,Town
train,DP103,Disney,Disney
train,SW1092,Star Wars,Star Wars
train,SH0652,Super Heroes,Super Heroes
train,MK006,Monkie Kid,Monkie Kid
train,NJO0566,NINJAGO,NINJAGO
train,SH0665,Super Heroes,Super Heroes
train,NJO0631,NINJAGO,NINJAGO
train,NJO0564,NINJAGO,NINJAGO
train,SH0651,Super Heroes,Super Heroes
train,IDEA070,LEGO Ideas,LEGO Ideas
train,HP248,Harry Potter,Harry Potter
train,NJO0614,NINJAGO,NINJAGO
train,SW1131,Star Wars,Star Wars
train,SW1132,Star Wars,Star Wars
train,MK004,Monkie Kid,Monkie Kid
train,CTY1179,Town,Town
train,CTY1165,Town,Town
train,CTY1173,Town,Town
train,CTY1225,Town,Town
train,SH0592A,Super Heroes,Super Heroes
train,MAR0009,Super Mario,Super Mario
train,MK025,Monkie Kid,Monkie Kid
train,SW1075,Star Wars,Star Wars
train,CTY1138,Town,Town
train,GEN141,LEGO Ideas,LEGO Ideas
train,GEN147,Town,Town
train,NJO0624,NINJAGO,NINJAGO
train,NJO0607,NINJAGO,NINJAGO
train,CTY1100,Town,Town
train,HOL202,Holiday & Event,Holiday & Event
train,DP101,Disney,Disney
train,SW1120,Star Wars,Star Wars
train,SW1103,Star Wars,Star Wars
train,COL363,Collectible Minifigures,Collectible Minifigures
train,MK022,Monkie Kid,Monkie Kid
train,SH0615,Super Heroes,Super Heroes
train,SH0638,Super Heroes,Super Heroes
train,SH0614A,Super Heroes,Super Heroes
train,MAR0028,Super Mario,Super Mario
train,IDEA068,LEGO Ideas,LEGO Ideas
train,CTY1218,Town,Town
train,CTY1190,Town,Town
train,MAR0029,Super Mario,Super Mario
train,CTY1140,Town,Town
train,MAR0061,Super Mario,Super Mario
train,SH0670,Super Heroes,Super Heroes
train,COLSH07,Collectible Minifigures,Collectible Minifigures
train,SW1072,Star Wars,Star Wars
train,CTY1149,Town,Town
train,NJO0587,NINJAGO,NINJAGO
train,MAR0030,Super Mario,Super Mario
train,SW1073,Star Wars,Star Wars
train,CTY1200,Town,Town
train,SH0631,Super Heroes,Super Heroes
train,SH0674,Super Heroes,Super Heroes
train,IDEA072,LEGO Ideas,LEGO Ideas
train,SH0613,Super Heroes,Super Heroes
train,SH0671,Super Heroes,Super Heroes
train,SH0647,Super Heroes,Super Heroes
train,SH0618,Super Heroes,Super Heroes
train,SH0623,Super Heroes,Super Heroes
train,HOL212,Holiday & Event,Holiday & Event
train,MAR0010,Super Mario,Super Mario
train,HP242,Harry Potter,Harry Potter
train,COL361,Collectible Minifigures,Collectible Minifigures
train,CTY1103,Town,Town
train,HOL208,Holiday & Event,Holiday & Event
train,CTY1094,Town,Town
train,SW1074,Star Wars,Star Wars
train,NJO0593,NINJAGO,NINJAGO
train,MK009,Monkie Kid,Monkie Kid
train,MIN086,Minecraft,Minecraft
train,SH0664,Super Heroes,Super Heroes
train,HP215,Harry Potter,Harry Potter
train,SW1108,Star Wars,Star Wars
train,MIN076,Minecraft,Minecraft
train,MIN075,Minecraft,Minecraft
train,DP093,Disney,Disney
train,DP100,Disney,Disney
train,SW1081,Star Wars,Star Wars
train,MAR0033,Super Mario,Super Mario
train,CTY1221,Town,Town
train,HOL193,Holiday & Event,Holiday & Event
train,HOL177,Holiday & Event,Holiday & Event
train,HOL191,Holiday & Event,Holiday & Event
train,SH0634,Super Heroes,Super Heroes
train,COLSH02,Collectible Minifigures,Collectible Minifigures
train,HOL174,Holiday & Event,Holiday & Event
train,SH0630,Super Heroes,Super Heroes
train,MAR0012,Super Mario,Super Mario
train,JW063,Jurassic World,Jurassic World
train,NJO0589,NINJAGO,NINJAGO
train,NJO0561,NINJAGO,NINJAGO
train,NJO0623,NINJAGO,NINJAGO
train,NJO0622,NINJAGO,NINJAGO
train,SC089,SPEED CHAMPIONS,SPEED CHAMPIONS
train,DIS064,Disney,Disney
train,GEN156,Sports,Sports
train,COL382,Collectible Minifigures,Collectible Minifigures
train,CTY1266,Town,Town
train,HP322,Harry Potter,Harry Potter
train,HP313,Harry Potter,Harry Potter
train,HP303,Harry Potter,Harry Potter
train,MIN089,Minecraft,Minecraft
train,CTY1326,Town,Town
train,SH0725,Super Heroes,Super Heroes
train,GEN152,LEGO Brand,LEGO Brand
train,MAR0067,Super Mario,Super Mario
train,COL381,Collectible Minifigures,Collectible Minifigures
train,CTY1320,Town,Town
train,DP135,Disney,Disney
train,DP141,Disney,Disney
train,90398PB044,Super Heroes,Super Heroes
train,DIS058,Disney,Disney
train,MIN101,Minecraft,Minecraft
train,DP125,Disney,Disney
train,DP154,Disney,Disney
train,DP108,Disney,Disney
train,SW1176,Star Wars,Star Wars
train,FRND0430,Friends,Friends
train,CTY1268,Town,Town
train,TWN446,Town,Town
train,SH0791,Super Heroes,Super Heroes
train,SH0781,Super Heroes,Super Heroes
train,SH0703,Super Heroes,Super Heroes
train,SH0689,Super Heroes,Super Heroes
train,SH0688,Super Heroes,Super Heroes
train,MK035,Monkie Kid,Monkie Kid
train,CTY1273,Town,Town
train,MIN091,Minecraft,Minecraft
train,DP127,Disney,Disney
train,DP155,Disney,Disney
train,DP128,Disney,Disney
train,DP122,Disney,Disney
train,SH0719,Super Heroes,Super Heroes
train,JW070,Jurassic World,Jurassic World
train,SH0726,Super Heroes,Super Heroes
train,SH0715,Super Heroes,Super Heroes
train,IDEA084,LEGO Ideas,LEGO Ideas
train,CAS554,Castle,Castle
train,IDEA085,LEGO Ideas,LEGO Ideas
train,SH0728,Super Heroes,Super Heroes
train,IDEA082,LEGO Ideas,LEGO Ideas
train,CAS556,Castle,Castle
train,MAR0080,Super Mario,Super Mario
train,CTY1229,Town,Town
train,SW1163,Star Wars,Star Wars
train,MAR0041,Super Mario,Super Mario
train,SW1158,Star Wars,Star Wars
train,NJO0638,NINJAGO,NINJAGO
train,MAR0063,Super Mario,Super Mario
train,MAR0053,Super Mario,Super Mario
train,MAR0081,Super Mario,Super Mario
train,MAR0057,Super Mario,Super Mario
train,SH0753,Super Heroes,Super Heroes
train,SC093,SPEED CHAMPIONS,SPEED CHAMPIONS
train,JW069,Jurassic World,Jurassic World
train,MK046,Monkie Kid,Monkie Kid
train,MK048,Monkie Kid,Monkie Kid
train,COL385,Collectible Minifigures,Collectible Minifigures
train,CTY1261,Town,Town
train,SH0729,Super Heroes,Super Heroes
train,SH0741,Super Heroes,Super Heroes
train,SH0686,Super Heroes,Super Heroes
train,COLMAR10,Collectible Minifigures,Collectible Minifigures
train,SH0772,Super Heroes,Super Heroes
train,SH0749,Super Heroes,Super Heroes
train,CTY1267,Town,Town
train,SH0683,Super Heroes,Super Heroes
train,BDP012,BrickLink Designer Program,BrickLink Designer Program
train,BDP011,BrickLink Designer Program,BrickLink Designer Program
train,BDP016,BrickLink Designer Program,BrickLink Designer Program
train,NJO0671,NINJAGO,NINJAGO
train,HP269,Harry Potter,Harry Potter
train,COL379,Collectible Minifigures,Collectible Minifigures
train,CTY1247,Town,Town
train,DP131,Disney,Disney
train,SC088,SPEED CHAMPIONS,SPEED CHAMPIONS
train,NJO0677,NINJAGO,NINJAGO
train,CTY1271,Town,Town
train,TWN410,Town,BrickLink Designer Program
train,CTY1323,Town,Town
train,HOL230,Holiday & Event,Holiday & Event
train,TWN415,Town,Town
train,CTY1226,Town,Town
train,CTY1230,Town,Town
train,HOL222,Holiday & Event,Holiday & Event
train,HOL232,Holiday & Event,Holiday & Event
train,SH0730,Super Heroes,Super Heroes
train,DP095B,Disney,Disney
train,DP123,Disney,Disney
train,CTY1316,Town,Town
train,CTY1398,Town,Town
train,SW1151,Star Wars,Star Wars
train,SW1152,Star Wars,Star Wars
train,SW1150,Star Wars,Star Wars
train,SW1149,Star Wars,Star Wars
train,NJO0667,NINJAGO,NINJAGO
train,DP129,Disney,Disney
train,NJO0651,NINJAGO,NINJAGO
train,NJO0645,NINJAGO,NINJAGO
train,NJO0700,NINJAGO,NINJAGO
train,HP304,Harry Potter,Harry Potter
train,CTY1272,Town,Town
train,CTY1317,Town,Town
train,MIN100,Minecraft,Minecraft
train,MAR0072,Super Mario,Super Mario
train,TWN401,Town,Town
train,TWN412,Town,Collectible Minifigures
train,HOL254,Holiday & Event,Holiday & Event
train,COLLT07,Collectible Minifigures,Collectible Minifigures
train,SW1161,Star Wars,Star Wars
train,SW1155,Star Wars,Star Wars
train,SW1141,Star Wars,Star Wars
train,HP289,Harry Potter,Harry Potter
train,SH0705,Super Heroes,Super Heroes
train,SW1173,Star Wars,Star Wars
train,CTY1293,Town,Town
train,CTY1289,Town,Town
train,SH0777,Super Heroes,Super Heroes
train,DIS053,Disney,Disney
train,TWN403,Town,Town
train,SH0707,Super Heroes,Super Heroes
train,SH0727,Super Heroes,Super Heroes
train,SH0687,Super Heroes,Super Heroes
train,MIN088,Minecraft,Minecraft
train,SH0771,Super Heroes,Super Heroes
train,CTY1329,Town,Town
train,47394PB310,DUPLO,DUPLO
train,47394PB309,DUPLO,DUPLO
train,47205PB086,DUPLO,DUPLO
train,47205PB080,DUPLO,DUPLO
train,47205PB081,DUPLO,DUPLO
train,47205PB087,DUPLO,DUPLO
train,47205PB089,DUPLO,DUPLO
train,47205PB077,DUPLO,DUPLO
train,47205PB084,DUPLO,DUPLO
train,47394PB313,DUPLO,DUPLO
train,47394PB320,DUPLO,DUPLO
train,47394PB307,DUPLO,DUPLO
train,47394PB323,DUPLO,DUPLO
train,47394PB316,DUPLO,DUPLO
train,47394PB318,DUPLO,DUPLO
train,47394PB306,DUPLO,DUPLO
train,47394PB305,DUPLO,DUPLO
train,47394PB317,DUPLO,DUPLO
train,47394PB315,DUPLO,DUPLO
train,47394PB308,DUPLO,DUPLO
train,47394PB319,DUPLO,DUPLO
train,47394PB311,DUPLO,DUPLO
train,CTY1325,Town,Town
train,DP113,Disney,Disney
train,IDEA090,LEGO Ideas,LEGO Ideas
train,NJO0664,NINJAGO,NINJAGO
train,IDEA095,LEGO Ideas,LEGO Ideas
train,HOL257,Holiday & Event,Holiday & Event
train,DP140,Disney,Disney
train,DP136,Disney,Disney
train,DP134,Disney,Disney
train,TLS100,LEGO Brand,LEGO Brand
train,TLS106,LEGO Brand,LEGO Brand
train,TLS105,LEGO Brand,LEGO Brand
train,TLS110,LEGO Brand,LEGO Brand
train,TLS107,LEGO Brand,LEGO Brand
train,TLS103,LEGO Brand,LEGO Brand
train,TLS102,LEGO Brand,LEGO Brand
train,TLS101,LEGO Brand,LEGO Brand
train,TLS109,LEGO Brand,LEGO Brand
train,MK029,Monkie Kid,Monkie Kid
train,MIN103,Minecraft,Minecraft
train,NJO0639,NINJAGO,NINJAGO
train,DP114,Disney,Disney
train,CTY1227,Town,Town
train,MIN099,Minecraft,Minecraft
train,HOL251,Holiday & Event,Holiday & Event
train,CTY1309,Town,Town
train,CTY1240,Town,Town
train,CTY1252,Town,Town
train,CTY1599,Town,Town
train,CTY1264,Town,Town
train,CTY1597,Town,Town
train,CTY1355,Town,Town
train,CTY1416,Town,Town
train,CTY1237,Town,Town
train,CTY1282,Town,Town
train,HOL248,Holiday & Event,Holiday & Event
train,CTY1280,Town,Town
train,CTY1254,Town,Town
train,CTY1287,Town,Town
train,SH0712,Super Heroes,Super Heroes
train,BDP050,BrickLink Designer Program,BrickLink Designer Program
train,BDP052,BrickLink Designer Program,BrickLink Designer Program
train,MAR0047,Super Mario,Super Mario
train,MAR0056,Super Mario,Super Mario
train,CTY1351,Town,Town
train,FRND0451,Friends,Friends
train,FRND0456,Friends,Friends
train,FRND0444,Friends,Friends
train,FRND0434,Friends,Friends
train,FRND0412,Friends,Friends
train,FRND0467,Friends,Friends
train,FRND0480,Friends,Friends
train,FRND0411,Friends,Friends
train,FRND0466,Friends,Friends
train,FRND0457,Friends,Friends
train,FRND0416,Friends,Friends
train,FRND0437,Friends,Friends
train,FRND0479,Friends,Friends
train,FRND0465,Friends,Friends
train,FRND0423,Friends,Friends
train,FRND0463,Friends,Friends
train,FRND0449,Friends,Friends
train,FRND0427,Friends,Friends
train,FRND0438,Friends,Friends
train,FRND0426,Friends,Friends
train,FRND0459,Friends,Friends
train,FRND0414,Friends,Friends
train,FRND0428,Friends,Friends
train,FRND0470,Friends,Friends
train,FRND0418,Friends,Friends
train,FRND0410,Friends,Friends
train,FRND0417,Friends,Friends
train,FRND0446,Friends,Friends
train,FRND0462,Friends,Friends
train,FRND0435,Friends,Friends
train,FRND0431,Friends,Friends
train,FRND0471,Friends,Friends
train,FRND0464,Friends,Friends
train,FRND0421,Friends,Friends
train,FRND0409,Friends,Friends
train,FRND0445,Friends,Friends
train,FRND0460,Friends,Friends
train,FRND0481,Friends,Friends
train,FRND0424,Friends,Friends
train,FRND0455,Friends,Friends
train,FRND0447,Friends,Friends
train,FRND0476,Friends,Friends
train,FRND0454,Friends,Friends
train,FRND0473,Friends,Friends
train,FRND0429,Friends,Friends
train,FRND0422,Friends,Friends
train,FRND0436,Friends,Friends
train,FRND0448,Friends,Friends
train,FRND0452,Friends,Friends
train,FRND0420,Friends,Friends
train,FRND0443,Friends,Friends
train,FRND0478,Friends,Friends
train,FRND0472,Friends,Friends
train,FRND0458,Friends,Friends
train,MAR0071,Super Mario,Super Mario
train,COLMAR12,Collectible Minifigures,Collectible Minifigures
train,SW1162,Star Wars,Star Wars
train,SW1140,Star Wars,Star Wars
train,SW1154,Star Wars,Star Wars
train,IDEA092,LEGO Ideas,LEGO Ideas
train,NJO0644,NINJAGO,NINJAGO
train,CTY1235,Town,Town
train,HOL256,Holiday & Event,Holiday & Event
train,NJO0694,NINJAGO,NINJAGO
train,SW1153,Star Wars,Star Wars
train,DIS052,Disney,Disney
train,MAR0051,Super Mario,Super Mario
train,HOL221,Holiday & Event,Holiday & Event
train,NJO0637,NINJAGO,NINJAGO
train,SW1156,Star Wars,Star Wars
train,HP318,Harry Potter,Harry Potter
train,SH0743,Super Heroes,Super Heroes
train,CTY1265,Town,Town
train,MAR0079,Super Mario,Super Mario
train,SH0718,Super Heroes,Super Heroes
train,NJO0663,NINJAGO,NINJAGO
train,IDEA101,LEGO Ideas,LEGO Ideas
train,HP284,Harry Potter,Harry Potter
train,HP285,Harry Potter,Harry Potter
train,HP288,Harry Potter,Harry Potter
train,HP278,Harry Potter,Harry Potter
train,HP314,Harry Potter,Harry Potter
train,HP265,Harry Potter,Harry Potter
train,HP316,Harry Potter,Harry Potter
train,HP276,Harry Potter,Harry Potter
train,HP279,Harry Potter,Harry Potter
train,HP315,Harry Potter,Harry Potter
train,HP272,Harry Potter,Harry Potter
train,HP320,Harry Potter,Harry Potter
train,HP286,Harry Potter,Harry Potter
train,MIN095,Minecraft,Minecraft
train,MK043,Monkie Kid,Monkie Kid
train,SH0737,Super Heroes,Super Heroes
train,SH0764,Super Heroes,Super Heroes
train,SW1157,Star Wars,Star Wars
train,SW1168,Star Wars,Star Wars
train,SW1137,Star Wars,Star Wars
train,SW1167,Star Wars,Star Wars
train,SW1138,Star Wars,Star Wars
train,MIN105,Minecraft,Minecraft
train,SH0692,Super Heroes,Super Heroes
train,SH0697,Super Heroes,Super Heroes
train,DIS062,Disney,Disney
train,SW1174,Star Wars,Star Wars
train,NJO0636,NINJAGO,NINJAGO
train,NJO0634,NINJAGO,NINJAGO
train,NJO0669,NINJAGO,NINJAGO
train,NJO0648,NINJAGO,NINJAGO
train,NJO0701,NINJAGO,NINJAGO
train,NJO0692,NINJAGO,NINJAGO
train,NJO0679,NINJAGO,NINJAGO
train,NJO0655,NINJAGO,NINJAGO
train,IDEA096,LEGO Ideas,LEGO Ideas
train,CTY1302,Town,Town
train,NJO0650,NINJAGO,NINJAGO
train,NJO0695,NINJAGO,NINJAGO
train,NJO0680,NINJAGO,NINJAGO
train,NJO0706,NINJAGO,NINJAGO
train,NJO0660,NINJAGO,NINJAGO
train,IDEA100,LEGO Ideas,LEGO Ideas
train,CTY1241,Town,Town
train,JW071,Jurassic World,Jurassic World
train,IDEA099,LEGO Ideas,LEGO Ideas
train,SH0763,Super Heroes,Super Heroes
train,SC094,SPEED CHAMPIONS,SPEED CHAMPIONS
train,MAR0042,Super Mario,Super Mario
train,MAR0043,Super Mario,Super Mario
train,SH0752,Super Heroes,Super Heroes
train,DP137,Disney,Disney
train,COL377,Collectible Minifigures,Collectible Minifigures
train,MAR0076,Super Mario,Super Mario
train,MAR0045,Super Mario,Super Mario
train,NJO0654,NINJAGO,NINJAGO
train,NJO0640,NINJAGO,NINJAGO
train,NJO0708,NINJAGO,NINJAGO
train,NJO0702,NINJAGO,NINJAGO
train,NJO0681,NINJAGO,NINJAGO
train,COLMAR06,Collectible Minifigures,Collectible Minifigures
train,COLLT01,Collectible Minifigures,Collectible Minifigures
train,MK058,Monkie Kid,Monkie Kid
train,MAR0062,Super Mario,Super Mario
train,SW1143,Star Wars,Star Wars
train,SW1139,Star Wars,Star Wars
train,DP157,Disney,Disney
train,DP121,Disney,Disney
train,HP307,Harry Potter,Harry Potter
train,NJO0696,NINJAGO,NINJAGO
train,SW1165,Star Wars,Star Wars
train,HP296,Harry Potter,Harry Potter
train,HP290,Harry Potter,Harry Potter
train,CTY1248,Town,Town
train,SH0767,Super Heroes,Super Heroes
train,IDEA080,LEGO Ideas,LEGO Ideas
train,CTY1270,Town,Town
train,HOL231,Holiday & Event,Holiday & Event
train,CTY1236,Town,Town
train,HOL226,Holiday & Event,Holiday & Event
train,SW1164,Star Wars,Star Wars
train,SH0745,Super Heroes,Super Heroes
train,IDEA102,LEGO Ideas,LEGO Ideas
train,COLLT10,Collectible Minifigures,Collectible Minifigures
train,SC086,SPEED CHAMPIONS,SPEED CHAMPIONS
train,MK059,Monkie Kid,Monkie Kid
train,NJO0659,NINJAGO,NINJAGO
train,NJO0709,NINJAGO,NINJAGO
train,DIS054,Disney,Disney
train,DIS050,Disney,Disney
train,DIS049,Disney,Disney
train,DIS047,Disney,Disney
train,DIS057,Disney,Disney
train,SH0754,Super Heroes,Super Heroes
train,DIS051,Disney,Disney
train,DIS048,Disney,Disney
train,DIS063,Disney,Disney
train,DIS059,Disney,Disney
train,DIS060,Disney,Disney
train,NJO0734,NINJAGO,NINJAGO
train,NJO0665,NINJAGO,NINJAGO
train,SH0776,Super Heroes,Super Heroes
train,SW1160,Star Wars,Star Wars
train,TWN416,Town,Town
train,HOL255,Holiday & Event,Holiday & Event
train,COLMAR03,Collectible Minifigures,Collectible Minifigures
train,MK033,Monkie Kid,Monkie Kid
train,MK052,Monkie Kid,Monkie Kid
train,MK028,Monkie Kid,Monkie Kid
train,MK053,Monkie Kid,Monkie Kid
train,MK041,Monkie Kid,Monkie Kid
train,MK047,Monkie Kid,Monkie Kid
train,MK038,Monkie Kid,Monkie Kid
train,MK045,Monkie Kid,Monkie Kid
train,SC090,SPEED CHAMPIONS,SPEED CHAMPIONS
train,SH0709,Super Heroes,Super Heroes
train,SH0681,Super Heroes,Super Heroes
train,SH0783,Super Heroes,Super Heroes
train,HP299,Harry Potter,Harry Potter
train,IDEA093,LEGO Ideas,LEGO Ideas
train,NJO0652,NINJAGO,NINJAGO
train,MAR0049,Super Mario,Super Mario
train,NJO0707,NINJAGO,NINJAGO
train,NJO0714,NINJAGO,NINJAGO
train,NJO0683,NINJAGO,NINJAGO
train,NJO0705,NINJAGO,NINJAGO
train,SH0738,Super Heroes,Super Heroes
train,MIN107,Minecraft,Minecraft
train,IDEA103,LEGO Ideas,LEGO Ideas
train,NJO0676,NINJAGO,NINJAGO
train,COL374,Collectible Minifigures,Collectible Minifigures
train,MK063,Monkie Kid,Monkie Kid
train,MIN106,Minecraft,Minecraft
train,MAR0054,Super Mario,Super Mario
train,MAR0048,Super Mario,Super Mario
train,SW1172,Star Wars,Star Wars
train,SH0740,Super Heroes,Super Heroes
train,SH0714,Super Heroes,Super Heroes
train,COLLT11,Collectible Minifigures,Collectible Minifigures
train,IDEA088,LEGO Ideas,LEGO Ideas
train,MIN096,Minecraft,Minecraft
train,MIN097,Minecraft,Minecraft
train,MK040,Monkie Kid,Monkie Kid
train,MIN104,Minecraft,Minecraft
train,MAR0064,Super Mario,Super Mario
train,MAR0046,Super Mario,Super Mario
train,MAR0083,Super Mario,Super Mario
train,SW1145,Star Wars,Star Wars
train,MAR0060,Super Mario,Super Mario
train,CTY1277,Town,Town
train,CTY1263,Town,Town
train,CTY1258,Town,Town
train,CTY1279,Town,Town
train,CTY1249,Town,Town
train,CTY1256,Town,Town
train,HOL250,Holiday & Event,Holiday & Event
train,CTY1276,Town,Town
train,CTY1275,Town,Town
train,CTY1310,Town,Town
train,CTY1278,Town,Town
train,CTY1312,Town,Town
train,CTY1285,Town,Town
train,TWN406,Town,Town
train,TWN404,Town,Town
train,TWN405,Town,Town
train,SH0698,Super Heroes,Super Heroes
train,COLLT12,Collectible Minifigures,Collectible Minifigures
train,NJO0684,NINJAGO,NINJAGO
train,NJO0693,NINJAGO,NINJAGO
train,DP109,Disney,Disney
train,HP264,Harry Potter,Harry Potter
train,HP309,Harry Potter,Harry Potter
train,HP323,Harry Potter,Harry Potter
train,HP274,Harry Potter,Harry Potter
train,HP293,Harry Potter,Harry Potter
train,HP277,Harry Potter,Harry Potter
train,HP310,Harry Potter,Harry Potter
train,DP112,Disney,Disney
train,CTY1260,Town,Town
train,DP107,Disney,Disney
train,DP133,Disney,Disney
train,NJO0649,NINJAGO,NINJAGO
train,DP116,Disney,Disney
train,SH0702,Super Heroes,Super Heroes
train,SH0750,Super Heroes,Super Heroes
train,MAR0078,Super Mario,Super Mario
train,TWN425,Town,Town
train,COLLT04,Collectible Minifigures,Collectible Minifigures
train,CTY1274,Town,Town
train,SH0716,Super Heroes,Super Heroes
train,SH0742,Super Heroes,Super Heroes
train,MAR0082,Super Mario,Super Mario
train,SH0717,Super Heroes,Super Heroes
train,HP294,Harry Potter,Harry Potter
train,HP273,Harry Potter,Harry Potter
train,HP319,Harry Potter,Harry Potter
train,HP280,Harry Potter,Harry Potter
train,HP324,Harry Potter,Harry Potter
train,MK037,Monkie Kid,Monkie Kid
train,NJO0685,NINJAGO,NINJAGO
train,IDEA098,LEGO Ideas,LEGO Ideas
train,IDEA097,LEGO Ideas,LEGO Ideas
train,HOL247,Holiday & Event,Holiday & Event
train,SH0685,Super Heroes,Super Heroes
train,HOL368,Holiday & Event,Holiday & Event
train,HOL246A,Holiday & Event,Holiday & Event
train,SH0780,Super Heroes,Super Heroes
train,NJO0673,NINJAGO,NINJAGO
train,MAR0068,Super Mario,Super Mario
train,HP268,Harry Potter,Harry Potter
train,SH0700,Super Heroes,Super Heroes
train,COL376,Collectible Minifigures,Collectible Minifigures
train,CTY1244,Town,Town
train,SH0735,Super Heroes,Super Heroes
train,MK044,Monkie Kid,Monkie Kid
train,JW076,Jurassic World,Jurassic World
train,DP119,Disney,Disney
train,CTY1238,Town,Town
train,NJO0691,NINJAGO,NINJAGO
train,DP139,Disney,Disney
train,DP142,Disney,Disney
train,HOL252,Holiday & Event,Holiday & Event
train,NJO0730,NINJAGO,NINJAGO
train,HOL234,Holiday & Event,Holiday & Event
train,SH0759,Super Heroes,Super Heroes
train,SW1178,Star Wars,Star Wars
train,SW1180,Star Wars,Star Wars
train,SW1179,Star Wars,Star Wars
train,SW1177,Star Wars,Star Wars
train,SW1181,Star Wars,Star Wars
train,SOC147,Sports,Sports
train,SOC146,Sports,Sports
train,SOC145,Sports,Sports
train,SOC148,Sports,Town
train,COL383,Collectible Minifigures,Collectible Minifigures
train,COLLT08,Collectible Minifigures,Collectible Minifigures
train,MK039,Monkie Kid,Monkie Kid
train,SH0679,Super Heroes,Super Heroes
train,SH0774,Super Heroes,Super Heroes
train,SH0778,Super Heroes,Super Heroes
train,SH0782,Super Heroes,Super Heroes
train,SH0693,Super Heroes,Super Heroes
train,SH0684,Super Heroes,Super Heroes
train,MK036,Monkie Kid,Monkie Kid
train,MAR0044,Super Mario,Super Mario
train,SH0769,Super Heroes,Super Heroes
train,SH0744,Super Heroes,Super Heroes
train,NJO0668,NINJAGO,NINJAGO
train,HOL233,Holiday & Event,Holiday & Event
train,MIN098,Minecraft,Minecraft
train,SH0751,Super Heroes,Super Heroes
train,CTY1291,Town,Town
train,CTY1308,Town,Town
train,CTY1314,Town,Town
train,CTY1331,Town,Town
train,CTY1330,Town,Town
train,CTY1322,Town,Town
train,CTY1321,Town,Town
train,CTY1324,Town,Town
train,COLLT06,Collectible Minifigures,Collectible Minifigures
train,MK049,Monkie Kid,Monkie Kid
train,MK056,Monkie Kid,Monkie Kid
train,SH0733,Super Heroes,Super Heroes
train,SH0696,Super Heroes,Super Heroes
train,SH0773,Super Heroes,Super Heroes
train,SH0792,Super Heroes,Super Heroes
train,SW1135,Star Wars,Star Wars
train,SH0722,Super Heroes,Super Heroes
train,SH0732,Super Heroes,Super Heroes
train,COLMAR02,Collectible Minifigures,Collectible Minifigures
train,SH0746,Super Heroes,Super Heroes
train,SH0766,Super Heroes,Super Heroes
train,SH0680,Super Heroes,Super Heroes
train,SH0734,Super Heroes,Super Heroes
train,SH0756,Super Heroes,Super Heroes
train,NJO0686,NINJAGO,NINJAGO
train,MAR0059,Super Mario,Super Mario
train,NJO0661,NINJAGO,NINJAGO
train,GEN162,LEGO Brand,LEGO Brand
train,GEN163,LEGO Brand,Holiday & Event
train,HP311,Harry Potter,Harry Potter
train,HOL249,Holiday & Event,Holiday & Event
train,MAR0073,Super Mario,Super Mario
train,SC087,SPEED CHAMPIONS,SPEED CHAMPIONS
train,CTY1284,Town,Town
train,COLLT05,Collectible Minifigures,Collectible Minifigures
train,SH0748,Super Heroes,Super Heroes
train,SH0690,Super Heroes,Super Heroes
train,MIN092,Minecraft,Minecraft
train,COL375,Collectible Minifigures,Collectible Minifigures
train,SH0775,Super Heroes,Super Heroes
train,CTY1318,Town,Town
train,MIN087,Minecraft,Minecraft
train,SH0755,Super Heroes,Super Heroes
train,DP130,Disney,Disney
train,SH0701,Super Heroes,Super Heroes
train,CTY1231,Town,Town
train,MAR0052,Super Mario,Super Mario
train,CTY1305,Town,Town
train,CTY1294,Town,Town
train,CTY1295,Town,Town
train,CTY1301,Town,Town
train,CTY1296,Town,Town
train,CTY1307,Town,Town
train,CTY1300,Town,Town
train,CTY1292,Town,Town
train,COLLT03,Collectible Minifigures,Collectible Minifigures
train,IDEA086,LEGO Ideas,LEGO Ideas
train,COLMAR04,Collectible Minifigures,Collectible Minifigures
train,MIN090,Minecraft,Minecraft
train,HP301,Harry Potter,Harry Potter
train,HOL227,Holiday & Event,Holiday & Event
train,CTY1269,Town,Town
train,IDEA081,LEGO Ideas,LEGO Ideas
train,HOL229,Holiday & Event,Holiday & Event
train,TWN447,Town,Town
train,SH0779,Super Heroes,Super Heroes
train,NJO0704,NINJAGO,NINJAGO
train,NJO0658,NINJAGO,NINJAGO
train,NJO0731,NINJAGO,NINJAGO
train,NJO0712,NINJAGO,NINJAGO
train,NJO0642,NINJAGO,NINJAGO
train,SH0706,Super Heroes,Super Heroes
train,JW074,Jurassic World,Jurassic World
train,HOL224,Holiday & Event,Holiday & Event
train,SW1147,Star Wars,Star Wars
train,NJO0710,NINJAGO,NINJAGO
train,NJO0635,NINJAGO,NINJAGO
train,NJO0713,NINJAGO,NINJAGO
train,NJO0647,NINJAGO,NINJAGO
train,NJO0699,NINJAGO,NINJAGO
train,NJO0690,NINJAGO,NINJAGO
train,COLMAR09,Collectible Minifigures,Collectible Minifigures
train,COLMAR08,Collectible Minifigures,Collectible Minifigures
train,TWN421,Town,Town
train,JW086,Jurassic World,Jurassic World
train,HP360,Harry Potter,Harry Potter
train,HP354,Harry Potter,Harry Potter
train,HP392,Harry Potter,Harry Potter
train,CTY1349,Town,Town
train,SH0801,Super Heroes,Super Heroes
train,COLTM08,Collectible Minifigures,Collectible Minifigures
train,DP160,Disney,Disney
train,DP147,Disney,Disney
train,MAR0088,Super Mario,Super Mario
train,HP353,Harry Potter,Harry Potter
train,DP164,Disney,Disney
train,DP151,Disney,Disney
train,HP359,Harry Potter,Harry Potter
train,SC098,SPEED CHAMPIONS,SPEED CHAMPIONS
train,SC099,SPEED CHAMPIONS,SPEED CHAMPIONS
train,SW1202,Star Wars,Star Wars
train,SW1200,Star Wars,Star Wars
train,SW1221,Star Wars,Star Wars
train,TWN444,Town,Town
train,SH0840,Super Heroes,Super Heroes
train,MAR0128,Super Mario,Super Mario
train,MIN127,Minecraft,Minecraft
train,TWN420,Town,Town
train,MIN116,Minecraft,Minecraft
train,TWN432,Town,Town
train,SH0809,Super Heroes,Super Heroes
train,SH0786,Super Heroes,Super Heroes
train,SH0849,Super Heroes,Super Heroes
train,SW1211,Star Wars,Star Wars
train,CTY1388,Town,Town
train,CTY1387,Town,Town
train,COLTM03,Collectible Minifigures,Collectible Minifigures
train,TWN418,Town,Town
train,MAR0125,Super Mario,Super Mario
train,CTY1391,Town,Town
train,CTY1504,Town,Town
train,COL394,Collectible Minifigures,Collectible Minifigures
train,CAS574,Castle,Castle
train,SH0839,Super Heroes,Super Heroes
train,MAR0131,Super Mario,Super Mario
train,NJO0735,NINJAGO,NINJAGO
train,NJO0718,NINJAGO,NINJAGO
train,MAR0139,Super Mario,Super Mario
train,MAR0106,Super Mario,Super Mario
train,MAR0124,Super Mario,Super Mario
train,MAR0121,Super Mario,Super Mario
train,CTY1394,Town,Town
train,TWN426,Town,Town
train,CTY1493,Town,Town
train,BDP045,BrickLink Designer Program,BrickLink Designer Program
train,BDP048,BrickLink Designer Program,BrickLink Designer Program
train,SH0784,Super Heroes,Super Heroes
train,CTY1491,Town,Town
train,SW1238,Star Wars,Star Wars
train,SW1209,Star Wars,Star Wars
train,SW1219,Star Wars,Star Wars
train,SH0818,Super Heroes,Super Heroes
train,SW1225,Star Wars,Star Wars
train,CTY1468,Town,Town
train,SW1231,Star Wars,Star Wars
train,MIN132,Minecraft,Minecraft
train,CHEF028,Town,Town
train,BDP033,BrickLink Designer Program,BrickLink Designer Program
train,TWN431,Town,Town
train,SW1184,Star Wars,Star Wars
train,HOL259,Holiday & Event,Holiday & Event
train,TWN436,Town,Town
train,CTY1443,Town,Town
train,CTY1343,Town,Town
train,CTY1361,Town,Town
train,BDP058,BrickLink Designer Program,BrickLink Designer Program
train,TLS112,LEGO Brand,LEGO Brand
train,HOL278,Holiday & Event,Holiday & Event
train,HOL265,Holiday & Event,Holiday & Event
train,TWN467,Town,Town
train,CTY1393,Town,Town
train,CTY1497,Town,Town
train,HOL272,Holiday & Event,Holiday & Event
train,HOL262,Holiday & Event,Holiday & Event
train,CTY1386,Town,Town
train,TWN427,Town,Town
train,CTY1499,Town,Town
train,CTY1339,Town,Town
train,MK068,Monkie Kid,Monkie Kid
train,JW092,Jurassic World,Jurassic World
train,SP132,Space,Space
train,SP133,Space,Space
train,SW1189,Star Wars,Star Wars
train,SW1233,Star Wars,Star Wars
train,SW1206,Star Wars,Star Wars
train,NJO0789,NINJAGO,NINJAGO
train,NJO0740,NINJAGO,NINJAGO
train,NJO0738,NINJAGO,NINJAGO
train,NJO0717,NINJAGO,NINJAGO
train,TWN423,Town,Town
train,NJO0720,NINJAGO,NINJAGO
train,CTY1402,Town,Town
train,CTY1405,Town,Town
train,CTY1435,Town,Town
train,CTY1509,Town,Town
train,CTY1404,Town,Town
train,HP357,Harry Potter,Harry Potter
train,IDEA105,LEGO Ideas,LEGO Ideas
train,IDEA165,LEGO Ideas,LEGO Ideas
train,IDEA107,LEGO Ideas,LEGO Ideas
train,MIN108,Minecraft,Minecraft
train,NJO0769,NINJAGO,NINJAGO
train,NJO0766,NINJAGO,NINJAGO
train,CTY1470,Town,Town
train,CTY1494,Town,Town
train,DIS079,Disney,Disney
train,SW1228,Star Wars,Star Wars
train,JW101,Jurassic World,Jurassic World
train,MIN109,Minecraft,Minecraft
train,SH0802,Super Heroes,Super Heroes
train,MAR0102,Super Mario,Super Mario
train,SC103,SPEED CHAMPIONS,SPEED CHAMPIONS
train,DIS080,Disney,Disney
train,JW081,Jurassic World,Jurassic World
train,JW096,Jurassic World,Jurassic World
train,CTY1428,Town,Town
train,COLTM02,Collectible Minifigures,Collectible Minifigures
train,JW082,Jurassic World,Jurassic World
train,JW083,Jurassic World,Jurassic World
train,JW097,Jurassic World,Jurassic World
train,JW085,Jurassic World,Jurassic World
train,MK094,Monkie Kid,Monkie Kid
train,SH0837,Super Heroes,Super Heroes
train,47205PB093,DUPLO,DUPLO
train,47205PB092,DUPLO,DUPLO
train,47394PB330,DUPLO,DUPLO
train,47394PB334,DUPLO,DUPLO
train,47394PB335,DUPLO,DUPLO
train,47394PB338,DUPLO,DUPLO
train,47394PB331,DUPLO,DUPLO
train,47394PB332,DUPLO,DUPLO
train,47394PB333,DUPLO,DUPLO
train,47394PB339,DUPLO,DUPLO
train,SW1234,Star Wars,Star Wars
train,CTY1452,Town,Town
train,CTY1450,Town,Town
train,CTY1451,Town,Town
train,HOL294,Holiday & Event,Holiday & Event
train,HOL293,Holiday & Event,Holiday & Event
train,DP143,Disney,Disney
train,DP153,Disney,Disney
train,DP158,Disney,Disney
train,MK090,Monkie Kid,Monkie Kid
train,MK075,Monkie Kid,Monkie Kid
train,CTY1444,Town,Town
train,CTY1437,Town,Town
train,CTY1442,Town,Town
train,CTY1478,Town,Town
train,CTY1438,Town,Town
train,BDP054,BrickLink Designer Program,BrickLink Designer Program
train,CTY1354,Town,Town
train,BDP035,BrickLink Designer Program,BrickLink Designer Program
train,BDP037,BrickLink Designer Program,BrickLink Designer Program
train,BDP036,BrickLink Designer Program,BrickLink Designer Program
train,BDP046,BrickLink Designer Program,BrickLink Designer Program
train,BDP032,BrickLink Designer Program,BrickLink Designer Program
train,CTY1357,Town,Town
train,CTY1372,Town,Town
train,CTY1370,Town,Town
train,CTY1362,Town,Town
train,CTY1360,Town,Town
train,CTY1502,Town,Town
train,CTY1369,Town,Town
train,CTY1288,Town,Town
train,CTY1449,Town,Town
train,CTY1508,Town,Town
train,COL393,Collectible Minifigures,Collectible Minifigures
train,CAS557,Castle,Castle
train,CAS572,Castle,Castle
train,CAS558,Castle,Castle
train,CTY1483,Town,Town
train,MIN110,Minecraft,Minecraft
train,COLTM07,Collectible Minifigures,Collectible Minifigures
train,JW087,Jurassic World,Jurassic World
train,HP342,Harry Potter,Harry Potter
train,FRND0535,Friends,Friends
train,FRND0505,Friends,Friends
train,FRND0551,Friends,Friends
train,FRND0517,Friends,Friends
train,FRND0525,Friends,Friends
train,FRND0547,Friends,Friends
train,FRND0489,Friends,Friends
train,FRND0528,Friends,Friends
train,FRND0520,Friends,Friends
train,FRND0546,Friends,Friends
train,FRND0554,Friends,Friends
train,FRND0482,Friends,Friends
train,FRND0565,Friends,Friends
train,FRND0553,Friends,Friends
train,FRND0540,Friends,Friends
train,FRND0531,Friends,Friends
train,FRND0492,Friends,Friends
train,FRND0529,Friends,Friends
train,FRND0532,Friends,Friends
train,FRND0534,Friends,Friends
train,FRND0491,Friends,Friends
train,FRND0500,Friends,Friends
train,FRND0526,Friends,Friends
train,FRND0485,Friends,Friends
train,FRND0521,Friends,Friends
train,FRND0542,Friends,Friends
train,FRND0503,Friends,Friends
train,FRND0516,Friends,Friends
train,FRND0523,Friends,Friends
train,FRND0487,Friends,Friends
train,FRND0543,Friends,Friends
train,FRND0497,Friends,Friends
train,FRND0562,Friends,Friends
train,FRND0527,Friends,Friends
train,FRND0508,Friends,Friends
train,FRND0563,Friends,Friends
train,FRND0556,Friends,Friends
train,FRND0496,Friends,Friends
train,FRND0509,Friends,Friends
train,FRND0539,Friends,Friends
train,FRND0518,Friends,Friends
train,FRND0510,Friends,Friends
train,FRND0515,Friends,Friends
train,FRND0537,Friends,Friends
train,FRND0541,Friends,Friends
train,FRND0524,Friends,Friends
train,FRND0499,Friends,Friends
train,FRND0560,Friends,Friends
train,FRND0557,Friends,Friends
train,FRND0552,Friends,Friends
train,FRND0488,Friends,Friends
train,FRND0484,Friends,Friends
train,FRND0490,Friends,Friends
train,FRND0561,Friends,Friends
train,FRND0544,Friends,Friends
train,FRND0511,Friends,Friends
train,FRND0566,Friends,Friends
train,MAR0117,Super Mario,Super Mario
train,MAR0116,Super Mario,Super Mario
train,SW1196,Star Wars,Star Wars
train,NJO0778,NINJAGO,NINJAGO
train,NJO0756,NINJAGO,NINJAGO
train,NJO0777,NINJAGO,NINJAGO
train,NJO0761,NINJAGO,NINJAGO
train,HP343,Harry Potter,Harry Potter
train,HP388,Harry Potter,Harry Potter
train,BDP041,BrickLink Designer Program,BrickLink Designer Program
train,TWN422,Town,Town
train,NJO0751,NINJAGO,NINJAGO
train,CTY1432,Town,Town
train,BDP043,BrickLink Designer Program,BrickLink Designer Program
train,DIS076,Disney,Disney
train,MAR0086,Super Mario,Super Mario
train,SH0812,Super Heroes,Super Heroes
train,MAR0098,Super Mario,Super Mario
train,HOL264,Holiday & Event,Holiday & Event
train,HOL273,Holiday & Event,Holiday & Event
train,COL409,Collectible Minifigures,Collectible Minifigures
train,SH0813,Super Heroes,Super Heroes
train,SH0803,Super Heroes,Super Heroes
train,CTY1482,Town,Town
train,COL390,Collectible Minifigures,Collectible Minifigures
train,SH0836,Super Heroes,Super Heroes
train,CTY1429,Town,Town
train,HOL290,Holiday & Event,Holiday & Event
train,MAR0130,Super Mario,Super Mario
train,MK072,Monkie Kid,Monkie Kid
train,SW1204,Star Wars,Star Wars
train,CTY1488,Town,Town
train,SH0838,Super Heroes,Super Heroes
train,HP380,Harry Potter,Harry Potter
train,HP346,Harry Potter,Harry Potter
train,HP326,Harry Potter,Harry Potter
train,HP338,Harry Potter,Harry Potter
train,HP387,Harry Potter,Harry Potter
train,HP333,Harry Potter,Harry Potter
train,HP366,Harry Potter,Harry Potter
train,HP349,Harry Potter,Harry Potter
train,NJO0768,NINJAGO,NINJAGO
train,MK096,Monkie Kid,Monkie Kid
train,HP365,Harry Potter,Harry Potter
train,HP327,Harry Potter,Harry Potter
train,HP378,Harry Potter,Harry Potter
train,HP383,Harry Potter,Harry Potter
train,HOL286,Holiday & Event,Holiday & Event
train,HP374,Harry Potter,Harry Potter
train,CTY1337,Town,Town
train,CTY1340,Town,Town
train,TWN433,Town,Town
train,SW1187,Star Wars,Star Wars
train,SW1185,Star Wars,Star Wars
train,SW1188,Star Wars,Star Wars
train,SW1186,Star Wars,Star Wars
train,MK073,Monkie Kid,Monkie Kid
train,SH0798,Super Heroes,Super Heroes
train,MAR0135,Super Mario,Super Mario
train,SW1183,Star Wars,Star Wars
train,SW1223,Star Wars,Star Wars
train,SW1229,Star Wars,Star Wars
train,SW1182,Star Wars,Star Wars
train,SH0828,Super Heroes,Super Heroes
train,SH0824,Super Heroes,Super Heroes
train,SH0806,Super Heroes,Super Heroes
train,SH0848,Super Heroes,Super Heroes
train,SH0845,Super Heroes,Super Heroes
train,SC102,SPEED CHAMPIONS,SPEED CHAMPIONS
train,DP148,Disney,Disney
train,NJO0755,NINJAGO,NINJAGO
train,NJO0775,NINJAGO,NINJAGO
train,NJO0786,NINJAGO,NINJAGO
train,NJO0748,NINJAGO,NINJAGO
train,NJO0744,NINJAGO,NINJAGO
train,NJO0722,NINJAGO,NINJAGO
train,NJO0764,NINJAGO,NINJAGO
train,IDEA112,LEGO Ideas,LEGO Ideas
train,NJO0757,NINJAGO,NINJAGO
train,NJO0772,NINJAGO,NINJAGO
train,NJO0745,NINJAGO,NINJAGO
train,NJO0747,NINJAGO,NINJAGO
train,NJO0739,NINJAGO,NINJAGO
train,MAR0119,Super Mario,Super Mario
train,SH0832,Super Heroes,Super Heroes
train,JW084,Jurassic World,Jurassic World
train,COLTM05,Collectible Minifigures,Collectible Minifigures
train,SH0841,Super Heroes,Super Heroes
train,DP152,Disney,Disney
train,SH0816,Super Heroes,Super Heroes
train,HP335,Harry Potter,Harry Potter
train,COL408,Collectible Minifigures,Collectible Minifigures
train,HP341,Harry Potter,Harry Potter
train,TWN443,Town,Town
train,CAS568,Castle,Castle
train,DP159,Disney,Disney
train,SC095,SPEED CHAMPIONS,SPEED CHAMPIONS
train,TLS113,LEGO Brand,LEGO Brand
train,TLS111,LEGO Brand,LEGO Brand
train,BDP057,BrickLink Designer Program,BrickLink Designer Program
train,BDP053,BrickLink Designer Program,LEGO Brand
train,MAR0114,Super Mario,Super Mario
train,JW098,Jurassic World,Jurassic World
train,IDEA124,LEGO Ideas,LEGO Ideas
train,NJO0780,NINJAGO,NINJAGO
train,HP390,Harry Potter,Harry Potter
train,CAS561,Castle,Castle
train,CAS567,Castle,Castle
train,CAS564,Castle,Castle
train,CAS559,Castle,Castle
train,CAS566,Castle,Castle
train,CAS562,Castle,Castle
train,CAS563,Castle,Castle
train,MIN122,Minecraft,Minecraft
train,NJO0715,NINJAGO,NINJAGO
train,NJO0746,NINJAGO,NINJAGO
train,NJO0727,NINJAGO,NINJAGO
train,NJO0767,NINJAGO,NINJAGO
train,NJO0785,NINJAGO,NINJAGO
train,TWN435,Town,Town
train,SC096,SPEED CHAMPIONS,SPEED CHAMPIONS
train,SW1199,Star Wars,Star Wars
train,SW1198,Star Wars,Star Wars
train,SW1203,Star Wars,Star Wars
train,SW1191,Star Wars,Star Wars
train,HP386,Harry Potter,Harry Potter
train,HOL280,Holiday & Event,Holiday & Event
train,MK081,Monkie Kid,Monkie Kid
train,CTY1430,Town,Town
train,CTY1411,Town,Town
train,CTY1422,Town,Town
train,CTY1409,Town,Town
train,CTY1413,Town,Town
train,CTY1408,Town,Town
train,CTY1423,Town,Town
train,CTY1410,Town,Town
train,CTY1431,Town,Town
train,CTY1421,Town,Town
train,CTY1412,Town,Town
train,CTY1427,Town,Town
train,CTY1415,Town,Town
train,CTY1414,Town,Town
train,CTY1420,Town,Town
train,SW1230,Star Wars,Star Wars
train,SH0846,Super Heroes,Super Heroes
train,SW1205,Star Wars,Star Wars
train,HP355,Harry Potter,Harry Potter
train,HP325,Harry Potter,Harry Potter
train,CTY1503,Town,Town
train,CTY1390,Town,Town
train,HP361,Harry Potter,Harry Potter
train,BDP044,BrickLink Designer Program,BrickLink Designer Program
train,BDP031,BrickLink Designer Program,BrickLink Designer Program
train,TWN441,Town,Town
train,HOL282,Holiday & Event,Holiday & Event
train,HOL263,Holiday & Event,Holiday & Event
train,TWN439,Town,Town
train,TWN424,Town,Town
train,CTY1336,Town,Town
train,HOL267,Holiday & Event,Holiday & Event
train,HP344,Harry Potter,Harry Potter
train,CTY1406,Town,Town
train,MK088,Monkie Kid,Monkie Kid
train,MK084,Monkie Kid,Monkie Kid
train,SC100,SPEED CHAMPIONS,SPEED CHAMPIONS
train,IDEA120,LEGO Ideas,LEGO Ideas
train,DP146,Disney,Disney
train,DIS078,Disney,Disney
train,DIS075,Disney,Disney
train,DIS072,Disney,Disney
train,SH0808,Super Heroes,Super Heroes
train,SH0815,Super Heroes,Super Heroes
train,DIS073,Disney,Disney
train,COLTM06,Collectible Minifigures,Collectible Minifigures
train,DP163,Disney,Disney
train,MK074,Monkie Kid,Monkie Kid
train,MK105,Monkie Kid,Monkie Kid
train,MK065,Monkie Kid,Monkie Kid
train,MK097,Monkie Kid,Monkie Kid
train,MK082,Monkie Kid,Monkie Kid
train,MK066,Monkie Kid,Monkie Kid
train,MK092,Monkie Kid,Monkie Kid
train,MAR0126,Super Mario,Super Mario
train,CTY1347,Town,Town
train,MK086,Monkie Kid,Monkie Kid
train,SH0799,Super Heroes,Super Heroes
train,DP149,Disney,Disney
train,MAR0133,Super Mario,Super Mario
train,SW1226,Star Wars,Star Wars
train,MIN119,Minecraft,Minecraft
train,HP330,Harry Potter,Harry Potter
train,MK099,Monkie Kid,Monkie Kid
train,NJO0750,NINJAGO,NINJAGO
train,NJO0788,NINJAGO,NINJAGO
train,MIN112,Minecraft,Minecraft
train,NJO0743,NINJAGO,NINJAGO
train,NJO0726,NINJAGO,NINJAGO
train,HP369,Harry Potter,Harry Potter
train,SW1220,Star Wars,Star Wars
train,SW1214,Star Wars,Star Wars
train,IDEA110,LEGO Ideas,LEGO Ideas
train,NJO0783,NINJAGO,NINJAGO
train,JW100,Jurassic World,Jurassic World
train,JW089,Jurassic World,Jurassic World
train,IDEA111,LEGO Ideas,LEGO Ideas
train,MAR0091,Super Mario,Super Mario
train,CTY1353,Town,Town
train,HP334,Harry Potter,Harry Potter
train,CTY1469,Town,Town
train,CTY1492,Town,Town
train,CTY1479,Town,Town
train,CAS577,Castle,Castle
train,CAS579,Castle,Castle
train,SW1210,Star Wars,Star Wars
train,HP351,Harry Potter,Harry Potter
train,BDP038,BrickLink Designer Program,BrickLink Designer Program
train,MIN118,Minecraft,Minecraft
train,MK104,Monkie Kid,Monkie Kid
train,MK080,Monkie Kid,Monkie Kid
train,MK067,Monkie Kid,Monkie Kid
train,MAR0137,Super Mario,Super Mario
train,HP358,Harry Potter,Harry Potter
train,CTY1511,Town,Town
train,CTY1380,Town,Town
train,CTY1363,Town,Town
train,CTY1373,Town,Town
train,CTY1510,Town,Town
train,CTY1384,Town,Town
train,CTY1381,Town,Town
train,CTY1385,Town,Town
train,CTY1383,Town,Town
train,CTY1376,Town,Town
train,CTY1364,Town,Town
train,CTY1368,Town,Town
train,CTY1375,Town,Town
train,CTY1374,Town,Town
train,MAR0105,Super Mario,Super Mario
train,CTY1489,Town,Town
train,SW1232,Star Wars,Star Wars
train,HP356,Harry Potter,Harry Potter
train,MAR0109,Super Mario,Super Mario
train,HP329,Harry Potter,Harry Potter
train,HP367,Harry Potter,Harry Potter
train,HP332,Harry Potter,Harry Potter
train,NJO0724,NINJAGO,NINJAGO
train,SW1195,Star Wars,Star Wars
train,COL395,Collectible Minifigures,Collectible Minifigures
train,CTY1400,Town,Town
train,CTY1401,Town,Town
train,JW095,Jurassic World,Jurassic World
train,JW077,Jurassic World,Jurassic World
train,MIN125,Minecraft,Minecraft
train,HP391,Harry Potter,Harry Potter
train,IDEA122,LEGO Ideas,LEGO Ideas
train,CTY1506,Town,Town
train,CTY1467,Town,Town
train,TWN417,Town,Town
train,BDP040,BrickLink Designer Program,BrickLink Designer Program
train,HP362,Harry Potter,Harry Potter
train,COL401,Collectible Minifigures,Collectible Minifigures
train,CTY1344,Town,Town
train,SW1237,Star Wars,Star Wars
train,SH0795,Super Heroes,Super Heroes
train,CTY1447,Town,Town
train,MK093,Monkie Kid,Monkie Kid
train,COL386,Collectible Minifigures,Collectible Minifigures
train,MIN113,Minecraft,Minecraft
train,HP382,Harry Potter,Harry Potter
train,HP376,Harry Potter,Harry Potter
train,HP328,Harry Potter,Harry Potter
train,HP339,Harry Potter,Harry Potter
train,COLTM01,Collectible Minifigures,Collectible Minifigures
train,MIN129,Minecraft,Minecraft
train,MK083,Monkie Kid,Monkie Kid
train,IDEA118,LEGO Ideas,LEGO Ideas
train,CTY1507,Town,Town
train,MK091,Monkie Kid,Monkie Kid
train,MK085,Monkie Kid,Monkie Kid
train,SW1240,Star Wars,Star Wars
train,HOL291,Holiday & Event,Holiday & Event
train,MK076,Monkie Kid,Monkie Kid
train,MAR0092,Super Mario,Super Mario
train,CTY1396,Town,Town
train,CTY1484,Town,Town
train,JW093,Jurassic World,Jurassic World
train,JW094,Jurassic World,Jurassic World
train,SH0788,Super Heroes,Super Heroes
train,CTY1486,Town,Town
train,SH0843,Super Heroes,Super Heroes
train,HP352,Harry Potter,Harry Potter
train,HP371,Harry Potter,Harry Potter
train,HP337,Harry Potter,Harry Potter
train,TWN429,Town,Town
train,BDP049,BrickLink Designer Program,BrickLink Designer Program
train,COL389,Collectible Minifigures,Collectible Minifigures
train,DP166,Disney,Disney
train,COL400,Collectible Minifigures,Collectible Minifigures
train,IDEA146,LEGO Ideas,LEGO Ideas
train,IDEA142,LEGO Ideas,LEGO Ideas
train,IDEA144,LEGO Ideas,LEGO Ideas
train,IDEA132,LEGO Ideas,LEGO Ideas
train,IDEA130,LEGO Ideas,LEGO Ideas
train,IDEA128,LEGO Ideas,LEGO Ideas
train,IDEA136,LEGO Ideas,LEGO Ideas
train,IDEA134,LEGO Ideas,LEGO Ideas
train,IDEA126,LEGO Ideas,LEGO Ideas
train,IDEA138,LEGO Ideas,LEGO Ideas
train,IDEA139,LEGO Ideas,LEGO Ideas
train,IDEA125,LEGO Ideas,LEGO Ideas
train,IDEA137,LEGO Ideas,LEGO Ideas
train,IDEA135,LEGO Ideas,LEGO Ideas
train,IDEA133,LEGO Ideas,LEGO Ideas
train,IDEA104,LEGO Ideas,LEGO Ideas
train,JW080,Jurassic World,Jurassic World
train,CTY1426,Town,Town
train,CTY1460,Town,Town
train,CTY1462,Town,Town
train,SH0800,Super Heroes,Super Heroes
train,SH0829,Super Heroes,Super Heroes
train,IDEA116,LEGO Ideas,LEGO Ideas
train,SH0834,Super Heroes,Super Heroes
train,COLTM10,Collectible Minifigures,Collectible Minifigures
train,HP363,Harry Potter,Harry Potter
train,MAR0094,Super Mario,Super Mario
train,HOL289,Holiday & Event,Holiday & Event
train,CTY1397,Town,Town
train,CTY1500,Town,Town
train,CTY1458,Town,Town
train,CTY1456,Town,Town
train,CTY1457,Town,Town
train,CTY1454,Town,Town
train,CTY1453,Town,Town
train,CTY1498,Town,Town
train,TWN428,Town,Town
train,CTY1476,Town,Town
train,COL399,Collectible Minifigures,Collectible Minifigures
train,COLTM11,Collectible Minifigures,Collectible Minifigures
train,MK102,Monkie Kid,Monkie Kid
train,CTY1395,Town,Town
train,HOL268,Holiday & Event,Holiday & Event
train,SH0790,Super Heroes,Super Heroes
train,SH0831,Super Heroes,Super Heroes
train,SH0804,Super Heroes,Super Heroes
train,DP145,Disney,Disney
train,DP165,Disney,Disney
train,JW099,Jurassic World,Jurassic World
train,CTY1505,Town,Town
train,MAR0096,Super Mario,Super Mario
train,MAR0138,Super Mario,Super Mario
train,MAR0132,Super Mario,Super Mario
train,IDEA121,LEGO Ideas,LEGO Ideas
train,SW1215,Star Wars,Star Wars
train,SH0850,Super Heroes,Super Heroes
train,HP377,Harry Potter,Harry Potter
train,CTY1464,Town,Town
train,MK070,Monkie Kid,Monkie Kid
train,CTY1471,Town,Holiday & Event
train,CTY1495,Town,Town
train,CTY1465,Town,Town
train,COL406,Collectible Minifigures,Collectible Minifigures
train,CTY1490,Town,Town
train,NJO0759,NINJAGO,NINJAGO
train,NJO0765,NINJAGO,NINJAGO
train,MIN121,Minecraft,Minecraft
train,MAR0134,Super Mario,Super Mario
train,COLTM09,Collectible Minifigures,Collectible Minifigures
train,CTY1350,Town,Town
train,SH0819,Super Heroes,Super Heroes
train,MK098,Monkie Kid,Monkie Kid
train,MK100,Monkie Kid,Monkie Kid
train,SW1197,Star Wars,Star Wars
train,COL397,Collectible Minifigures,Collectible Minifigures
train,SH0821,Super Heroes,Super Heroes
train,MK078,Monkie Kid,Monkie Kid
train,SW1218,Star Wars,Star Wars
train,SH0805,Super Heroes,Super Heroes
train,TWN437,Town,Town
train,HOL279,Holiday & Event,Holiday & Event
train,HOL270,Holiday & Event,Holiday & Event
train,TWN438,Town,Town
train,TWN430,Town,Town
train,TWN442,Town,Town
train,HOL266,Holiday & Event,Holiday & Event
train,SH0826,Super Heroes,Super Heroes
train,SH0793,Super Heroes,Super Heroes
train,NJO0716,NINJAGO,NINJAGO
train,NJO0784A,NINJAGO,NINJAGO
train,HOL258,Holiday & Event,Holiday & Event
train,MAR0111,Super Mario,Super Mario
train,MAR0118,Super Mario,Super Mario
train,NJO0770,NINJAGO,NINJAGO
train,NJO0749,NINJAGO,NINJAGO
train,NJO0763,NINJAGO,NINJAGO
train,JW090,Jurassic World,Jurassic World
train,MIN133,Minecraft,Minecraft
train,MIN135,Minecraft,Minecraft
train,BDP094,BrickLink Designer Program,BrickLink Designer Program
train,BDP093,BrickLink Designer Program,BrickLink Designer Program
train,HP462,Harry Potter,Harry Potter
train,SW1316,Star Wars,Star Wars
train,COLMAR13,Collectible Minifigures,Collectible Minifigures
train,CTY1674,Town,Town
train,DRM022,DREAMZzz,DREAMZzz
train,SH0920,Super Heroes,Super Heroes
train,SH0883,Super Heroes,Super Heroes
train,DIS116,Disney,Disney
train,CTY1569,Town,Town
train,HP397,Harry Potter,Harry Potter
train,DIS126,Disney,Disney
train,DP182,Disney,Disney
train,CTY1622,Town,Town
train,CTY1623,Town,Town
train,NJO0800,NINJAGO,NINJAGO
train,MIN149,Minecraft,Minecraft
train,CTY1613,Town,Town
train,CTY1614,Town,Town
train,CTY1629,Town,Town
train,CTY1641,Town,Town
train,CTY1630,Town,Town
train,CTY1607,Town,Town
train,CTY1658,Town,Town
train,CTY1608,Town,Town
train,CTY1656,Town,Town
train,CTY1639,Town,Town
train,DP181,Disney,Disney
train,DIS110,Disney,Disney
train,NJO0834,NINJAGO,NINJAGO
train,LOR121,The Hobbit and The Lord of the Rings,The Hobbit and The Lord of the Rings
train,DIS143,Disney,Disney
train,SOC156,Sports,Sports
train,SW1308,Star Wars,Star Wars
train,SW1280,Star Wars,Star Wars
train,TWN478,Town,Town
train,BDP077,BrickLink Designer Program,Town
train,MAR0151,Super Mario,Super Mario
train,NJO0828,NINJAGO,NINJAGO
train,CTY1647,Town,Town
train,SH0886,Super Heroes,Super Heroes
train,SH0880,Super Heroes,Super Heroes
train,SW1293,Star Wars,Star Wars
train,DIS108,Collectible Minifigures,Collectible Minifigures
train,TWN462,Town,Town
train,TWN461,Town,Town
train,DP174,Disney,Disney
train,DIS123,Disney,Disney
train,LOR117,The Hobbit and The Lord of the Rings,The Hobbit and The Lord of the Rings
train,MAR0155,Super Mario,Super Mario
train,90398PB049,Castle,Castle
train,SH0865,Super Heroes,Super Heroes
train,SH0851,Super Heroes,Super Heroes
train,SH0922,Super Heroes,Super Heroes
train,SH0907,Super Heroes,Super Heroes
train,SP135,Space,Space
train,SP134,Space,Space
train,HP401,Harry Potter,Harry Potter
train,NJO0829,NINJAGO,NINJAGO
train,MAR0144,Super Mario,Super Mario
train,MAR0145,Super Mario,Super Mario
train,SW1287,Star Wars,Star Wars
train,NJO0836,NINJAGO,NINJAGO
train,SW1245,Star Wars,Star Wars
train,HP455,Harry Potter,Harry Potter
train,NJO0801,NINJAGO,NINJAGO
train,NJO0795,NINJAGO,NINJAGO
train,NJO0807,NINJAGO,NINJAGO
train,MAR0174,Super Mario,Super Mario
train,NJO0791,NINJAGO,NINJAGO
train,LOR126,The Hobbit and The Lord of the Rings,The Hobbit and The Lord of the Rings
train,CTY1637,Town,Town
train,HOL323,Holiday & Event,Holiday & Event
train,COL413,Collectible Minifigures,Collectible Minifigures
train,SH0854,Super Heroes,Super Heroes
train,IDEA157,LEGO Ideas,LEGO Ideas
train,IDEA156,LEGO Ideas,LEGO Ideas
train,IDEA155,LEGO Ideas,LEGO Ideas
train,IDEA154,LEGO Ideas,LEGO Ideas
train,IDEA153,LEGO Ideas,LEGO Ideas
train,IDEA149,LEGO Ideas,LEGO Ideas
train,IDEA147,LEGO Ideas,LEGO Ideas
train,SH0908,Super Heroes,Super Heroes
train,SH0852,Super Heroes,Super Heroes
train,DIS082,Disney,Disney
train,SH0911,Super Heroes,Super Heroes
train,SW1289,Star Wars,Star Wars
train,CTY1661,Town,Town
train,CTY1660,Town,Town
train,CTY1684,Town,Town
train,COL415,Collectible Minifigures,Collectible Minifigures
train,MAR0158,Super Mario,Super Mario
train,SH0885,Super Heroes,Super Heroes
train,HP405,Harry Potter,Harry Potter
train,HP429,Harry Potter,Harry Potter
train,NJO0833,NINJAGO,NINJAGO
train,SW1306,Star Wars,Star Wars
train,HOL351,Holiday & Event,Holiday & Event
train,TWN481,Town,Town
train,CTY1615,Town,Town
train,CTY1662,Town,Town
train,TWN464,Town,Town
train,HOL317,Holiday & Event,Holiday & Event
train,HOL327,Holiday & Event,Holiday & Event
train,CTY1686,Town,Town
train,BDP081,BrickLink Designer Program,BrickLink Designer Program
train,TWN463,Town,Town
train,HOL308,Holiday & Event,Holiday & Event
train,HOL320,Holiday & Event,Holiday & Event
train,TWN480,Town,Town
train,TWN470,Holiday & Event,Holiday & Event
train,TWN471,Town,Town
train,CTY1643,Town,Town
train,HP402,Harry Potter,Harry Potter
train,HP418,Harry Potter,Harry Potter
train,HP428,Harry Potter,Harry Potter
train,DP168,Disney,Disney
train,SP139,Space,Space
train,SP136,Space,Space
train,SP137,Space,Space
train,SW1277,Star Wars,Star Wars
train,SW1247,Star Wars,Star Wars
train,SW1305,Star Wars,Star Wars
train,SW1315,Star Wars,Star Wars
train,SW1304,Star Wars,Star Wars
train,SW1248,Star Wars,Star Wars
train,SW1276,Star Wars,Star Wars
train,CTY1644,Town,Town
train,MAR0140,Super Mario,Super Mario
train,COL419,Collectible Minifigures,Collectible Minifigures
train,CTY1606,Town,Town
train,BDP064,BrickLink Designer Program,BrickLink Designer Program
train,BDP063,BrickLink Designer Program,BrickLink Designer Program
train,CTY1605,Town,Town
train,CTY1600,Town,Town
train,CTY1554,Town,Town
train,BDP062,BrickLink Designer Program,BrickLink Designer Program
train,CTY1601,Town,Town
train,CTY1688,Town,Town
train,CTY1604,Town,Town
train,CTY1691,Town,Town
train,BDP061,BrickLink Designer Program,BrickLink Designer Program
train,BDP060,BrickLink Designer Program,BrickLink Designer Program
train,CTY1619,Town,Town
train,DRM027,DREAMZzz,DREAMZzz
train,DRM034,DREAMZzz,DREAMZzz
train,CTY1584,Town,Town
train,CTY1582,Town,Town
train,CTY1583,Town,Town
train,MAR0168,Super Mario,Super Mario
train,DIS104,Collectible Minifigures,Collectible Minifigures
train,CTY1537,Town,Town
train,CTY1538,Town,Town
train,NJO0842,NINJAGO,NINJAGO
train,CTY1663,Town,Town
train,TWN477,Town,Town
train,IDEA158,LEGO Ideas,LEGO Ideas
train,NJO0844,NINJAGO,NINJAGO
train,SW1249,Star Wars,Star Wars
train,HP453,Harry Potter,Harry Potter
train,JW106,Jurassic World,Jurassic World
train,DRM023,DREAMZzz,DREAMZzz
train,CTY1689,Town,Town
train,MIN153,Minecraft,Minecraft
train,CTY1653,Town,Town
train,SH0869,Super Heroes,Super Heroes
train,NJO0838,NINJAGO,NINJAGO
train,MAR0163,Super Mario,Super Mario
train,JW105,Jurassic World,Jurassic World
train,JW107,Jurassic World,Jurassic World
train,JW104,Jurassic World,Jurassic World
train,JW110,Jurassic World,Jurassic World
train,SH0930,Super Heroes,LEGO Ideas
train,DIS097,Collectible Minifigures,Collectible Minifigures
train,SH0921,Super Heroes,Super Heroes
train,JW108,Jurassic World,Jurassic World
train,SH0890,Super Heroes,Super Heroes
train,HP461,Harry Potter,Harry Potter
train,HP447,Harry Potter,Harry Potter
train,MIN138,Minecraft,Minecraft
train,MK123,Monkie Kid,Monkie Kid
train,DRM018,DREAMZzz,DREAMZzz
train,DRM028,DREAMZzz,DREAMZzz
train,DRM019,DREAMZzz,DREAMZzz
train,SH0933,Super Heroes,Super Heroes
train,47205PB098,DUPLO,DUPLO
train,47205PB104,DUPLO,DUPLO
train,47205PB109,DUPLO,DUPLO
train,47205PB094,DUPLO,DUPLO
train,47205PB097,DUPLO,DUPLO
train,47205PB107,DUPLO,DUPLO
train,47205PB103,DUPLO,DUPLO
train,47205PB110,DUPLO,DUPLO
train,47205PB105,DUPLO,DUPLO
train,47394PB347,DUPLO,DUPLO
train,47394PB344,DUPLO,DUPLO
train,47394PB348,DUPLO,DUPLO
train,47394PB346,DUPLO,DUPLO
train,47394PB340,DUPLO,DUPLO
train,47394PB341,DUPLO,DUPLO
train,47394PB350,DUPLO,DUPLO
train,47394PB351,DUPLO,DUPLO
train,47205PB100,DUPLO,DUPLO
train,47205PB102,DUPLO,DUPLO
train,47394PB349,DUPLO,DUPLO
train,47394PB343,DUPLO,DUPLO
train,CRS113,DUPLO,DUPLO
train,CRS114,DUPLO,DUPLO
train,CTY1650,Town,Town
train,SH0891,Super Heroes,Super Heroes
train,LOR114,The Hobbit and The Lord of the Rings,NINJAGO
train,LOR115,The Hobbit and The Lord of the Rings,The Hobbit and The Lord of the Rings
train,LOR128,The Hobbit and The Lord of the Rings,The Hobbit and The Lord of the Rings
train,NJO0826,NINJAGO,NINJAGO
train,MIN137,Minecraft,Minecraft
train,MIN151,Minecraft,Minecraft
train,MIN139,Minecraft,Minecraft
train,DIS101,Collectible Minifigures,Collectible Minifigures
train,DIS128,Disney,Disney
train,SW1298,Star Wars,Star Wars
train,BDP074,BrickLink Designer Program,BrickLink Designer Program
train,COL416,Collectible Minifigures,Collectible Minifigures
train,BDP069,BrickLink Designer Program,BrickLink Designer Program
train,CTY1580,Town,Town
train,CTY1632,Town,Town
train,CTY1523,Town,Town
train,SW1318,Star Wars,Star Wars
train,CTY1555,Town,Town
train,CTY1545,Town,Town
train,CTY1544,Town,Town
train,CTY1549,Town,Town
train,CTY1546,Town,Town
train,SW1310,Star Wars,Star Wars
train,CTY1620,Town,Town
train,DRM025,DREAMZzz,DREAMZzz
train,MAR0160,Super Mario,Super Mario
train,DIS137,Disney,Disney
train,COL411,Collectible Minifigures,Collectible Minifigures
train,90398PB050,Castle,Castle
train,HP433,Harry Potter,Harry Potter
train,FRND0622,Friends,Friends
train,FRND0626,Friends,Friends
train,FRND0580,Friends,Friends
train,FRND0602,Friends,Friends
train,FRND0660,Friends,Friends
train,FRND0651,Friends,Friends
train,FRND0612,Friends,Friends
train,FRND0609,Friends,Friends
train,FRND0586,Friends,Friends
train,FRND0664,Friends,Friends
train,FRND0621,Friends,Friends
train,FRND0606,Friends,Friends
train,FRND0663,Friends,Friends
train,FRND0576,Friends,Friends
train,FRND0620,Friends,Friends
train,FRND0653,Friends,Friends
train,FRND0667,Friends,Friends
train,FRND0601,Friends,Friends
train,FRND0657,Friends,Friends
train,FRND0647,Friends,Friends
train,FRND0595,Friends,Friends
train,FRND0618,Friends,Friends
train,FRND0666,Friends,Friends
train,FRND0574,Friends,Friends
train,FRND0597,Friends,Friends
train,FRND0649,Friends,Friends
train,FRND0610,Friends,Friends
train,FRND0640,Friends,Friends
train,FRND0577,Friends,Friends
train,FRND0575,Friends,Friends
train,FRND0619,Friends,Friends
train,FRND0578,Friends,Friends
train,FRND0655,Friends,Friends
train,FRND0638,Friends,Friends
train,FRND0587,Friends,Friends
train,FRND0581,Friends,Friends
train,FRND0600,Friends,Friends
train,FRND0583,Friends,Friends
train,FRND0614,Friends,Friends
train,FRND0661,Friends,Friends
train,FRND0658,Friends,Friends
train,FRND0631,Friends,Friends
train,FRND0624,Friends,Friends
train,FRND0650,Friends,Friends
train,FRND0592,Friends,Friends
train,FRND0585,Friends,Friends
train,FRND0608,Friends,Friends
train,FRND0641,Friends,Friends
train,FRND0611,Friends,Friends
train,FRND0625,Friends,Friends
train,FRND0604,Friends,Friends
train,FRND0643,Friends,Friends
train,FRND0591,Friends,Friends
train,FRND0569,Friends,Friends
train,FRND0588,Friends,Friends
train,FRND0594,Friends,Friends
train,FRND0582,Friends,Friends
train,FRND0589,Friends,Friends
train,FRND0627,Friends,Friends
train,FRND0665,Friends,Friends
train,FRND0634,Friends,Friends
train,FRND0571,Friends,Friends
train,FRND0572,Friends,Friends
train,FRND0635,Friends,Friends
train,FRND0632,Friends,Friends
train,FRND0570,Friends,Friends
train,FRND0607,Friends,Friends
train,FRND0659,Friends,Friends
train,FRND0629,Friends,Friends
train,FRND0662,Friends,Friends
train,FRND0599,Friends,Friends
train,FRND0616,Friends,Friends
train,MAR0165,Super Mario,Super Mario
train,CTY1543,Town,Town
train,CTY1540,Town,Town
train,CTY1541,Town,Town
train,CTY1542,Town,Town
train,DIS129,Disney,Disney
train,NJO0839,NINJAGO,NINJAGO
train,NJO0802,NINJAGO,NINJAGO
train,HP435,Harry Potter,Harry Potter
train,NJO0804,NINJAGO,NINJAGO
train,SH0861,Super Heroes,Super Heroes
train,LOR119,The Hobbit and The Lord of the Rings,The Hobbit and The Lord of the Rings
train,HP437,Harry Potter,Harry Potter
train,HOL324,Holiday & Event,Holiday & Event
train,LOR118,The Hobbit and The Lord of the Rings,The Hobbit and The Lord of the Rings
train,CTY1530,Town,Town
train,HP448,Harry Potter,Harry Potter
train,HP452,Harry Potter,Harry Potter
train,MIN156,Minecraft,Minecraft
train,SH0888,Super Heroes,Super Heroes
train,MAR0152,Super Mario,Super Mario
train,DRM002,DREAMZzz,DREAMZzz
train,HP450,Harry Potter,Harry Potter
train,HP454,Harry Potter,Harry Potter
train,SH0874,Super Heroes,Super Heroes
train,MIN144,Minecraft,Minecraft
train,SW1284,Star Wars,Star Wars
train,HP407,Harry Potter,Harry Potter
train,HP458,Harry Potter,Harry Potter
train,HP419,Harry Potter,Harry Potter
train,HP396,Harry Potter,Harry Potter
train,HP438,Harry Potter,Harry Potter
train,HP413,Harry Potter,Harry Potter
train,SH0925,Super Heroes,Super Heroes
train,COLMAR18,Collectible Minifigures,Collectible Minifigures
train,SW1311,Star Wars,Star Wars
train,HP460,Harry Potter,Harry Potter
train,MIN136,Minecraft,Minecraft
train,BDP089,BrickLink Designer Program,BrickLink Designer Program
train,TWN472,Town,Town
train,SW1313,Star Wars,Star Wars
train,NJO0831,NINJAGO,NINJAGO
train,SH0932,Super Heroes,Super Heroes
train,MAR0153,Super Mario,Super Mario
train,CTY1682,Town,Town
train,CTY1683,Town,Town
train,CTY1636,Town,Town
train,CTY1616,Town,Town
train,CTY1617,Town,Town
train,SW1265,Star Wars,Star Wars
train,PI192,Pirates,Pirates
train,PI191,Pirates,Pirates
train,PI193,Pirates,Pirates
train,PI196,Pirates,Pirates
train,SW1275,Star Wars,Star Wars
train,SW1251,Star Wars,Star Wars
train,NJO0815,NINJAGO,NINJAGO
train,NJO0827,NINJAGO,NINJAGO
train,NJO0818,NINJAGO,NINJAGO
train,MK106,Monkie Kid,Monkie Kid
train,SH0910,Super Heroes,Super Heroes
train,SH0923,Super Heroes,Super Heroes
train,SH0853,Super Heroes,Super Heroes
train,SH0904,Super Heroes,Super Heroes
train,SH0914,Super Heroes,Super Heroes
train,DRM001,DREAMZzz,DREAMZzz
train,DRM030,DREAMZzz,DREAMZzz
train,SW1309,Star Wars,Star Wars
train,DIS130,Disney,Disney
train,DP170,Disney,Disney
train,NJO0814,NINJAGO,NINJAGO
train,DRM004,DREAMZzz,DREAMZzz
train,TWN456,Town,Town
train,JW118,Jurassic World,Jurassic World
train,DIS094,Collectible Minifigures,Collectible Minifigures
train,JW103,Jurassic World,Jurassic World
train,MIN142,Minecraft,Minecraft
train,NJO0830,NINJAGO,NINJAGO
train,NJO0808,NINJAGO,NINJAGO
train,NJO0811,NINJAGO,NINJAGO
train,SW1268,Star Wars,Star Wars
train,DIS113,Disney,Disney
train,COLMAR19,Collectible Minifigures,Collectible Minifigures
train,MIN146,Minecraft,Minecraft
train,DP184,Disney,Disney
train,MAR0169,Super Mario,Super Mario
train,CTY1574,Town,Town
train,BDP075,BrickLink Designer Program,BrickLink Designer Program
train,MK114,Monkie Kid,Monkie Kid
train,LOR127,The Hobbit and The Lord of the Rings,The Hobbit and The Lord of the Rings
train,NJO0813,NINJAGO,NINJAGO
train,NJO0848,NINJAGO,NINJAGO
train,HOL326,Holiday & Event,Holiday & Event
train,HOL328,Holiday & Event,Holiday & Event
train,SH0860,Super Heroes,Super Heroes
train,HP422,Harry Potter,Harry Potter
train,SW1307,Star Wars,Star Wars
train,SW1283,Star Wars,Star Wars
train,SW1266,Star Wars,Star Wars
train,SW1267,Star Wars,Star Wars
train,HP403,Harry Potter,Harry Potter
train,HOL306,Holiday & Event,Holiday & Event
train,HOL322,Holiday & Event,Holiday & Event
train,HOL319,Holiday & Event,Holiday & Event
train,HOL313,Holiday & Event,Holiday & Event
train,HOL312,Holiday & Event,Holiday & Event
train,HOL314,Holiday & Event,Holiday & Event
train,HOL315,Holiday & Event,Holiday & Event
train,HOL307,Holiday & Event,Holiday & Event
train,HOL311,Holiday & Event,Holiday & Event
train,MAR0173,Super Mario,Super Mario
train,CAS580,Castle,Castle
train,CTY1634,Town,Town
train,BDP085,BrickLink Designer Program,BrickLink Designer Program
train,DP177,Disney,Disney
train,HOL349,Holiday & Event,Holiday & Event
train,SW1259,Star Wars,Star Wars
train,SH0878,Super Heroes,Super Heroes
train,DRM003,DREAMZzz,DREAMZzz
train,DRM021,DREAMZzz,DREAMZzz
train,DRM016,DREAMZzz,DREAMZzz
train,SH0882,Super Heroes,Super Heroes
train,SC107,SPEED CHAMPIONS,SPEED CHAMPIONS
train,CTY1539,Town,Town
train,SOC157,Sports,Sports
train,MK115,Monkie Kid,Monkie Kid
train,MK110,Monkie Kid,Monkie Kid
train,LOR124,The Hobbit and The Lord of the Rings,The Hobbit and The Lord of the Rings
train,HP417,Harry Potter,Harry Potter
train,HP404,Harry Potter,Harry Potter
train,DIS115,Disney,Disney
train,DIS131,Disney,Disney
train,DIS147,Disney,Disney
train,DIS141,Disney,Disney
train,DIS102,Collectible Minifigures,Collectible Minifigures
train,DIS142,Disney,Disney
train,DIS117,Disney,Disney
train,NJO0843,NINJAGO,NINJAGO
train,DP171,Disney,Disney
train,DIS088,Disney,Disney
train,MAR0175,Super Mario,Super Mario
train,HP423,Harry Potter,Harry Potter
train,CTY1664,Town,Town
train,MK132,Monkie Kid,Monkie Kid
train,MK126,Monkie Kid,Monkie Kid
train,MK121,Monkie Kid,Monkie Kid
train,MK127,Monkie Kid,Monkie Kid
train,MK131,Monkie Kid,Monkie Kid
train,MK113,Monkie Kid,Monkie Kid
train,MK118,Monkie Kid,Monkie Kid
train,CTY1672,Town,Town
train,COLMAR14,Collectible Minifigures,Collectible Minifigures
train,SW1290,Star Wars,Star Wars
train,MAR0171,Super Mario,Super Mario
train,CTY1631,Town,Town
train,CTY1627,Town,Town
train,CTY1571,Town,Town
train,TWN459,Town,Town
train,TWN460,Town,Town
train,DRM020,DREAMZzz,DREAMZzz
train,MK120,Monkie Kid,Monkie Kid
train,DRM031,DREAMZzz,DREAMZzz
train,SH0913,Super Heroes,Super Heroes
train,DIS124,Disney,Disney
train,DIS100,Collectible Minifigures,Collectible Minifigures
train,SH0876,Super Heroes,Super Heroes
train,SH0893,Super Heroes,Super Heroes
train,MIN152,Minecraft,Minecraft
train,MIN147,Minecraft,Minecraft
train,HP425,Harry Potter,Harry Potter
train,COL423,Collectible Minifigures,Collectible Minifigures
train,DRM007,DREAMZzz,DREAMZzz
train,DRM012,DREAMZzz,DREAMZzz
train,CTY1645,Town,Town
train,DRM010,DREAMZzz,DREAMZzz
train,NJO0809,NINJAGO,NINJAGO
train,NJO0824,NINJAGO,NINJAGO
train,SW1255,Star Wars,Star Wars
train,DP185,Disney,Disney
train,IDEA175,LEGO Ideas,LEGO Ideas
train,IDEA176,LEGO Ideas,LEGO Ideas
train,IDEA179,LEGO Ideas,LEGO Ideas
train,IDEA172,LEGO Ideas,LEGO Ideas
train,IDEA178,LEGO Ideas,BrickLink Designer Program
train,IDEA174,LEGO Ideas,LEGO Ideas
train,SH0871,Super Heroes,Super Heroes
train,SH0872,Super Heroes,Super Heroes
train,JW102,Jurassic World,Jurassic World
train,TWN465,Town,Town
train,SW1303,Star Wars,Star Wars
train,HP400,Harry Potter,Harry Potter
train,CTY1573,Town,Town
train,CTY1572,Town,Town
train,CTY1678,Town,Town
train,CTY1519,Town,Town
train,SH0926,Super Heroes,Super Heroes
train,DIS083,Disney,Disney
train,DIS087,Disney,Disney
train,MK109,Monkie Kid,Monkie Kid
train,MK128,Monkie Kid,Monkie Kid
train,MAR0143,Super Mario,Super Mario
train,DIS093,Collectible Minifigures,Collectible Minifigures
train,PI189,Pirates,Pirates
train,PI197,Pirates,Pirates
train,PI190,Pirates,Pirates
train,CTY1669,Town,Town
train,SW1294,Star Wars,Star Wars
train,TWN452,Town,Town
train,TWN458,Town,LEGO Ideas
train,PLN196,Town,Town
train,CTY1681,Town,Town
train,CTY1680,Town,Town
train,CTY1675,Town,Town
train,DIS118,Disney,Disney
train,CTY1586,Town,Town
train,CTY1564,Town,Town
train,CTY1525,Town,Town
train,CTY1560,Town,Town
train,CTY1562,Town,Town
train,CTY1563,Town,Town
train,CTY1561,Town,Town
train,CTY1565,Town,Town
train,CTY1570,Town,Town
train,CTY1548,Town,Town
train,CTY1552,Town,Town
train,TWN475,Town,Town
train,SC106,SPEED CHAMPIONS,SPEED CHAMPIONS
train,COL420,Collectible Minifigures,Collectible Minifigures
train,DP179,Disney,Disney
train,DIS136,Disney,Disney
train,SW1282,Star Wars,Star Wars
train,SW1296,Star Wars,Star Wars
train,SW1264,Star Wars,Star Wars
train,CTY1665,Town,Town
train,DIS098,Collectible Minifigures,Collectible Minifigures
train,CTY1671,Town,Town
train,CTY1593,Town,Town
train,CTY1670,Town,Town
train,IDEA177,LEGO Ideas,LEGO Ideas
train,MAR0167,Super Mario,Super Mario
train,DP167,Disney,Disney
train,DIS138,Disney,Disney
train,SW1286,Star Wars,Star Wars
train,SW1285,Star Wars,Star Wars
train,SW1281,Star Wars,Star Wars
train,SW1279,Star Wars,Star Wars
train,TWN476,Town,Town
train,CTY1521,Town,Town
train,MAR0159,Super Mario,Super Mario
train,SW1317,Star Wars,Star Wars
train,HP451,Harry Potter,Harry Potter
train,LOR120,The Hobbit and The Lord of the Rings,The Hobbit and The Lord of the Rings
train,LOR122,The Hobbit and The Lord of the Rings,The Hobbit and The Lord of the Rings
train,JW115,Jurassic World,Jurassic World
train,DIS105,Collectible Minifigures,Collectible Minifigures
train,COL412,Collectible Minifigures,Collectible Minifigures
train,CTY1635,Town,Town
train,SH0875,Super Heroes,Super Heroes
train,SH0858,Super Heroes,Super Heroes
train,CTY1578,Town,Town
train,COL421,Collectible Minifigures,Collectible Minifigures
train,HP434,Harry Potter,Harry Potter
train,HP459,Harry Potter,Harry Potter
train,HP436,Harry Potter,Harry Potter
train,DIS090,Disney,Disney
train,SW1302,Star Wars,Star Wars
train,DIS145,Disney,Disney
train,LOR113,The Hobbit and The Lord of the Rings,The Hobbit and The Lord of the Rings
train,MK112,Monkie Kid,Monkie Kid
train,MK130,Monkie Kid,Monkie Kid
train,CTY1651,Town,Town
train,IDEA161,LEGO Ideas,LEGO Ideas
train,MIN143,Minecraft,Minecraft
train,COLMAR17,Collectible Minifigures,Collectible Minifigures
train,SH0918,Super Heroes,Super Heroes
train,SH0919,Super Heroes,Super Heroes
train,MK122,Monkie Kid,Monkie Kid
train,CTY1628,Town,Town
train,GEN172,Friends,Friends
train,CTY1659,Town,Town
train,GEN180,LEGO Brand,LEGO Brand
train,MAR0176,Super Mario,Super Mario
train,DRM006,DREAMZzz,DREAMZzz
train,DIS134,Disney,Disney
train,SW1256,Star Wars,Star Wars
train,SOC168,Sports,Sports
train,SOC154,Sports,Sports
train,SOC159,Sports,Sports
train,SOC163,Sports,Sports
train,SOC160,Sports,Sports
train,SOC166,Sports,Sports
train,SOC161,Sports,Sports
train,SOC165,Sports,Sports
train,SOC162,Sports,Sports
train,NJO0845,NINJAGO,NINJAGO
train,DIS095,Collectible Minifigures,Collectible Minifigures
train,BDP073,BrickLink Designer Program,BrickLink Designer Program
train,TWN479,Town,Town
train,BDP076,BrickLink Designer Program,BrickLink Designer Program
train,CTY1550,Town,Town
train,SH0867,Super Heroes,Super Heroes
train,SH0862,Super Heroes,Super Heroes
train,SH0855,Super Heroes,Super Heroes
train,SH0866,Super Heroes,Super Heroes
train,SH0905,Super Heroes,Super Heroes
train,MAR0157,Super Mario,Super Mario
train,NJO0825,NINJAGO,NINJAGO
train,CTY1524,Town,Town
train,BDP066,BrickLink Designer Program,BrickLink Designer Program
train,MAR0170,Super Mario,Super Mario
train,DIS146,Disney,Disney
train,BDP090,BrickLink Designer Program,BrickLink Designer Program
train,CTY1648,Town,Town
train,CTY1579,Town,Town
train,CTY1591,Town,Town
train,CTY1577,Town,Town
train,CTY1575,Town,Town
train,CTY1590,Town,Town
train,CTY1576,Town,Town
train,CTY1531,Town,Town
train,CTY1581,Town,Town
train,MAR0148,Super Mario,Super Mario
train,DRM011,DREAMZzz,DREAMZzz
train,HP406,Harry Potter,Harry Potter
train,NJO0846,NINJAGO,NINJAGO
train,COL417,Collectible Minifigures,Collectible Minifigures
train,CTY1668,Town,Town
train,TWN455,Town,Town
train,TWN466,Town,Town
train,NJO0832,NINJAGO,NINJAGO
train,SH0859,Super Heroes,Super Heroes
train,SH0906,Super Heroes,Super Heroes
train,HP464,Harry Potter,Harry Potter
train,MK111,Monkie Kid,Monkie Kid
train,MK117,Monkie Kid,Monkie Kid
train,SH0900,Super Heroes,Super Heroes
train,SH0901,Super Heroes,Super Heroes
train,SH0903,Super Heroes,Super Heroes
train,DIS109,Collectible Minifigures,Collectible Minifigures
train,SH0897,Super Heroes,Super Heroes
train,SH0915,Super Heroes,Super Heroes
train,DIS096,Collectible Minifigures,Collectible Minifigures
train,JW113,Jurassic World,Jurassic World
train,DIS121,Disney,Disney
train,DIS086,Disney,Disney
train,HOL329,Holiday & Event,Holiday & Event
train,HOL330,Holiday & Event,Holiday & Event
train,CTY1654,Town,Town
train,BDP086,BrickLink Designer Program,BrickLink Designer Program
train,BDP082,BrickLink Designer Program,BrickLink Designer Program
train,SW1271,Star Wars,Star Wars
train,BDP091,BrickLink Designer Program,BrickLink Designer Program
train,BDP087,BrickLink Designer Program,BrickLink Designer Program
train,BDP084,BrickLink Designer Program,BrickLink Designer Program
train,CTY1642,Town,Town
train,MK125,Monkie Kid,Monkie Kid
train,DIS112,Disney,Disney
train,CTY1547,Town,Town
train,SH0898,Super Heroes,Super Heroes
train,SW1257,Star Wars,Star Wars
train,CTY1532,Town,Town
train,CTY1533,Town,Town
train,SW1250,Star Wars,Star Wars
train,CTY1685,Town,Town
train,IDEA168,LEGO Ideas,LEGO Ideas
train,IDEA167,LEGO Ideas,LEGO Ideas
train,IDEA169,LEGO Ideas,LEGO Ideas
train,IDEA170,LEGO Ideas,LEGO Ideas
train,HP414,Harry Potter,Harry Potter
train,NJO0849,NINJAGO,NINJAGO
train,BDP078,BrickLink Designer Program,BrickLink Designer Program
train,DIS140,Disney,Disney
train,MIN148,Minecraft,Minecraft
train,CTY1687,Town,Town
train,MAR0146,Super Mario,Super Mario
train,DIS084,Disney,Disney
train,DIS139,Disney,Disney
train,IDEA162,LEGO Ideas,LEGO Ideas
train,BDP065,BrickLink Designer Program,BrickLink Designer Program
train,HOL335,Holiday & Event,Holiday & Event
train,MIN150,Minecraft,Minecraft
train,COLMAR24,Collectible Minifigures,Collectible Minifigures
train,HOL350,Holiday & Event,Holiday & Event
train,BDP071,BrickLink Designer Program,BrickLink Designer Program
train,CTY1568,Town,Town
train,NJO0805,NINJAGO,NINJAGO
train,NJO0823,NINJAGO,NINJAGO
train,HOL310,Holiday & Event,Holiday & Event
train,SW1270,Star Wars,Star Wars
train,SW1288,Star Wars,Star Wars
train,DRM013,DREAMZzz,DREAMZzz
train,DRM033,DREAMZzz,DREAMZzz
train,NJO0837,NINJAGO,NINJAGO
train,NJO0819,NINJAGO,NINJAGO
train,DRM029,DREAMZzz,DREAMZzz
train,DRM009,DREAMZzz,DREAMZzz
train,DRM015,DREAMZzz,DREAMZzz
train,DIS170,Disney,Disney
train,JW123,Jurassic World,Jurassic World
train,TWN503,Town,Town
train,SW1354,Star Wars,Star Wars
train,DRM037,DREAMZzz,DREAMZzz
train,HP488,Harry Potter,Harry Potter
train,HP525,Harry Potter,Harry Potter
train,MIN158,Minecraft,Minecraft
train,CTY1757,Town,Town
train,CTY1764,Town,Town
train,COL446,Collectible Minifigures,Collectible Minifigures
train,COL438,Collectible Minifigures,Collectible Minifigures
train,CTY1720,Town,Town
train,SW1332,Star Wars,Star Wars
train,DP192,Disney,Disney
train,DIS166,Disney,Disney
train,DIS163,Disney,Disney
train,CTY1825,Town,Town
train,DP189,Disney,Disney
train,DP200,Disney,Disney
train,DP193,Disney,Disney
train,NJO0850,NINJAGO,NINJAGO
train,NJO0866,NINJAGO,NINJAGO
train,NJO0908,NINJAGO,NINJAGO
train,NJO0898,NINJAGO,NINJAGO
train,MIN157,Minecraft,Minecraft
train,HP514,Harry Potter,Harry Potter
train,DRM059,DREAMZzz,DREAMZzz
train,SW1362,Star Wars,Star Wars
train,CTY1726,Town,Town
train,CTY1753,Town,Town
train,CTY1698,Town,Town
train,CTY1708,Town,Town
train,CTY1754,Town,Town
train,CTY1707,Town,Town
train,CTY1694,Town,Town
train,CTY1706,Town,Town
train,CTY1697,Town,Town
train,CTY1729,Town,Town
train,CTY1758,Town,Town
train,CTY1775,Town,Town
train,CTY1696,Town,Town
train,SC113,SPEED CHAMPIONS,SPEED CHAMPIONS
train,MK139,Monkie Kid,Monkie Kid
train,DIS151,Disney,Disney
train,DP194,Disney,Disney
train,TWN497,Town,Town
train,CTY1823,Town,Town
train,FRND0675,Friends,Friends
train,FRND0762,Friends,Friends
train,CTY1735,Town,Town
train,CTY1785,Town,Town
train,IDEA208,LEGO Ideas,LEGO Ideas
train,BDP132,BrickLink Designer Program,BrickLink Designer Program
train,IDEA197,LEGO Ideas,LEGO Ideas
train,DIS159,Disney,Disney
train,SH0965,Super Heroes,Super Heroes
train,SH0988,Super Heroes,Super Heroes
train,SH0964,Super Heroes,Super Heroes
train,SH0986,Super Heroes,Super Heroes
train,SH0958,Super Heroes,Super Heroes
train,SW1320,Star Wars,Star Wars
train,IDEA199,LEGO Ideas,LEGO Ideas
train,BDP107,BrickLink Designer Program,BrickLink Designer Program
train,BDP103,BrickLink Designer Program,BrickLink Designer Program
train,MIN166,Minecraft,Minecraft
train,SC111,SPEED CHAMPIONS,SPEED CHAMPIONS
train,SC110,SPEED CHAMPIONS,SPEED CHAMPIONS
train,MAR0199,Super Mario,Super Mario
train,MAR0187,Super Mario,Super Mario
train,SW1368,Star Wars,Star Wars
train,MAR0179,Super Mario,Super Mario
train,MAR0184,Super Mario,Super Mario
train,IDEA200,LEGO Ideas,LEGO Ideas
train,MIN171,Minecraft,Minecraft
train,TWN496,Town,Town
train,TWN495,Town,Town
train,CTY1771,Town,Town
train,SW1377,Star Wars,Star Wars
train,DIS169,Disney,Disney
train,SH1003,Super Heroes,Super Heroes
train,SH0973,Super Heroes,Super Heroes
train,SW1328,Star Wars,Star Wars
train,CTY1815,Town,Town
train,CAS582,Castle,Castle
train,SH0961,Super Heroes,Super Heroes
train,MAR0205,Super Mario,Super Mario
train,HP511,Harry Potter,Harry Potter
train,MAR0183,Super Mario,Super Mario
train,TWN499,Town,Town
train,CTY1820,Town,Town
train,CTY1806,Town,Town
train,HOL342,Holiday & Event,Holiday & Event
train,CTY1792,Town,Town
train,BDP110,BrickLink Designer Program,BrickLink Designer Program
train,CTY1802,Town,Town
train,HOL339,Holiday & Event,Holiday & Event
train,TWN504,Town,Town
train,CTY1740,Town,Town
train,CTY1821,Town,Town
train,CTY1797,Town,Town
train,TWN502,Town,Town
train,HP469,Harry Potter,Harry Potter
train,HP522,Harry Potter,Harry Potter
train,HP523,Harry Potter,Harry Potter
train,NJO0861,NINJAGO,NINJAGO
train,NJO0901,NINJAGO,NINJAGO
train,CTY1777,Town,Town
train,CTY1767,Town,Town
train,SP142,Space,Space
train,SP145,Space,Space
train,SP143,Space,Space
train,SP146,Space,Space
train,SP140,Space,Space
train,SP141,Space,Space
train,SW1329,Star Wars,Star Wars
train,SW1319,Star Wars,Star Wars
train,SW1337,Star Wars,Star Wars
train,MIN168,Minecraft,Minecraft
train,NJO0894,NINJAGO,NINJAGO
train,SW1374,Star Wars,Star Wars
train,CTY1816,Town,Town
train,CTY1788,Town,Town
train,CTY1818,Town,Town
train,CTY1787,Town,Town
train,CTY1819,Town,Town
train,CTY1710,Town,Town
train,CTY1756,Town,Town
train,CTY1817,Town,Town
train,HP487,Harry Potter,Harry Potter
train,JW119,Jurassic World,Jurassic World
train,SW1367,Star Wars,Star Wars
train,SW1330,Star Wars,Star Wars
train,HP471,Harry Potter,Harry Potter
train,DRM058,DREAMZzz,DREAMZzz
train,CTY1795,Town,Town
train,DRM049,DREAMZzz,DREAMZzz
train,DRM055,DREAMZzz,DREAMZzz
train,DRM051,DREAMZzz,DREAMZzz
train,MAR0182,Super Mario,Super Mario
train,SH0946,Super Heroes,Star Wars
train,HP520,Harry Potter,Harry Potter
train,IDEA185,LEGO Ideas,LEGO Ideas
train,DRM066,DREAMZzz,DREAMZzz
train,DRM065,DREAMZzz,DREAMZzz
train,SW1418,Star Wars,Star Wars
train,MAR0200,Super Mario,Super Mario
train,47205PB112,DUPLO,DUPLO
train,47394PB356,DUPLO,DUPLO
train,47394PB357,DUPLO,DUPLO
train,47205PB119,DUPLO,DUPLO
train,47394PB355,DUPLO,DUPLO
train,47394PB359,DUPLO,DUPLO
train,47205PB118,DUPLO,DUPLO
train,47205PB114,DUPLO,DUPLO
train,47205PB120,DUPLO,DUPLO
train,47205PB116,DUPLO,DUPLO
train,DUPMERMAID03,DUPLO,DUPLO
train,DUPMERMAID04,DUPLO,DUPLO
train,CRS115,DUPLO,DUPLO
train,IDEA180,LEGO Ideas,LEGO Ideas
train,COL425,Collectible Minifigures,Collectible Minifigures
train,MIN159,Minecraft,Minecraft
train,SH0945,Super Heroes,Super Heroes
train,SH0951,Super Heroes,Super Heroes
train,HOL363,Holiday & Event,Holiday & Event
train,HOL364,Holiday & Event,Holiday & Event
train,HOL365,Holiday & Event,Holiday & Event
train,HOL367,Holiday & Event,Holiday & Event
train,COLDND09,Collectible Minifigures,Collectible Minifigures
train,DP197,Disney,Disney
train,DP191,Disney,Disney
train,MIN201,Minecraft,Minecraft
train,NJO0879,NINJAGO,NINJAGO
train,MK148,Monkie Kid,Monkie Kid
train,DP203,Disney,Disney
train,SW1355,Star Wars,Star Wars
train,CTY1761,Town,BrickLink Designer Program
train,HP484,Harry Potter,Harry Potter
train,COL434,Collectible Minifigures,Collectible Minifigures
train,COL424,Collectible Minifigures,Collectible Minifigures
train,CTY1731,Town,Town
train,CTY1732,Town,Town
train,CTY1748,Town,Town
train,CTY1715,Town,Town
train,CTY1733,Town,Town
train,CTY1747,Town,Town
train,CTY1746,Town,Town
train,CTY1783,Town,Town
train,CTY1717,Town,Town
train,COL430,Collectible Minifigures,Collectible Minifigures
train,HP497,Harry Potter,Harry Potter
train,BDP108,BrickLink Designer Program,BrickLink Designer Program
train,HOL341,Holiday & Event,Holiday & Event
train,COL443,Collectible Minifigures,Collectible Minifigures
train,SC114,SPEED CHAMPIONS,SPEED CHAMPIONS
train,CTY1810,Town,Town
train,FRND0709,Friends,Friends
train,FRND0764,Friends,Friends
train,FRND0686,Friends,Friends
train,FRND0756,Friends,Friends
train,FRND0676,Friends,Friends
train,FRND0697,Friends,Friends
train,FRND0733,Friends,Friends
train,FRND0753,Friends,Friends
train,FRND0737,Friends,Friends
train,FRND0749,Friends,Friends
train,FRND0747,Friends,Friends
train,FRND0743,Friends,Friends
train,FRND0715,Friends,Friends
train,FRND0748,Friends,Friends
train,FRND0705,Friends,Friends
train,FRND0698,Friends,Friends
train,FRND0683,Friends,Friends
train,FRND0700,Friends,Friends
train,FRND0680,Friends,Friends
train,FRND0758,Friends,Friends
train,FRND0682,Friends,Friends
train,FRND0706,Friends,Friends
train,FRND0755,Friends,Friends
train,FRND0719,Friends,Friends
train,FRND0713,Friends,Friends
train,FRND0694,Friends,Friends
train,FRND0685,Friends,Friends
train,FRND0765,Friends,Friends
train,FRND0744,Friends,Friends
train,FRND0751,Friends,Friends
train,FRND0718,Friends,Friends
train,FRND0717,Friends,Friends
train,FRND0669,Friends,Friends
train,FRND0726,Friends,Friends
train,FRND0689,Friends,Friends
train,FRND0754,Friends,Friends
train,FRND0727,Friends,Friends
train,FRND0703,Friends,Friends
train,FRND0722,Friends,Friends
train,FRND0681,Friends,Friends
train,FRND0673,Friends,Friends
train,FRND0710,Friends,Friends
train,FRND0752,Friends,Friends
train,FRND0729,Friends,Friends
train,FRND0730,Friends,Friends
train,FRND0738,Friends,Friends
train,FRND0692,Friends,Friends
train,FRND0761,Friends,Friends
train,FRND0757,Friends,Friends
train,FRND0769,Friends,Friends
train,FRND0701,Friends,Friends
train,FRND0716,Friends,Friends
train,FRND0745,Friends,Friends
train,FRND0678,Friends,Friends
train,FRND0704,Friends,Friends
train,FRND0695,Friends,Friends
train,FRND0714,Friends,Friends
train,FRND0760,Friends,Friends
train,FRND0746,Friends,Friends
train,FRND0750,Friends,Friends
train,FRND0763,Friends,Friends
train,FRND0767,Friends,Friends
train,FRND0674,Friends,Friends
train,FRND0725,Friends,Friends
train,FRND0742,Friends,Friends
train,FRND0768,Friends,Friends
train,FRND0735,Friends,Friends
train,LOR131,The Hobbit and The Lord of the Rings,The Hobbit and The Lord of the Rings
train,BDP126,BrickLink Designer Program,BrickLink Designer Program
train,SH0994,Super Heroes,Super Heroes
train,SH0976,Super Heroes,Super Heroes
train,TWN520,Town,Holiday & Event
train,IDEA203,LEGO Ideas,LEGO Ideas
train,HP504,Harry Potter,Harry Potter
train,BDP116,BrickLink Designer Program,BrickLink Designer Program
train,BDP118,BrickLink Designer Program,BrickLink Designer Program
train,BDP117,BrickLink Designer Program,BrickLink Designer Program
train,BDP115,BrickLink Designer Program,BrickLink Designer Program
train,HP516,Harry Potter,Harry Potter
train,IDEA202,LEGO Ideas,LEGO Ideas
train,HP512,Harry Potter,Harry Potter
train,COLDND02,Collectible Minifigures,Collectible Minifigures
train,IDEA182,LEGO Ideas,LEGO Ideas
train,COL428,Collectible Minifigures,Collectible Minifigures
train,MK143,Monkie Kid,Monkie Kid
train,LOR133,The Hobbit and The Lord of the Rings,The Hobbit and The Lord of the Rings
train,MAR0190,Super Mario,Super Mario
train,MAR0191,Super Mario,Super Mario
train,MAR0192,Super Mario,Super Mario
train,MAR0196,Super Mario,Super Mario
train,MAR0195,Super Mario,Super Mario
train,LOR136,The Hobbit and The Lord of the Rings,The Hobbit and The Lord of the Rings
train,SW1356,Star Wars,Star Wars
train,SH0957,Super Heroes,Super Heroes
train,DRM043,DREAMZzz,DREAMZzz
train,SH0978,Super Heroes,Super Heroes
train,DIS156,Disney,Disney
train,SW1371,Star Wars,Star Wars
train,HP481,Harry Potter,Harry Potter
train,HP519,Harry Potter,Harry Potter
train,HP470,Harry Potter,Harry Potter
train,HP466,Harry Potter,Harry Potter
train,HP509,Harry Potter,Harry Potter
train,SH0969,Super Heroes,Super Heroes
train,TWN508,Town,Town
train,MIN190,Minecraft,Minecraft
train,MIN181,Minecraft,Minecraft
train,MIN180,Minecraft,Minecraft
train,CTY1725,Town,Town
train,SH0967,Super Heroes,Super Heroes
train,SH0982,Super Heroes,Super Heroes
train,SH0971,Super Heroes,Super Heroes
train,COL444,Collectible Minifigures,Collectible Minifigures
train,SW1346,Star Wars,Star Wars
train,SW1373,Star Wars,Star Wars
train,SW1343,Star Wars,Star Wars
train,SW1327,Star Wars,Star Wars
train,NJO0887,NINJAGO,NINJAGO
train,COL437,Collectible Minifigures,Collectible Minifigures
train,CAS586,Castle,Castle
train,SH0983,Super Heroes,Super Heroes
train,SH0981,Super Heroes,Super Heroes
train,SH0974,Super Heroes,Super Heroes
train,SH0952,Super Heroes,Super Heroes
train,DIS154,Disney,Disney
train,DRM045,DREAMZzz,DREAMZzz
train,IDEA192,LEGO Ideas,LEGO Ideas
train,NJO0873,NINJAGO,NINJAGO
train,NJO0892,NINJAGO,NINJAGO
train,SH0991,Super Heroes,Super Heroes
train,SW1379,Star Wars,Star Wars
train,SW1353,Star Wars,Star Wars
train,NJO0897,NINJAGO,NINJAGO
train,NJO0871,NINJAGO,NINJAGO
train,CTY1766,Town,Town
train,NJO0870,NINJAGO,NINJAGO
train,NJO0896,NINJAGO,NINJAGO
train,NJO0858,NINJAGO,NINJAGO
train,NJO0864,NINJAGO,NINJAGO
train,MAR0185,Super Mario,Super Mario
train,SW1352,Star Wars,Star Wars
train,SW1336,Star Wars,Star Wars
train,JW124,Jurassic World,Jurassic World
train,SW1386,Star Wars,Star Wars
train,SW1394,Star Wars,Star Wars
train,SW1369,Star Wars,Star Wars
train,CTY1811,Town,Town
train,MK159,Monkie Kid,Monkie Kid
train,CAS589,Castle,Castle
train,NJO0876,NINJAGO,NINJAGO
train,NJO0911,NINJAGO,NINJAGO
train,NJO0884,NINJAGO,NINJAGO
train,NJO0860,NINJAGO,NINJAGO
train,NJO0853,NINJAGO,NINJAGO
train,NJO0880,NINJAGO,NINJAGO
train,DRM039,DREAMZzz,DREAMZzz
train,SH0968,Super Heroes,Super Heroes
train,NJO0918,NINJAGO,NINJAGO
train,NJO0862,NINJAGO,NINJAGO
train,HP501,Harry Potter,Harry Potter
train,DIS167,Disney,Disney
train,SW1370,Star Wars,Star Wars
train,SW1382,Star Wars,Star Wars
train,COL440,Collectible Minifigures,Collectible Minifigures
train,HP499,Harry Potter,Harry Potter
train,DRM054,DREAMZzz,DREAMZzz
train,SH0940,Super Heroes,Super Heroes
train,SH0997,Super Heroes,Super Heroes
train,CTY1822,Town,Town
train,HOL354,Holiday & Event,Holiday & Event
train,IDEA211,LEGO Ideas,LEGO Ideas
train,CTY1791,Town,Town
train,SW1345,Star Wars,Star Wars
train,DIS165,Disney,Disney
train,DRM044,DREAMZzz,DREAMZzz
train,DRM053,DREAMZzz,DREAMZzz
train,DRM062,DREAMZzz,DREAMZzz
train,IDEA190,LEGO Ideas,LEGO Ideas
train,SC112,SPEED CHAMPIONS,SPEED CHAMPIONS
train,MK165,Monkie Kid,Monkie Kid
train,MK153,Monkie Kid,Monkie Kid
train,MK161,Monkie Kid,Monkie Kid
train,MK141,Monkie Kid,Monkie Kid
train,SC119,SPEED CHAMPIONS,SPEED CHAMPIONS
train,MIN187,Minecraft,Minecraft
train,MIN185,Minecraft,Minecraft
train,MIN183,Minecraft,Minecraft
train,MIN184,Minecraft,Minecraft
train,MIN175,Minecraft,Minecraft
train,COLDND07,Collectible Minifigures,Collectible Minifigures
train,NJO0878,NINJAGO,NINJAGO
train,MOA005,Disney,Disney
train,HP508,Harry Potter,Harry Potter
train,MK138,Monkie Kid,Monkie Kid
train,MK149,Monkie Kid,Monkie Kid
train,MK133,Monkie Kid,Monkie Kid
train,MK150,Monkie Kid,Monkie Kid
train,MK166,Monkie Kid,Monkie Kid
train,MK160,Monkie Kid,Monkie Kid
train,SW1357,Star Wars,Star Wars
train,DP188,Disney,Disney
train,BDP101,BrickLink Designer Program,BrickLink Designer Program
train,BDP099,BrickLink Designer Program,BrickLink Designer Program
train,BDP102,BrickLink Designer Program,BrickLink Designer Program
train,BDP105,BrickLink Designer Program,BrickLink Designer Program
train,BDP097,BrickLink Designer Program,BrickLink Designer Program
train,SW1339,Star Wars,Star Wars
train,LOR140,The Hobbit and The Lord of the Rings,The Hobbit and The Lord of the Rings
train,SH0963,Super Heroes,Super Heroes
train,DRM035,DREAMZzz,DREAMZzz
train,NJO0907,NINJAGO,NINJAGO
train,MK162,Monkie Kid,Monkie Kid
train,DRM064,DREAMZzz,DREAMZzz
train,COL429,Collectible Minifigures,Collectible Minifigures
train,SC120,SPEED CHAMPIONS,SPEED CHAMPIONS
train,TWN484,Town,Town
train,TWN485,Town,Town
train,TWN486,Town,Town
train,TWN487,Town,Town
train,TWN491,Town,Town
train,TWN492,Town,Town
train,SW1350,Star Wars,Star Wars
train,MIN169,Minecraft,Minecraft
train,DRM040,DREAMZzz,DREAMZzz
train,MK168,Monkie Kid,Monkie Kid
train,SW1372,Star Wars,Star Wars
train,SW1322,Star Wars,Star Wars
train,COL441,Collectible Minifigures,Collectible Minifigures
train,MK158,Monkie Kid,Monkie Kid
train,NJO0874,NINJAGO,NINJAGO
train,NJO0912,NINJAGO,NINJAGO
train,NJO0867,NINJAGO,NINJAGO
train,NJO0865,NINJAGO,NINJAGO
train,NJO0885,NINJAGO,NINJAGO
train,NJO0881,NINJAGO,NINJAGO
train,BDP141,BrickLink Designer Program,BrickLink Designer Program
train,BDP140,BrickLink Designer Program,BrickLink Designer Program
train,LOR134,The Hobbit and The Lord of the Rings,The Hobbit and The Lord of the Rings
train,LOR138,The Hobbit and The Lord of the Rings,The Hobbit and The Lord of the Rings
train,LOR135,The Hobbit and The Lord of the Rings,The Hobbit and The Lord of the Rings
train,IDEA183,LEGO Ideas,LEGO Ideas
train,MIN163,Minecraft,Minecraft
train,HP505,Harry Potter,Harry Potter
train,BDP106,BrickLink Designer Program,BrickLink Designer Program
train,HP492,Harry Potter,Harry Potter
train,MAR0194,Super Mario,Super Mario
train,MAR0193,Super Mario,Super Mario
train,CTY1724,Town,Town
train,BDP135,BrickLink Designer Program,BrickLink Designer Program
train,BDP139,BrickLink Designer Program,BrickLink Designer Program
train,BDP133,BrickLink Designer Program,BrickLink Designer Program
train,SW1341,Star Wars,Star Wars
train,CAS584,Castle,Castle
train,HP517,Harry Potter,Harry Potter
train,IDEA214,LEGO Ideas,LEGO Ideas
train,BDP131,BrickLink Designer Program,BrickLink Designer Program
train,MK147,Monkie Kid,Monkie Kid
train,MK174,Monkie Kid,Monkie Kid
train,MAR0201,Super Mario,Super Mario
train,MAR0202,Super Mario,Super Mario
train,BDP146,BrickLink Designer Program,BrickLink Designer Program
train,BDP145,BrickLink Designer Program,BrickLink Designer Program
train,CTY1744,Town,Town
train,CTY1737,Town,Town
train,CTY1750,Town,Town
train,CTY1704,Town,Town
train,CTY1702,Town,Town
train,CTY1699,Town,Town
train,CTY1701,Town,Town
train,CTY1703,Town,Town
train,CTY1752,Town,Town
train,CTY1736,Town,Town
train,CTY1751,Town,Town
train,CTY1728,Town,Town
train,CTY1790,Town,Town
train,SW1389,Star Wars,Star Wars
train,SW1348,Star Wars,Star Wars
train,HP524,Harry Potter,Harry Potter
train,HP500,Harry Potter,Harry Potter
train,HP480,Harry Potter,Harry Potter
train,HP493,Harry Potter,Harry Potter
train,HP485,Harry Potter,Harry Potter
train,CAS588,Castle,Castle
train,SW1334A,Star Wars,Harry Potter
train,CTY1719,Town,Town
train,CTY1743,Town,Town
train,DP186,Disney,Disney
train,SW1392,Star Wars,Star Wars
train,SW1391,Star Wars,Star Wars
train,SW1359,Star Wars,Star Wars
train,SH1001,Super Heroes,Super Heroes
train,MK136,Monkie Kid,Monkie Kid
train,MK155,Monkie Kid,Monkie Kid
train,COL439,Collectible Minifigures,Collectible Minifigures
train,SW1323,Star Wars,Star Wars
train,COL445,Collectible Minifigures,Collectible Minifigures
train,CTY1805,Town,Town
train,CTY1801,Town,Town
train,CTY1807,Town,Town
train,CTY1800,Town,Town
train,CTY1804,Town,Town
train,NJO0914,NINJAGO,NINJAGO
train,SH0936,Super Heroes,Super Heroes
train,SH0942,Super Heroes,Super Heroes
train,HP496,Harry Potter,Harry Potter
train,HP513,Harry Potter,Harry Potter
train,HP482,Harry Potter,Harry Potter
train,SH0937,Super Heroes,Super Heroes
train,MAR0204,Super Mario,Super Mario
train,HP474,Harry Potter,Harry Potter
train,SH1002,Super Heroes,Super Heroes
train,SW1395,Star Wars,Star Wars
train,CTY1741,Town,Town
train,IDEA193,LEGO Ideas,LEGO Ideas
train,IDEA191,LEGO Ideas,LEGO Ideas
train,LOR132,The Hobbit and The Lord of the Rings,The Hobbit and The Lord of the Rings
train,MK145,Monkie Kid,Monkie Kid
train,MK164,Monkie Kid,Monkie Kid
train,IDEA194,LEGO Ideas,LEGO Ideas
train,MAR0178,Super Mario,Super Mario
train,SW1335,Star Wars,Star Wars
train,SW1380,Star Wars,Star Wars
train,IDEA196,LEGO Ideas,LEGO Ideas
train,SW1361,Star Wars,Star Wars
train,MK144,Monkie Kid,Monkie Kid
train,MIN165,Minecraft,Minecraft
train,BDP113,BrickLink Designer Program,BrickLink Designer Program
train,BDP114,BrickLink Designer Program,BrickLink Designer Program
train,DRM036,DREAMZzz,DREAMZzz
train,DIS160,Disney,Disney
train,DP202,Disney,Disney
train,NJO0855,NINJAGO,NINJAGO
train,NJO0877,NINJAGO,NINJAGO
train,NJO0915,NINJAGO,NINJAGO
train,COL442,Collectible Minifigures,Collectible Minifigures
train,MK134,Monkie Kid,Monkie Kid
train,SH0950,Super Heroes,Super Heroes
train,SH0985,Super Heroes,Super Heroes
train,CTY1813,Town,Town
train,CTY1812,Town,Town
train,COL427,Collectible Minifigures,Collectible Minifigures
train,SH0975,Super Heroes,Super Heroes
train,NJO0917,NINJAGO,NINJAGO
train,SH0993,Super Heroes,Super Heroes
train,COLDND08,Collectible Minifigures,Collectible Minifigures
train,SW1321,Star Wars,Star Wars
train,HP521,Harry Potter,Harry Potter
train,COLDND12,Collectible Minifigures,Collectible Minifigures
train,NJO0905,NINJAGO,NINJAGO
train,HP486,Harry Potter,Harry Potter
train,MK169,Monkie Kid,Monkie Kid
train,SH0960,Super Heroes,Super Heroes
train,COLDND10,Collectible Minifigures,Collectible Minifigures
train,MK167,Monkie Kid,Monkie Kid
train,DRM038,DREAMZzz,DREAMZzz
train,SH0972,Super Heroes,Super Heroes
train,SH0979,Super Heroes,Super Heroes
train,DP201,Disney,Disney
train,COLDND03,Collectible Minifigures,Collectible Minifigures
train,MAR0206,Super Mario,Super Mario
train,NJO0904,NINJAGO,NINJAGO
train,BDP134,BrickLink Designer Program,BrickLink Designer Program
train,BDP137,BrickLink Designer Program,BrickLink Designer Program
train,BDP121,BrickLink Designer Program,BrickLink Designer Program
train,BDP123,BrickLink Designer Program,BrickLink Designer Program
train,BDP138,BrickLink Designer Program,BrickLink Designer Program
train,BDP122,BrickLink Designer Program,BrickLink Designer Program
train,BDP125,BrickLink Designer Program,BrickLink Designer Program
train,BDP120,BrickLink Designer Program,BrickLink Designer Program
train,CTY1782,Town,Town
train,CTY1784,Town,Town
train,MIN162,Minecraft,Minecraft
train,COL426,Collectible Minifigures,Collectible Minifigures
train,SH0984,Super Heroes,Super Heroes
train,SH0948,Super Heroes,Super Heroes
train,HP498,Harry Potter,Harry Potter
train,MIN173,Minecraft,Minecraft
train,SW1390,Star Wars,Star Wars
train,SH0944,Super Heroes,Super Heroes
train,SH0987,Super Heroes,Super Heroes
train,MK135,Monkie Kid,Monkie Kid
train,SW1349,Star Wars,Star Wars
train,HP502,Harry Potter,Harry Potter
train,NJO0869,NINJAGO,NINJAGO
train,NJO0916,NINJAGO,NINJAGO
train,NJO0854,NINJAGO,NINJAGO
train,NJO0857,NINJAGO,NINJAGO
train,NJO0895,NINJAGO,NINJAGO
train,NJO0899,NINJAGO,NINJAGO
train,NJO0903,NINJAGO,NINJAGO
train,NJO0851,NINJAGO,NINJAGO
train,MIN179,Minecraft,Minecraft
train,SH0939,Super Heroes,Super Heroes
train,HOL338,Holiday & Event,Holiday & Event
train,CTY1824,Town,Town
train,HOL353,Holiday & Event,Holiday & Event
train,CTY1793,Town,Town
train,IDEA215,LEGO Ideas,LEGO Ideas
train,SW1384,Star Wars,Star Wars
train,NJO0883,NINJAGO,NINJAGO
train,NJO0872,NINJAGO,NINJAGO
train,MAR0197,Super Mario,Super Mario
train,MAR0181,Super Mario,Super Mario
train,MAR0189,Super Mario,Super Mario
train,NJO0875,NINJAGO,NINJAGO
train,NJO0891,NINJAGO,NINJAGO
train,NJO0859,NINJAGO,NINJAGO
train,DRM052,DREAMZzz,DREAMZzz
train,DRM048,DREAMZzz,DREAMZzz
train,SH0953,Super Heroes,Super Heroes
train,MIN174,Minecraft,Minecraft
train,SW1473,Star Wars,Star Wars
train,SW1428,Star Wars,Star Wars
train,HP587,Harry Potter,Harry Potter
train,SW1468,Star Wars,Star Wars
train,CTY1876,Town,Town
train,SW1396,Star Wars,Star Wars
train,CTY1918,Town,Town
train,CTY1844,Town,Town
train,HP560,Harry Potter,Harry Potter
train,SH1041,Super Heroes,Super Heroes
train,MIN233,Minecraft,Minecraft
train,HP575,Harry Potter,Harry Potter
train,SW1398,Star Wars,Star Wars
train,HP593,Harry Potter,Harry Potter
train,DP209,Disney,Disney
train,DP210,Disney,Disney
train,DP235,Disney,Disney
train,SH1010,Super Heroes,Super Heroes
train,BDP226,BrickLink Designer Program,BrickLink Designer Program
train,BDP228,BrickLink Designer Program,BrickLink Designer Program
train,BDP227,BrickLink Designer Program,Town
train,BDP224,BrickLink Designer Program,BrickLink Designer Program
train,CTY1893,Town,Town
train,CTY1938,Town,Town
train,CTY1899,Town,Town
train,CTY1898,Town,Town
train,CTY1896,Town,Town
train,CTY1895,Town,Town
train,CTY1894,Town,Town
train,DP204,Disney,Disney
train,DP227,Disney,Disney
train,NJO0972,NINJAGO,NINJAGO
train,NJO0981,NINJAGO,NINJAGO
train,NJO0960,NINJAGO,NINJAGO
train,SW1426,Star Wars,Star Wars
train,SC125,SPEED CHAMPIONS,SPEED CHAMPIONS
train,DRM093,DREAMZzz,DREAMZzz
train,SW1466,Star Wars,Star Wars
train,SW1403,Star Wars,Star Wars
train,CTY1937,Town,Town
train,CTY1849,Town,Town
train,IDEA273,LEGO Ideas,LEGO Ideas
train,COL452,Collectible Minifigures,Collectible Minifigures
train,JW141,Jurassic World,Jurassic World
train,IDEA257,LEGO Ideas,LEGO Ideas
train,SW1444,Star Wars,Star Wars
train,SW1439,Star Wars,Star Wars
train,MAR0212,Super Mario,Super Mario
train,MAR0213,Super Mario,Super Mario
train,MAR0210,Super Mario,Super Mario
train,MIN215,Minecraft,Minecraft
train,BDP231,BrickLink Designer Program,BrickLink Designer Program
train,CTY1926,Town,Town
train,HOL394,Holiday & Event,Holiday & Event
train,SH1021,Super Heroes,Super Heroes
train,SH1077,Super Heroes,Super Heroes
train,SH1088,Super Heroes,Super Heroes
train,SH1083,Super Heroes,Super Heroes
train,CTY1874,Town,Town
train,DP213,Disney,Disney
train,IDEA233,LEGO Ideas,LEGO Ideas
train,LOR144,The Hobbit and The Lord of the Rings,The Hobbit and The Lord of the Rings
train,BDP218,BrickLink Designer Program,BrickLink Designer Program
train,BDP216,BrickLink Designer Program,BrickLink Designer Program
train,BDP215,BrickLink Designer Program,BrickLink Designer Program
train,SH1012,Super Heroes,Super Heroes
train,BDP209,BrickLink Designer Program,BrickLink Designer Program
train,SP147,Space,Space
train,SP148,Space,Space
train,HP595,Harry Potter,Harry Potter
train,MIN198,Minecraft,Minecraft
train,MAR0215,Super Mario,Super Mario
train,MAR0230,Super Mario,Super Mario
train,SW1407,Star Wars,Star Wars
train,COL456,Collectible Minifigures,Collectible Minifigures
train,HOL388,Holiday & Event,Holiday & Event
train,IDEA261,LEGO Ideas,LEGO Ideas
train,SC136,SPEED CHAMPIONS,SPEED CHAMPIONS
train,BDP212,BrickLink Designer Program,BrickLink Designer Program
train,SW1443,Star Wars,Star Wars
train,DIS183,Disney,Disney
train,SC128,SPEED CHAMPIONS,SPEED CHAMPIONS
train,IDEA228,LEGO Ideas,LEGO Ideas
train,BDP149,BrickLink Designer Program,BrickLink Designer Program
train,SH1093,Super Heroes,Super Heroes
train,MAR0228,Super Mario,Super Mario
train,HOL405,Holiday & Event,Holiday & Event
train,HOL404,Holiday & Event,Holiday & Event
train,COL459,Collectible Minifigures,Collectible Minifigures
train,SH1089,Super Heroes,Super Heroes
train,HP596,Harry Potter,Harry Potter
train,MK181,Monkie Kid,Monkie Kid
train,MK175,Monkie Kid,Monkie Kid
train,IDEA252,LEGO Ideas,LEGO Ideas
train,IDEA217,LEGO Ideas,LEGO Ideas
train,DP221,Disney,Disney
train,IDEA244,LEGO Ideas,LEGO Ideas
train,CTY1930,Town,Town
train,HOL374,Holiday & Event,Holiday & Event
train,BDP230,BrickLink Designer Program,BrickLink Designer Program
train,HP590,Harry Potter,Harry Potter
train,HP576,Harry Potter,Harry Potter
train,NJO0966,NINJAGO,NINJAGO
train,DP205,Disney,Disney
train,IDEA264,LEGO Ideas,LEGO Ideas
train,IDEA230,LEGO Ideas,LEGO Ideas
train,SW1408,Star Wars,Star Wars
train,SW1431,Star Wars,Star Wars
train,SW1425,Star Wars,Star Wars
train,SW1402,Star Wars,Star Wars
train,SW1401,Star Wars,Star Wars
train,SW1399,Star Wars,Star Wars
train,SW1422,Star Wars,Star Wars
train,DP218,Disney,Disney
train,NJO0985,NINJAGO,NINJAGO
train,NJO0936,NINJAGO,NINJAGO
train,NJO0970,NINJAGO,NINJAGO
train,SW1427,Star Wars,Star Wars
train,CTY1855,Town,Town
train,CTY1862,Town,Town
train,CTY1854,Town,Town
train,CTY1910,Town,Town
train,CTY1919,Town,Town
train,CTY1936,Town,Town
train,DRM069,DREAMZzz,DREAMZzz
train,MIN222,Minecraft,Minecraft
train,DIS188,Disney,Disney
train,DIS180,Disney,Disney
train,DRM094,DREAMZzz,DREAMZzz
train,DRM070,DREAMZzz,DREAMZzz
train,DRM095,DREAMZzz,DREAMZzz
train,DRM081,DREAMZzz,DREAMZzz
train,DRM074,DREAMZzz,DREAMZzz
train,CTY1925,Town,Town
train,DIS187,Disney,Disney
train,SW1436,Star Wars,Star Wars
train,SW1415,Star Wars,Star Wars
train,SW1483,Star Wars,Star Wars
train,MIN210,Minecraft,Minecraft
train,LOR151,The Hobbit and The Lord of the Rings,The Hobbit and The Lord of the Rings
train,SW1482,Star Wars,Star Wars
train,CTY1872,Town,Town
train,IDEA246,LEGO Ideas,LEGO Ideas
train,CTY1917,Town,Town
train,SC137,SPEED CHAMPIONS,SPEED CHAMPIONS
train,MAR0207,Super Mario,Super Mario
train,CTY1861,Town,Town
train,DRM097,DREAMZzz,DREAMZzz
train,NJO0957,NINJAGO,NINJAGO
train,JW129,Jurassic World,Jurassic World
train,JW128,Jurassic World,Jurassic World
train,JW136,Jurassic World,Jurassic World
train,NJO0952,NINJAGO,NINJAGO
train,SH1037,Super Heroes,Super Heroes
train,SH1060,Super Heroes,Super Heroes
train,HP532,Harry Potter,Harry Potter
train,HP591,Harry Potter,Harry Potter
train,90398PB057,Harry Potter,Harry Potter
train,NJO0992,NINJAGO,NINJAGO
train,NJO0926,NINJAGO,NINJAGO
train,NJO0920,NINJAGO,NINJAGO
train,DRM090,DREAMZzz,DREAMZzz
train,NJO0980,NINJAGO,NINJAGO
train,NJO0964,NINJAGO,NINJAGO
train,NJO0924,NINJAGO,NINJAGO
train,SW1452,Star Wars,Star Wars
train,SH1042,Super Heroes,Super Heroes
train,SH1036,Super Heroes,Super Heroes
train,47394PB373,DUPLO,DUPLO
train,47205PB129,DUPLO,DUPLO
train,47205PB128,DUPLO,DUPLO
train,47205PB124,DUPLO,DUPLO
train,47205PB125,DUPLO,DUPLO
train,47205PB126,DUPLO,DUPLO
train,47205PB130,DUPLO,DUPLO
train,47205PB127,DUPLO,DUPLO
train,47394PB372,DUPLO,DUPLO
train,47205PB123,DUPLO,DUPLO
train,47394PB366,DUPLO,DUPLO
train,47394PB374,DUPLO,DUPLO
train,47394PB367,DUPLO,DUPLO
train,47394PB365,DUPLO,DUPLO
train,47394PB368,DUPLO,DUPLO
train,47394PB369,DUPLO,DUPLO
train,47394PB363,DUPLO,DUPLO
train,47205PB122,DUPLO,DUPLO
train,SH1063,Super Heroes,Super Heroes
train,HOL393,Holiday & Event,Holiday & Event
train,HOL387,Holiday & Event,Holiday & Event
train,HOL385,Holiday & Event,Holiday & Event
train,HOL382,Holiday & Event,Holiday & Event
train,HOL386,Holiday & Event,Holiday & Event
train,HOL383,Holiday & Event,Holiday & Event
train,DP211,Disney,Disney
train,DP233,Disney,Disney
train,DP230,Disney,Disney
train,MIN227,Minecraft,Minecraft
train,MIN226,Minecraft,Minecraft
train,MK182,Monkie Kid,Monkie Kid
train,HP558,Harry Potter,Harry Potter
train,CTY1935,Town,Town
train,CTY1851,Town,Town
train,HOL375,Holiday & Event,Holiday & Event
train,LOR147,The Hobbit and The Lord of the Rings,The Hobbit and The Lord of the Rings
train,SC122,SPEED CHAMPIONS,SPEED CHAMPIONS
train,BDP213,BrickLink Designer Program,BrickLink Designer Program
train,MAR0221,Super Mario,Super Mario
train,DP222,Disney,Disney
train,CTY1883,Town,Town
train,CTY1873,Town,Town
train,CTY1903,Town,Town
train,CTY1892,Town,Town
train,CTY1884,Town,Town
train,CTY1843,Town,Town
train,HP572,Harry Potter,Harry Potter
train,BDP172,BrickLink Designer Program,BrickLink Designer Program
train,BDP176,BrickLink Designer Program,BrickLink Designer Program
train,BDP171,BrickLink Designer Program,BrickLink Designer Program
train,BDP174,BrickLink Designer Program,BrickLink Designer Program
train,BDP170,BrickLink Designer Program,BrickLink Designer Program
train,BDP168,BrickLink Designer Program,BrickLink Designer Program
train,BDP177,BrickLink Designer Program,BrickLink Designer Program
train,BDP175,BrickLink Designer Program,BrickLink Designer Program
train,BDP173,BrickLink Designer Program,BrickLink Designer Program
train,BDP166,BrickLink Designer Program,BrickLink Designer Program
train,CTY1832,Town,Town
train,CTY1837,Town,Town
train,CTY1848,Town,Town
train,CTY1846,Town,Town
train,CTY1831,Town,Town
train,CTY1847,Town,Town
train,CTY1833,Town,Town
train,CTY1834,Town,Town
train,CTY1865,Town,Town
train,CTY1866,Town,Town
train,CTY1841,Town,Town
train,CTY1840,Town,Town
train,BDP253,BrickLink Designer Program,BrickLink Designer Program
train,IDEA267,LEGO Ideas,LEGO Ideas
train,TWN528,Town,Town
train,90398PB064,Harry Potter,Harry Potter
train,FRND0782,Friends,Friends
train,FRND0838,Friends,Friends
train,FRND0855,Friends,Friends
train,FRND0812,Friends,Friends
train,FRND0842,Friends,Friends
train,FRND0843,Friends,Friends
train,FRND0858,Friends,Friends
train,FRND0850,Friends,Friends
train,FRND0779,Friends,Friends
train,FRND0771,Friends,Friends
train,FRND0794,Friends,Friends
train,FRND0825,Friends,Friends
train,FRND0813,Friends,Friends
train,FRND0827,Friends,Friends
train,FRND0802,Friends,Friends
train,FRND0799,Friends,Friends
train,FRND0848,Friends,Friends
train,FRND0820,Friends,Friends
train,FRND0785,Friends,Friends
train,FRND0835,Friends,Friends
train,FRND0796,Friends,Friends
train,FRND0788,Friends,Friends
train,FRND0803,Friends,Friends
train,FRND0816,Friends,Friends
train,FRND0857,Friends,Friends
train,FRND0836,Friends,Friends
train,FRND0846,Friends,Friends
train,FRND0790,Friends,Friends
train,FRND0778,Friends,Friends
train,FRND0814,Friends,Friends
train,FRND0856,Friends,Friends
train,FRND0789,Friends,Friends
train,FRND0829,Friends,Friends
train,FRND0776,Friends,Friends
train,FRND0853,Friends,Friends
train,FRND0828,Friends,Friends
train,FRND0859,Friends,Friends
train,FRND0826,Friends,Friends
train,FRND0832,Friends,Friends
train,FRND0787,Friends,Friends
train,FRND0793,Friends,Friends
train,FRND0851,Friends,Friends
train,FRND0834,Friends,Friends
train,FRND0781,Friends,Friends
train,FRND0818,Friends,Friends
train,FRND0819,Friends,Friends
train,FRND0784,Friends,Friends
train,FRND0800,Friends,Friends
train,FRND0849,Friends,Friends
train,FRND0823,Friends,Friends
train,FRND0808,Friends,Friends
train,FRND0804,Friends,Friends
train,FRND0797,Friends,Friends
train,FRND0783,Friends,Friends
train,FRND0830,Friends,Friends
train,FRND0811,Friends,Friends
train,FRND0822,Friends,Friends
train,FRND0815,Friends,Friends
train,FRND0844,Friends,Friends
train,FRND0798,Friends,Friends
train,FRND0824,Friends,Friends
train,FRND0839,Friends,Friends
train,FRND0792,Friends,Friends
train,FRND0847,Friends,Friends
train,LOR143,The Hobbit and The Lord of the Rings,The Hobbit and The Lord of the Rings
train,SW1481,Star Wars,Star Wars
train,LOR153,The Hobbit and The Lord of the Rings,The Hobbit and The Lord of the Rings
train,LOR142,The Hobbit and The Lord of the Rings,The Hobbit and The Lord of the Rings
train,MIN216,Minecraft,Minecraft
train,90398PB060,Harry Potter,Harry Potter
train,IDEA223,LEGO Ideas,LEGO Ideas
train,TWN529,Town,Town
train,SH1024,Super Heroes,Super Heroes
train,SH1030,Super Heroes,Super Heroes
train,90398PB061,Harry Potter,Harry Potter
train,HOL390,Holiday & Event,Holiday & Event
train,MIN230,Minecraft,Minecraft
train,MAR0229,Super Mario,Super Mario
train,IDEA253,LEGO Ideas,LEGO Ideas
train,MIN218,Minecraft,Minecraft
train,SH1066,Super Heroes,Super Heroes
train,MAR0223,Super Mario,Super Mario
train,IDEA236,LEGO Ideas,LEGO Ideas
train,COLSPI04,Collectible Minifigures,Collectible Minifigures
train,COL449,Collectible Minifigures,Collectible Minifigures
train,SW1457,Star Wars,Star Wars
train,SW1458,Star Wars,Star Wars
train,HP592,Harry Potter,Harry Potter
train,BDP155,BrickLink Designer Program,BrickLink Designer Program
train,BDP154,BrickLink Designer Program,BrickLink Designer Program
train,BDP152,BrickLink Designer Program,BrickLink Designer Program
train,HP582,Harry Potter,Harry Potter
train,HP538,Harry Potter,Harry Potter
train,HP544,Harry Potter,Harry Potter
train,HP528,Harry Potter,Harry Potter
train,HP589,Harry Potter,Harry Potter
train,HP551,Harry Potter,Harry Potter
train,90398PB053,Harry Potter,Harry Potter
train,NJO0949,NINJAGO,NINJAGO
train,CTY1885,Town,Town
train,MIN217,Minecraft,Minecraft
train,BDP211,BrickLink Designer Program,BrickLink Designer Program
train,HP553,Harry Potter,Harry Potter
train,MIN249,Minecraft,Minecraft
train,MIN247,Minecraft,Minecraft
train,MIN203,Minecraft,Minecraft
train,MIN248,Minecraft,Minecraft
train,MIN232,Minecraft,Minecraft
train,COLSPI02,Collectible Minifigures,Collectible Minifigures
train,HOL380,Holiday & Event,Holiday & Event
train,HOL379,Holiday & Event,Holiday & Event
train,HOL378,Holiday & Event,Holiday & Event
train,CAS595,Castle,Castle
train,CAS590,Castle,Castle
train,CAS592,Castle,Castle
train,CTY1845,Town,Town
train,CTY1868,Town,Town
train,SH1013,Super Heroes,Super Heroes
train,HOL402,Holiday & Event,Holiday & Event
train,HOL403,Holiday & Event,Holiday & Event
train,MIN195,Minecraft,Minecraft
train,MIN229,Minecraft,Minecraft
train,MIN196,Minecraft,Minecraft
train,MIN194,Minecraft,Minecraft
train,SW1416,Star Wars,Star Wars
train,SW1474,Star Wars,Star Wars
train,SW1472,Star Wars,Star Wars
train,SW1465,Star Wars,Star Wars
train,SW1475,Star Wars,Star Wars
train,SW1449,Star Wars,Star Wars
train,SW1478,Star Wars,Star Wars
train,SW1456,Star Wars,Star Wars
train,SW1464,Star Wars,Star Wars
train,SW1455,Star Wars,Star Wars
train,SW1463,Star Wars,Star Wars
train,DRM075,DREAMZzz,DREAMZzz
train,SW1461,Star Wars,Star Wars
train,IDEA270,LEGO Ideas,LEGO Ideas
train,MIN212,Minecraft,Minecraft
train,SH1035,Super Heroes,Super Heroes
train,SH1008,Super Heroes,Super Heroes
train,SH1048,Super Heroes,Super Heroes
train,SH1017,Super Heroes,Super Heroes
train,SH1015,Super Heroes,Super Heroes
train,SH1046,Super Heroes,Super Heroes
train,SH1038,Super Heroes,Super Heroes
train,SH1067,Super Heroes,Super Heroes
train,SH1047,Super Heroes,Super Heroes
train,SH1074,Super Heroes,Super Heroes
train,IDEA271,LEGO Ideas,LEGO Ideas
train,JW139,Jurassic World,Jurassic World
train,DRM071,DREAMZzz,DREAMZzz
train,SH1059,Super Heroes,Super Heroes
train,IDEA222,LEGO Ideas,LEGO Ideas
train,IDEA266,LEGO Ideas,LEGO Ideas
train,SW1406,Star Wars,Star Wars
train,DP224,Disney,Disney
train,MIN205,Minecraft,Minecraft
train,JW127,Jurassic World,Jurassic World
train,NJO0930,NINJAGO,NINJAGO
train,NJO0961,NINJAGO,NINJAGO
train,NJO0967,NINJAGO,NINJAGO
train,NJO0990,NINJAGO,NINJAGO
train,SW1432,Star Wars,Star Wars
train,MAR0226,Super Mario,Super Mario
train,BDP219,BrickLink Designer Program,BrickLink Designer Program
train,BDP210,BrickLink Designer Program,BrickLink Designer Program
train,IDEA234,LEGO Ideas,LEGO Ideas
train,IDEA229,LEGO Ideas,LEGO Ideas
train,SH1070,Super Heroes,Super Heroes
train,DP229,Disney,Disney
train,SC135,SPEED CHAMPIONS,SPEED CHAMPIONS
train,SC134,SPEED CHAMPIONS,SPEED CHAMPIONS
train,IDEA263,LEGO Ideas,LEGO Ideas
train,JW140,Jurassic World,Jurassic World
train,DP216,Disney,Disney
train,IDEA239,LEGO Ideas,LEGO Ideas
train,MAR0216,Super Mario,Super Mario
train,TWN518,Town,Town
train,SH1007,Super Heroes,Super Heroes
train,MAR0214,Super Mario,Super Mario
train,HP561,Harry Potter,Harry Potter
train,NJO0928,NINJAGO,NINJAGO
train,NJO0959,NINJAGO,NINJAGO
train,NJO0929,NINJAGO,NINJAGO
train,DRM091,DREAMZzz,DREAMZzz
train,NJO0944,NINJAGO,NINJAGO
train,NJO0935,NINJAGO,NINJAGO
train,HP531,Harry Potter,Harry Potter
train,BDP158,BrickLink Designer Program,BrickLink Designer Program
train,BDP157,BrickLink Designer Program,BrickLink Designer Program
train,IDEA259,LEGO Ideas,LEGO Ideas
train,MOA008,Disney,Disney
train,HP526,Harry Potter,Harry Potter
train,SW1476,Star Wars,Star Wars
train,SW1460,Star Wars,Star Wars
train,DP219,Disney,Disney
train,HP594,Harry Potter,Harry Potter
train,90398PB065,Collectible Minifigures,Collectible Minifigures
train,HP541,Harry Potter,Harry Potter
train,IDEA260,LEGO Ideas,LEGO Ideas
train,CTY1931,Town,Town
train,HP578,Harry Potter,Harry Potter
train,HP568,Harry Potter,Harry Potter
train,IDEA225,LEGO Ideas,LEGO Ideas
train,JW134,Jurassic World,Jurassic World
train,DRM078,DREAMZzz,DREAMZzz
train,DRM084,DREAMZzz,DREAMZzz
train,DRM086,DREAMZzz,DREAMZzz
train,MOA010,Disney,Disney
train,DP214,Disney,Disney
train,COLSPI11,Collectible Minifigures,Collectible Minifigures
train,SC131,SPEED CHAMPIONS,SPEED CHAMPIONS
train,SW1450,Star Wars,Star Wars
train,BDP186,BrickLink Designer Program,BrickLink Designer Program
train,BDP178,BrickLink Designer Program,BrickLink Designer Program
train,BDP182,BrickLink Designer Program,BrickLink Designer Program
train,BDP181,BrickLink Designer Program,BrickLink Designer Program
train,BDP184,BrickLink Designer Program,BrickLink Designer Program
train,SC124,SPEED CHAMPIONS,SPEED CHAMPIONS
train,BDP206,BrickLink Designer Program,BrickLink Designer Program
train,BDP205,BrickLink Designer Program,BrickLink Designer Program
train,BDP207,BrickLink Designer Program,BrickLink Designer Program
train,BDP204,BrickLink Designer Program,BrickLink Designer Program
train,LOR148,The Hobbit and The Lord of the Rings,The Hobbit and The Lord of the Rings
train,IDEA258,LEGO Ideas,LEGO Ideas
train,MIN236,Minecraft,Minecraft
train,MIN234,Minecraft,Minecraft
train,MIN238,Minecraft,Minecraft
train,MIN239,Minecraft,Minecraft
train,COLSPI05,Collectible Minifigures,Collectible Minifigures
train,IDEA254,LEGO Ideas,LEGO Ideas
train,COLSPI03,Collectible Minifigures,Collectible Minifigures
train,COLSPI01,Collectible Minifigures,Collectible Minifigures
train,MIN219,Minecraft,Minecraft
train,HP579,Harry Potter,Harry Potter
train,DIS186,Disney,Disney
train,CTY1879,Town,Town
train,SC130,SPEED CHAMPIONS,SPEED CHAMPIONS
train,MOA009,Disney,Disney
train,MK180,Monkie Kid,Monkie Kid
train,MK178,Monkie Kid,Monkie Kid
train,NJO0940,NINJAGO,NINJAGO
train,SW1448,Star Wars,Star Wars
train,90398PB059,Harry Potter,Harry Potter
train,DIS178,Disney,Disney
train,SH1004,Super Heroes,Super Heroes
train,SH1082,Super Heroes,Super Heroes
train,DRM088,DREAMZzz,DREAMZzz
train,MK179,Monkie Kid,Monkie Kid
train,HOL384,Holiday & Event,Holiday & Event
train,HP580,Harry Potter,Harry Potter
train,DP220,Disney,Disney
train,LOR146,The Hobbit and The Lord of the Rings,The Hobbit and The Lord of the Rings
train,BDP245,BrickLink Designer Program,BrickLink Designer Program
train,BDP249,BrickLink Designer Program,BrickLink Designer Program
train,BDP251,BrickLink Designer Program,BrickLink Designer Program
train,BDP248,BrickLink Designer Program,BrickLink Designer Program
train,BDP247,BrickLink Designer Program,BrickLink Designer Program
train,DIS177,Disney,Disney
train,HP527,Harry Potter,Harry Potter
train,90398PB058,Harry Potter,Harry Potter
train,MIN209,Minecraft,Minecraft
train,HP555,Harry Potter,Harry Potter
train,HP549,Harry Potter,Harry Potter
train,HP543,Harry Potter,Harry Potter
train,HP566,Harry Potter,Harry Potter
train,TWN519,Town,Town
train,SW1417,Star Wars,Star Wars
train,NJO0938,NINJAGO,NINJAGO
train,IDEA245,LEGO Ideas,LEGO Ideas
train,NJO0933,NINJAGO,NINJAGO
train,NJO0932,NINJAGO,NINJAGO
train,SW1424,Star Wars,Star Wars
train,SW1467,Star Wars,Star Wars
train,SH1031,Super Heroes,Super Heroes
train,DP231,Disney,Disney
train,DP234,Disney,Disney
train,DP207,Disney,Disney
train,HP542,Harry Potter,Harry Potter
train,DRM087,DREAMZzz,DREAMZzz
train,IDEA269,LEGO Ideas,LEGO Ideas
train,IDEA251,LEGO Ideas,LEGO Ideas
train,IDEA250,LEGO Ideas,LEGO Ideas
train,SC123,SPEED CHAMPIONS,SPEED CHAMPIONS
train,TWN523,Town,Town
train,IDEA231,LEGO Ideas,LEGO Ideas
train,IDEA235,LEGO Ideas,LEGO Ideas
train,CTY1915,Town,Town
train,COLSPI12,Collectible Minifigures,Collectible Minifigures
train,COLSPI06,Collectible Minifigures,Collectible Minifigures
train,BDP214,BrickLink Designer Program,BrickLink Designer Program
train,SH1039,Super Heroes,Super Heroes
train,LOR149,The Hobbit and The Lord of the Rings,The Hobbit and The Lord of the Rings
train,COLSPI13,Collectible Minifigures,Collectible Minifigures
train,COLSPI07,Collectible Minifigures,Collectible Minifigures
train,HP567,Harry Potter,Harry Potter
train,MIN213,Minecraft,Minecraft
train,MAR0227,Super Mario,Super Mario
train,BDP261,BrickLink Designer Program,BrickLink Designer Program
train,BDP255,BrickLink Designer Program,BrickLink Designer Program
train,BDP258,BrickLink Designer Program,BrickLink Designer Program
train,BDP257,BrickLink Designer Program,BrickLink Designer Program
train,BDP259,BrickLink Designer Program,Star Wars
train,BDP260,BrickLink Designer Program,BrickLink Designer Program
train,BDP263,BrickLink Designer Program,BrickLink Designer Program
train,COL458,Collectible Minifigures,Collectible Minifigures
train,SW1414,Star Wars,Star Wars
train,SH1086,Super Heroes,Super Heroes
train,CTY1888,Town,Town
train,CTY1890,Town,Town
train,CTY1901,Town,Town
train,CTY1887,Town,Town
train,CTY1923,Town,Town
train,CTY1900,Town,Town
train,CTY1853,Town,Town
train,CTY1886,Town,Town
train,CTY1922,Town,Town
train,CTY1889,Town,Town
train,CTY1911,Town,Town
train,CTY1902,Town,Town
train,CTY1913,Town,Town
train,BDP243,BrickLink Designer Program,BrickLink Designer Program
train,BDP242,BrickLink Designer Program,BrickLink Designer Program
train,HOL389,Holiday & Event,Holiday & Event
train,DP206,Disney,Disney
train,SW1459,Star Wars,Star Wars
train,HP536,Harry Potter,Harry Potter
train,HP554,Harry Potter,Harry Potter
train,HP540,Harry Potter,Harry Potter
train,TWN525,Town,Town
train,HP570,Harry Potter,Harry Potter
train,COL454,Collectible Minifigures,Collectible Minifigures
train,BDP220,BrickLink Designer Program,BrickLink Designer Program
train,SW1404,Star Wars,Star Wars
train,SH1072,Super Heroes,Super Heroes
train,DP225,Disney,Disney
train,MIN228,Minecraft,Minecraft
train,NJO0950,NINJAGO,NINJAGO
train,JW138,Jurassic World,Jurassic World
train,BDP188,BrickLink Designer Program,BrickLink Designer Program
train,BDP189,BrickLink Designer Program,BrickLink Designer Program
train,BDP190,BrickLink Designer Program,BrickLink Designer Program
train,NJO0987,NINJAGO,NINJAGO
train,HP577,Harry Potter,Harry Potter
train,HP550,Harry Potter,Harry Potter
train,HP552,Harry Potter,Harry Potter
train,IDEA220,LEGO Ideas,LEGO Ideas
train,NJO0976,NINJAGO,NINJAGO
train,MIN202,Minecraft,Minecraft
train,LOR145,The Hobbit and The Lord of the Rings,The Hobbit and The Lord of the Rings
train,MK177,Monkie Kid,Monkie Kid
train,HOL381,Holiday & Event,Holiday & Event
train,MIN241,Minecraft,Minecraft
train,SH1085,Super Heroes,Super Heroes
train,IDEA248,LEGO Ideas,LEGO Ideas
train,SW1447,Star Wars,Star Wars
train,CTY1859,Town,Town
train,CTY1856,Town,Town
train,CTY1858,Town,Town
train,DIS176,Disney,Disney
train,SH1076,Super Heroes,Super Heroes
train,TWN524,Town,Town
train,HOL391,Holiday & Event,Holiday & Event
train,MAR0225,Super Mario,Super Mario
train,SW1437,Star Wars,Star Wars
train,MIN221,Minecraft,Minecraft
train,MOA006,Disney,Disney
train,IDEA224,LEGO Ideas,LEGO Ideas
train,CTY1878,Town,Town
train,BDP169,BrickLink Designer Program,BrickLink Designer Program
train,BDP156,BrickLink Designer Program,BrickLink Designer Program
train,TWN526,Town,Town
train,CTY1916,Town,Town
train,HP547,Harry Potter,Harry Potter
train,LOR152,The Hobbit and The Lord of the Rings,The Hobbit and The Lord of the Rings
train,SW1438,Star Wars,Star Wars
train,NJO0975,NINJAGO,NINJAGO
train,CTY1830,Town,Town
train,CTY1828,Town,Town
train,CTY1829,Town,Town
train,CTY1827,Town,Town
train,NJO0982,NINJAGO,NINJAGO
train,NJO0968,NINJAGO,NINJAGO
train,NJO0973,NINJAGO,NINJAGO
train,NJO0989,NINJAGO,NINJAGO
train,SH1033,Super Heroes,Super Heroes
train,SH1053,Super Heroes,Super Heroes
train,SH1057,Super Heroes,Super Heroes
train,SH1020,Super Heroes,Super Heroes
train,CTY1852,Town,Town
train,HP546,Harry Potter,Harry Potter
train,CTY1928,Town,Town
train,SH1091,Super Heroes,Super Heroes
train,HP539,Harry Potter,Harry Potter
train,BDP236,BrickLink Designer Program,BrickLink Designer Program
train,COL460,Collectible Minifigures,Collectible Minifigures
train,MIN199,Minecraft,Minecraft
train,MIN208,Minecraft,Minecraft
train,DIS174,Disney,Disney
train,MIN220,Minecraft,Minecraft
train,SC132,SPEED CHAMPIONS,SPEED CHAMPIONS
train,SH1006,Super Heroes,Super Heroes
train,CTY1906,Town,Town
train,NJO0943,NINJAGO,NINJAGO
train,SH1094,Super Heroes,Super Heroes
train,BDP163,BrickLink Designer Program,BrickLink Designer Program
train,BDP164,BrickLink Designer Program,BrickLink Designer Program
train,BDP161,BrickLink Designer Program,BrickLink Designer Program
train,BDP160,BrickLink Designer Program,BrickLink Designer Program
train,BDP162,BrickLink Designer Program,BrickLink Designer Program
train,BDP159,BrickLink Designer Program,BrickLink Designer Program
train,SH1022,Super Heroes,Super Heroes
train,SH1075,Super Heroes,Super Heroes
train,SH1090,Super Heroes,Super Heroes
train,SH1081,Super Heroes,Super Heroes
train,SH1018,Super Heroes,Super Heroes
train,SH1032,Super Heroes,Super Heroes
train,SH1069,Super Heroes,Super Heroes
train,SH1014,Super Heroes,Super Heroes
train,MAR0217,Super Mario,Super Mario
train,MAR0224,Super Mario,Super Mario
train,MAR0209,Super Mario,Super Mario
train,MAR0208,Super Mario,Super Mario
train,CTY1869,Town,Town
train,IDEA242,LEGO Ideas,LEGO Ideas
train,IDEA240,LEGO Ideas,LEGO Ideas
train,CTY1921,Town,Town
train,CTY1920,Town,Town
train,CTY1904,Town,Town
train,CTY1924,Town,Town
train,SH1025,Super Heroes,Super Heroes
train,SW1446,Star Wars,Star Wars
train,TWN513,Town,Town
train,TWN517,Town,Town
train,TWN515,Town,Town
train,TWN511,Town,Town
train,TWN514,Town,Town
train,TWN516,Town,Town
train,NJO0951,NINJAGO,NINJAGO
train,SH1023,Super Heroes,Super Heroes
train,NJO0963,NINJAGO,NINJAGO
train,NJO0979,NINJAGO,NINJAGO
train,SH1009,Super Heroes,Super Heroes
train,BDP233,BrickLink Designer Program,Monkie Kid
train,TWN530,Town,Town
train,BDP237,BrickLink Designer Program,BrickLink Designer Program
train,BDP229,BrickLink Designer Program,BrickLink Designer Program
train,BDP232,BrickLink Designer Program,BrickLink Designer Program
train,BDP238,BrickLink Designer Program,BrickLink Designer Program
train,BDP239,BrickLink Designer Program,BrickLink Designer Program
train,BDP235,BrickLink Designer Program,BrickLink Designer Program
train,SH1028,Super Heroes,Super Heroes
train,HP564,Harry Potter,Harry Potter
train,IDEA255,LEGO Ideas,LEGO Ideas
train,MIN211,Minecraft,Minecraft
train,IDEA256,LEGO Ideas,LEGO Ideas
train,SC126,SPEED CHAMPIONS,SPEED CHAMPIONS
train,SW1435,Star Wars,Star Wars
train,BDP193,BrickLink Designer Program,BrickLink Designer Program
train,BDP203,BrickLink Designer Program,BrickLink Designer Program
train,BDP197,BrickLink Designer Program,BrickLink Designer Program
train,BDP198,BrickLink Designer Program,BrickLink Designer Program
train,BDP196,BrickLink Designer Program,BrickLink Designer Program
train,BDP195,BrickLink Designer Program,BrickLink Designer Program
train,IDEA249,LEGO Ideas,LEGO Ideas
train,MIN191,Minecraft,Minecraft
train,CTY1933,Town,Town
train,HOL373,Holiday & Event,Holiday & Event
train,MAR0219,Super Mario,Super Mario
train,DIS189,Disney,Disney
train,NJO0958,NINJAGO,NINJAGO
train,NJO0923,NINJAGO,NINJAGO
train,NJO0922,NINJAGO,NINJAGO
train,NJO0953,NINJAGO,NINJAGO
train,NJO0934,NINJAGO,NINJAGO
train,NJO0965,NINJAGO,NINJAGO
train,NJO0971,NINJAGO,NINJAGO
train,DRM083,DREAMZzz,DREAMZzz
train,MIN240,Minecraft,Minecraft
train,MIN192,Minecraft,Minecraft
train,JW135,Jurassic World,Jurassic World
train,DP237,Disney,Disney
train,DRM109,DREAMZzz,DREAMZzz
train,NJO1031,NINJAGO,NINJAGO
train,SC143,SPEED CHAMPIONS,SPEED CHAMPIONS
train,MIN251,Minecraft,Minecraft
train,HOL413,Holiday & Event,Holiday & Event
train,HOL412,Holiday & Event,Holiday & Event
train,HOL408,Holiday & Event,Holiday & Event
train,NJO1014,NINJAGO,NINJAGO
train,CTY1958,Town,Town
train,CTY1962,Town,Town
train,CTY1963,Town,Town
train,CTY1957,Town,Town
train,CTY1960,Town,Town
train,NJO1038,NINJAGO,NINJAGO
train,NJO1004,NINJAGO,NINJAGO
train,NJO1027,NINJAGO,NINJAGO
train,DRM108,DREAMZzz,DREAMZzz
train,DRM112,DREAMZzz,DREAMZzz
train,MIN254,Minecraft,Minecraft
train,HP599,Harry Potter,Harry Potter
train,CTY1952,Town,Town
train,CTY1951,Town,Town
train,HP602,Harry Potter,Harry Potter
train,NJO1028,NINJAGO,NINJAGO
train,NJO1026,NINJAGO,NINJAGO
train,HP608,Harry Potter,Harry Potter
train,CTY1944,Town,Town
train,CTY1942,Town,Town
train,CTY1941,Town,Town
train,NJO1042,NINJAGO,NINJAGO
train,NJO1045,NINJAGO,NINJAGO
train,CTY1945,Town,Town
train,SC142,SPEED CHAMPIONS,SPEED CHAMPIONS
train,CTY1947,Town,Town
train,CTY1948,Town,Town
train,NJO1000,NINJAGO,NINJAGO
train,FRND0884,Friends,Friends
train,FRND0870,Friends,Friends
train,FRND0862,Friends,Friends
train,FRND0873,Friends,Friends
train,FRND0860,Friends,Friends
train,FRND0863,Friends,Friends
train,FRND0865,Friends,Friends
train,FRND0883,Friends,Friends
train,FRND0879,Friends,Friends
train,FRND0872,Friends,Friends
train,FRND0880,Friends,Friends
train,FRND0868,Friends,Friends
train,FRND0877,Friends,Friends
train,FRND0882,Friends,Friends
train,FRND0867,Friends,Friends
train,FRND0861,Friends,Friends
train,FRND0874,Friends,Friends
train,SH1095,Super Heroes,Super Heroes
train,SH1109,Super Heroes,Super Heroes
train,HOL411,Holiday & Event,Holiday & Event
train,HOL410,Holiday & Event,Holiday & Event
train,DRM102,DREAMZzz,DREAMZzz
train,DRM107,DREAMZzz,DREAMZzz
train,DRM113,DREAMZzz,DREAMZzz
train,DRM106,DREAMZzz,DREAMZzz
train,HP605,Harry Potter,Harry Potter
train,HP607,Harry Potter,Harry Potter
train,HP610,Harry Potter,Harry Potter
train,NJO1023,NINJAGO,NINJAGO
train,HP606,Harry Potter,Harry Potter
train,CTY1946,Town,Town
train,SH1104,Super Heroes,Super Heroes
train,SH1097,Super Heroes,Super Heroes
train,SH1103,Super Heroes,Super Heroes
train,DRM104,DREAMZzz,DREAMZzz
train,DRM111,DREAMZzz,DREAMZzz
train,SH1100,Super Heroes,Super Heroes
train,NJO1047,NINJAGO,NINJAGO
train,NJO1017,NINJAGO,NINJAGO
train,MIN257,Minecraft,Minecraft
train,NJO1008,NINJAGO,NINJAGO
train,NJO1048,NINJAGO,NINJAGO
train,NJO1046,NINJAGO,NINJAGO
train,NJO1040,NINJAGO,NINJAGO
train,NJO0997,NINJAGO,NINJAGO
train,NJO1015,NINJAGO,NINJAGO
train,NJO1029,NINJAGO,NINJAGO
train,NJO1005,NINJAGO,NINJAGO
train,NJO1024,NINJAGO,NINJAGO
train,HOL414,Holiday & Event,Holiday & Event
train,SW1487,Star Wars,Star Wars
train,SW1486,Star Wars,Star Wars
train,SC138,SPEED CHAMPIONS,SPEED CHAMPIONS
train,NJO1011,NINJAGO,NINJAGO
train,DRM103,DREAMZzz,DREAMZzz
train,SC144,SPEED CHAMPIONS,SPEED CHAMPIONS
train,MIN243,Minecraft,Minecraft
train,MIN244,Minecraft,Minecraft
train,MIN252,Minecraft,Minecraft
train,NJO1037,NINJAGO,NINJAGO
train,NJO1044,NINJAGO,NINJAGO
train,NJO1012,NINJAGO,NINJAGO
train,NJO1019,NINJAGO,NINJAGO
train,NJO1043,NINJAGO,NINJAGO
train,NJO1050,NINJAGO,NINJAGO
train,NJO1036,NINJAGO,NINJAGO
train,NJO1007,NINJAGO,NINJAGO
train,HP609,Harry Potter,Harry Potter
train,NJO1009,NINJAGO,NINJAGO
train,CTY1965,Town,Town
train,CTY1964,Town,Town
train,SH1098,Super Heroes,Super Heroes
train,SH1106,Super Heroes,Super Heroes
train,HP612,Harry Potter,Harry Potter
train,HP613,Harry Potter,Harry Potter
train,TWN534,Town,Town
train,TWN532,Town,Town
train,TWN535,Town,Town
train,TWN533,Town,Town
train,MIN253,Minecraft,Minecraft
train,CTY1966,Town,Town
train,SC140,SPEED CHAMPIONS,SPEED CHAMPIONS
train,SH1110,Super Heroes,Super Heroes
train,SH1099,Super Heroes,Super Heroes
train,SH1111,Super Heroes,Super Heroes
train,SH1107,Super Heroes,Super Heroes
train,NJO1013,NINJAGO,NINJAGO
train,HOL409,Holiday & Event,Holiday & Event
train,HP601,Harry Potter,Harry Potter
train,SW1488,Star Wars,Star Wars
train,CTY1954,Town,Town
train,SH1102,Super Heroes,Super Heroes
train,MIN246,Minecraft,Minecraft
train,CTY1961,Town,Town
train,NJO0996,NINJAGO,NINJAGO
train,HP598,Harry Potter,Harry Potter
train,HOL407,Holiday & Event,Holiday & Event
train,NJO1001,NINJAGO,NINJAGO
train,NJO1022,NINJAGO,NINJAGO
train,NJO1033,NINJAGO,NINJAGO
train,NJO1003,NINJAGO,NINJAGO
train,DRM100,DREAMZzz,DREAMZzz
train,MIN245,Minecraft,Minecraft
