id,minifig_number,img_local_path,category,category_grouped_threshold_100
1,OLD040,images/OLD040.jpg,LEGOLAND,Other
2,OLD011,images/OLD011.jpg,LEGOLAND,Other
3,OLD009,images/OLD009.jpg,LEGOLAND,Other
4,OLD009A,images/OLD009A.jpg,LEGOLAND,Other
5,OLD037,images/OLD037.jpg,LEGOLAND,Other
6,OLD050,images/OLD050.jpg,LEGOLAND,Other
7,OLD042,images/OLD042.jpg,LEGOLAND,Other
8,OLD007,images/OLD007.jpg,LEGOLAND,Other
9,OLD022,images/OLD022.jpg,LEGOLAND,Other
10,OLD013,images/OLD013.jpg,LEGOLAND,Other
11,OLD015,images/OLD015.jpg,LEGOLAND,Other
12,OLD020,images/OLD020.jpg,LEGOLAND,Other
13,OLD041,images/OLD041.jpg,LEGOLAND,Other
14,OLD023,images/OLD023.jpg,LEGOLAND,Other
15,OLD004,images/OLD004.jpg,LEGOLAND,Other
16,OLD014,images/OLD014.jpg,LEGOLAND,Other
17,OLD051,images/OLD051.jpg,LEGOLAND,Other
18,OLD019,images/OLD019.jpg,LEGOLAND,Other
19,OLD043,images/OLD043.jpg,LEGOLAND,Other
20,OLD012,images/OLD012.jpg,LEGOLAND,Other
21,OLD001,images/OLD001.jpg,LEGOLAND,Other
22,OLD005,images/OLD005.jpg,LEGOLAND,Other
23,OLD044,images/OLD044.jpg,LEGOLAND,Other
24,OLD021,images/OLD021.jpg,LEGOLAND,Other
25,OLD006,images/OLD006.jpg,LEGOLAND,Other
26,DUPFIG001R,images/DUPFIG001R.jpg,DUPLO,DUPLO
27,DUPFIG019,images/DUPFIG019.jpg,DUPLO,DUPLO
28,DUPFIG034,images/DUPFIG034.jpg,DUPLO,DUPLO
29,DUPFIG035,images/DUPFIG035.jpg,DUPLO,DUPLO
30,DUPFIG002,images/DUPFIG002.jpg,DUPLO,DUPLO
31,DUPFIG036,images/DUPFIG036.jpg,DUPLO,DUPLO
32,DUPFIG027,images/DUPFIG027.jpg,DUPLO,DUPLO
33,DUPFIG015,images/DUPFIG015.jpg,DUPLO,DUPLO
34,DUPFIG028,images/DUPFIG028.jpg,DUPLO,DUPLO
35,OLD032,images/OLD032.jpg,LEGOLAND,Other
36,OLD030,images/OLD030.jpg,LEGOLAND,Other
37,OLD010,images/OLD010.jpg,LEGOLAND,Other
38,OLD029,images/OLD029.jpg,LEGOLAND,Other
39,OLD028,images/OLD028.jpg,LEGOLAND,Other
40,OLD035,images/OLD035.jpg,LEGOLAND,Other
41,OLD008,images/OLD008.jpg,LEGOLAND,Other
42,OLD034,images/OLD034.jpg,LEGOLAND,Other
43,OLD033,images/OLD033.jpg,LEGOLAND,Other
44,OLD031,images/OLD031.jpg,LEGOLAND,Other
45,OLD025,images/OLD025.jpg,LEGOLAND,Other
46,OLD024,images/OLD024.jpg,LEGOLAND,Other
47,OLD049,images/OLD049.jpg,LEGOLAND,Other
48,OLD048,images/OLD048.jpg,LEGOLAND,Other
49,OLD038,images/OLD038.jpg,LEGOLAND,Other
50,DUPFIG020,images/DUPFIG020.jpg,DUPLO,DUPLO
51,DUPFIG001,images/DUPFIG001.jpg,DUPLO,DUPLO
52,DUPFIG041,images/DUPFIG041.jpg,DUPLO,DUPLO
53,DUPFIG012,images/DUPFIG012.jpg,DUPLO,DUPLO
54,OLD027,images/OLD027.jpg,LEGOLAND,Other
55,OLD003,images/OLD003.jpg,LEGOLAND,Other
56,OLD002,images/OLD002.jpg,LEGOLAND,Other
57,OLD026,images/OLD026.jpg,LEGOLAND,Other
58,OLD016,images/OLD016.jpg,LEGOLAND,Other
59,CAS086A,images/CAS086A.jpg,Castle,Castle
60,CAS085A,images/CAS085A.jpg,Castle,Castle
61,CAS082A,images/CAS082A.jpg,Castle,Castle
62,CAS081A,images/CAS081A.jpg,Castle,Castle
63,CAS088A,images/CAS088A.jpg,Castle,Castle
64,CAS087A,images/CAS087A.jpg,Castle,Castle
65,CAS084A,images/CAS084A.jpg,Castle,Castle
66,CAS083A,images/CAS083A.jpg,Castle,Castle
67,SP005,images/SP005.jpg,Space,Space
68,SP006,images/SP006.jpg,Space,Space
69,DUPFIG021,images/DUPFIG021.jpg,DUPLO,DUPLO
70,FIREC019,images/FIREC019.jpg,Town,Town
71,TWN019,images/TWN019.jpg,Town,Town
72,FIRE005,images/FIRE005.jpg,Town,Town
73,PLN051,images/PLN051.jpg,Town,Town
74,PLN106,images/PLN106.jpg,Town,Town
75,PLN063,images/PLN063.jpg,Town,Town
76,PLN136,images/PLN136.jpg,Town,Town
77,PLN046,images/PLN046.jpg,Town,Town
78,TWN448,images/TWN448.jpg,Town,Town
79,PLN020,images/PLN020.jpg,Town,Town
80,PLN028,images/PLN028.jpg,Town,Town
81,PLN064,images/PLN064.jpg,Town,Town
82,PLN024,images/PLN024.jpg,Town,Town
83,PLN127,images/PLN127.jpg,Town,Town
84,PLN128,images/PLN128.jpg,Town,Town
85,PLN126,images/PLN126.jpg,Town,Town
86,PLN112,images/PLN112.jpg,Town,Town
87,PLN025,images/PLN025.jpg,Town,Town
88,PLN027,images/PLN027.jpg,Town,Town
89,PLN017,images/PLN017.jpg,Town,Town
90,PLN058,images/PLN058.jpg,Town,Town
91,PLN026,images/PLN026.jpg,Town,Town
92,CON014,images/CON014.jpg,Town,Town
93,PLN069,images/PLN069.jpg,Town,Town
94,PLN019,images/PLN019.jpg,Town,Town
95,PLN018,images/PLN018.jpg,Town,Town
96,PLN107,images/PLN107.jpg,Town,Town
97,TRN109,images/TRN109.jpg,Town,Town
98,PLN030,images/PLN030.jpg,Town,Town
99,PLN099,images/PLN099.jpg,Town,Town
100,COP014S,images/COP014S.jpg,Town,Town
101,TRN099,images/TRN099.jpg,Town,Town
102,CHEF004,images/CHEF004.jpg,Town,Town
103,CAS074,images/CAS074.jpg,Castle,Castle
104,CAS075,images/CAS075.jpg,Castle,Castle
105,CAS233,images/CAS233.jpg,Castle,Castle
106,CAS007,images/CAS007.jpg,Castle,Castle
107,CAS229,images/CAS229.jpg,Castle,Castle
108,CAS079,images/CAS079.jpg,Castle,Castle
109,CAS230,images/CAS230.jpg,Castle,Castle
110,CAS077,images/CAS077.jpg,Castle,Castle
111,CAS076,images/CAS076.jpg,Castle,Castle
112,SP127,images/SP127.jpg,Space,Space
113,SP128,images/SP128.jpg,Space,Space
114,SP007,images/SP007.jpg,Space,Space
115,DUPFIG040,images/DUPFIG040.jpg,DUPLO,DUPLO
116,DUPFIG008,images/DUPFIG008.jpg,DUPLO,DUPLO
117,DUPFIG006,images/DUPFIG006.jpg,DUPLO,DUPLO
118,DUPFIG011,images/DUPFIG011.jpg,DUPLO,DUPLO
119,DUPFIG014,images/DUPFIG014.jpg,DUPLO,DUPLO
120,DUPFIG044,images/DUPFIG044.jpg,DUPLO,DUPLO
121,DUPFIG033,images/DUPFIG033.jpg,DUPLO,DUPLO
122,DUPFIG018,images/DUPFIG018.jpg,DUPLO,DUPLO
123,FAB1A,images/FAB1A.jpg,Fabuland,Other
124,FAB12D,images/FAB12D.jpg,Fabuland,Other
125,FAB2A,images/FAB2A.jpg,Fabuland,Other
126,FAB3G,images/FAB3G.jpg,Fabuland,Other
127,FAB3F,images/FAB3F.jpg,Fabuland,Other
128,FAB4G,images/FAB4G.jpg,Fabuland,Other
129,FAB5E,images/FAB5E.jpg,Fabuland,Other
130,FAB5H,images/FAB5H.jpg,Fabuland,Other
131,FAB7H,images/FAB7H.jpg,Fabuland,Other
132,FAB7E,images/FAB7E.jpg,Fabuland,Other
133,FAB8G,images/FAB8G.jpg,Fabuland,Other
134,FAB9D,images/FAB9D.jpg,Fabuland,Other
135,FAB9C,images/FAB9C.jpg,Fabuland,Other
136,FAB11A,images/FAB11A.jpg,Fabuland,Other
137,FAB11C,images/FAB11C.jpg,Fabuland,Other
138,CON015,images/CON015.jpg,Town,Town
139,PLN108,images/PLN108.jpg,Homemaker,Other
140,PLN103,images/PLN103.jpg,Homemaker,Other
141,COP001,images/COP001.jpg,Town,Town
142,COP003,images/COP003.jpg,Town,Town
143,BUT025,images/BUT025.jpg,Town,Town
144,BUT013,images/BUT013.jpg,Town,Town
145,BUT010,images/BUT010.jpg,Town,Town
146,BUT026,images/BUT026.jpg,Town,Town
147,BUT021,images/BUT021.jpg,Town,Town
148,CON016,images/CON016.jpg,Town,Town
149,BUT022,images/BUT022.jpg,Town,Town
150,SOC033,images/SOC033.jpg,Sports,Sports
151,TRN088,images/TRN088.jpg,Town,Town
152,TRN098,images/TRN098.jpg,Town,Town
153,TWN042,images/TWN042.jpg,Castle,Castle
154,CHEF002,images/CHEF002.jpg,Town,Town
155,CHEF003,images/CHEF003.jpg,Town,Town
156,DOC001A,images/DOC001A.jpg,Town,Town
157,DOC029,images/DOC029.jpg,Town,Town
158,DUPFIG031,images/DUPFIG031.jpg,DUPLO,DUPLO
159,DUPFIG024,images/DUPFIG024.jpg,DUPLO,DUPLO
160,DUPFIG026,images/DUPFIG026.jpg,DUPLO,DUPLO
161,DUPFIG005,images/DUPFIG005.jpg,DUPLO,DUPLO
162,DUPFIG025,images/DUPFIG025.jpg,DUPLO,DUPLO
163,DUPFIG039,images/DUPFIG039.jpg,DUPLO,DUPLO
164,DUPFIG003,images/DUPFIG003.jpg,DUPLO,DUPLO
165,DUPFIG023,images/DUPFIG023.jpg,DUPLO,DUPLO
166,EXX003,images/EXX003.jpg,Town,Town
167,EXX001,images/EXX001.jpg,Town,Town
168,EXX002,images/EXX002.jpg,Town,Town
169,FAB4E,images/FAB4E.jpg,Fabuland,Other
170,FAB4A,images/FAB4A.jpg,Fabuland,Other
171,FAB6D,images/FAB6D.jpg,Fabuland,Other
172,FAB7B,images/FAB7B.jpg,Fabuland,Other
173,FAB8C,images/FAB8C.jpg,Fabuland,Other
174,FIREC004,images/FIREC004.jpg,Town,Town
175,JRED013,images/JRED013.jpg,Town,Town
176,JRED010,images/JRED010.jpg,Town,Town
177,JRED005,images/JRED005.jpg,Town,Town
178,NCKLC004,images/NCKLC004.jpg,Town,Town
179,TWN012,images/TWN012.jpg,Town,Town
180,PLN060,images/PLN060.jpg,Town,Town
181,PLN037,images/PLN037.jpg,Town,Town
182,PLN061,images/PLN061.jpg,Town,Town
183,PLN085,images/PLN085.jpg,Town,Town
184,PLN150,images/PLN150.jpg,Town,Town
185,PLN059,images/PLN059.jpg,Town,Town
186,FMF002,images/FMF002.jpg,Town,Town
187,PLN057,images/PLN057.jpg,Town,Town
188,PLN073,images/PLN073.jpg,Town,Town
189,PLN190,images/PLN190.jpg,Town,Town
190,PLN084,images/PLN084.jpg,Town,Town
191,PLN016,images/PLN016.jpg,Town,Town
192,PLN078,images/PLN078.jpg,Town,Town
193,PLN154,images/PLN154.jpg,Town,Town
194,PLN072,images/PLN072.jpg,Town,Town
195,COP015,images/COP015.jpg,Town,Town
196,COP046,images/COP046.jpg,Town,Town
197,BUT030,images/BUT030.jpg,Town,Town
198,BUT002,images/BUT002.jpg,Town,Town
199,BUT015,images/BUT015.jpg,Town,Town
200,BUT011,images/BUT011.jpg,Town,Town
201,BUT020,images/BUT020.jpg,Town,Town
202,OLD045,images/OLD045.jpg,LEGOLAND,Other
203,TRN089,images/TRN089.jpg,Town,Town
204,TRN100,images/TRN100.jpg,Town,Town
205,TRN068,images/TRN068.jpg,Town,Town
206,VER004,images/VER004.jpg,Town,Town
207,4224C01,images/4224C01.jpg,Basic,Other
208,4224C02,images/4224C02.jpg,Basic,Other
209,DOC006,images/DOC006.jpg,Town,Town
210,DOC008,images/DOC008.jpg,Town,Town
211,DOC011,images/DOC011.jpg,Town,Town
212,DOC007,images/DOC007.jpg,Town,Town
213,DUPFIG007,images/DUPFIG007.jpg,DUPLO,DUPLO
214,DUPFIG030,images/DUPFIG030.jpg,DUPLO,DUPLO
215,DUPFIG037,images/DUPFIG037.jpg,DUPLO,DUPLO
216,DUPFIG013,images/DUPFIG013.jpg,DUPLO,DUPLO
217,DUPFIG029,images/DUPFIG029.jpg,DUPLO,DUPLO
218,FAB1C,images/FAB1C.jpg,Fabuland,Other
219,FAB10A,images/FAB10A.jpg,Fabuland,Other
220,FAB2C,images/FAB2C.jpg,Fabuland,Other
221,FAB5B,images/FAB5B.jpg,Fabuland,Other
222,FAB8D,images/FAB8D.jpg,Fabuland,Other
223,FAB3C,images/FAB3C.jpg,Fabuland,Other
224,FIREC001,images/FIREC001.jpg,Town,Town
225,PLN009,images/PLN009.jpg,Town,Town
226,TRN110,images/TRN110.jpg,Town,Town
227,PLN002,images/PLN002.jpg,Town,Town
228,PLN004,images/PLN004.jpg,Town,Town
229,PLN123,images/PLN123.jpg,Town,Town
230,COP013,images/COP013.jpg,Town,Town
231,SHELL004,images/SHELL004.jpg,Town,Town
232,BUT034,images/BUT034.jpg,Town,Town
233,BUT001,images/BUT001.jpg,Town,Town
234,BUT004,images/BUT004.jpg,Town,Town
235,DOC030,images/DOC030.jpg,Town,Town
236,DUPFIG016,images/DUPFIG016.jpg,DUPLO,DUPLO
237,DUPFIG032,images/DUPFIG032.jpg,DUPLO,DUPLO
238,FAB1B,images/FAB1B.jpg,Fabuland,Other
239,FAB12C,images/FAB12C.jpg,Fabuland,Other
240,FAB10C,images/FAB10C.jpg,Fabuland,Other
241,FAB2G,images/FAB2G.jpg,Fabuland,Other
242,FAB2L,images/FAB2L.jpg,Fabuland,Other
243,FAB2D,images/FAB2D.jpg,Fabuland,Other
244,FAB3I,images/FAB3I.jpg,Fabuland,Other
245,FAB5A,images/FAB5A.jpg,Fabuland,Other
246,FAB5G,images/FAB5G.jpg,Fabuland,Other
247,FAB6E,images/FAB6E.jpg,Fabuland,Other
248,FAB6A,images/FAB6A.jpg,Fabuland,Other
249,FAB7A,images/FAB7A.jpg,Fabuland,Other
250,FAB8F,images/FAB8F.jpg,Fabuland,Other
251,FAB9F,images/FAB9F.jpg,Fabuland,Other
252,FAB9A,images/FAB9A.jpg,Fabuland,Other
253,FAB11B,images/FAB11B.jpg,Fabuland,Other
254,FAB11E,images/FAB11E.jpg,Fabuland,Other
255,FAB11F,images/FAB11F.jpg,Fabuland,Other
256,FAB14A,images/FAB14A.jpg,Fabuland,Other
257,FAB3A,images/FAB3A.jpg,Fabuland,Other
258,FIREC008,images/FIREC008.jpg,Town,Town
259,FIREC005,images/FIREC005.jpg,Town,Town
260,HGH002,images/HGH002.jpg,Town,Town
261,JRED009,images/JRED009.jpg,Town,Town
262,JRED018,images/JRED018.jpg,Town,Town
263,NCKLC011,images/NCKLC011.jpg,Town,Town
264,PLN152,images/PLN152.jpg,Town,Town
265,PLN087,images/PLN087.jpg,Town,Town
266,PLN015,images/PLN015.jpg,Town,Town
267,PLN086,images/PLN086.jpg,Town,Town
268,PLN151,images/PLN151.jpg,Town,Town
269,PLN101,images/PLN101.jpg,Town,Town
270,POST001,images/POST001.jpg,Town,Town
271,BUT029,images/BUT029.jpg,Town,Town
272,BUT027,images/BUT027.jpg,Town,Town
273,BUT028,images/BUT028.jpg,Town,Town
274,SOC038,images/SOC038.jpg,Sports,Sports
275,TRN078,images/TRN078.jpg,Town,Town
276,TRN113,images/TRN113.jpg,Town,Town
277,TRN114,images/TRN114.jpg,Town,Town
278,TRN137,images/TRN137.jpg,Town,Town
279,VER010,images/VER010.jpg,Town,Town
280,CAS232,images/CAS232.jpg,Castle,Castle
281,4555PB216,images/4555PB216.jpg,DUPLO,DUPLO
282,4555PB164,images/4555PB164.jpg,DUPLO,DUPLO
283,4555PB177,images/4555PB177.jpg,DUPLO,DUPLO
284,FAB10B,images/FAB10B.jpg,Fabuland,Other
285,FAB12A,images/FAB12A.jpg,Fabuland,Other
286,FAB2H,images/FAB2H.jpg,Fabuland,Other
287,FAB6B,images/FAB6B.jpg,Fabuland,Other
288,FIREC024,images/FIREC024.jpg,Town,Town
289,HOR020,images/HOR020.jpg,Town,Town
290,JRED016,images/JRED016.jpg,Town,Town
291,JRED014,images/JRED014.jpg,Town,Town
292,JRED017,images/JRED017.jpg,Town,Town
293,JRED015,images/JRED015.jpg,Town,Town
294,NCKLC009,images/NCKLC009.jpg,Town,Town
295,PLN068,images/PLN068.jpg,Town,Town
296,PLN074,images/PLN074.jpg,Town,Town
297,PLN050,images/PLN050.jpg,Town,Town
298,PLN198,images/PLN198.jpg,Town,Town
299,PLN052,images/PLN052.jpg,Town,Town
300,SHELL003,images/SHELL003.jpg,Town,Town
301,BUT023,images/BUT023.jpg,Town,Town
302,BUT024,images/BUT024.jpg,Town,Town
303,TRN097,images/TRN097.jpg,Town,Town
304,VER013,images/VER013.jpg,Town,Town
305,VER007,images/VER007.jpg,Town,Town
306,CAS301,images/CAS301.jpg,Castle,Castle
307,CAS101A,images/CAS101A.jpg,Castle,Castle
308,CAS089,images/CAS089.jpg,Castle,Castle
309,CAS175,images/CAS175.jpg,Castle,Castle
310,CAS183,images/CAS183.jpg,Castle,Castle
311,CAS231,images/CAS231.jpg,Castle,Castle
312,CAS186,images/CAS186.jpg,Castle,Castle
313,CAS194,images/CAS194.jpg,Castle,Castle
314,CAS192,images/CAS192.jpg,Castle,Castle
315,CAS193,images/CAS193.jpg,Castle,Castle
316,CAS189,images/CAS189.jpg,Castle,Castle
317,CAS190,images/CAS190.jpg,Castle,Castle
318,CAS414,images/CAS414.jpg,Castle,Castle
319,CAS199,images/CAS199.jpg,Castle,Castle
320,CAS003,images/CAS003.jpg,Castle,Castle
321,CAS002,images/CAS002.jpg,Castle,Castle
322,CAS282,images/CAS282.jpg,Castle,Castle
323,SP003,images/SP003.jpg,Space,Space
324,SP004,images/SP004.jpg,Space,Space
325,CAS288,images/CAS288.jpg,Castle,Castle
326,CAS108,images/CAS108.jpg,Castle,Castle
327,CAS238,images/CAS238.jpg,Castle,Castle
328,CAS111,images/CAS111.jpg,Castle,Castle
329,CAS222,images/CAS222.jpg,Castle,Castle
330,DUPFIG009,images/DUPFIG009.jpg,DUPLO,DUPLO
331,DUPFIG004,images/DUPFIG004.jpg,DUPLO,DUPLO
332,DUPFIG010,images/DUPFIG010.jpg,DUPLO,DUPLO
333,4555PB094,images/4555PB094.jpg,DUPLO,DUPLO
334,4555PB161,images/4555PB161.jpg,DUPLO,DUPLO
335,4555PB126,images/4555PB126.jpg,DUPLO,DUPLO
336,4555PB159,images/4555PB159.jpg,DUPLO,DUPLO
337,4555PB115,images/4555PB115.jpg,DUPLO,DUPLO
338,FAB4D,images/FAB4D.jpg,Fabuland,Other
339,FAB4F,images/FAB4F.jpg,Fabuland,Other
340,FAB2B,images/FAB2B.jpg,Fabuland,Other
341,FAB4B,images/FAB4B.jpg,Fabuland,Other
342,FAB8E,images/FAB8E.jpg,Fabuland,Other
343,FAB11D,images/FAB11D.jpg,Fabuland,Other
344,FAB3B,images/FAB3B.jpg,Fabuland,Other
345,FAB12F,images/FAB12F.jpg,Fabuland,Other
346,ZIP015,images/ZIP015.jpg,Town,Town
347,ZIP021,images/ZIP021.jpg,Town,Town
348,TRN026,images/TRN026.jpg,Town,Town
349,CAS092,images/CAS092.jpg,Castle,Castle
350,PLN077,images/PLN077.jpg,Town,Town
351,PLN071,images/PLN071.jpg,Town,Town
352,POST002,images/POST002.jpg,Town,Town
353,SHELL001,images/SHELL001.jpg,Town,Town
354,BUT031,images/BUT031.jpg,Town,Town
355,VER005,images/VER005.jpg,Town,Town
356,VER003,images/VER003.jpg,Town,Town
357,VER009,images/VER009.jpg,Town,Town
358,VER006,images/VER006.jpg,Town,Town
359,AIR011,images/AIR011.jpg,Town,Town
360,AIR012,images/AIR012.jpg,Town,Town
361,AIR003,images/AIR003.jpg,Town,Town
362,AIR002,images/AIR002.jpg,Town,Town
363,AIR013,images/AIR013.jpg,Town,Town
364,CAS098,images/CAS098.jpg,Castle,Castle
365,CAS005,images/CAS005.jpg,Castle,Castle
366,CAS189A,images/CAS189A.jpg,Castle,Castle
367,CHEF012,images/CHEF012.jpg,Town,Town
368,SP052A,images/SP052A.jpg,Space,Space
369,SP131,images/SP131.jpg,Space,Space
370,SP074,images/SP074.jpg,Space,Space
371,SP075,images/SP075.jpg,Space,Space
372,SP070,images/SP070.jpg,Space,Space
373,SP073,images/SP073.jpg,Space,Space
374,SP076,images/SP076.jpg,Space,Space
375,SP077,images/SP077.jpg,Space,Space
376,CAS111A,images/CAS111A.jpg,Castle,Castle
377,CAS113,images/CAS113.jpg,Castle,Castle
378,CAS113A,images/CAS113A.jpg,Castle,Castle
379,DOC005,images/DOC005.jpg,Town,Town
380,DOC031,images/DOC031.jpg,Town,Town
381,DUPFIG022,images/DUPFIG022.jpg,DUPLO,DUPLO
382,4555PB221,images/4555PB221.jpg,DUPLO,DUPLO
383,4555PB162A,images/4555PB162A.jpg,DUPLO,DUPLO
384,4555PB215,images/4555PB215.jpg,DUPLO,DUPLO
385,4555PB222,images/4555PB222.jpg,DUPLO,DUPLO
386,4555PB086A,images/4555PB086A.jpg,DUPLO,DUPLO
387,FAB12H,images/FAB12H.jpg,Fabuland,Other
388,FAB5D,images/FAB5D.jpg,Fabuland,Other
389,FAB8H,images/FAB8H.jpg,Fabuland,Other
390,FAB8I,images/FAB8I.jpg,Fabuland,Other
391,FAB9E,images/FAB9E.jpg,Fabuland,Other
392,FAB12E,images/FAB12E.jpg,Fabuland,Other
393,FIREC018,images/FIREC018.jpg,Town,Town
394,HGH010,images/HGH010.jpg,Town,Town
395,HGH005,images/HGH005.jpg,Town,Town
396,HGH009,images/HGH009.jpg,Town,Town
397,HOR002,images/HOR002.jpg,Town,Town
398,HOR007,images/HOR007.jpg,Town,Town
399,HOR010,images/HOR010.jpg,Town,Town
400,HOR012,images/HOR012.jpg,Town,Town
401,HOR006,images/HOR006.jpg,Town,Town
402,HOR027,images/HOR027.jpg,Town,Town
403,HOR029,images/HOR029.jpg,Town,Town
404,JRED020,images/JRED020.jpg,Town,Town
405,JRED021,images/JRED021.jpg,Town,Town
406,JRED022,images/JRED022.jpg,Town,Town
407,ZIP041,images/ZIP041.jpg,Town,Town
408,ZIP005,images/ZIP005.jpg,Town,Town
409,ZIP042,images/ZIP042.jpg,Town,Town
410,ZIP043,images/ZIP043.jpg,Town,Town
411,ZIP040,images/ZIP040.jpg,Town,Town
412,OVR014,images/OVR014.jpg,Town,Town
413,OVR007,images/OVR007.jpg,Town,Town
414,TRN025,images/TRN025.jpg,Town,Town
415,OVR012,images/OVR012.jpg,Town,Town
416,OVR003,images/OVR003.jpg,Town,Town
417,OVR001,images/OVR001.jpg,Town,Town
418,OVR029,images/OVR029.jpg,Town,Town
419,OVR008,images/OVR008.jpg,Town,Town
420,CAS093,images/CAS093.jpg,Castle,Castle
421,PLN029,images/PLN029.jpg,Town,Town
422,PLN022,images/PLN022.jpg,Town,Town
423,MMF005,images/MMF005.jpg,Town,Town
424,PLN023,images/PLN023.jpg,Town,Town
425,PLN021,images/PLN021.jpg,Town,Town
426,PLN075,images/PLN075.jpg,Town,Town
427,PLN001,images/PLN001.jpg,Town,Town
428,PLN003,images/PLN003.jpg,Town,Town
429,PLN133,images/PLN133.jpg,Town,Town
430,PLN098,images/PLN098.jpg,Town,Town
431,PLN181,images/PLN181.jpg,Town,Town
432,PLN102,images/PLN102.jpg,Town,Town
433,PLN090,images/PLN090.jpg,Town,Town
434,FMF001,images/FMF001.jpg,Town,Town
435,PLN164,images/PLN164.jpg,Town,Town
436,POST005,images/POST005.jpg,Town,Town
437,SHELL010,images/SHELL010.jpg,Town,Town
438,BUT003,images/BUT003.jpg,Town,Town
439,BUT038,images/BUT038.jpg,Town,Town
440,BUT035,images/BUT035.jpg,Town,Town
441,BUT036,images/BUT036.jpg,Town,Town
442,BUT012,images/BUT012.jpg,Town,Town
443,BUT006,images/BUT006.jpg,Town,Town
444,BUT017,images/BUT017.jpg,Town,Town
445,BUT018,images/BUT018.jpg,Town,Town
446,BUT037,images/BUT037.jpg,Town,Town
447,TRN135,images/TRN135.jpg,Town,Town
448,TRN069,images/TRN069.jpg,Town,Town
449,TRN070,images/TRN070.jpg,Town,Town
450,TRN133,images/TRN133.jpg,Town,Town
451,TRN134,images/TRN134.jpg,Town,Town
452,VER001,images/VER001.jpg,Town,Town
453,VER017,images/VER017.jpg,Town,Town
454,VER016,images/VER016.jpg,Town,Town
455,S010,images/S010.jpg,Town,Town
456,S007,images/S007.jpg,Town,Town
457,S003,images/S003.jpg,Town,Town
458,FAB13A,images/FAB13A.jpg,Basic,Other
459,FAB13D,images/FAB13D.jpg,Basic,Other
460,FAB13B,images/FAB13B.jpg,Basic,Other
461,FAB13C,images/FAB13C.jpg,Basic,Other
462,CAS176,images/CAS176.jpg,Castle,Castle
463,CAS181,images/CAS181.jpg,Castle,Castle
464,CAS182,images/CAS182.jpg,Castle,Castle
465,CAS184,images/CAS184.jpg,Castle,Castle
466,CAS197,images/CAS197.jpg,Castle,Castle
467,SP059A,images/SP059A.jpg,Space,Space
468,SP053A,images/SP053A.jpg,Space,Space
469,SP053B,images/SP053B.jpg,Space,Space
470,SP081,images/SP081.jpg,Space,Space
471,SP080,images/SP080.jpg,Space,Space
472,SP071,images/SP071.jpg,Space,Space
473,CAS237A,images/CAS237A.jpg,Castle,Castle
474,CAS105,images/CAS105.jpg,Castle,Castle
475,CAS109,images/CAS109.jpg,Castle,Castle
476,CAS116,images/CAS116.jpg,Castle,Castle
477,CAS372,images/CAS372.jpg,Castle,Castle
478,DOC016,images/DOC016.jpg,Town,Town
479,4943PB002,images/4943PB002.jpg,DUPLO,DUPLO
480,4943PB003A,images/4943PB003A.jpg,DUPLO,DUPLO
481,4943PB003,images/4943PB003.jpg,DUPLO,DUPLO
482,4943PB016,images/4943PB016.jpg,DUPLO,DUPLO
483,4943PB011A,images/4943PB011A.jpg,DUPLO,DUPLO
484,4943PB011,images/4943PB011.jpg,DUPLO,DUPLO
485,4943PB015,images/4943PB015.jpg,DUPLO,DUPLO
486,4555PB235,images/4555PB235.jpg,DUPLO,DUPLO
487,4555PB254,images/4555PB254.jpg,DUPLO,DUPLO
488,4555PB174,images/4555PB174.jpg,DUPLO,DUPLO
489,4555PB234,images/4555PB234.jpg,DUPLO,DUPLO
490,4555PB158,images/4555PB158.jpg,DUPLO,DUPLO
491,4555PB233,images/4555PB233.jpg,DUPLO,DUPLO
492,4555PB207,images/4555PB207.jpg,DUPLO,DUPLO
493,4555PB013A,images/4555PB013A.jpg,DUPLO,DUPLO
494,4555PB013,images/4555PB013.jpg,DUPLO,DUPLO
495,4555PB160,images/4555PB160.jpg,DUPLO,DUPLO
496,4555PB047,images/4555PB047.jpg,DUPLO,DUPLO
497,4555PB210,images/4555PB210.jpg,DUPLO,DUPLO
498,4555PB142A,images/4555PB142A.jpg,DUPLO,DUPLO
499,4555PB149,images/4555PB149.jpg,DUPLO,DUPLO
500,4555PB209,images/4555PB209.jpg,DUPLO,DUPLO
501,4555PB211,images/4555PB211.jpg,DUPLO,DUPLO
502,4555PB131A,images/4555PB131A.jpg,DUPLO,DUPLO
503,4555PB131,images/4555PB131.jpg,DUPLO,DUPLO
504,4555PB208,images/4555PB208.jpg,DUPLO,DUPLO
505,FAB12B,images/FAB12B.jpg,Fabuland,Other
506,FAB5C,images/FAB5C.jpg,Fabuland,Other
507,FAB6C,images/FAB6C.jpg,Fabuland,Other
508,FAB7F,images/FAB7F.jpg,Fabuland,Other
509,FAB8A,images/FAB8A.jpg,Fabuland,Other
510,FAB9G,images/FAB9G.jpg,Fabuland,Other
511,FAB9B,images/FAB9B.jpg,Fabuland,Other
512,FAB11G,images/FAB11G.jpg,Fabuland,Other
513,FAB3D,images/FAB3D.jpg,Fabuland,Other
514,FAB12G,images/FAB12G.jpg,Fabuland,Other
515,HOR008,images/HOR008.jpg,Town,Town
516,TRN010,images/TRN010.jpg,Town,Town
517,HOR021,images/HOR021.jpg,Town,Town
518,JRED019,images/JRED019.jpg,Town,Town
519,ZIP045,images/ZIP045.jpg,Town,Town
520,CAS095,images/CAS095.jpg,Castle,Castle
521,CAS096,images/CAS096.jpg,Castle,Castle
522,OVR002,images/OVR002.jpg,Town,Town
523,PLN076,images/PLN076.jpg,Town,Town
524,PLN035,images/PLN035.jpg,Town,Town
525,PLN054,images/PLN054.jpg,Town,Town
526,POST004,images/POST004.jpg,Town,Town
527,PAR013,images/PAR013.jpg,Town,Town
528,SHELL002,images/SHELL002.jpg,Town,Town
529,SHELL012,images/SHELL012.jpg,Town,Town
530,TRN101,images/TRN101.jpg,Town,Town
531,TECH040A,images/TECH040A.jpg,Technic,Other
532,TECH028,images/TECH028.jpg,Technic,Other
533,TECH003,images/TECH003.jpg,Technic,Other
534,TECH003A,images/TECH003A.jpg,Technic,Other
535,S011,images/S011.jpg,Town,Town
536,CAS099,images/CAS099.jpg,Castle,Castle
537,SP078,images/SP078.jpg,Space,Space
538,SP001,images/SP001.jpg,Space,Space
539,BOAT001,images/BOAT001.jpg,Town,Town
540,BOAT003,images/BOAT003.jpg,Town,Town
541,CAS177,images/CAS177.jpg,Castle,Castle
542,CAS198,images/CAS198.jpg,Castle,Castle
543,CAS201,images/CAS201.jpg,Castle,Castle
544,CAS200,images/CAS200.jpg,Castle,Castle
545,SP072,images/SP072.jpg,Space,Space
546,CAS107,images/CAS107.jpg,Castle,Castle
547,CAS115,images/CAS115.jpg,Castle,Castle
548,CAS289,images/CAS289.jpg,Castle,Castle
549,CAS119A,images/CAS119A.jpg,Castle,Castle
550,DOC002,images/DOC002.jpg,Town,Town
551,DOC003,images/DOC003.jpg,Town,Town
552,DOC004,images/DOC004.jpg,Town,Town
553,DOC018,images/DOC018.jpg,Town,Town
554,DUPFIG017,images/DUPFIG017.jpg,DUPLO,DUPLO
555,4555PB180,images/4555PB180.jpg,DUPLO,DUPLO
556,FAB2F,images/FAB2F.jpg,Fabuland,Other
557,FAB2J,images/FAB2J.jpg,Fabuland,Other
558,FAB2I,images/FAB2I.jpg,Fabuland,Other
559,FAB4C,images/FAB4C.jpg,Fabuland,Other
560,FAB5F,images/FAB5F.jpg,Fabuland,Other
561,FAB6F,images/FAB6F.jpg,Fabuland,Other
562,FAB7D,images/FAB7D.jpg,Fabuland,Other
563,FAB8B,images/FAB8B.jpg,Fabuland,Other
564,CAS131A,images/CAS131A.jpg,Castle,Castle
565,CAS134A,images/CAS134A.jpg,Castle,Castle
566,CAS123A,images/CAS123A.jpg,Castle,Castle
567,CAS284,images/CAS284.jpg,Castle,Castle
568,CAS137A,images/CAS137A.jpg,Castle,Castle
569,SP014,images/SP014.jpg,Space,Space
570,SP015,images/SP015.jpg,Space,Space
571,SP016,images/SP016.jpg,Space,Space
572,SP082,images/SP082.jpg,Space,Space
573,HGH003,images/HGH003.jpg,Town,Town
574,HGH001,images/HGH001.jpg,Town,Town
575,HOR003,images/HOR003.jpg,Town,Town
576,HOR004,images/HOR004.jpg,Town,Town
577,HOR015,images/HOR015.jpg,Town,Town
578,TRN011,images/TRN011.jpg,Town,Town
579,JRED001,images/JRED001.jpg,Town,Town
580,JRED003,images/JRED003.jpg,Town,Town
581,ZIP001,images/ZIP001.jpg,Town,Town
582,ZIP044,images/ZIP044.jpg,Town,Town
583,BOAT002,images/BOAT002.jpg,Town,Town
584,NCKLC006,images/NCKLC006.jpg,Town,Town
585,NCKLC005,images/NCKLC005.jpg,Town,Town
586,OVR004,images/OVR004.jpg,Town,Town
587,OVR015,images/OVR015.jpg,Town,Town
588,OVR009,images/OVR009.jpg,Town,Town
589,PLN114,images/PLN114.jpg,Town,Town
590,PLN105,images/PLN105.jpg,Town,Town
591,PLN110,images/PLN110.jpg,Town,Town
592,PLN115,images/PLN115.jpg,Town,Town
593,SHELL005,images/SHELL005.jpg,Town,Town
594,SHELL013,images/SHELL013.jpg,Town,Town
595,BUT019,images/BUT019.jpg,Town,Town
596,TRN096,images/TRN096.jpg,Town,Town
597,TRC003,images/TRC003.jpg,Town,Town
598,VER014,images/VER014.jpg,Town,Town
599,S002,images/S002.jpg,Town,Town
600,S001,images/S001.jpg,Town,Town
601,S006,images/S006.jpg,Town,Town
602,S004,images/S004.jpg,Town,Town
603,AIR005,images/AIR005.jpg,Town,Town
604,CAS188,images/CAS188.jpg,Castle,Castle
605,CAS185,images/CAS185.jpg,Castle,Castle
606,CAS180,images/CAS180.jpg,Castle,Castle
607,CAS195,images/CAS195.jpg,Castle,Castle
608,CAS191,images/CAS191.jpg,Castle,Castle
609,CAS110,images/CAS110.jpg,Castle,Castle
610,CAS120,images/CAS120.jpg,Castle,Castle
611,CAS119,images/CAS119.jpg,Castle,Castle
612,DOC009,images/DOC009.jpg,Town,Town
613,DOC012,images/DOC012.jpg,Town,Town
614,4943PB013,images/4943PB013.jpg,DUPLO,DUPLO
615,4555PB085,images/4555PB085.jpg,DUPLO,DUPLO
616,4555PB142,images/4555PB142.jpg,DUPLO,DUPLO
617,4555PB001,images/4555PB001.jpg,DUPLO,DUPLO
618,4555PB117A,images/4555PB117A.jpg,DUPLO,DUPLO
619,4555PB036,images/4555PB036.jpg,DUPLO,DUPLO
620,4555PB036A,images/4555PB036A.jpg,DUPLO,DUPLO
621,4555PB157,images/4555PB157.jpg,DUPLO,DUPLO
622,4555PB155,images/4555PB155.jpg,DUPLO,DUPLO
623,4555PB076,images/4555PB076.jpg,DUPLO,DUPLO
624,4555PB113,images/4555PB113.jpg,DUPLO,DUPLO
625,4555PB169,images/4555PB169.jpg,DUPLO,DUPLO
626,FAB3H,images/FAB3H.jpg,Fabuland,Other
627,FAB5I,images/FAB5I.jpg,Fabuland,Other
628,FAB7G,images/FAB7G.jpg,Fabuland,Other
629,FAB14B,images/FAB14B.jpg,Fabuland,Other
630,CAS124,images/CAS124.jpg,Castle,Castle
631,CAS139,images/CAS139.jpg,Castle,Castle
632,CAS140A,images/CAS140A.jpg,Castle,Castle
633,SP013,images/SP013.jpg,Space,Space
634,SP084,images/SP084.jpg,Space,Space
635,SP125,images/SP125.jpg,Space,Space
636,HGH004,images/HGH004.jpg,Town,Town
637,HOR005,images/HOR005.jpg,Town,Town
638,HOR011,images/HOR011.jpg,Town,Town
639,ZIP003,images/ZIP003.jpg,Town,Town
640,ZIP004,images/ZIP004.jpg,Town,Town
641,ZIP002,images/ZIP002.jpg,Town,Town
642,ZIP016,images/ZIP016.jpg,Town,Town
643,CAS216,images/CAS216.jpg,Castle,Castle
644,NCKLC008,images/NCKLC008.jpg,Town,Town
645,NCKLC001,images/NCKLC001.jpg,Town,Town
646,OVR013,images/OVR013.jpg,Town,Town
647,OVR010,images/OVR010.jpg,Town,Town
648,OVR005,images/OVR005.jpg,Town,Town
649,OVR006,images/OVR006.jpg,Town,Town
650,CAS553,images/CAS553.jpg,Castle,Castle
651,CAS220,images/CAS220.jpg,Castle,Castle
652,PLN032,images/PLN032.jpg,Town,Town
653,PLN044,images/PLN044.jpg,Town,Town
654,PLN033,images/PLN033.jpg,Town,Town
655,COP004,images/COP004.jpg,Town,Town
656,CAS141,images/CAS141.jpg,Castle,Castle
657,CAS287,images/CAS287.jpg,Castle,Castle
658,CAS154,images/CAS154.jpg,Castle,Castle
659,BUT014,images/BUT014.jpg,Town,Town
660,TECH005A,images/TECH005A.jpg,Technic,Other
661,TECH004,images/TECH004.jpg,Technic,Other
662,TECH006B,images/TECH006B.jpg,Technic,Other
663,TRC002,images/TRC002.jpg,Town,Town
664,TRC001,images/TRC001.jpg,Town,Town
665,VER008,images/VER008.jpg,Town,Town
666,PI055,images/PI055.jpg,Pirates,Pirates
667,CAS121,images/CAS121.jpg,Castle,Castle
668,4943PB012,images/4943PB012.jpg,DUPLO,DUPLO
669,4555PB121,images/4555PB121.jpg,DUPLO,DUPLO
670,4555PB110,images/4555PB110.jpg,DUPLO,DUPLO
671,4555PB183,images/4555PB183.jpg,DUPLO,DUPLO
672,4555PB002,images/4555PB002.jpg,DUPLO,DUPLO
673,4555PB114,images/4555PB114.jpg,DUPLO,DUPLO
674,4555PB156,images/4555PB156.jpg,DUPLO,DUPLO
675,4555PB117,images/4555PB117.jpg,DUPLO,DUPLO
676,4555PB199,images/4555PB199.jpg,DUPLO,DUPLO
677,FAB4H,images/FAB4H.jpg,Fabuland,Other
678,CAS135,images/CAS135.jpg,Castle,Castle
679,CAS132A,images/CAS132A.jpg,Castle,Castle
680,CAS240A,images/CAS240A.jpg,Castle,Castle
681,CAS126,images/CAS126.jpg,Castle,Castle
682,CAS137,images/CAS137.jpg,Castle,Castle
683,SP050,images/SP050.jpg,Space,Space
684,SP079,images/SP079.jpg,Space,Space
685,HOR017,images/HOR017.jpg,Town,Town
686,PI061,images/PI061.jpg,Pirates,Pirates
687,PI004B,images/PI004B.jpg,Pirates,Pirates
688,PI004,images/PI004.jpg,Pirates,Pirates
689,PI064,images/PI064.jpg,Pirates,Pirates
690,PI063,images/PI063.jpg,Pirates,Pirates
691,PI060,images/PI060.jpg,Pirates,Pirates
692,JRED008,images/JRED008.jpg,Town,Town
693,JRED007,images/JRED007.jpg,Town,Town
694,ZIP020,images/ZIP020.jpg,Town,Town
695,ZIP026,images/ZIP026.jpg,Town,Town
696,ZIP014,images/ZIP014.jpg,Town,Town
697,ZIP013,images/ZIP013.jpg,Town,Town
698,ZIP007,images/ZIP007.jpg,Town,Town
699,ZIP010,images/ZIP010.jpg,Town,Town
700,ZIP008,images/ZIP008.jpg,Town,Town
701,ZIP006,images/ZIP006.jpg,Town,Town
702,CAS091,images/CAS091.jpg,Castle,Castle
703,PI021,images/PI021.jpg,Pirates,Pirates
704,PI073,images/PI073.jpg,Pirates,Pirates
705,PI005,images/PI005.jpg,Pirates,Pirates
706,PI008,images/PI008.jpg,Pirates,Pirates
707,PI009,images/PI009.jpg,Pirates,Pirates
708,PI056,images/PI056.jpg,Pirates,Pirates
709,PI040,images/PI040.jpg,Pirates,Pirates
710,PI043,images/PI043.jpg,Pirates,Pirates
711,PI041,images/PI041.jpg,Pirates,Pirates
712,PI046,images/PI046.jpg,Pirates,Pirates
713,PI042,images/PI042.jpg,Pirates,Pirates
714,PI045,images/PI045.jpg,Pirates,Pirates
715,PLN040,images/PLN040.jpg,Town,Town
716,PLN082,images/PLN082.jpg,Town,Town
717,PLN042,images/PLN042.jpg,Town,Town
718,PLN111,images/PLN111.jpg,Town,Town
719,SP036,images/SP036.jpg,Space,Space
720,S009,images/S009.jpg,Town,Town
721,AIR006,images/AIR006.jpg,Town,Town
722,AIR004,images/AIR004.jpg,Town,Town
723,CAS173,images/CAS173.jpg,Castle,Castle
724,CAS172,images/CAS172.jpg,Castle,Castle
725,CAS169,images/CAS169.jpg,Castle,Castle
726,CAS170,images/CAS170.jpg,Castle,Castle
727,CAS171,images/CAS171.jpg,Castle,Castle
728,CAS187,images/CAS187.jpg,Castle,Castle
729,CHEF001,images/CHEF001.jpg,Town,Town
730,CAS112,images/CAS112.jpg,Castle,Castle
731,4943PB001,images/4943PB001.jpg,DUPLO,DUPLO
732,4943PB009,images/4943PB009.jpg,DUPLO,DUPLO
733,4555PB023,images/4555PB023.jpg,DUPLO,DUPLO
734,4555PB124,images/4555PB124.jpg,DUPLO,DUPLO
735,4555PB020,images/4555PB020.jpg,DUPLO,DUPLO
736,4555PB032,images/4555PB032.jpg,DUPLO,DUPLO
737,4555PB079,images/4555PB079.jpg,DUPLO,DUPLO
738,4555PB069,images/4555PB069.jpg,DUPLO,DUPLO
739,4555PB125,images/4555PB125.jpg,DUPLO,DUPLO
740,FIREC002,images/FIREC002.jpg,Town,Town
741,FIREC003,images/FIREC003.jpg,Town,Town
742,CAS321,images/CAS321.jpg,Castle,Castle
743,CAS136,images/CAS136.jpg,Castle,Castle
744,CAS133,images/CAS133.jpg,Castle,Castle
745,CAS320,images/CAS320.jpg,Castle,Castle
746,CAS128,images/CAS128.jpg,Castle,Castle
747,CAS323,images/CAS323.jpg,Castle,Castle
748,CAS138,images/CAS138.jpg,Castle,Castle
749,CAS319,images/CAS319.jpg,Castle,Castle
750,GEN002,images/GEN002.jpg,Castle,Castle
751,HOR009,images/HOR009.jpg,Town,Town
752,HOR018,images/HOR018.jpg,Town,Town
753,HOR013,images/HOR013.jpg,Town,Town
754,HOR001,images/HOR001.jpg,Town,Town
755,HOR019,images/HOR019.jpg,Town,Town
756,JRED006,images/JRED006.jpg,Town,Town
757,ZIP023,images/ZIP023.jpg,Town,Town
758,SP083,images/SP083.jpg,Space,Space
759,SP033,images/SP033.jpg,Space,Space
760,CAS097,images/CAS097.jpg,Castle,Castle
761,NCKLC010,images/NCKLC010.jpg,Town,Town
762,NCKLC003,images/NCKLC003.jpg,Town,Town
763,NCKLC002,images/NCKLC002.jpg,Town,Town
764,NCKLC007,images/NCKLC007.jpg,Town,Town
765,OVR021,images/OVR021.jpg,Town,Town
766,PLN047,images/PLN047.jpg,Town,Town
767,PLN067,images/PLN067.jpg,Town,Town
768,PLN062,images/PLN062.jpg,Town,Town
769,PLN010,images/PLN010.jpg,Town,Town
770,PLN039,images/PLN039.jpg,Town,Town
771,PLN038,images/PLN038.jpg,Town,Town
772,PLN031,images/PLN031.jpg,Town,Town
773,PLN006,images/PLN006.jpg,Town,Town
774,PLN0010,images/PLN0010.jpg,Town,Town
775,PAR049,images/PAR049.jpg,Town,Town
776,CAS144,images/CAS144.jpg,Castle,Castle
777,CAS147,images/CAS147.jpg,Castle,Castle
778,CAS155,images/CAS155.jpg,Castle,Castle
779,CAS161,images/CAS161.jpg,Castle,Castle
780,CAS162,images/CAS162.jpg,Castle,Castle
781,BUT007,images/BUT007.jpg,Town,Town
782,BUT008,images/BUT008.jpg,Town,Town
783,TRN083,images/TRN083.jpg,Town,Town
784,TRN251,images/TRN251.jpg,Town,Town
785,TRN091,images/TRN091.jpg,Town,Town
786,TRN084,images/TRN084.jpg,Town,Town
787,TECH006A,images/TECH006A.jpg,Technic,Other
788,WTR002,images/WTR002.jpg,Town,Town
789,TRC004,images/TRC004.jpg,Town,Town
790,VER011,images/VER011.jpg,Town,Town
791,S005,images/S005.jpg,Town,Town
792,AIR001,images/AIR001.jpg,Town,Town
793,AIR037,images/AIR037.jpg,Town,Town
794,SP002,images/SP002.jpg,Space,Space
795,SP055,images/SP055.jpg,Space,Space
796,SP051,images/SP051.jpg,Space,Space
797,BOAT004,images/BOAT004.jpg,Town,Town
798,BOAT005,images/BOAT005.jpg,Town,Town
799,BOAT006,images/BOAT006.jpg,Town,Town
800,BOAT007,images/BOAT007.jpg,Town,Town
801,2327PB33,images/2327PB33.jpg,DUPLO,DUPLO
802,2327PB29,images/2327PB29.jpg,DUPLO,DUPLO
803,2327PB04,images/2327PB04.jpg,DUPLO,DUPLO
804,2327PB05,images/2327PB05.jpg,DUPLO,DUPLO
805,2327PB15,images/2327PB15.jpg,DUPLO,DUPLO
806,2327PB24,images/2327PB24.jpg,DUPLO,DUPLO
807,2327PB34,images/2327PB34.jpg,DUPLO,DUPLO
808,2327PB21,images/2327PB21.jpg,DUPLO,DUPLO
809,2327PB23,images/2327PB23.jpg,DUPLO,DUPLO
810,2327PB17,images/2327PB17.jpg,DUPLO,DUPLO
811,2327PB07,images/2327PB07.jpg,DUPLO,DUPLO
812,2327PB35,images/2327PB35.jpg,DUPLO,DUPLO
813,2327PB14,images/2327PB14.jpg,DUPLO,DUPLO
814,2327PB28,images/2327PB28.jpg,DUPLO,DUPLO
815,2327PB26,images/2327PB26.jpg,DUPLO,DUPLO
816,2327PB10,images/2327PB10.jpg,DUPLO,DUPLO
817,4943PB004,images/4943PB004.jpg,DUPLO,DUPLO
818,4943PB010,images/4943PB010.jpg,DUPLO,DUPLO
819,4943PB005,images/4943PB005.jpg,DUPLO,DUPLO
820,4943PB007,images/4943PB007.jpg,DUPLO,DUPLO
821,4943PB006,images/4943PB006.jpg,DUPLO,DUPLO
822,4943PB008,images/4943PB008.jpg,DUPLO,DUPLO
823,4555PB099,images/4555PB099.jpg,DUPLO,DUPLO
824,4555PB119,images/4555PB119.jpg,DUPLO,DUPLO
825,4555PB132,images/4555PB132.jpg,DUPLO,DUPLO
826,4555PB123,images/4555PB123.jpg,DUPLO,DUPLO
827,4555PB112,images/4555PB112.jpg,DUPLO,DUPLO
828,4555PB008B,images/4555PB008B.jpg,DUPLO,DUPLO
829,4555PB266,images/4555PB266.jpg,DUPLO,DUPLO
830,4555PB122,images/4555PB122.jpg,DUPLO,DUPLO
831,4555PB166,images/4555PB166.jpg,DUPLO,DUPLO
832,4555PB252,images/4555PB252.jpg,DUPLO,DUPLO
833,4555PB086,images/4555PB086.jpg,DUPLO,DUPLO
834,4555PB172,images/4555PB172.jpg,DUPLO,DUPLO
835,4555PB066,images/4555PB066.jpg,DUPLO,DUPLO
836,4555PB120,images/4555PB120.jpg,DUPLO,DUPLO
837,4555PB061,images/4555PB061.jpg,DUPLO,DUPLO
838,FIREC016,images/FIREC016.jpg,Town,Town
839,SP057,images/SP057.jpg,Space,Space
840,SP056,images/SP056.jpg,Space,Space
841,HGH008,images/HGH008.jpg,Town,Town
842,TRN038,images/TRN038.jpg,Town,Town
843,TRN039,images/TRN039.jpg,Town,Town
844,HOR023,images/HOR023.jpg,Town,Town
845,TRN009,images/TRN009.jpg,Town,Town
846,JRED024,images/JRED024.jpg,Town,Town
847,ZIP025,images/ZIP025.jpg,Town,Town
848,ZIP024,images/ZIP024.jpg,Town,Town
849,ZIP009,images/ZIP009.jpg,Town,Town
850,ZIP027,images/ZIP027.jpg,Town,Town
851,SP054B,images/SP054B.jpg,Space,Space
852,TRN006,images/TRN006.jpg,Town,Town
853,NCKLC013,images/NCKLC013.jpg,Town,Town
854,TRN007,images/TRN007.jpg,Town,Town
855,TRN008,images/TRN008.jpg,Town,Town
856,OVR034,images/OVR034.jpg,Town,Town
857,PI072,images/PI072.jpg,Pirates,Pirates
858,PI019,images/PI019.jpg,Pirates,Pirates
859,PI058,images/PI058.jpg,Pirates,Pirates
860,PLN179,images/PLN179.jpg,Town,Town
861,PLN034,images/PLN034.jpg,Town,Town
862,PLN145,images/PLN145.jpg,Town,Town
863,PLN130,images/PLN130.jpg,Town,Town
864,PLN036,images/PLN036.jpg,Town,Town
865,PLN131,images/PLN131.jpg,Town,Town
866,COP016,images/COP016.jpg,Town,Town
867,COP017,images/COP017.jpg,Town,Town
868,COP052,images/COP052.jpg,Town,Town
869,COP030,images/COP030.jpg,Town,Town
870,TRN045,images/TRN045.jpg,Train,Other
871,TRN064,images/TRN064.jpg,Train,Other
872,TRN065,images/TRN065.jpg,Train,Other
873,TRN047,images/TRN047.jpg,Train,Other
874,TRN050,images/TRN050.jpg,Train,Other
875,TRN051,images/TRN051.jpg,Train,Other
876,CAS148,images/CAS148.jpg,Castle,Castle
877,BUT016,images/BUT016.jpg,Town,Town
878,BUT039,images/BUT039.jpg,Town,Town
879,BUT040,images/BUT040.jpg,Town,Town
880,SOC074,images/SOC074.jpg,Sports,Sports
881,TRN023,images/TRN023.jpg,Town,Town
882,TRN028,images/TRN028.jpg,Town,Town
883,TRN093,images/TRN093.jpg,Town,Town
884,TRN027,images/TRN027.jpg,Town,Town
885,TRC005,images/TRC005.jpg,Town,Town
886,TRN040,images/TRN040.jpg,Town,Town
887,CAS103,images/CAS103.jpg,Castle,Castle
888,CAS102,images/CAS102.jpg,Castle,Castle
889,BK001,images/BK001.jpg,Town,Town
890,CAS168,images/CAS168.jpg,Castle,Castle
891,CAS166,images/CAS166.jpg,Castle,Castle
892,CAS167,images/CAS167.jpg,Castle,Castle
893,CAS322,images/CAS322.jpg,Castle,Castle
894,CAS179,images/CAS179.jpg,Castle,Castle
895,CAS280A,images/CAS280A.jpg,Castle,Castle
896,CHEF007A,images/CHEF007A.jpg,Town,Town
897,CAS114,images/CAS114.jpg,Castle,Castle
898,4555PB014,images/4555PB014.jpg,DUPLO,DUPLO
899,4555PB004,images/4555PB004.jpg,DUPLO,DUPLO
900,4555PB102,images/4555PB102.jpg,DUPLO,DUPLO
901,4555PB049,images/4555PB049.jpg,DUPLO,DUPLO
902,4555PB108,images/4555PB108.jpg,DUPLO,DUPLO
903,PAR026,images/PAR026.jpg,Town,Town
904,PAR025,images/PAR025.jpg,Town,Town
905,HOR016,images/HOR016.jpg,Town,Town
906,HOR022,images/HOR022.jpg,Town,Town
907,HOR024,images/HOR024.jpg,Town,Town
908,PAR015,images/PAR015.jpg,Town,Town
909,PI074,images/PI074.jpg,Pirates,Pirates
910,PI065,images/PI065.jpg,Pirates,Pirates
911,PI062,images/PI062.jpg,Pirates,Pirates
912,ZIP039,images/ZIP039.jpg,Town,Town
913,ZIP017,images/ZIP017.jpg,Town,Town
914,ZIP011,images/ZIP011.jpg,Town,Town
915,ZIP018,images/ZIP018.jpg,Town,Town
916,ZIP019,images/ZIP019.jpg,Town,Town
917,ZIP012,images/ZIP012.jpg,Town,Town
918,OCT002,images/OCT002.jpg,Town,Town
919,OCT012,images/OCT012.jpg,Town,Town
920,PAR021,images/PAR021.jpg,Town,Town
921,PAR020,images/PAR020.jpg,Town,Town
922,PI018,images/PI018.jpg,Pirates,Pirates
923,PI080,images/PI080.jpg,Pirates,Pirates
924,PI054,images/PI054.jpg,Pirates,Pirates
925,PI025,images/PI025.jpg,Pirates,Pirates
926,PI027,images/PI027.jpg,Pirates,Pirates
927,PI038,images/PI038.jpg,Pirates,Pirates
928,PI044,images/PI044.jpg,Pirates,Pirates
929,PI039,images/PI039.jpg,Pirates,Pirates
930,PI078,images/PI078.jpg,Pirates,Pirates
931,PLN013,images/PLN013.jpg,Town,Town
932,PAR035,images/PAR035.jpg,Town,Town
933,PAR036,images/PAR036.jpg,Town,Town
934,PLN081,images/PLN081.jpg,Town,Town
935,PLN049,images/PLN049.jpg,Town,Town
936,PLN043,images/PLN043.jpg,Town,Town
937,COP012,images/COP012.jpg,Town,Town
938,COP027,images/COP027.jpg,Town,Town
939,PAR043,images/PAR043.jpg,Town,Town
940,PAR010,images/PAR010.jpg,Town,Town
941,PAR017,images/PAR017.jpg,Town,Town
942,PAR009,images/PAR009.jpg,Town,Town
943,PAR014,images/PAR014.jpg,Town,Town
944,PAR052,images/PAR052.jpg,Town,Town
945,CAS142,images/CAS142.jpg,Castle,Castle
946,CAS149,images/CAS149.jpg,Castle,Castle
947,CAS318,images/CAS318.jpg,Castle,Castle
948,CAS159,images/CAS159.jpg,Castle,Castle
949,CAS163A,images/CAS163A.jpg,Castle,Castle
950,CAS150,images/CAS150.jpg,Castle,Castle
951,CAS151A,images/CAS151A.jpg,Castle,Castle
952,CAS164,images/CAS164.jpg,Castle,Castle
953,CAS165A,images/CAS165A.jpg,Castle,Castle
954,SP037,images/SP037.jpg,Space,Space
955,SP038,images/SP038.jpg,Space,Space
956,WTR004,images/WTR004.jpg,Town,Town
957,WTR001,images/WTR001.jpg,Town,Town
958,VER002,images/VER002.jpg,Town,Town
959,CAS251,images/CAS251.jpg,Castle,Castle
960,CAS252,images/CAS252.jpg,Castle,Castle
961,S012,images/S012.jpg,Town,Town
962,S008,images/S008.jpg,Town,Town
963,ZIP028,images/ZIP028.jpg,Town,Town
964,CAS174,images/CAS174.jpg,Castle,Castle
965,CAS236,images/CAS236.jpg,Castle,Castle
966,CAS219,images/CAS219.jpg,Castle,Castle
967,CAS001,images/CAS001.jpg,Castle,Castle
968,CAS245,images/CAS245.jpg,Castle,Castle
969,CAS013,images/CAS013.jpg,Castle,Castle
970,CAS015,images/CAS015.jpg,Castle,Castle
971,CAS017A,images/CAS017A.jpg,Castle,Castle
972,CAS018,images/CAS018.jpg,Castle,Castle
973,CAS018A,images/CAS018A.jpg,Castle,Castle
974,2327PB20,images/2327PB20.jpg,DUPLO,DUPLO
975,2327PB09,images/2327PB09.jpg,DUPLO,DUPLO
976,4555PB093,images/4555PB093.jpg,DUPLO,DUPLO
977,4555PB107,images/4555PB107.jpg,DUPLO,DUPLO
978,4555PB009,images/4555PB009.jpg,DUPLO,DUPLO
979,4555PB163,images/4555PB163.jpg,DUPLO,DUPLO
980,4555PB010,images/4555PB010.jpg,DUPLO,DUPLO
981,4555PB176,images/4555PB176.jpg,DUPLO,DUPLO
982,4555PB062,images/4555PB062.jpg,DUPLO,DUPLO
983,4555PB105,images/4555PB105.jpg,DUPLO,DUPLO
984,4555PB046,images/4555PB046.jpg,DUPLO,DUPLO
985,4555PB057,images/4555PB057.jpg,DUPLO,DUPLO
986,FIREC028,images/FIREC028.jpg,Town,Town
987,PAR028,images/PAR028.jpg,Town,Town
988,PAR044,images/PAR044.jpg,Town,Town
989,HOR025,images/HOR025.jpg,Town,Town
990,HOR028,images/HOR028.jpg,Town,Town
991,SP017,images/SP017.jpg,Space,Space
992,SP018,images/SP018.jpg,Space,Space
993,SP019,images/SP019.jpg,Space,Space
994,JBR003,images/JBR003.jpg,Town,Town
995,JBR007,images/JBR007.jpg,Town,Town
996,PCK005,images/PCK005.jpg,Town,Town
997,PCK003,images/PCK003.jpg,Town,Town
998,PCK001,images/PCK001.jpg,Town,Town
999,PCK016,images/PCK016.jpg,Town,Town
1000,PCK018,images/PCK018.jpg,Town,Town
1001,JRED012,images/JRED012.jpg,Town,Town
1002,JRED002,images/JRED002.jpg,Town,Town
1003,ZIP022,images/ZIP022.jpg,Town,Town
1004,ZIP036,images/ZIP036.jpg,Town,Town
1005,ZIP035,images/ZIP035.jpg,Town,Town
1006,ZIP046,images/ZIP046.jpg,Town,Town
1007,ZIP029,images/ZIP029.jpg,Town,Town
1008,ZIP032,images/ZIP032.jpg,Town,Town
1009,ZIP033,images/ZIP033.jpg,Town,Town
1010,ZIP034,images/ZIP034.jpg,Town,Town
1011,TWN007,images/TWN007.jpg,Town,Town
1012,PAR046A,images/PAR046A.jpg,Town,Town
1013,CAS249,images/CAS249.jpg,Castle,Castle
1014,OCT004,images/OCT004.jpg,Town,Town
1015,OCT011,images/OCT011.jpg,Town,Town
1016,OVR026,images/OVR026.jpg,Town,Town
1017,TRN036,images/TRN036.jpg,Town,Town
1018,PAR019,images/PAR019.jpg,Town,Town
1019,PI076,images/PI076.jpg,Pirates,Pirates
1020,PI006,images/PI006.jpg,Pirates,Pirates
1021,PI053,images/PI053.jpg,Pirates,Pirates
1022,PI031,images/PI031.jpg,Pirates,Pirates
1023,PI028,images/PI028.jpg,Pirates,Pirates
1024,PLN011,images/PLN011.jpg,Town,Town
1025,PLN005,images/PLN005.jpg,Town,Town
1026,TRN037,images/TRN037.jpg,Town,Town
1027,PLN141,images/PLN141.jpg,Town,Town
1028,PLN142,images/PLN142.jpg,Town,Town
1029,PLN140,images/PLN140.jpg,Town,Town
1030,PLN143,images/PLN143.jpg,Town,Town
1031,JAIL001,images/JAIL001.jpg,Town,Town
1032,COP008,images/COP008.jpg,Town,Town
1033,COP051,images/COP051.jpg,Town,Town
1034,COP007,images/COP007.jpg,Town,Town
1035,COP002,images/COP002.jpg,Town,Town
1036,COP006,images/COP006.jpg,Town,Town
1037,COP010,images/COP010.jpg,Town,Town
1038,COP005,images/COP005.jpg,Town,Town
1039,TRN048,images/TRN048.jpg,Train,Other
1040,PAR034,images/PAR034.jpg,Town,Town
1041,PAR016,images/PAR016.jpg,Town,Town
1042,PAR050,images/PAR050.jpg,Town,Town
1043,FBR003,images/FBR003.jpg,Town,Town
1044,CAS152,images/CAS152.jpg,Castle,Castle
1045,CAS157,images/CAS157.jpg,Castle,Castle
1046,CAS235,images/CAS235.jpg,Castle,Castle
1047,TECH012A,images/TECH012A.jpg,Technic,Other
1048,TECH037A,images/TECH037A.jpg,Technic,Other
1049,TECH036A,images/TECH036A.jpg,Technic,Other
1050,TRN035,images/TRN035.jpg,Town,Town
1051,CAS234,images/CAS234.jpg,Castle,Castle
1052,CAS255,images/CAS255.jpg,Castle,Castle
1053,AIR010A,images/AIR010A.jpg,Town,Town
1054,AIR009,images/AIR009.jpg,Town,Town
1055,AIR007,images/AIR007.jpg,Town,Town
1056,AIR008,images/AIR008.jpg,Town,Town
1057,BELVFEMALE37,images/BELVFEMALE37.jpg,Belville,Belville
1058,BELVFEMALE16,images/BELVFEMALE16.jpg,Belville,Belville
1059,BELVFEMALE24C,images/BELVFEMALE24C.jpg,Belville,Belville
1060,BELVFEMALE23A,images/BELVFEMALE23A.jpg,Belville,Belville
1061,BELVFEMALE20C,images/BELVFEMALE20C.jpg,Belville,Belville
1062,BELVFEMALE15,images/BELVFEMALE15.jpg,Belville,Belville
1063,BELVMALE05,images/BELVMALE05.jpg,Belville,Belville
1064,BELVMALE08,images/BELVMALE08.jpg,Belville,Belville
1065,BELVBABY05,images/BELVBABY05.jpg,Belville,Belville
1066,PAR004,images/PAR004.jpg,Town,Town
1067,PAR006,images/PAR006.jpg,Town,Town
1068,CHEF005,images/CHEF005.jpg,Town,Town
1069,DOC010,images/DOC010.jpg,Town,Town
1070,CAS011,images/CAS011.jpg,Castle,Castle
1071,CAS014,images/CAS014.jpg,Castle,Castle
1072,CAS017,images/CAS017.jpg,Castle,Castle
1073,2327PB27,images/2327PB27.jpg,DUPLO,DUPLO
1074,2327PB13,images/2327PB13.jpg,DUPLO,DUPLO
1075,2327PB03,images/2327PB03.jpg,DUPLO,DUPLO
1076,2327PB01,images/2327PB01.jpg,DUPLO,DUPLO
1077,2327PB31,images/2327PB31.jpg,DUPLO,DUPLO
1078,2327PB25,images/2327PB25.jpg,DUPLO,DUPLO
1079,2327PB12,images/2327PB12.jpg,DUPLO,DUPLO
1080,2327PB30,images/2327PB30.jpg,DUPLO,DUPLO
1081,2327PB11,images/2327PB11.jpg,DUPLO,DUPLO
1082,2327PB22,images/2327PB22.jpg,DUPLO,DUPLO
1083,2327PB06,images/2327PB06.jpg,DUPLO,DUPLO
1084,2327PB16,images/2327PB16.jpg,DUPLO,DUPLO
1085,4555PB084,images/4555PB084.jpg,DUPLO,DUPLO
1086,4555PB089,images/4555PB089.jpg,DUPLO,DUPLO
1087,6453PB032,images/6453PB032.jpg,DUPLO,DUPLO
1088,6453PB029,images/6453PB029.jpg,DUPLO,DUPLO
1089,4555PB111,images/4555PB111.jpg,DUPLO,DUPLO
1090,6453PB006,images/6453PB006.jpg,DUPLO,DUPLO
1091,6453PB027,images/6453PB027.jpg,DUPLO,DUPLO
1092,6453PB024,images/6453PB024.jpg,DUPLO,DUPLO
1093,6453PB043,images/6453PB043.jpg,DUPLO,DUPLO
1094,6453PB010,images/6453PB010.jpg,DUPLO,DUPLO
1095,6453PB016,images/6453PB016.jpg,DUPLO,DUPLO
1096,6453PB022,images/6453PB022.jpg,DUPLO,DUPLO
1097,6453PB011,images/6453PB011.jpg,DUPLO,DUPLO
1098,4555PB016,images/4555PB016.jpg,DUPLO,DUPLO
1099,4555PB129,images/4555PB129.jpg,DUPLO,DUPLO
1100,4555PB128,images/4555PB128.jpg,DUPLO,DUPLO
1101,4555PB212,images/4555PB212.jpg,DUPLO,DUPLO
1102,4555PB097,images/4555PB097.jpg,DUPLO,DUPLO
1103,4555PB116,images/4555PB116.jpg,DUPLO,DUPLO
1104,4555PB127,images/4555PB127.jpg,DUPLO,DUPLO
1105,4555PB187,images/4555PB187.jpg,DUPLO,DUPLO
1106,4555PB008,images/4555PB008.jpg,DUPLO,DUPLO
1107,4555PB098,images/4555PB098.jpg,DUPLO,DUPLO
1108,4555PB033,images/4555PB033.jpg,DUPLO,DUPLO
1109,4555PB255,images/4555PB255.jpg,DUPLO,DUPLO
1110,4555PB073,images/4555PB073.jpg,DUPLO,DUPLO
1111,4555PB213,images/4555PB213.jpg,DUPLO,DUPLO
1112,4555PB039,images/4555PB039.jpg,DUPLO,DUPLO
1113,4555PB245,images/4555PB245.jpg,DUPLO,DUPLO
1114,FIREC007,images/FIREC007.jpg,Town,Town
1115,FIREC009,images/FIREC009.jpg,Town,Town
1116,FIREC006,images/FIREC006.jpg,Town,Town
1117,FIREC010,images/FIREC010.jpg,Town,Town
1118,JBR001,images/JBR001.jpg,Town,Town
1119,PAR047,images/PAR047.jpg,Town,Town
1120,PAR027,images/PAR027.jpg,Town,Town
1121,PI066,images/PI066.jpg,Pirates,Pirates
1122,PI066A,images/PI066A.jpg,Pirates,Pirates
1123,PI068,images/PI068.jpg,Pirates,Pirates
1124,PI069,images/PI069.jpg,Pirates,Pirates
1125,PI070,images/PI070.jpg,Pirates,Pirates
1126,PI079,images/PI079.jpg,Pirates,Pirates
1127,JBR006,images/JBR006.jpg,Town,Town
1128,JBR008,images/JBR008.jpg,Town,Town
1129,JBR010,images/JBR010.jpg,Town,Town
1130,JBR009,images/JBR009.jpg,Town,Town
1131,JBR012,images/JBR012.jpg,Town,Town
1132,JBR011,images/JBR011.jpg,Town,Town
1133,PCK009,images/PCK009.jpg,Town,Town
1134,PCK004,images/PCK004.jpg,Town,Town
1135,PCK002,images/PCK002.jpg,Town,Town
1136,PCK008,images/PCK008.jpg,Town,Town
1137,PAR048,images/PAR048.jpg,Town,Town
1138,PAR045,images/PAR045.jpg,Town,Town
1139,TRN090,images/TRN090.jpg,Town,Town
1140,LEA001,images/LEA001.jpg,Town,Town
1141,LEA002,images/LEA002.jpg,Town,Town
1142,OCT037A,images/OCT037A.jpg,Town,Town
1143,OCT006,images/OCT006.jpg,Town,Town
1144,OCT036,images/OCT036.jpg,Town,Town
1145,OCT003,images/OCT003.jpg,Town,Town
1146,OVR011,images/OVR011.jpg,Town,Town
1147,PI017,images/PI017.jpg,Pirates,Pirates
1148,PI029,images/PI029.jpg,Pirates,Pirates
1149,PI022,images/PI022.jpg,Pirates,Pirates
1150,PI075,images/PI075.jpg,Pirates,Pirates
1151,PLN195,images/PLN195.jpg,Town,Town
1152,TRN034,images/TRN034.jpg,Town,Town
1153,PLN065,images/PLN065.jpg,Town,Town
1154,PLN080,images/PLN080.jpg,Town,Town
1155,PLN008,images/PLN008.jpg,Town,Town
1156,PLN041,images/PLN041.jpg,Town,Town
1157,COP009,images/COP009.jpg,Town,Town
1158,COP020,images/COP020.jpg,Town,Town
1159,COP011,images/COP011.jpg,Town,Town
1160,COP021,images/COP021.jpg,Town,Town
1161,TRN046,images/TRN046.jpg,Train,Other
1162,TRN049,images/TRN049.jpg,Train,Other
1163,PAR018,images/PAR018.jpg,Town,Town
1164,FBR002,images/FBR002.jpg,Town,Town
1165,FBR001,images/FBR001.jpg,Town,Town
1166,TRN005,images/TRN005.jpg,Town,Town
1167,SP039,images/SP039.jpg,Space,Space
1168,SP040,images/SP040.jpg,Space,Space
1169,SP041,images/SP041.jpg,Space,Space
1170,PAR031A,images/PAR031A.jpg,Town,Town
1171,PAR032,images/PAR032.jpg,Town,Town
1172,SP048,images/SP048.jpg,Space,Space
1173,SP049,images/SP049.jpg,Space,Space
1174,AQU001,images/AQU001.jpg,Aquazone,Other
1175,AQU002,images/AQU002.jpg,Aquazone,Other
1176,AQU003,images/AQU003.jpg,Aquazone,Other
1177,AQU029,images/AQU029.jpg,Aquazone,Other
1178,AQU006,images/AQU006.jpg,Aquazone,Other
1179,AQU006A,images/AQU006A.jpg,Aquazone,Other
1180,BELVFEMALE19,images/BELVFEMALE19.jpg,Belville,Belville
1181,BELVFEMALE22,images/BELVFEMALE22.jpg,Belville,Belville
1182,BELVFEMALE38,images/BELVFEMALE38.jpg,Belville,Belville
1183,BELVFEMALE21,images/BELVFEMALE21.jpg,Belville,Belville
1184,PAR053,images/PAR053.jpg,Town,Town
1185,PAR005,images/PAR005.jpg,Town,Town
1186,JBL002,images/JBL002.jpg,Town,Town
1187,RES006,images/RES006.jpg,Town,Town
1188,RES004,images/RES004.jpg,Town,Town
1189,RES003,images/RES003.jpg,Town,Town
1190,2327PB19,images/2327PB19.jpg,DUPLO,DUPLO
1191,2327PB18,images/2327PB18.jpg,DUPLO,DUPLO
1192,2327PB08,images/2327PB08.jpg,DUPLO,DUPLO
1193,4555PB228,images/4555PB228.jpg,DUPLO,DUPLO
1194,4555PB227,images/4555PB227.jpg,DUPLO,DUPLO
1195,4555PB247,images/4555PB247.jpg,DUPLO,DUPLO
1196,4555PB012,images/4555PB012.jpg,DUPLO,DUPLO
1197,4555PB011,images/4555PB011.jpg,DUPLO,DUPLO
1198,6453PB050,images/6453PB050.jpg,DUPLO,DUPLO
1199,6453PB045,images/6453PB045.jpg,DUPLO,DUPLO
1200,6453PB049,images/6453PB049.jpg,DUPLO,DUPLO
1201,6453PB042,images/6453PB042.jpg,DUPLO,DUPLO
1202,4555PB200,images/4555PB200.jpg,DUPLO,DUPLO
1203,4555PB261,images/4555PB261.jpg,DUPLO,DUPLO
1204,4555PB050,images/4555PB050.jpg,DUPLO,DUPLO
1205,4555PB048,images/4555PB048.jpg,DUPLO,DUPLO
1206,6453PB048,images/6453PB048.jpg,DUPLO,DUPLO
1207,6453PB044,images/6453PB044.jpg,DUPLO,DUPLO
1208,6453PB055,images/6453PB055.jpg,DUPLO,DUPLO
1209,6453PB018,images/6453PB018.jpg,DUPLO,DUPLO
1210,6453PB039,images/6453PB039.jpg,DUPLO,DUPLO
1211,4555PB225,images/4555PB225.jpg,DUPLO,DUPLO
1212,4555PB184,images/4555PB184.jpg,DUPLO,DUPLO
1213,4555PB133,images/4555PB133.jpg,DUPLO,DUPLO
1214,4555PB192,images/4555PB192.jpg,DUPLO,DUPLO
1215,4555PB253,images/4555PB253.jpg,DUPLO,DUPLO
1216,4555PB191,images/4555PB191.jpg,DUPLO,DUPLO
1217,4555PB248,images/4555PB248.jpg,DUPLO,DUPLO
1218,4555PB077,images/4555PB077.jpg,DUPLO,DUPLO
1219,4555PB246,images/4555PB246.jpg,DUPLO,DUPLO
1220,4555PB226,images/4555PB226.jpg,DUPLO,DUPLO
1221,4555PB218,images/4555PB218.jpg,DUPLO,DUPLO
1222,4555PB214,images/4555PB214.jpg,DUPLO,DUPLO
1223,4555PB045,images/4555PB045.jpg,DUPLO,DUPLO
1224,4555PB043,images/4555PB043.jpg,DUPLO,DUPLO
1225,4555PB058,images/4555PB058.jpg,DUPLO,DUPLO
1226,4555PB190,images/4555PB190.jpg,DUPLO,DUPLO
1227,4555PB078,images/4555PB078.jpg,DUPLO,DUPLO
1228,4555PB263,images/4555PB263.jpg,DUPLO,DUPLO
1229,4555PB262,images/4555PB262.jpg,DUPLO,DUPLO
1230,4555PB244,images/4555PB244.jpg,DUPLO,DUPLO
1231,4555PB243,images/4555PB243.jpg,DUPLO,DUPLO
1232,4555PB217,images/4555PB217.jpg,DUPLO,DUPLO
1233,4555PB061A,images/4555PB061A.jpg,DUPLO,DUPLO
1234,FIREC011,images/FIREC011.jpg,Town,Town
1235,FIREC017,images/FIREC017.jpg,Town,Town
1236,FRE004,images/FRE004.jpg,FreeStyle,Other
1237,PI001,images/PI001.jpg,Pirates,Pirates
1238,PAR022,images/PAR022.jpg,Town,Town
1239,JBL007,images/JBL007.jpg,Town,Town
1240,TEL004,images/TEL004.jpg,Town,Town
1241,JBL001,images/JBL001.jpg,Town,Town
1242,TRN030,images/TRN030.jpg,Town,Town
1243,SPLC001,images/SPLC001.jpg,Town,Town
1244,SPLC002,images/SPLC002.jpg,Town,Town
1245,SPLC004,images/SPLC004.jpg,Town,Town
1246,SPLC005,images/SPLC005.jpg,Town,Town
1247,SPLC006,images/SPLC006.jpg,Town,Town
1248,CAS019,images/CAS019.jpg,Castle,Castle
1249,OCT017,images/OCT017.jpg,Town,Town
1250,OCT022,images/OCT022.jpg,Town,Town
1251,OCT001,images/OCT001.jpg,Town,Town
1252,OCT029,images/OCT029.jpg,Town,Town
1253,OCT030,images/OCT030.jpg,Town,Town
1254,OVR028,images/OVR028.jpg,Town,Town
1255,PI020,images/PI020.jpg,Pirates,Pirates
1256,PI026,images/PI026.jpg,Pirates,Pirates
1257,PI032,images/PI032.jpg,Pirates,Pirates
1258,PI023,images/PI023.jpg,Pirates,Pirates
1259,PLN149,images/PLN149.jpg,FreeStyle,Other
1260,PLN144,images/PLN144.jpg,FreeStyle,Other
1261,PLN148,images/PLN148.jpg,FreeStyle,Other
1262,FRE003,images/FRE003.jpg,FreeStyle,Other
1263,PAR040,images/PAR040.jpg,FreeStyle,Other
1264,PLN053,images/PLN053.jpg,Town,Town
1265,JAIL002,images/JAIL002.jpg,Town,Town
1266,BABY011,images/BABY011.jpg,Primo,Other
1267,BABY001,images/BABY001.jpg,Primo,Other
1268,BABY005,images/BABY005.jpg,Primo,Other
1269,BABY002,images/BABY002.jpg,Primo,Other
1270,TRN054,images/TRN054.jpg,Train,Other
1271,TRN057,images/TRN057.jpg,Train,Other
1272,CAS059,images/CAS059.jpg,Castle,Castle
1273,CAS060A,images/CAS060A.jpg,Castle,Castle
1274,CAS060,images/CAS060.jpg,Castle,Castle
1275,CAS239,images/CAS239.jpg,Castle,Castle
1276,CAS063,images/CAS063.jpg,Castle,Castle
1277,CAS064,images/CAS064.jpg,Castle,Castle
1278,CAS066,images/CAS066.jpg,Castle,Castle
1279,HOL006,images/HOL006.jpg,Holiday & Event,Holiday & Event
1280,CAS067,images/CAS067.jpg,Castle,Castle
1281,CAS153,images/CAS153.jpg,Castle,Castle
1282,CAS158,images/CAS158.jpg,Castle,Castle
1283,CAS160,images/CAS160.jpg,Castle,Castle
1284,CAS145,images/CAS145.jpg,Castle,Castle
1285,GEN001,images/GEN001.jpg,Castle,Castle
1286,FRE005,images/FRE005.jpg,FreeStyle,Other
1287,TECH015,images/TECH015.jpg,Technic,Other
1288,TECH008A,images/TECH008A.jpg,Technic,Other
1289,TECH009,images/TECH009.jpg,Technic,Other
1290,AIR018,images/AIR018.jpg,Town,Town
1291,AIR016,images/AIR016.jpg,Town,Town
1292,AIR014,images/AIR014.jpg,Town,Town
1293,AIR015,images/AIR015.jpg,Town,Town
1294,AQU001A,images/AQU001A.jpg,Aquazone,Other
1295,AQU007,images/AQU007.jpg,Aquazone,Other
1296,WW007,images/WW007.jpg,Western,Other
1297,WW008,images/WW008.jpg,Western,Other
1298,WW010,images/WW010.jpg,Western,Other
1299,WW020,images/WW020.jpg,Western,Other
1300,BELVFEMALE51,images/BELVFEMALE51.jpg,Belville,Belville
1301,BELVFEMALE12,images/BELVFEMALE12.jpg,Belville,Belville
1302,BELVFEMALE24,images/BELVFEMALE24.jpg,Belville,Belville
1303,BELVFEMALE20,images/BELVFEMALE20.jpg,Belville,Belville
1304,BELVMALE12,images/BELVMALE12.jpg,Belville,Belville
1305,BELVMALE06,images/BELVMALE06.jpg,Belville,Belville
1306,BELVMALE09,images/BELVMALE09.jpg,Belville,Belville
1307,PAR054,images/PAR054.jpg,Town,Town
1308,JBL003,images/JBL003.jpg,Town,Town
1309,WW004,images/WW004.jpg,Western,Other
1310,WW002,images/WW002.jpg,Western,Other
1311,WW003,images/WW003.jpg,Western,Other
1312,WW001,images/WW001.jpg,Western,Other
1313,WW005,images/WW005.jpg,Western,Other
1314,WW006,images/WW006.jpg,Western,Other
1315,RES002,images/RES002.jpg,Town,Town
1316,RES005,images/RES005.jpg,Town,Town
1317,RES001,images/RES001.jpg,Town,Town
1318,RES007,images/RES007.jpg,Town,Town
1319,WW013,images/WW013.jpg,Western,Other
1320,CAS004,images/CAS004.jpg,Castle,Castle
1321,CAS285,images/CAS285.jpg,Castle,Castle
1322,CAS006,images/CAS006.jpg,Castle,Castle
1323,CAS286,images/CAS286.jpg,Castle,Castle
1324,CAS008,images/CAS008.jpg,Castle,Castle
1325,CAS010,images/CAS010.jpg,Castle,Castle
1326,WW012,images/WW012.jpg,Western,Other
1327,DOC014,images/DOC014.jpg,Town,Town
1328,DOC015,images/DOC015.jpg,Town,Town
1329,CAS016,images/CAS016.jpg,Castle,Castle
1330,6453PB052,images/6453PB052.jpg,DUPLO,DUPLO
1331,6453PB005,images/6453PB005.jpg,DUPLO,DUPLO
1332,6453PB014,images/6453PB014.jpg,DUPLO,DUPLO
1333,6453PB013,images/6453PB013.jpg,DUPLO,DUPLO
1334,4555PB018,images/4555PB018.jpg,DUPLO,DUPLO
1335,4555PB019,images/4555PB019.jpg,DUPLO,DUPLO
1336,4555PB015,images/4555PB015.jpg,DUPLO,DUPLO
1337,4555PB003,images/4555PB003.jpg,DUPLO,DUPLO
1338,4555PB241,images/4555PB241.jpg,DUPLO,DUPLO
1339,4555PB256,images/4555PB256.jpg,DUPLO,DUPLO
1340,4555PB063,images/4555PB063.jpg,DUPLO,DUPLO
1341,4555PB064,images/4555PB064.jpg,DUPLO,DUPLO
1342,4555PB075,images/4555PB075.jpg,DUPLO,DUPLO
1343,4555PB053,images/4555PB053.jpg,DUPLO,DUPLO
1344,4555PB100,images/4555PB100.jpg,DUPLO,DUPLO
1345,4555PB027,images/4555PB027.jpg,DUPLO,DUPLO
1346,4555PB242,images/4555PB242.jpg,DUPLO,DUPLO
1347,4555PB071,images/4555PB071.jpg,DUPLO,DUPLO
1348,4555PB239,images/4555PB239.jpg,DUPLO,DUPLO
1349,4555PB167,images/4555PB167.jpg,DUPLO,DUPLO
1350,SP008,images/SP008.jpg,Space,Space
1351,SP012,images/SP012.jpg,Space,Space
1352,SP009,images/SP009.jpg,Space,Space
1353,SP011,images/SP011.jpg,Space,Space
1354,SP010A,images/SP010A.jpg,Space,Space
1355,FIREC027,images/FIREC027.jpg,Town,Town
1356,FIREC012,images/FIREC012.jpg,Town,Town
1357,TRN013,images/TRN013.jpg,Town,Town
1358,TRN012,images/TRN012.jpg,Town,Town
1359,PAR002,images/PAR002.jpg,Town,Town
1360,PI014,images/PI014.jpg,Pirates,Pirates
1361,PI010,images/PI010.jpg,Pirates,Pirates
1362,PI016,images/PI016.jpg,Pirates,Pirates
1363,JSTR001,images/JSTR001.jpg,Town,Town
1364,JSTR003,images/JSTR003.jpg,Town,Town
1365,JSTR008,images/JSTR008.jpg,Town,Town
1366,JSTR002,images/JSTR002.jpg,Town,Town
1367,JBL004,images/JBL004.jpg,Town,Town
1368,JBR002,images/JBR002.jpg,Town,Town
1369,JBR004,images/JBR004.jpg,Town,Town
1370,TRN021,images/TRN021.jpg,Town,Town
1371,JBR013,images/JBR013.jpg,Town,Town
1372,PCK015,images/PCK015.jpg,Town,Town
1373,PCK012,images/PCK012.jpg,Town,Town
1374,TRN074,images/TRN074.jpg,Town,Town
1375,TRN029,images/TRN029.jpg,Town,Town
1376,PAR024,images/PAR024.jpg,Town,Town
1377,TRN014,images/TRN014.jpg,Town,Town
1378,SPLC007,images/SPLC007.jpg,Town,Town
1379,LEA003,images/LEA003.jpg,Town,Town
1380,OCT016,images/OCT016.jpg,Town,Town
1381,OCT018,images/OCT018.jpg,Town,Town
1382,OCT005,images/OCT005.jpg,Town,Town
1383,OCT014,images/OCT014.jpg,Town,Town
1384,OCT008,images/OCT008.jpg,Town,Town
1385,OCT024,images/OCT024.jpg,Town,Town
1386,OCT025,images/OCT025.jpg,Town,Town
1387,OCT007,images/OCT007.jpg,Town,Town
1388,OCT045,images/OCT045.jpg,Town,Town
1389,OCT027,images/OCT027.jpg,Town,Town
1390,OCT032,images/OCT032.jpg,Town,Town
1391,OCT034,images/OCT034.jpg,Town,Town
1392,OCT026,images/OCT026.jpg,Town,Town
1393,OCT010,images/OCT010.jpg,Town,Town
1394,OCT009,images/OCT009.jpg,Town,Town
1395,OVR018,images/OVR018.jpg,Town,Town
1396,OVR017,images/OVR017.jpg,Town,Town
1397,PI013,images/PI013.jpg,Pirates,Pirates
1398,PI012,images/PI012.jpg,Pirates,Pirates
1399,PI036,images/PI036.jpg,Pirates,Pirates
1400,PI033,images/PI033.jpg,Pirates,Pirates
1401,PI034,images/PI034.jpg,Pirates,Pirates
1402,PI035,images/PI035.jpg,Pirates,Pirates
1403,PI047,images/PI047.jpg,Pirates,Pirates
1404,PI051,images/PI051.jpg,Pirates,Pirates
1405,PI052,images/PI052.jpg,Pirates,Pirates
1406,PI030,images/PI030.jpg,Pirates,Pirates
1407,PI024,images/PI024.jpg,Pirates,Pirates
1408,PLN097,images/PLN097.jpg,Town,Town
1409,PLN048,images/PLN048.jpg,Town,Town
1410,PLN100,images/PLN100.jpg,Town,Town
1411,PLN135,images/PLN135.jpg,FreeStyle,Other
1412,SOC045,images/SOC045.jpg,Town,Town
1413,COP022,images/COP022.jpg,Town,Town
1414,TRN043,images/TRN043.jpg,Town,Town
1415,COP019,images/COP019.jpg,Town,Town
1416,TRN060,images/TRN060.jpg,Train,Other
1417,TRN071,images/TRN071.jpg,Train,Other
1418,TRN073,images/TRN073.jpg,Train,Other
1419,TRN072,images/TRN072.jpg,Train,Other
1420,CAS061,images/CAS061.jpg,Castle,Castle
1421,CAS065,images/CAS065.jpg,Castle,Castle
1422,WW021,images/WW021.jpg,Western,Other
1423,TWN016,images/TWN016.jpg,Town,Town
1424,RAC011,images/RAC011.jpg,Town,Town
1425,VEL002,images/VEL002.jpg,Town,Town
1426,RAC010,images/RAC010.jpg,Town,Town
1427,GEN011,images/GEN011.jpg,Pirates,Pirates
1428,PAR033,images/PAR033.jpg,Town,Town
1429,PAR030,images/PAR030.jpg,Town,Town
1430,PAR051,images/PAR051.jpg,Town,Town
1431,TECH029A,images/TECH029A.jpg,Technic,Other
1432,TECH021A,images/TECH021A.jpg,Technic,Other
1433,TECH021B,images/TECH021B.jpg,Technic,Other
1434,TIM003,images/TIM003.jpg,Time Cruisers,Other
1435,TIM007,images/TIM007.jpg,Time Cruisers,Other
1436,TIM004,images/TIM004.jpg,Time Cruisers,Other
1437,WTR003,images/WTR003.jpg,Town,Town
1438,AQU004,images/AQU004.jpg,Aquazone,Other
1439,AQU005,images/AQU005.jpg,Aquazone,Other
1440,WW011,images/WW011.jpg,Western,Other
1441,BNK002,images/BNK002.jpg,Town,Town
1442,BNK003,images/BNK003.jpg,Town,Town
1443,BELVBABY04,images/BELVBABY04.jpg,Belville,Belville
1444,BELVBABY03,images/BELVBABY03.jpg,Belville,Belville
1445,BELVFEMALE68,images/BELVFEMALE68.jpg,Belville,Belville
1446,BELVFEMALE69,images/BELVFEMALE69.jpg,Belville,Belville
1447,BELVFEMALE13,images/BELVFEMALE13.jpg,Belville,Belville
1448,BELVFEMALE45,images/BELVFEMALE45.jpg,Belville,Belville
1449,BELVFEMALE36,images/BELVFEMALE36.jpg,Belville,Belville
1450,BELVFEMALE58,images/BELVFEMALE58.jpg,Belville,Belville
1451,BELVFEMALE59,images/BELVFEMALE59.jpg,Belville,Belville
1452,BELVFEMALE34,images/BELVFEMALE34.jpg,Belville,Belville
1453,BELVFEMALE35,images/BELVFEMALE35.jpg,Belville,Belville
1454,PAR008,images/PAR008.jpg,Town,Town
1455,PAR003,images/PAR003.jpg,Town,Town
1456,CAS009,images/CAS009.jpg,Castle,Castle
1457,DIV001A,images/DIV001A.jpg,Town,Town
1458,DIV013,images/DIV013.jpg,Town,Town
1459,DIV026,images/DIV026.jpg,Town,Town
1460,DIV003,images/DIV003.jpg,Town,Town
1461,DIV025,images/DIV025.jpg,Town,Town
1462,DIV004,images/DIV004.jpg,Town,Town
1463,DIV023,images/DIV023.jpg,Town,Town
1464,DIV022,images/DIV022.jpg,Town,Town
1465,DIV007,images/DIV007.jpg,Town,Town
1466,DIV008,images/DIV008.jpg,Town,Town
1467,DIV010,images/DIV010.jpg,Town,Town
1468,DIV011,images/DIV011.jpg,Town,Town
1469,DIV009,images/DIV009.jpg,Town,Town
1470,DIV012,images/DIV012.jpg,Town,Town
1471,DIV017B,images/DIV017B.jpg,Town,Town
1472,DIV015A,images/DIV015A.jpg,Town,Town
1473,DIV019,images/DIV019.jpg,Town,Town
1474,DIV016,images/DIV016.jpg,Town,Town
1475,DIV018A,images/DIV018A.jpg,Town,Town
1476,DIV014,images/DIV014.jpg,Town,Town
1477,DIV020,images/DIV020.jpg,Town,Town
1478,6453PB001,images/6453PB001.jpg,DUPLO,DUPLO
1479,6453PB002,images/6453PB002.jpg,DUPLO,DUPLO
1480,6453PB046,images/6453PB046.jpg,DUPLO,DUPLO
1481,4555PB145,images/4555PB145.jpg,DUPLO,DUPLO
1482,4555PB035,images/4555PB035.jpg,DUPLO,DUPLO
1483,4555PB168,images/4555PB168.jpg,DUPLO,DUPLO
1484,4555PB055,images/4555PB055.jpg,DUPLO,DUPLO
1485,4555PB170,images/4555PB170.jpg,DUPLO,DUPLO
1486,4555PB068,images/4555PB068.jpg,DUPLO,DUPLO
1487,4555PB171,images/4555PB171.jpg,DUPLO,DUPLO
1488,FIREC013,images/FIREC013.jpg,Town,Town
1489,FIREC020,images/FIREC020.jpg,Town,Town
1490,FRE001,images/FRE001.jpg,FreeStyle,Other
1491,CAS022A,images/CAS022A.jpg,Castle,Castle
1492,CAS022,images/CAS022.jpg,Castle,Castle
1493,CAS023,images/CAS023.jpg,Castle,Castle
1494,CAS250,images/CAS250.jpg,Castle,Castle
1495,CAS243,images/CAS243.jpg,Castle,Castle
1496,CAS027,images/CAS027.jpg,Castle,Castle
1497,CAS244,images/CAS244.jpg,Castle,Castle
1498,CAS026,images/CAS026.jpg,Castle,Castle
1499,CAS029,images/CAS029.jpg,Castle,Castle
1500,CAS030,images/CAS030.jpg,Castle,Castle
1501,CAS215,images/CAS215.jpg,Castle,Castle
1502,CAS032,images/CAS032.jpg,Castle,Castle
1503,GEN012,images/GEN012.jpg,Time Cruisers,Other
1504,PAR042,images/PAR042.jpg,Town,Town
1505,PAR007,images/PAR007.jpg,Town,Town
1506,PI015,images/PI015.jpg,Pirates,Pirates
1507,PI077,images/PI077.jpg,Pirates,Pirates
1508,WW026,images/WW026.jpg,Western,Other
1509,WW016,images/WW016.jpg,Western,Other
1510,WW022,images/WW022.jpg,Western,Other
1511,WW014,images/WW014.jpg,Western,Other
1512,WW018,images/WW018.jpg,Western,Other
1513,WW017,images/WW017.jpg,Western,Other
1514,WW019,images/WW019.jpg,Western,Other
1515,INF001,images/INF001.jpg,Town,Town
1516,PAR023,images/PAR023.jpg,Town,Town
1517,JSTR005,images/JSTR005.jpg,Town,Town
1518,JBL008,images/JBL008.jpg,Town,Town
1519,JBL005,images/JBL005.jpg,Town,Town
1520,TRN020,images/TRN020.jpg,Town,Town
1521,TRN111,images/TRN111.jpg,FreeStyle,Other
1522,PCK022,images/PCK022.jpg,Town,Town
1523,PCK019,images/PCK019.jpg,Town,Town
1524,PCK020,images/PCK020.jpg,Town,Town
1525,PCK017,images/PCK017.jpg,Town,Town
1526,PCK006,images/PCK006.jpg,Town,Town
1527,PCK023,images/PCK023.jpg,Town,Town
1528,TRN103,images/TRN103.jpg,Town,Town
1529,LEA004,images/LEA004.jpg,Town,Town
1530,LEA006,images/LEA006.jpg,Town,Town
1531,OCT021,images/OCT021.jpg,Town,Town
1532,OCT020,images/OCT020.jpg,Town,Town
1533,OCT031,images/OCT031.jpg,Town,Town
1534,PAR064,images/PAR064.jpg,FreeStyle,Other
1535,PI037,images/PI037.jpg,Pirates,Pirates
1536,PI057,images/PI057.jpg,Pirates,Pirates
1537,PI050,images/PI050.jpg,Pirates,Pirates
1538,PI048,images/PI048.jpg,Pirates,Pirates
1539,PI049,images/PI049.jpg,Pirates,Pirates
1540,PLN096,images/PLN096.jpg,Town,Town
1541,PAR041,images/PAR041.jpg,Town,Town
1542,PLN129,images/PLN129.jpg,Town,Town
1543,PLN159,images/PLN159.jpg,FreeStyle,Other
1544,PLN070,images/PLN070.jpg,Town,Town
1545,COP044,images/COP044.jpg,Town,Town
1546,COP043,images/COP043.jpg,Town,Town
1547,BABY015,images/BABY015.jpg,Primo,Other
1548,PAR012,images/PAR012.jpg,Town,Town
1549,TRN053,images/TRN053.jpg,Train,Other
1550,TRN056,images/TRN056.jpg,Train,Other
1551,SP058,images/SP058.jpg,Space,Space
1552,SP067,images/SP067.jpg,Space,Space
1553,SP035,images/SP035.jpg,Space,Space
1554,CAS384,images/CAS384.jpg,Castle,Castle
1555,71520,images/71520.jpg,Scala,Other
1556,71289A,images/71289A.jpg,Scala,Other
1557,71518,images/71518.jpg,Scala,Other
1558,71519,images/71519.jpg,Scala,Other
1559,X4CX02,images/X4CX02.jpg,Scala,Other
1560,X4CX01,images/X4CX01.jpg,Scala,Other
1561,SCAFEMA03,images/SCAFEMA03.jpg,Scala,Other
1562,SCAFEMY04,images/SCAFEMY04.jpg,Scala,Other
1563,X30,images/X30.jpg,Scala,Other
1564,TRN092,images/TRN092.jpg,Town,Town
1565,GEN010,images/GEN010.jpg,Pirates,Pirates
1566,GEN005,images/GEN005.jpg,Time Cruisers,Other
1567,PAR029,images/PAR029.jpg,Town,Town
1568,TECH002A,images/TECH002A.jpg,Technic,Other
1569,TECH038A,images/TECH038A.jpg,Technic,Other
1570,TECH038B,images/TECH038B.jpg,Technic,Other
1571,TIM001,images/TIM001.jpg,Time Cruisers,Other
1572,TIM002,images/TIM002.jpg,Time Cruisers,Other
1573,EXT011,images/EXT011.jpg,Town,Town
1574,TV001,images/TV001.jpg,Town,Town
1575,SP043,images/SP043.jpg,Space,Space
1576,SP044,images/SP044.jpg,Space,Space
1577,SP042,images/SP042.jpg,Space,Space
1578,SP045,images/SP045.jpg,Space,Space
1579,SP046,images/SP046.jpg,Space,Space
1580,AIR017,images/AIR017.jpg,Town,Town
1581,AQU008,images/AQU008.jpg,Aquazone,Other
1582,BELVFEMALE03,images/BELVFEMALE03.jpg,Belville,Belville
1583,BELVFEMALE44,images/BELVFEMALE44.jpg,Belville,Belville
1584,BELVFEMALE60,images/BELVFEMALE60.jpg,Belville,Belville
1585,BELVFEMALE42,images/BELVFEMALE42.jpg,Belville,Belville
1586,BELVFEMALE11,images/BELVFEMALE11.jpg,Belville,Belville
1587,BELVFEMALE61,images/BELVFEMALE61.jpg,Belville,Belville
1588,BELVFEMALE67,images/BELVFEMALE67.jpg,Belville,Belville
1589,BELVFEMALE53,images/BELVFEMALE53.jpg,Belville,Belville
1590,BELVFEMALE70,images/BELVFEMALE70.jpg,Belville,Belville
1591,BELVFEMALE73,images/BELVFEMALE73.jpg,Belville,Belville
1592,BELVFEMALE46,images/BELVFEMALE46.jpg,Belville,Belville
1593,BELVMALE15,images/BELVMALE15.jpg,Belville,Belville
1594,BELVMALE10,images/BELVMALE10.jpg,Belville,Belville
1595,BELVMALE17,images/BELVMALE17.jpg,Belville,Belville
1596,BIKERB,images/BIKERB.jpg,Town,Town
1597,JBL009,images/JBL009.jpg,Town,Town
1598,AQU031,images/AQU031.jpg,Aquazone,Other
1599,CAR003,images/CAR003.jpg,Town,Town
1600,CAR002,images/CAR002.jpg,Town,Town
1601,CAR001,images/CAR001.jpg,Town,Town
1602,CHEF008,images/CHEF008.jpg,Town,Town
1603,CAS205,images/CAS205.jpg,Castle,Castle
1604,AQU013,images/AQU013.jpg,Aquazone,Other
1605,AQU013A,images/AQU013A.jpg,Aquazone,Other
1606,AQU011,images/AQU011.jpg,Aquazone,Other
1607,AQU028,images/AQU028.jpg,Aquazone,Other
1608,DIV002A,images/DIV002A.jpg,Town,Town
1609,DIV024,images/DIV024.jpg,Town,Town
1610,SOC057,images/SOC057.jpg,Town,Town
1611,ADV006,images/ADV006.jpg,Adventurers,Other
1612,ADV040,images/ADV040.jpg,Adventurers,Other
1613,6453PB004,images/6453PB004.jpg,DUPLO,DUPLO
1614,6453PB015,images/6453PB015.jpg,DUPLO,DUPLO
1615,6453PB030,images/6453PB030.jpg,DUPLO,DUPLO
1616,6453PB033,images/6453PB033.jpg,DUPLO,DUPLO
1617,6453PB031,images/6453PB031.jpg,DUPLO,DUPLO
1618,6453PB038,images/6453PB038.jpg,DUPLO,DUPLO
1619,6453PB026,images/6453PB026.jpg,DUPLO,DUPLO
1620,31181PB03,images/31181PB03.jpg,DUPLO,DUPLO
1621,31181PB04,images/31181PB04.jpg,DUPLO,DUPLO
1622,31181PB05,images/31181PB05.jpg,DUPLO,DUPLO
1623,4555PB257,images/4555PB257.jpg,DUPLO,DUPLO
1624,4555PB118,images/4555PB118.jpg,DUPLO,DUPLO
1625,4555PB087,images/4555PB087.jpg,DUPLO,DUPLO
1626,4555PB080,images/4555PB080.jpg,DUPLO,DUPLO
1627,4555PB024,images/4555PB024.jpg,DUPLO,DUPLO
1628,4555PB088,images/4555PB088.jpg,DUPLO,DUPLO
1629,4555PB106,images/4555PB106.jpg,DUPLO,DUPLO
1630,EXT014,images/EXT014.jpg,Town,Town
1631,EXT001,images/EXT001.jpg,Town,Town
1632,EXT002,images/EXT002.jpg,Town,Town
1633,EXT003A,images/EXT003A.jpg,Town,Town
1634,EXT007,images/EXT007.jpg,Town,Town
1635,EXT018,images/EXT018.jpg,Town,Town
1636,EXT005,images/EXT005.jpg,Town,Town
1637,EXT006,images/EXT006.jpg,Town,Town
1638,EXT004,images/EXT004.jpg,Town,Town
1639,EXT010,images/EXT010.jpg,Town,Town
1640,EXT012,images/EXT012.jpg,Town,Town
1641,FRE002,images/FRE002.jpg,FreeStyle,Other
1642,ADV009,images/ADV009.jpg,Adventurers,Other
1643,SP032,images/SP032.jpg,Space,Space
1644,SP026,images/SP026.jpg,Space,Space
1645,SP029,images/SP029.jpg,Space,Space
1646,SP028,images/SP028.jpg,Space,Space
1647,SP021,images/SP021.jpg,Space,Space
1648,SP025,images/SP025.jpg,Space,Space
1649,SP027,images/SP027.jpg,Space,Space
1650,SP030,images/SP030.jpg,Space,Space
1651,SP024,images/SP024.jpg,Space,Space
1652,PAR055,images/PAR055.jpg,Town,Town
1653,JSTR004,images/JSTR004.jpg,Town,Town
1654,JSTR009,images/JSTR009.jpg,Town,Town
1655,JBL006,images/JBL006.jpg,Town,Town
1656,TWN013,images/TWN013.jpg,Town,Town
1657,TRN107,images/TRN107.jpg,Town,Town
1658,PCK021,images/PCK021.jpg,Town,Town
1659,PCK011,images/PCK011.jpg,Town,Town
1660,PCK010,images/PCK010.jpg,Town,Town
1661,PCK013,images/PCK013.jpg,Town,Town
1662,PCK025,images/PCK025.jpg,FreeStyle,Other
1663,TWN046,images/TWN046.jpg,Town,Town
1664,TRN015,images/TRN015.jpg,Town,Town
1665,ADV010,images/ADV010.jpg,Adventurers,Other
1666,ADV041,images/ADV041.jpg,Adventurers,Other
1667,LEA005,images/LEA005.jpg,Town,Town
1668,TRN086,images/TRN086.jpg,Town,Town
1669,TRN108,images/TRN108.jpg,Town,Town
1670,TRN087,images/TRN087.jpg,Town,Town
1671,TRN085,images/TRN085.jpg,Town,Town
1672,TRN102,images/TRN102.jpg,Train,Other
1673,ADV004,images/ADV004.jpg,Adventurers,Other
1674,ADV003,images/ADV003.jpg,Adventurers,Other
1675,ADV039,images/ADV039.jpg,Adventurers,Other
1676,AQU009,images/AQU009.jpg,Aquazone,Other
1677,AQU030,images/AQU030.jpg,Aquazone,Other
1678,AQU014,images/AQU014.jpg,Aquazone,Other
1679,AQU014A,images/AQU014A.jpg,Aquazone,Other
1680,CAS048,images/CAS048.jpg,Ninja,Other
1681,CAS049,images/CAS049.jpg,Ninja,Other
1682,CAS052,images/CAS052.jpg,Ninja,Other
1683,CAS053,images/CAS053.jpg,Ninja,Other
1684,CAS054,images/CAS054.jpg,Ninja,Other
1685,CAS055,images/CAS055.jpg,Ninja,Other
1686,CAS056,images/CAS056.jpg,Ninja,Other
1687,OCT023,images/OCT023.jpg,Town,Town
1688,OCT013,images/OCT013.jpg,Town,Town
1689,OCT015,images/OCT015.jpg,Town,Town
1690,OCT044,images/OCT044.jpg,Town,Town
1691,OCT028,images/OCT028.jpg,Town,Town
1692,OCT033,images/OCT033.jpg,Town,Town
1693,OCT035,images/OCT035.jpg,Town,Town
1694,OCT039,images/OCT039.jpg,Town,Town
1695,OCT071,images/OCT071.jpg,Town,Town
1696,OCT052,images/OCT052.jpg,Town,Town
1697,OVR022,images/OVR022.jpg,Town,Town
1698,TWN036,images/TWN036.jpg,Town,Town
1699,TWN043,images/TWN043.jpg,Town,Town
1700,ADV021,images/ADV021.jpg,Adventurers,Other
1701,ADV015,images/ADV015.jpg,Adventurers,Other
1702,PLN014,images/PLN014.jpg,Town,Town
1703,PLN012,images/PLN012.jpg,Town,Town
1704,PLN093,images/PLN093.jpg,Sports,Sports
1705,PLN055,images/PLN055.jpg,Town,Town
1706,PLN091,images/PLN091.jpg,Sports,Sports
1707,SOC095,images/SOC095.jpg,Sports,Sports
1708,PLN153,images/PLN153.jpg,Town,Town
1709,PLN092,images/PLN092.jpg,Sports,Sports
1710,JAIL003,images/JAIL003.jpg,Town,Town
1711,COP036,images/COP036.jpg,Town,Town
1712,COP028,images/COP028.jpg,Town,Town
1713,COP037,images/COP037.jpg,Town,Town
1714,COP034,images/COP034.jpg,Town,Town
1715,COP035,images/COP035.jpg,Town,Town
1716,COP024,images/COP024.jpg,Town,Town
1717,COP038,images/COP038.jpg,Town,Town
1718,COP018,images/COP018.jpg,Town,Town
1719,COP029,images/COP029.jpg,Town,Town
1720,POST003,images/POST003.jpg,Town,Town
1721,BABY014,images/BABY014.jpg,Primo,Other
1722,BABY008,images/BABY008.jpg,Primo,Other
1723,BABY013,images/BABY013.jpg,Primo,Other
1724,RAC001,images/RAC001.jpg,Town,Town
1725,RAC002,images/RAC002.jpg,Town,Town
1726,RAC004,images/RAC004.jpg,Town,Town
1727,RAC003,images/RAC003.jpg,Town,Town
1728,TRN067,images/TRN067.jpg,Train,Other
1729,TRN059,images/TRN059.jpg,Train,Other
1730,AQU012,images/AQU012.jpg,Aquazone,Other
1731,AQU012A,images/AQU012A.jpg,Aquazone,Other
1732,TRN055,images/TRN055.jpg,Train,Other
1733,REP005,images/REP005.jpg,Town,Town
1734,RSQ002,images/RSQ002.jpg,Town,Town
1735,RSQ003,images/RSQ003.jpg,Town,Town
1736,RSQ004A,images/RSQ004A.jpg,Town,Town
1737,RSQ014,images/RSQ014.jpg,Town,Town
1738,RSQ010,images/RSQ010.jpg,Town,Town
1739,RSQ013,images/RSQ013.jpg,Town,Town
1740,RSQ005,images/RSQ005.jpg,Town,Town
1741,RSQ006,images/RSQ006.jpg,Town,Town
1742,RSQ007,images/RSQ007.jpg,Town,Town
1743,RSQ008A,images/RSQ008A.jpg,Town,Town
1744,RSQ009A,images/RSQ009A.jpg,Town,Town
1745,SCAFEMA01A,images/SCAFEMA01A.jpg,Scala,Other
1746,SCAFEMA05A,images/SCAFEMA05A.jpg,Scala,Other
1747,SCAFEMA05,images/SCAFEMA05.jpg,Scala,Other
1748,SCAFEMY01A,images/SCAFEMY01A.jpg,Scala,Other
1749,SCAFEMY04A,images/SCAFEMY04A.jpg,Scala,Other
1750,SCAFEMY05,images/SCAFEMY05.jpg,Scala,Other
1751,X30A,images/X30A.jpg,Scala,Other
1752,TRN105,images/TRN105.jpg,Town,Town
1753,TWN014,images/TWN014.jpg,Town,Town
1754,SOC058,images/SOC058.jpg,Town,Town
1755,GEN007,images/GEN007.jpg,Adventurers,Other
1756,GEN008,images/GEN008.jpg,Adventurers,Other
1757,GEN006,images/GEN006.jpg,Adventurers,Other
1758,ADV038,images/ADV038.jpg,Adventurers,Other
1759,TRN094,images/TRN094.jpg,Town,Town
1760,TRN031,images/TRN031.jpg,Town,Town
1761,TRN104,images/TRN104.jpg,Town,Town
1762,TECH012,images/TECH012.jpg,Technic,Other
1763,TECH001B,images/TECH001B.jpg,Technic,Other
1764,TECH007,images/TECH007.jpg,Technic,Other
1765,TECH013A,images/TECH013A.jpg,Technic,Other
1766,TIM006,images/TIM006.jpg,Time Cruisers,Other
1767,TIM005,images/TIM005.jpg,Time Cruisers,Other
1768,TV003,images/TV003.jpg,Town,Town
1769,TV002,images/TV002.jpg,Town,Town
1770,SP047,images/SP047.jpg,Space,Space
1771,ADV001,images/ADV001.jpg,Adventurers,Other
1772,AIR025,images/AIR025.jpg,Town,Town
1773,SW0007,images/SW0007.jpg,Star Wars,Star Wars
1774,SW0008,images/SW0008.jpg,Star Wars,Star Wars
1775,SW0028,images/SW0028.jpg,Star Wars,Star Wars
1776,SW0029,images/SW0029.jpg,Star Wars,Star Wars
1777,RCK001,images/RCK001.jpg,Rock Raiders,Other
1778,RCK002,images/RCK002.jpg,Rock Raiders,Other
1779,BNK001,images/BNK001.jpg,Town,Town
1780,SW0001B,images/SW0001B.jpg,Star Wars,Star Wars
1781,SW0001A,images/SW0001A.jpg,Star Wars,Star Wars
1782,BELVFAIRY04,images/BELVFAIRY04.jpg,Belville,Belville
1783,BELVFAIRY05,images/BELVFAIRY05.jpg,Belville,Belville
1784,BELVFAIRY02,images/BELVFAIRY02.jpg,Belville,Belville
1785,BELVFAIRY10,images/BELVFAIRY10.jpg,Belville,Belville
1786,BELVFEMALE47,images/BELVFEMALE47.jpg,Belville,Belville
1787,BELVFEMALE18,images/BELVFEMALE18.jpg,Belville,Belville
1788,BELVFEMALE17,images/BELVFEMALE17.jpg,Belville,Belville
1789,BELVFEMALE14,images/BELVFEMALE14.jpg,Belville,Belville
1790,BELVMALE07,images/BELVMALE07.jpg,Belville,Belville
1791,BELVMALE11,images/BELVMALE11.jpg,Belville,Belville
1792,SW0009,images/SW0009.jpg,Star Wars,Star Wars
1793,TRN018,images/TRN018.jpg,Town,Town
1794,CHEF006,images/CHEF006.jpg,Town,Town
1795,RES010,images/RES010.jpg,Town,Town
1796,RES013,images/RES013.jpg,Town,Town
1797,RES008,images/RES008.jpg,Town,Town
1798,RES011,images/RES011.jpg,Town,Town
1799,RES012A,images/RES012A.jpg,Town,Town
1800,RES009,images/RES009.jpg,Town,Town
1801,SW0012,images/SW0012.jpg,Star Wars,Star Wars
1802,SW0003,images/SW0003.jpg,Star Wars,Star Wars
1803,SW0004,images/SW0004.jpg,Star Wars,Star Wars
1804,RCK003,images/RCK003.jpg,Rock Raiders,Other
1805,DOC017,images/DOC017.jpg,Town,Town
1806,31231PB04,images/31231PB04.jpg,DUPLO,DUPLO
1807,31234PB01,images/31234PB01.jpg,DUPLO,DUPLO
1808,31234PB02,images/31234PB02.jpg,DUPLO,DUPLO
1809,31231PB01,images/31231PB01.jpg,DUPLO,DUPLO
1810,31231PB02,images/31231PB02.jpg,DUPLO,DUPLO
1811,31231PB03,images/31231PB03.jpg,DUPLO,DUPLO
1812,31234PB03,images/31234PB03.jpg,DUPLO,DUPLO
1813,31234PB04,images/31234PB04.jpg,DUPLO,DUPLO
1814,31232PB04,images/31232PB04.jpg,DUPLO,DUPLO
1815,31232PB03,images/31232PB03.jpg,DUPLO,DUPLO
1816,31233PB01,images/31233PB01.jpg,DUPLO,DUPLO
1817,31233PB02,images/31233PB02.jpg,DUPLO,DUPLO
1818,31232PB01,images/31232PB01.jpg,DUPLO,DUPLO
1819,31233PB04,images/31233PB04.jpg,DUPLO,DUPLO
1820,31233PB03,images/31233PB03.jpg,DUPLO,DUPLO
1821,EEYORE,images/EEYORE.jpg,DUPLO,DUPLO
1822,PIGLET,images/PIGLET.jpg,DUPLO,DUPLO
1823,TIGGER,images/TIGGER.jpg,DUPLO,DUPLO
1824,POOH,images/POOH.jpg,DUPLO,DUPLO
1825,6453PB025,images/6453PB025.jpg,DUPLO,DUPLO
1826,4555PB038,images/4555PB038.jpg,DUPLO,DUPLO
1827,EXT016,images/EXT016.jpg,Town,Town
1828,AIRDG001,images/AIRDG001.jpg,Town,Town
1829,SPP010,images/SPP010.jpg,Town,Town
1830,FIREC026,images/FIREC026.jpg,Town,Town
1831,FIREC023,images/FIREC023.jpg,Town,Town
1832,FIREC015,images/FIREC015.jpg,Town,Town
1833,FIREC025,images/FIREC025.jpg,Town,Town
1834,ADV008,images/ADV008.jpg,Adventurers,Other
1835,SW0043,images/SW0043.jpg,Star Wars,Star Wars
1836,SW0016,images/SW0016.jpg,Star Wars,Star Wars
1837,SW0005,images/SW0005.jpg,Star Wars,Star Wars
1838,SP022,images/SP022.jpg,Space,Space
1839,SP023,images/SP023.jpg,Space,Space
1840,SP020,images/SP020.jpg,Space,Space
1841,SP031,images/SP031.jpg,Space,Space
1842,JSTR007,images/JSTR007.jpg,Town,Town
1843,JSTR010,images/JSTR010.jpg,Town,Town
1844,JBL012,images/JBL012.jpg,Town,Town
1845,JBR014,images/JBR014.jpg,Town,Town
1846,TRN022,images/TRN022.jpg,Town,Town
1847,TRN019,images/TRN019.jpg,Town,Town
1848,TRN095,images/TRN095.jpg,Town,Town
1849,TWN003,images/TWN003.jpg,Town,Town
1850,TRN136,images/TRN136.jpg,FreeStyle,Other
1851,PCK007,images/PCK007.jpg,Town,Town
1852,PCK014,images/PCK014.jpg,Town,Town
1853,SW0017,images/SW0017.jpg,Star Wars,Star Wars
1854,RCK004,images/RCK004.jpg,Rock Raiders,Other
1855,TRN016,images/TRN016.jpg,Town,Town
1856,LEA007,images/LEA007.jpg,Town,Town
1857,SHELL011,images/SHELL011.jpg,Town,Town
1858,SW0018,images/SW0018.jpg,Star Wars,Star Wars
1859,SW0021,images/SW0021.jpg,Star Wars,Star Wars
1860,SW0019,images/SW0019.jpg,Star Wars,Star Wars
1861,CAS051,images/CAS051.jpg,Ninja,Other
1862,CAS058,images/CAS058.jpg,Ninja,Other
1863,CAS050,images/CAS050.jpg,Ninja,Other
1864,CAS057,images/CAS057.jpg,Ninja,Other
1865,SW0024,images/SW0024.jpg,Star Wars,Star Wars
1866,SW0023,images/SW0023.jpg,Star Wars,Star Wars
1867,OCT043,images/OCT043.jpg,Town,Town
1868,OCT040,images/OCT040.jpg,Town,Town
1869,OCT042,images/OCT042.jpg,Town,Town
1870,OCT041,images/OCT041.jpg,Town,Town
1871,OCT038,images/OCT038.jpg,Town,Town
1872,OVR016,images/OVR016.jpg,Town,Town
1873,SW0025,images/SW0025.jpg,Star Wars,Star Wars
1874,TWN039,images/TWN039.jpg,Town,Town
1875,ADV016,images/ADV016.jpg,Adventurers,Other
1876,ADV044,images/ADV044.jpg,Adventurers,Other
1877,SW0037,images/SW0037.jpg,Star Wars,Star Wars
1878,SW0039,images/SW0039.jpg,Star Wars,Star Wars
1879,SW0064,images/SW0064.jpg,Star Wars,Star Wars
1880,PLN089,images/PLN089.jpg,Town,Town
1881,COP033,images/COP033.jpg,Town,Town
1882,COP057,images/COP057.jpg,Town,Town
1883,COP032,images/COP032.jpg,Town,Town
1884,COP031,images/COP031.jpg,Town,Town
1885,COP026,images/COP026.jpg,Town,Town
1886,COP047,images/COP047.jpg,Town,Town
1887,BABY017,images/BABY017.jpg,Primo,Other
1888,BABY003,images/BABY003.jpg,Primo,Other
1889,BABY010,images/BABY010.jpg,Primo,Other
1890,BABY018,images/BABY018.jpg,Primo,Other
1891,BABY009,images/BABY009.jpg,Primo,Other
1892,BABY012,images/BABY012.jpg,Primo,Other
1893,BABY004,images/BABY004.jpg,Primo,Other
1894,SW0027,images/SW0027.jpg,Star Wars,Star Wars
1895,TRN061,images/TRN061.jpg,Train,Other
1896,TRN062,images/TRN062.jpg,Train,Other
1897,TRN063,images/TRN063.jpg,Train,Other
1898,SW0033,images/SW0033.jpg,Star Wars,Star Wars
1899,SW0034,images/SW0034.jpg,Star Wars,Star Wars
1900,TRN052,images/TRN052.jpg,Train,Other
1901,TRN058,images/TRN058.jpg,Train,Other
1902,REP004,images/REP004.jpg,Town,Town
1903,REP002,images/REP002.jpg,Town,Town
1904,REP003,images/REP003.jpg,Town,Town
1905,REP006,images/REP006.jpg,Town,Town
1906,REP001,images/REP001.jpg,Town,Town
1907,ADV012,images/ADV012.jpg,Adventurers,Other
1908,ADV042,images/ADV042.jpg,Adventurers,Other
1909,22447,images/22447.jpg,Scala,Other
1910,22356,images/22356.jpg,Scala,Other
1911,22358,images/22358.jpg,Scala,Other
1912,SW0980,images/SW0980.jpg,Star Wars,Star Wars
1913,ADV023,images/ADV023.jpg,Adventurers,Other
1914,ADV043,images/ADV043.jpg,Adventurers,Other
1915,SHELL008,images/SHELL008.jpg,Town,Town
1916,SHELL009,images/SHELL009.jpg,Town,Town
1917,SHELL006,images/SHELL006.jpg,Town,Town
1918,SHELL007,images/SHELL007.jpg,Town,Town
1919,TWN001,images/TWN001.jpg,Town,Town
1920,SPP002,images/SPP002.jpg,Town,Town
1921,SPP003,images/SPP003.jpg,Town,Town
1922,SPP005,images/SPP005.jpg,Town,Town
1923,SPP006,images/SPP006.jpg,Town,Town
1924,SPP001,images/SPP001.jpg,Town,Town
1925,SPP016,images/SPP016.jpg,Town,Town
1926,SPP015,images/SPP015.jpg,Town,Town
1927,SPP007,images/SPP007.jpg,Town,Town
1928,SPP008,images/SPP008.jpg,Town,Town
1929,SPP009,images/SPP009.jpg,Town,Town
1930,SPP011,images/SPP011.jpg,Town,Town
1931,SPP014,images/SPP014.jpg,Town,Town
1932,SPP012,images/SPP012.jpg,Town,Town
1933,RCK005,images/RCK005.jpg,Rock Raiders,Other
1934,TRN032,images/TRN032.jpg,Town,Town
1935,TRN033,images/TRN033.jpg,Town,Town
1936,TRN112,images/TRN112.jpg,Town,Town
1937,TECH019A,images/TECH019A.jpg,Technic,Other
1938,TECH001A,images/TECH001A.jpg,Technic,Other
1939,TECH023A,images/TECH023A.jpg,Technic,Other
1940,TECH022B,images/TECH022B.jpg,Technic,Other
1941,TECH022A,images/TECH022A.jpg,Technic,Other
1942,TWN025,images/TWN025.jpg,Town,Town
1943,TRN017,images/TRN017.jpg,Town,Town
1944,VER012,images/VER012.jpg,Town,Town
1945,SW0006,images/SW0006.jpg,Star Wars,Star Wars
1946,ADV002,images/ADV002.jpg,Adventurers,Other
1947,ARC002,images/ARC002.jpg,Town,Town
1948,ARC003,images/ARC003.jpg,Town,Town
1949,ARC004,images/ARC004.jpg,Town,Town
1950,ARC005,images/ARC005.jpg,Town,Town
1951,ARC006,images/ARC006.jpg,Town,Town
1952,ARC007,images/ARC007.jpg,Town,Town
1953,ARC008,images/ARC008.jpg,Town,Town
1954,ARC009,images/ARC009.jpg,Town,Town
1955,ARC001,images/ARC001.jpg,Town,Town
1956,STU013A,images/STU013A.jpg,Studios,Other
1957,RCK008,images/RCK008.jpg,Rock Raiders,Other
1958,SW0048,images/SW0048.jpg,Star Wars,Star Wars
1959,BELVFAIRY09,images/BELVFAIRY09.jpg,Belville,Belville
1960,BELVFAIRY03,images/BELVFAIRY03.jpg,Belville,Belville
1961,BELVFAIRY01,images/BELVFAIRY01.jpg,Belville,Belville
1962,BELVFAIRY06,images/BELVFAIRY06.jpg,Belville,Belville
1963,BELVFEMALE26,images/BELVFEMALE26.jpg,Belville,Belville
1964,BELVFEMALE41,images/BELVFEMALE41.jpg,Belville,Belville
1965,BELVFEMALE49,images/BELVFEMALE49.jpg,Belville,Belville
1966,BELVMALE13,images/BELVMALE13.jpg,Belville,Belville
1967,SW0002,images/SW0002.jpg,Star Wars,Star Wars
1968,SW0010,images/SW0010.jpg,Star Wars,Star Wars
1969,STU001,images/STU001.jpg,Studios,Other
1970,SW0011,images/SW0011.jpg,Star Wars,Star Wars
1971,RCK006,images/RCK006.jpg,Rock Raiders,Other
1972,CON006,images/CON006.jpg,Town,Town
1973,CON003,images/CON003.jpg,Town,Town
1974,CON001,images/CON001.jpg,Town,Town
1975,STU002,images/STU002.jpg,Studios,Other
1976,RCK007,images/RCK007.jpg,Rock Raiders,Other
1977,RCK010,images/RCK010.jpg,Rock Raiders,Other
1978,31231PB05,images/31231PB05.jpg,DUPLO,DUPLO
1979,31232PB02,images/31232PB02.jpg,DUPLO,DUPLO
1980,4555PB182,images/4555PB182.jpg,DUPLO,DUPLO
1981,4555PB139,images/4555PB139.jpg,DUPLO,DUPLO
1982,4555PB037,images/4555PB037.jpg,DUPLO,DUPLO
1983,4555PB026,images/4555PB026.jpg,DUPLO,DUPLO
1984,4555PB101,images/4555PB101.jpg,DUPLO,DUPLO
1985,4555PB042,images/4555PB042.jpg,DUPLO,DUPLO
1986,4555PB138,images/4555PB138.jpg,DUPLO,DUPLO
1987,4555PB091,images/4555PB091.jpg,DUPLO,DUPLO
1988,4555PB259,images/4555PB259.jpg,DUPLO,DUPLO
1989,4555PB096,images/4555PB096.jpg,DUPLO,DUPLO
1990,4555PB095,images/4555PB095.jpg,DUPLO,DUPLO
1991,4555PB109,images/4555PB109.jpg,DUPLO,DUPLO
1992,SW0041,images/SW0041.jpg,Star Wars,Star Wars
1993,EXT019,images/EXT019.jpg,Town,Town
1994,STU010,images/STU010.jpg,Studios,Other
1995,FIRE006,images/FIRE006.jpg,Town,Town
1996,FIRE001,images/FIRE001.jpg,Town,Town
1997,FIRE002,images/FIRE002.jpg,Town,Town
1998,TWN038,images/TWN038.jpg,Town,Town
1999,FIRE003,images/FIRE003.jpg,Town,Town
2000,TWN006,images/TWN006.jpg,Town,Town
2001,FIRE008,images/FIRE008.jpg,Town,Town
2002,FIRE007,images/FIRE007.jpg,Town,Town
2003,FIRE004,images/FIRE004.jpg,Town,Town
2004,FIREC014,images/FIREC014.jpg,Town,Town
2005,STU005,images/STU005.jpg,Studios,Other
2006,SW0013,images/SW0013.jpg,Star Wars,Star Wars
2007,SW0015,images/SW0015.jpg,Star Wars,Star Wars
2008,SW0014,images/SW0014.jpg,Star Wars,Star Wars
2009,SW0045,images/SW0045.jpg,Star Wars,Star Wars
2010,RCK009,images/RCK009.jpg,Rock Raiders,Other
2011,CAS248,images/CAS248.jpg,Castle,Castle
2012,CAS046,images/CAS046.jpg,Castle,Castle
2013,CAS046CM,images/CAS046CM.jpg,Castle,Castle
2014,CAS041,images/CAS041.jpg,Castle,Castle
2015,CAS043,images/CAS043.jpg,Castle,Castle
2016,CAS279,images/CAS279.jpg,Castle,Castle
2017,CAS202,images/CAS202.jpg,Castle,Castle
2018,CAS035,images/CAS035.jpg,Castle,Castle
2019,CAS037,images/CAS037.jpg,Castle,Castle
2020,CAS036,images/CAS036.jpg,Castle,Castle
2021,CAS246,images/CAS246.jpg,Castle,Castle
2022,CAS039,images/CAS039.jpg,Castle,Castle
2023,CAS247,images/CAS247.jpg,Castle,Castle
2024,CAS034,images/CAS034.jpg,Castle,Castle
2025,CAS033,images/CAS033.jpg,Castle,Castle
2026,CAS042,images/CAS042.jpg,Castle,Castle
2027,CAS044,images/CAS044.jpg,Castle,Castle
2028,CAS045,images/CAS045.jpg,Castle,Castle
2029,TEL003,images/TEL003.jpg,Town,Town
2030,TEL002,images/TEL002.jpg,Town,Town
2031,SOC006,images/SOC006.jpg,Town,Town
2032,ADV005,images/ADV005.jpg,Adventurers,Other
2033,SW0020,images/SW0020.jpg,Star Wars,Star Wars
2034,SW0044,images/SW0044.jpg,Star Wars,Star Wars
2035,MCK001,images/MCK001.jpg,Disney,Disney
2036,MCK002,images/MCK002.jpg,Disney,Disney
2037,MCK003,images/MCK003.jpg,Disney,Disney
2038,ADV014,images/ADV014.jpg,Adventurers,Other
2039,MCK004,images/MCK004.jpg,Disney,Disney
2040,ADV019,images/ADV019.jpg,Adventurers,Other
2041,ADV020,images/ADV020.jpg,Adventurers,Other
2042,SW0022,images/SW0022.jpg,Star Wars,Star Wars
2043,CAS203,images/CAS203.jpg,Ninja,Other
2044,CAS212,images/CAS212.jpg,Ninja,Other
2045,CAS211,images/CAS211.jpg,Ninja,Other
2046,CAS210,images/CAS210.jpg,Ninja,Other
2047,CAS209,images/CAS209.jpg,Ninja,Other
2048,CAS206,images/CAS206.jpg,Ninja,Other
2049,CON005,images/CON005.jpg,Town,Town
2050,CON002,images/CON002.jpg,Town,Town
2051,STU009,images/STU009.jpg,Studios,Other
2052,ADV018,images/ADV018.jpg,Adventurers,Other
2053,PLN104,images/PLN104.jpg,Town,Town
2054,SOC004,images/SOC004.jpg,Sports,Sports
2055,PLN095,images/PLN095.jpg,Town,Town
2056,SOC007,images/SOC007.jpg,Sports,Sports
2057,SOC005,images/SOC005.jpg,Sports,Sports
2058,PLN165,images/PLN165.jpg,Town,Town
2059,PLN094,images/PLN094.jpg,Town,Town
2060,COP041,images/COP041.jpg,Town,Town
2061,COP040,images/COP040.jpg,Town,Town
2062,BABY006,images/BABY006.jpg,Primo,Other
2063,BABY007,images/BABY007.jpg,Primo,Other
2064,BABY024,images/BABY024.jpg,Primo,Other
2065,SW0026,images/SW0026.jpg,Star Wars,Star Wars
2066,TWN002,images/TWN002.jpg,Town,Town
2067,TWN008,images/TWN008.jpg,Town,Town
2068,RAC020,images/RAC020.jpg,Town,Town
2069,TWN009,images/TWN009.jpg,Town,Town
2070,TWN010,images/TWN010.jpg,Town,Town
2071,TWN005A,images/TWN005A.jpg,Town,Town
2072,RAC008,images/RAC008.jpg,Town,Town
2073,SW0030,images/SW0030.jpg,Star Wars,Star Wars
2074,SW0031,images/SW0031.jpg,Star Wars,Star Wars
2075,SW0032,images/SW0032.jpg,Star Wars,Star Wars
2076,RSQ011,images/RSQ011.jpg,Town,Town
2077,RSQ015,images/RSQ015.jpg,Town,Town
2078,HOL008,images/HOL008.jpg,Holiday & Event,Holiday & Event
2079,23048,images/23048.jpg,Scala,Other
2080,23047B,images/23047B.jpg,Scala,Other
2081,23049,images/23049.jpg,Scala,Other
2082,23047A,images/23047A.jpg,Scala,Other
2083,SCAFEMA05B,images/SCAFEMA05B.jpg,Scala,Other
2084,22684,images/22684.jpg,Scala,Other
2085,SOC001,images/SOC001.jpg,Town,Town
2086,GEN009,images/GEN009.jpg,Castle,Castle
2087,SOC046,images/SOC046.jpg,Sports,Sports
2088,SOC044,images/SOC044.jpg,Sports,Sports
2089,SOC009,images/SOC009.jpg,Sports,Sports
2090,SOC092,images/SOC092.jpg,Sports,Sports
2091,SOC151,images/SOC151.jpg,Sports,Sports
2092,SOC059,images/SOC059.jpg,Sports,Sports
2093,SOC022,images/SOC022.jpg,Sports,Sports
2094,SOC016,images/SOC016.jpg,Sports,Sports
2095,SOC149,images/SOC149.jpg,Sports,Sports
2096,SOC034,images/SOC034.jpg,Sports,Sports
2097,SOC028,images/SOC028.jpg,Sports,Sports
2098,SOC010,images/SOC010.jpg,Sports,Sports
2099,SOC035,images/SOC035.jpg,Sports,Sports
2100,SOC003,images/SOC003.jpg,Sports,Sports
2101,SOC043,images/SOC043.jpg,Sports,Sports
2102,SOC023,images/SOC023.jpg,Sports,Sports
2103,SOC017,images/SOC017.jpg,Sports,Sports
2104,SOC150,images/SOC150.jpg,Sports,Sports
2105,SOC096,images/SOC096.jpg,Sports,Sports
2106,SOC047,images/SOC047.jpg,Sports,Sports
2107,SOC029,images/SOC029.jpg,Sports,Sports
2108,SOC008,images/SOC008.jpg,Sports,Sports
2109,SOC015,images/SOC015.jpg,Sports,Sports
2110,SOC021,images/SOC021.jpg,Sports,Sports
2111,SOC027,images/SOC027.jpg,Sports,Sports
2112,SOC039,images/SOC039.jpg,Sports,Sports
2113,SOC103,images/SOC103.jpg,Sports,Sports
2114,SOC104,images/SOC104.jpg,Sports,Sports
2115,SOC105,images/SOC105.jpg,Sports,Sports
2116,SOC169,images/SOC169.jpg,Sports,Sports
2117,SOC170,images/SOC170.jpg,Sports,Sports
2118,SOC011,images/SOC011.jpg,Sports,Sports
2119,SOC018,images/SOC018.jpg,Sports,Sports
2120,SOC024,images/SOC024.jpg,Sports,Sports
2121,SOC030,images/SOC030.jpg,Sports,Sports
2122,SOC036,images/SOC036.jpg,Sports,Sports
2123,SOC040,images/SOC040.jpg,Sports,Sports
2124,SOC012,images/SOC012.jpg,Sports,Sports
2125,SOC019,images/SOC019.jpg,Sports,Sports
2126,SOC025,images/SOC025.jpg,Sports,Sports
2127,SOC031,images/SOC031.jpg,Sports,Sports
2128,SOC041,images/SOC041.jpg,Sports,Sports
2129,SOC013,images/SOC013.jpg,Sports,Sports
2130,SOC020,images/SOC020.jpg,Sports,Sports
2131,SOC026,images/SOC026.jpg,Sports,Sports
2132,SOC032,images/SOC032.jpg,Sports,Sports
2133,SOC042,images/SOC042.jpg,Sports,Sports
2134,SPP017,images/SPP017.jpg,Town,Town
2135,TECH033A,images/TECH033A.jpg,Technic,Other
2136,TECH035A,images/TECH035A.jpg,Technic,Other
2137,TECH027A,images/TECH027A.jpg,Technic,Other
2138,TECH034A,images/TECH034A.jpg,Technic,Other
2139,TECH032,images/TECH032.jpg,Technic,Other
2140,TWN004,images/TWN004.jpg,Town,Town
2141,SOC048,images/SOC048.jpg,Town,Town
2142,CC4066,images/CC4066.jpg,Studios,Other
2143,CC4064,images/CC4064.jpg,Studios,Other
2144,HP008,images/HP008.jpg,Harry Potter,Harry Potter
2145,SW0979,images/SW0979.jpg,Star Wars,Star Wars
2146,CC4061,images/CC4061.jpg,Studios,Other
2147,JS017,images/JS017.jpg,For Juniors,Other
2148,JS011,images/JS011.jpg,For Juniors,Other
2149,SW0065,images/SW0065.jpg,Star Wars,Star Wars
2150,BELVFEMALE57,images/BELVFEMALE57.jpg,Belville,Belville
2151,BELVFEMALE40,images/BELVFEMALE40.jpg,Belville,Belville
2152,BELVFEMALE32,images/BELVFEMALE32.jpg,Belville,Belville
2153,BELVFEMALE31,images/BELVFEMALE31.jpg,Belville,Belville
2154,STU011,images/STU011.jpg,Studios,Other
2155,ALP001,images/ALP001.jpg,Alpha Team,Other
2156,CC4063,images/CC4063.jpg,Studios,Other
2157,CC4058,images/CC4058.jpg,Studios,Other
2158,PI002,images/PI002.jpg,Pirates,Pirates
2159,ALP002,images/ALP002.jpg,Alpha Team,Other
2160,30599PB01,images/30599PB01.jpg,Racers,Other
2161,ALP003,images/ALP003.jpg,Alpha Team,Other
2162,ALP004,images/ALP004.jpg,Alpha Team,Other
2163,HP040,images/HP040.jpg,Harry Potter,Harry Potter
2164,31310PB01,images/31310PB01.jpg,DUPLO,DUPLO
2165,31312PB01,images/31312PB01.jpg,DUPLO,DUPLO
2166,31310PB02,images/31310PB02.jpg,DUPLO,DUPLO
2167,31312PB02,images/31312PB02.jpg,DUPLO,DUPLO
2168,31310PB03,images/31310PB03.jpg,DUPLO,DUPLO
2169,31312PB04,images/31312PB04.jpg,DUPLO,DUPLO
2170,31310PB04,images/31310PB04.jpg,DUPLO,DUPLO
2171,31312PB03,images/31312PB03.jpg,DUPLO,DUPLO
2172,6453PB012,images/6453PB012.jpg,DUPLO,DUPLO
2173,6453PB007,images/6453PB007.jpg,DUPLO,DUPLO
2174,6453PB028,images/6453PB028.jpg,DUPLO,DUPLO
2175,6453PB017,images/6453PB017.jpg,DUPLO,DUPLO
2176,31181PB01,images/31181PB01.jpg,DUPLO,DUPLO
2177,4555PB189,images/4555PB189.jpg,DUPLO,DUPLO
2178,4555PB006,images/4555PB006.jpg,DUPLO,DUPLO
2179,4555PB092,images/4555PB092.jpg,DUPLO,DUPLO
2180,4555PB044,images/4555PB044.jpg,DUPLO,DUPLO
2181,4555PB067,images/4555PB067.jpg,DUPLO,DUPLO
2182,4555PB141,images/4555PB141.jpg,DUPLO,DUPLO
2183,4555PB150,images/4555PB150.jpg,DUPLO,DUPLO
2184,4555PB202,images/4555PB202.jpg,DUPLO,DUPLO
2185,4555PB030,images/4555PB030.jpg,DUPLO,DUPLO
2186,4555PB188,images/4555PB188.jpg,DUPLO,DUPLO
2187,4555PB074,images/4555PB074.jpg,DUPLO,DUPLO
2188,4555PB056,images/4555PB056.jpg,DUPLO,DUPLO
2189,4555PB070,images/4555PB070.jpg,DUPLO,DUPLO
2190,4555PB065,images/4555PB065.jpg,DUPLO,DUPLO
2191,4555PB083,images/4555PB083.jpg,DUPLO,DUPLO
2192,BTB006,images/BTB006.jpg,DUPLO,DUPLO
2193,BTB010,images/BTB010.jpg,DUPLO,DUPLO
2194,BTB012,images/BTB012.jpg,DUPLO,DUPLO
2195,30598PB07,images/30598PB07.jpg,Racers,Other
2196,STU010A,images/STU010A.jpg,Studios,Other
2197,JS001,images/JS001.jpg,For Juniors,Other
2198,JS007,images/JS007.jpg,For Juniors,Other
2199,ALP005,images/ALP005.jpg,Alpha Team,Other
2200,30598PB01,images/30598PB01.jpg,Racers,Other
2201,30598PB06,images/30598PB06.jpg,Racers,Other
2202,30598PB08,images/30598PB08.jpg,Racers,Other
2203,WC4060,images/WC4060.jpg,Studios,Other
2204,HP004,images/HP004.jpg,Harry Potter,Harry Potter
2205,HP005,images/HP005.jpg,Harry Potter,Harry Potter
2206,HP036,images/HP036.jpg,Harry Potter,Harry Potter
2207,HP035,images/HP035.jpg,Harry Potter,Harry Potter
2208,HP002,images/HP002.jpg,Harry Potter,Harry Potter
2209,HP003,images/HP003.jpg,Harry Potter,Harry Potter
2210,HP001,images/HP001.jpg,Harry Potter,Harry Potter
2211,HP016,images/HP016.jpg,Harry Potter,Harry Potter
2212,SW0040,images/SW0040.jpg,Star Wars,Star Wars
2213,SW0042,images/SW0042.jpg,Star Wars,Star Wars
2214,SW0036,images/SW0036.jpg,Star Wars,Star Wars
2215,SW0035,images/SW0035.jpg,Star Wars,Star Wars
2216,JS028,images/JS028.jpg,For Juniors,Other
2217,JS009,images/JS009.jpg,For Juniors,Other
2218,JS013,images/JS013.jpg,For Juniors,Other
2219,JS002,images/JS002.jpg,For Juniors,Other
2220,JS004,images/JS004.jpg,For Juniors,Other
2221,JS015,images/JS015.jpg,For Juniors,Other
2222,CRE002,images/CRE002.jpg,For Juniors,Other
2223,CRE006,images/CRE006.jpg,For Juniors,Other
2224,LOM013,images/LOM013.jpg,Space,Space
2225,LOM014,images/LOM014.jpg,Space,Space
2226,LOM015,images/LOM015.jpg,Space,Space
2227,LOM016,images/LOM016.jpg,Space,Space
2228,LOM017,images/LOM017.jpg,Space,Space
2229,LOM003A,images/LOM003A.jpg,Space,Space
2230,LOM004,images/LOM004.jpg,Space,Space
2231,LOM005,images/LOM005.jpg,Space,Space
2232,LOM018,images/LOM018.jpg,Space,Space
2233,LOM006,images/LOM006.jpg,Space,Space
2234,LOM007,images/LOM007.jpg,Space,Space
2235,LOM008,images/LOM008.jpg,Space,Space
2236,LOM009,images/LOM009.jpg,Space,Space
2237,LOM001,images/LOM001.jpg,Space,Space
2238,LOM002,images/LOM002.jpg,Space,Space
2239,LOM010,images/LOM010.jpg,Space,Space
2240,LOM011,images/LOM011.jpg,Space,Space
2241,LOM012,images/LOM012.jpg,Space,Space
2242,30598PB04,images/30598PB04.jpg,Racers,Other
2243,30599PB07,images/30599PB07.jpg,Racers,Other
2244,STU008,images/STU008.jpg,Studios,Other
2245,STU016,images/STU016.jpg,Studios,Other
2246,CC4065,images/CC4065.jpg,Studios,Other
2247,CRE004,images/CRE004.jpg,For Juniors,Other
2248,CRE003,images/CRE003.jpg,For Juniors,Other
2249,STU006,images/STU006.jpg,Studios,Other
2250,STU012,images/STU012.jpg,Studios,Other
2251,TRN003,images/TRN003.jpg,Town,Town
2252,ALP008,images/ALP008.jpg,Alpha Team,Other
2253,ALP006,images/ALP006.jpg,Alpha Team,Other
2254,TWN022,images/TWN022.jpg,Town,Town
2255,OVR035,images/OVR035.jpg,Town,Town
2256,HP010,images/HP010.jpg,Harry Potter,Harry Potter
2257,JS016,images/JS016.jpg,For Juniors,Other
2258,JS012,images/JS012.jpg,For Juniors,Other
2259,JS005,images/JS005.jpg,For Juniors,Other
2260,BABY021,images/BABY021.jpg,Primo,Other
2261,BABY019,images/BABY019.jpg,Primo,Other
2262,BABY022,images/BABY022.jpg,Primo,Other
2263,HP011,images/HP011.jpg,Harry Potter,Harry Potter
2264,HP012,images/HP012.jpg,Harry Potter,Harry Potter
2265,30599PB06,images/30599PB06.jpg,Racers,Other
2266,GEN003,images/GEN003.jpg,Studios,Other
2267,ALP009,images/ALP009.jpg,Alpha Team,Other
2268,JS003,images/JS003.jpg,For Juniors,Other
2269,JS010,images/JS010.jpg,For Juniors,Other
2270,JS018,images/JS018.jpg,For Juniors,Other
2271,30599PB05,images/30599PB05.jpg,Racers,Other
2272,HP006,images/HP006.jpg,Harry Potter,Harry Potter
2273,HP034,images/HP034.jpg,Harry Potter,Harry Potter
2274,HP007,images/HP007.jpg,Harry Potter,Harry Potter
2275,HP009,images/HP009.jpg,Harry Potter,Harry Potter
2276,SCAFEMY03,images/SCAFEMY03.jpg,Scala,Other
2277,SCAFEMY07,images/SCAFEMY07.jpg,Scala,Other
2278,30598PB03,images/30598PB03.jpg,Racers,Other
2279,30598PB02,images/30598PB02.jpg,Racers,Other
2280,30598PB05,images/30598PB05.jpg,Racers,Other
2281,SOC097,images/SOC097.jpg,Sports,Sports
2282,SOC051,images/SOC051.jpg,Sports,Sports
2283,SOC053,images/SOC053.jpg,Sports,Sports
2284,SOC050,images/SOC050.jpg,Sports,Sports
2285,SOC052,images/SOC052.jpg,Sports,Sports
2286,SOC054,images/SOC054.jpg,Sports,Sports
2287,30599PB04,images/30599PB04.jpg,Racers,Other
2288,HP015,images/HP015.jpg,Harry Potter,Harry Potter
2289,STU003,images/STU003.jpg,Studios,Other
2290,30599PB02,images/30599PB02.jpg,Racers,Other
2291,ALP007,images/ALP007.jpg,Alpha Team,Other
2292,CRE001,images/CRE001.jpg,For Juniors,Other
2293,CRE005,images/CRE005.jpg,For Juniors,Other
2294,30599PB03,images/30599PB03.jpg,Racers,Other
2295,SW0038,images/SW0038.jpg,Star Wars,Star Wars
2296,JS019,images/JS019.jpg,For Juniors,Other
2297,SW0100,images/SW0100.jpg,Star Wars,Star Wars
2298,SW0099,images/SW0099.jpg,Star Wars,Star Wars
2299,SP061,images/SP061.jpg,Space,Space
2300,SP062,images/SP062.jpg,Space,Space
2301,JS008,images/JS008.jpg,For Juniors,Other
2302,BELVBABY01,images/BELVBABY01.jpg,Belville,Belville
2303,BELVBABY02,images/BELVBABY02.jpg,Belville,Belville
2304,BELVFAIRY09A,images/BELVFAIRY09A.jpg,Belville,Belville
2305,BELVFEMALE08,images/BELVFEMALE08.jpg,Belville,Belville
2306,BELVFEMALE04,images/BELVFEMALE04.jpg,Belville,Belville
2307,BELVFEMALE07,images/BELVFEMALE07.jpg,Belville,Belville
2308,BELVFEMALE09,images/BELVFEMALE09.jpg,Belville,Belville
2309,BELVFEMALE02,images/BELVFEMALE02.jpg,Belville,Belville
2310,BELVMALE01,images/BELVMALE01.jpg,Belville,Belville
2311,BELVMALE02,images/BELVMALE02.jpg,Belville,Belville
2312,CAS254,images/CAS254.jpg,Castle,Castle
2313,CAS253,images/CAS253.jpg,Castle,Castle
2314,CAS204,images/CAS204.jpg,Castle,Castle
2315,RAC099,images/RAC099.jpg,Racers,Other
2316,SW0054,images/SW0054.jpg,Star Wars,Star Wars
2317,CAS217,images/CAS217.jpg,Castle,Castle
2318,CAS218,images/CAS218.jpg,Castle,Castle
2319,ALP025,images/ALP025.jpg,Alpha Team,Other
2320,ALP023,images/ALP023.jpg,Alpha Team,Other
2321,ALP015,images/ALP015.jpg,Alpha Team,Other
2322,SW0058,images/SW0058.jpg,Star Wars,Star Wars
2323,TRN075,images/TRN075.jpg,Train,Other
2324,SW0060,images/SW0060.jpg,Star Wars,Star Wars
2325,JS022,images/JS022.jpg,For Juniors,Other
2326,JS023,images/JS023.jpg,For Juniors,Other
2327,JS027,images/JS027.jpg,For Juniors,Other
2328,ALP016,images/ALP016.jpg,Alpha Team,Other
2329,ALP017A,images/ALP017A.jpg,Alpha Team,Other
2330,ALP034,images/ALP034.jpg,Alpha Team,Other
2331,HP017,images/HP017.jpg,Harry Potter,Harry Potter
2332,HP020,images/HP020.jpg,Harry Potter,Harry Potter
2333,SW0063,images/SW0063.jpg,Star Wars,Star Wars
2334,BTB008,images/BTB008.jpg,DUPLO,DUPLO
2335,6453PB003,images/6453PB003.jpg,DUPLO,DUPLO
2336,6453PB040,images/6453PB040.jpg,DUPLO,DUPLO
2337,6453PB009,images/6453PB009.jpg,DUPLO,DUPLO
2338,6453PB023,images/6453PB023.jpg,DUPLO,DUPLO
2339,6453PB008,images/6453PB008.jpg,DUPLO,DUPLO
2340,6453PB037,images/6453PB037.jpg,DUPLO,DUPLO
2341,6453PB036,images/6453PB036.jpg,DUPLO,DUPLO
2342,6453PB035,images/6453PB035.jpg,DUPLO,DUPLO
2343,6453PB020,images/6453PB020.jpg,DUPLO,DUPLO
2344,6453PB034,images/6453PB034.jpg,DUPLO,DUPLO
2345,6453PB021,images/6453PB021.jpg,DUPLO,DUPLO
2346,6453PB019,images/6453PB019.jpg,DUPLO,DUPLO
2347,31181PB02,images/31181PB02.jpg,DUPLO,DUPLO
2348,4555PB017,images/4555PB017.jpg,DUPLO,DUPLO
2349,4555PB175,images/4555PB175.jpg,DUPLO,DUPLO
2350,4555PB072,images/4555PB072.jpg,DUPLO,DUPLO
2351,4555PB104,images/4555PB104.jpg,DUPLO,DUPLO
2352,4555PB152,images/4555PB152.jpg,DUPLO,DUPLO
2353,4555PB022,images/4555PB022.jpg,DUPLO,DUPLO
2354,4555PB021,images/4555PB021.jpg,DUPLO,DUPLO
2355,4555PB134,images/4555PB134.jpg,DUPLO,DUPLO
2356,4555PB007,images/4555PB007.jpg,DUPLO,DUPLO
2357,4555PB005,images/4555PB005.jpg,DUPLO,DUPLO
2358,4555PB151,images/4555PB151.jpg,DUPLO,DUPLO
2359,4555PB251,images/4555PB251.jpg,DUPLO,DUPLO
2360,4555PB060,images/4555PB060.jpg,DUPLO,DUPLO
2361,4555PB090,images/4555PB090.jpg,DUPLO,DUPLO
2362,4555PB135,images/4555PB135.jpg,DUPLO,DUPLO
2363,4555PB059,images/4555PB059.jpg,DUPLO,DUPLO
2364,4555PB201,images/4555PB201.jpg,DUPLO,DUPLO
2365,4555PB206,images/4555PB206.jpg,DUPLO,DUPLO
2366,4555PB029,images/4555PB029.jpg,DUPLO,DUPLO
2367,4555PB051,images/4555PB051.jpg,DUPLO,DUPLO
2368,4555PB052,images/4555PB052.jpg,DUPLO,DUPLO
2369,4555PB028,images/4555PB028.jpg,DUPLO,DUPLO
2370,4555PB081,images/4555PB081.jpg,DUPLO,DUPLO
2371,4555PB137,images/4555PB137.jpg,DUPLO,DUPLO
2372,4555PB179,images/4555PB179.jpg,DUPLO,DUPLO
2373,4555PB031,images/4555PB031.jpg,DUPLO,DUPLO
2374,4555PB103,images/4555PB103.jpg,DUPLO,DUPLO
2375,4555PB054,images/4555PB054.jpg,DUPLO,DUPLO
2376,4555PB025,images/4555PB025.jpg,DUPLO,DUPLO
2377,4555PB193,images/4555PB193.jpg,DUPLO,DUPLO
2378,4555PB082,images/4555PB082.jpg,DUPLO,DUPLO
2379,4555PB041,images/4555PB041.jpg,DUPLO,DUPLO
2380,4555PB040,images/4555PB040.jpg,DUPLO,DUPLO
2381,4555PB034,images/4555PB034.jpg,DUPLO,DUPLO
2382,BTB011,images/BTB011.jpg,DUPLO,DUPLO
2383,TRN076,images/TRN076.jpg,Train,Other
2384,SW0050,images/SW0050.jpg,Star Wars,Star Wars
2385,RAC098,images/RAC098.jpg,Racers,Other
2386,ALP010,images/ALP010.jpg,Alpha Team,Other
2387,HRF001,images/HRF001.jpg,Studios,Other
2388,HRF002,images/HRF002.jpg,Studios,Other
2389,HP030,images/HP030.jpg,Harry Potter,Harry Potter
2390,HP078,images/HP078.jpg,Harry Potter,Harry Potter
2391,HP079,images/HP079.jpg,Harry Potter,Harry Potter
2392,SPD005A,images/SPD005A.jpg,Spider-Man,Other
2393,HP026,images/HP026.jpg,Harry Potter,Harry Potter
2394,HRF010,images/HRF010.jpg,Studios,Other
2395,HP033,images/HP033.jpg,Harry Potter,Harry Potter
2396,HP019,images/HP019.jpg,Harry Potter,Harry Potter
2397,HP025,images/HP025.jpg,Harry Potter,Harry Potter
2398,RAC089,images/RAC089.jpg,Racers,Other
2399,RAC096,images/RAC096.jpg,Racers,Other
2400,HRF012,images/HRF012.jpg,Studios,Other
2401,SW0046,images/SW0046.jpg,Star Wars,Star Wars
2402,WW023,images/WW023.jpg,Western,Other
2403,WW024,images/WW024.jpg,Western,Other
2404,JS020,images/JS020.jpg,For Juniors,Other
2405,JS026,images/JS026.jpg,For Juniors,Other
2406,JS021,images/JS021.jpg,For Juniors,Other
2407,JS025,images/JS025.jpg,For Juniors,Other
2408,SW0053,images/SW0053.jpg,Star Wars,Star Wars
2409,SW0057,images/SW0057.jpg,Star Wars,Star Wars
2410,HRF003,images/HRF003.jpg,Studios,Other
2411,HRF011,images/HRF011.jpg,Studios,Other
2412,RAC085,images/RAC085.jpg,Racers,Other
2413,SW0049,images/SW0049.jpg,Star Wars,Star Wars
2414,HP018,images/HP018.jpg,Harry Potter,Harry Potter
2415,SW0068,images/SW0068.jpg,Star Wars,Star Wars
2416,HRF004,images/HRF004.jpg,Studios,Other
2417,HP021,images/HP021.jpg,Harry Potter,Harry Potter
2418,CAS207,images/CAS207.jpg,Castle,Castle
2419,SPD004,images/SPD004.jpg,Spider-Man,Other
2420,RAC088,images/RAC088.jpg,Racers,Other
2421,RAC077,images/RAC077.jpg,Racers,Other
2422,41983,images/41983.jpg,Harry Potter,Harry Potter
2423,HRF007,images/HRF007.jpg,Studios,Other
2424,TRN077,images/TRN077.jpg,Town,Town
2425,SW0055,images/SW0055.jpg,Star Wars,Star Wars
2426,SW0055A,images/SW0055A.jpg,Star Wars,Star Wars
2427,SW0069,images/SW0069.jpg,Star Wars,Star Wars
2428,OCT046,images/OCT046.jpg,Town,Town
2429,RAC087,images/RAC087.jpg,Racers,Other
2430,RAC086,images/RAC086.jpg,Racers,Other
2431,ALP020,images/ALP020.jpg,Alpha Team,Other
2432,ALP019,images/ALP019.jpg,Alpha Team,Other
2433,ALP018,images/ALP018.jpg,Alpha Team,Other
2434,TRN079,images/TRN079.jpg,Town,Town
2435,SW0067,images/SW0067.jpg,Star Wars,Star Wars
2436,SPD002,images/SPD002.jpg,Spider-Man,Other
2437,PI198,images/PI198.jpg,Pirates,Pirates
2438,PI199,images/PI199.jpg,Pirates,Pirates
2439,COP025,images/COP025.jpg,Town,Town
2440,HP028,images/HP028.jpg,Harry Potter,Harry Potter
2441,HP029,images/HP029.jpg,Harry Potter,Harry Potter
2442,HP022,images/HP022.jpg,Harry Potter,Harry Potter
2443,RAC078,images/RAC078.jpg,Racers,Other
2444,RAC017,images/RAC017.jpg,Racers,Other
2445,RAC016,images/RAC016.jpg,Racers,Other
2446,RAC021,images/RAC021.jpg,Racers,Other
2447,RAC007,images/RAC007.jpg,Racers,Other
2448,RAC014,images/RAC014.jpg,Racers,Other
2449,RAC013,images/RAC013.jpg,Racers,Other
2450,ALP012,images/ALP012.jpg,Alpha Team,Other
2451,RAC082,images/RAC082.jpg,Racers,Other
2452,RAC079,images/RAC079.jpg,Racers,Other
2453,RAC084,images/RAC084.jpg,Racers,Other
2454,TRN081,images/TRN081.jpg,Train,Other
2455,TRN080,images/TRN080.jpg,Train,Other
2456,JS029,images/JS029.jpg,For Juniors,Other
2457,JS014,images/JS014.jpg,For Juniors,Other
2458,HP032,images/HP032.jpg,Harry Potter,Harry Potter
2459,SW0047,images/SW0047.jpg,Star Wars,Star Wars
2460,CC4456,images/CC4456.jpg,Sports,Sports
2461,CC4455,images/CC4455.jpg,Sports,Sports
2462,SOC055,images/SOC055.jpg,Sports,Sports
2463,SOC067,images/SOC067.jpg,Sports,Sports
2464,SOC068,images/SOC068.jpg,Sports,Sports
2465,SOC069,images/SOC069.jpg,Sports,Sports
2466,SOC070,images/SOC070.jpg,Sports,Sports
2467,SOC061,images/SOC061.jpg,Sports,Sports
2468,SOC062,images/SOC062.jpg,Sports,Sports
2469,SOC063,images/SOC063.jpg,Sports,Sports
2470,SOC064,images/SOC064.jpg,Sports,Sports
2471,SOC065,images/SOC065.jpg,Sports,Sports
2472,SOC066,images/SOC066.jpg,Sports,Sports
2473,SOC089,images/SOC089.jpg,Sports,Sports
2474,SOC090,images/SOC090.jpg,Sports,Sports
2475,SOC137,images/SOC137.jpg,Sports,Sports
2476,SOC091,images/SOC091.jpg,Sports,Sports
2477,SOC086,images/SOC086.jpg,Sports,Sports
2478,SOC087,images/SOC087.jpg,Sports,Sports
2479,SOC135,images/SOC135.jpg,Sports,Sports
2480,SOC138,images/SOC138.jpg,Sports,Sports
2481,SOC136,images/SOC136.jpg,Sports,Sports
2482,SOC088,images/SOC088.jpg,Sports,Sports
2483,CC4443,images/CC4443.jpg,Sports,Sports
2484,CC4444,images/CC4444.jpg,Sports,Sports
2485,CC4448,images/CC4448.jpg,Sports,Sports
2486,CC4449,images/CC4449.jpg,Sports,Sports
2487,CC4453,images/CC4453.jpg,Sports,Sports
2488,CC4445,images/CC4445.jpg,Sports,Sports
2489,CC4450,images/CC4450.jpg,Sports,Sports
2490,CC4471,images/CC4471.jpg,Sports,Sports
2491,CC4472,images/CC4472.jpg,Sports,Sports
2492,CC4446,images/CC4446.jpg,Sports,Sports
2493,CC4447,images/CC4447.jpg,Sports,Sports
2494,CC4451,images/CC4451.jpg,Sports,Sports
2495,CC4452,images/CC4452.jpg,Sports,Sports
2496,SOC101,images/SOC101.jpg,Sports,Sports
2497,SOC102,images/SOC102.jpg,Sports,Sports
2498,SOC081,images/SOC081.jpg,Sports,Sports
2499,SOC082,images/SOC082.jpg,Sports,Sports
2500,SOC106,images/SOC106.jpg,Sports,Sports
2501,SOC140,images/SOC140.jpg,Sports,Sports
2502,SOC141,images/SOC141.jpg,Sports,Sports
2503,SOC083,images/SOC083.jpg,Sports,Sports
2504,SOC084,images/SOC084.jpg,Sports,Sports
2505,SOC085,images/SOC085.jpg,Sports,Sports
2506,SOC139,images/SOC139.jpg,Sports,Sports
2507,SOC094,images/SOC094.jpg,Sports,Sports
2508,SOC098,images/SOC098.jpg,Sports,Sports
2509,SOC071,images/SOC071.jpg,Sports,Sports
2510,SOC072,images/SOC072.jpg,Sports,Sports
2511,SOC073,images/SOC073.jpg,Sports,Sports
2512,SOC075,images/SOC075.jpg,Sports,Sports
2513,SOC076,images/SOC076.jpg,Sports,Sports
2514,SOC077,images/SOC077.jpg,Sports,Sports
2515,SOC078,images/SOC078.jpg,Sports,Sports
2516,SOC079,images/SOC079.jpg,Sports,Sports
2517,SOC080,images/SOC080.jpg,Sports,Sports
2518,CC4454,images/CC4454.jpg,Sports,Sports
2519,SPD001A,images/SPD001A.jpg,Spider-Man,Other
2520,RAC100,images/RAC100.jpg,Racers,Other
2521,RAC094,images/RAC094.jpg,Racers,Other
2522,SW0056,images/SW0056.jpg,Star Wars,Star Wars
2523,HP031,images/HP031.jpg,Harry Potter,Harry Potter
2524,SW0052,images/SW0052.jpg,Star Wars,Star Wars
2525,WC4457,images/WC4457.jpg,Town,Town
2526,HP023,images/HP023.jpg,Harry Potter,Harry Potter
2527,HRF005,images/HRF005.jpg,Studios,Other
2528,HP027,images/HP027.jpg,Harry Potter,Harry Potter
2529,HRF006,images/HRF006.jpg,Studios,Other
2530,IXS006A,images/IXS006A.jpg,Island Xtreme Stunts,Other
2531,IXS007,images/IXS007.jpg,Island Xtreme Stunts,Other
2532,IXS002,images/IXS002.jpg,Island Xtreme Stunts,Other
2533,IXS005,images/IXS005.jpg,Island Xtreme Stunts,Other
2534,IXS003,images/IXS003.jpg,Island Xtreme Stunts,Other
2535,IXS003A,images/IXS003A.jpg,Island Xtreme Stunts,Other
2536,IXS004,images/IXS004.jpg,Island Xtreme Stunts,Other
2537,IXS004A,images/IXS004A.jpg,Island Xtreme Stunts,Other
2538,IXS001,images/IXS001.jpg,Island Xtreme Stunts,Other
2539,SW0051,images/SW0051.jpg,Star Wars,Star Wars
2540,SW0059,images/SW0059.jpg,Star Wars,Star Wars
2541,RAC083,images/RAC083.jpg,Racers,Other
2542,RAC101,images/RAC101.jpg,Racers,Other
2543,SP060,images/SP060.jpg,Discovery,Other
2544,SW0102,images/SW0102.jpg,Star Wars,Star Wars
2545,SW0074,images/SW0074.jpg,Star Wars,Star Wars
2546,ADV027,images/ADV027.jpg,Adventurers,Other
2547,NBA056,images/NBA056.jpg,Sports,Sports
2548,NBA032,images/NBA032.jpg,Sports,Sports
2549,NBA048,images/NBA048.jpg,Sports,Sports
2550,NBA049,images/NBA049.jpg,Sports,Sports
2551,NBA055,images/NBA055.jpg,Sports,Sports
2552,NBA033,images/NBA033.jpg,Sports,Sports
2553,SW0061,images/SW0061.jpg,Star Wars,Star Wars
2554,BELVFEMALE06,images/BELVFEMALE06.jpg,Belville,Belville
2555,BELVFEMALE05,images/BELVFEMALE05.jpg,Belville,Belville
2556,BELVFEMALE10,images/BELVFEMALE10.jpg,Belville,Belville
2557,BELVBABY06,images/BELVBABY06.jpg,Belville,Belville
2558,BELVFEMALE27,images/BELVFEMALE27.jpg,Belville,Belville
2559,BELVFEMALE28,images/BELVFEMALE28.jpg,Belville,Belville
2560,BELVFEMALE29,images/BELVFEMALE29.jpg,Belville,Belville
2561,BELVFEMALE30,images/BELVFEMALE30.jpg,Belville,Belville
2562,BELVMALE03,images/BELVMALE03.jpg,Belville,Belville
2563,SW0076,images/SW0076.jpg,Star Wars,Star Wars
2564,RAC095,images/RAC095.jpg,Racers,Other
2565,SW0107,images/SW0107.jpg,Star Wars,Star Wars
2566,CHEF010,images/CHEF010.jpg,Town,Town
2567,4J003A,images/4J003A.jpg,For Juniors,Other
2568,SPD011,images/SPD011.jpg,Spider-Man,Other
2569,TWN020,images/TWN020.jpg,Town,Town
2570,TRN115,images/TRN115.jpg,Train,Other
2571,RAC097,images/RAC097.jpg,Racers,Other
2572,ADV033,images/ADV033.jpg,Adventurers,Other
2573,ADV035,images/ADV035.jpg,Adventurers,Other
2574,ADV026,images/ADV026.jpg,Adventurers,Other
2575,HP037,images/HP037.jpg,Harry Potter,Harry Potter
2576,ADV046,images/ADV046.jpg,Adventurers,Other
2577,ADV047,images/ADV047.jpg,Adventurers,Other
2578,ADV045,images/ADV045.jpg,Adventurers,Other
2579,44686,images/44686.jpg,DUPLO,DUPLO
2580,44332,images/44332.jpg,DUPLO,DUPLO
2581,44390,images/44390.jpg,DUPLO,DUPLO
2582,46038,images/46038.jpg,DUPLO,DUPLO
2583,44323,images/44323.jpg,DUPLO,DUPLO
2584,46088,images/46088.jpg,DUPLO,DUPLO
2585,44436,images/44436.jpg,DUPLO,DUPLO
2586,44316,images/44316.jpg,DUPLO,DUPLO
2587,46085,images/46085.jpg,DUPLO,DUPLO
2588,4555PB196,images/4555PB196.jpg,DUPLO,DUPLO
2589,4555PB153,images/4555PB153.jpg,DUPLO,DUPLO
2590,4555PB140,images/4555PB140.jpg,DUPLO,DUPLO
2591,4555PB197,images/4555PB197.jpg,DUPLO,DUPLO
2592,4555PB178,images/4555PB178.jpg,DUPLO,DUPLO
2593,4555PB198,images/4555PB198.jpg,DUPLO,DUPLO
2594,4555PB194,images/4555PB194.jpg,DUPLO,DUPLO
2595,4555PB136,images/4555PB136.jpg,DUPLO,DUPLO
2596,4555PB250,images/4555PB250.jpg,DUPLO,DUPLO
2597,4555PB143,images/4555PB143.jpg,DUPLO,DUPLO
2598,4555PB144,images/4555PB144.jpg,DUPLO,DUPLO
2599,4555PB147,images/4555PB147.jpg,DUPLO,DUPLO
2600,4555PB148,images/4555PB148.jpg,DUPLO,DUPLO
2601,ADV048,images/ADV048.jpg,Adventurers,Other
2602,SW0072,images/SW0072.jpg,Star Wars,Star Wars
2603,RAC018,images/RAC018.jpg,Racers,Other
2604,SW0075,images/SW0075.jpg,Star Wars,Star Wars
2605,SW0062,images/SW0062.jpg,Star Wars,Star Wars
2606,SW0078,images/SW0078.jpg,Star Wars,Star Wars
2607,SW0073,images/SW0073.jpg,Star Wars,Star Wars
2608,SPD006,images/SPD006.jpg,Spider-Man,Other
2609,RAC102,images/RAC102.jpg,Racers,Other
2610,HP038,images/HP038.jpg,Harry Potter,Harry Potter
2611,SW0071,images/SW0071.jpg,Star Wars,Star Wars
2612,ADV050,images/ADV050.jpg,Adventurers,Other
2613,ADV024,images/ADV024.jpg,Adventurers,Other
2614,ADV054,images/ADV054.jpg,Adventurers,Other
2615,ADV051,images/ADV051.jpg,Adventurers,Other
2616,ADV037,images/ADV037.jpg,Adventurers,Other
2617,SW0105,images/SW0105.jpg,Star Wars,Star Wars
2618,ADV036,images/ADV036.jpg,Adventurers,Other
2619,ADV025,images/ADV025.jpg,Adventurers,Other
2620,HP039,images/HP039.jpg,Harry Potter,Harry Potter
2621,SW0103,images/SW0103.jpg,Star Wars,Star Wars
2622,SW0079,images/SW0079.jpg,Star Wars,Star Wars
2623,ADV030,images/ADV030.jpg,Adventurers,Other
2624,SPD008,images/SPD008.jpg,Spider-Man,Other
2625,SPD013,images/SPD013.jpg,Spider-Man,Other
2626,JS024,images/JS024.jpg,For Juniors,Other
2627,TRN117,images/TRN117.jpg,Town,Town
2628,NBA050,images/NBA050.jpg,Sports,Sports
2629,NBA051,images/NBA051.jpg,Sports,Sports
2630,NBA052,images/NBA052.jpg,Sports,Sports
2631,NBA053,images/NBA053.jpg,Sports,Sports
2632,NBA054,images/NBA054.jpg,Sports,Sports
2633,NBA014,images/NBA014.jpg,Sports,Sports
2634,NBA010,images/NBA010.jpg,Sports,Sports
2635,NBA037,images/NBA037.jpg,Sports,Sports
2636,NBA024,images/NBA024.jpg,Sports,Sports
2637,NBA040,images/NBA040.jpg,Sports,Sports
2638,NBA013,images/NBA013.jpg,Sports,Sports
2639,NBA008,images/NBA008.jpg,Sports,Sports
2640,NBA009,images/NBA009.jpg,Sports,Sports
2641,NBA021,images/NBA021.jpg,Sports,Sports
2642,NBA002,images/NBA002.jpg,Sports,Sports
2643,NBA047,images/NBA047.jpg,Sports,Sports
2644,NBA017,images/NBA017.jpg,Sports,Sports
2645,NBA012,images/NBA012.jpg,Sports,Sports
2646,NBA036,images/NBA036.jpg,Sports,Sports
2647,NBA019,images/NBA019.jpg,Sports,Sports
2648,NBA001,images/NBA001.jpg,Sports,Sports
2649,NBA035,images/NBA035.jpg,Sports,Sports
2650,NBA006,images/NBA006.jpg,Sports,Sports
2651,NBA016,images/NBA016.jpg,Sports,Sports
2652,NBA043,images/NBA043.jpg,Sports,Sports
2653,NBA031,images/NBA031.jpg,Sports,Sports
2654,NBA045,images/NBA045.jpg,Sports,Sports
2655,NBA028,images/NBA028.jpg,Sports,Sports
2656,NBA027,images/NBA027.jpg,Sports,Sports
2657,NBA027A,images/NBA027A.jpg,Sports,Sports
2658,NBA030,images/NBA030.jpg,Sports,Sports
2659,NBA044,images/NBA044.jpg,Sports,Sports
2660,NBA044A,images/NBA044A.jpg,Sports,Sports
2661,NBA029,images/NBA029.jpg,Sports,Sports
2662,NBA041,images/NBA041.jpg,Sports,Sports
2663,NBA025,images/NBA025.jpg,Sports,Sports
2664,NBA026,images/NBA026.jpg,Sports,Sports
2665,NBA046,images/NBA046.jpg,Sports,Sports
2666,NBA042,images/NBA042.jpg,Sports,Sports
2667,NBA020,images/NBA020.jpg,Sports,Sports
2668,NBA005,images/NBA005.jpg,Sports,Sports
2669,NBA022,images/NBA022.jpg,Sports,Sports
2670,NBA034,images/NBA034.jpg,Sports,Sports
2671,NBA011,images/NBA011.jpg,Sports,Sports
2672,NBA018,images/NBA018.jpg,Sports,Sports
2673,NBA004,images/NBA004.jpg,Sports,Sports
2674,NBA003,images/NBA003.jpg,Sports,Sports
2675,NBA023,images/NBA023.jpg,Sports,Sports
2676,NBA015,images/NBA015.jpg,Sports,Sports
2677,NBA038,images/NBA038.jpg,Sports,Sports
2678,NBA007,images/NBA007.jpg,Sports,Sports
2679,NBA039,images/NBA039.jpg,Sports,Sports
2680,NCKLC012,images/NCKLC012.jpg,Town,Town
2681,ADV056,images/ADV056.jpg,Adventurers,Other
2682,SPD009,images/SPD009.jpg,Spider-Man,Other
2683,RAC081,images/RAC081.jpg,Racers,Other
2684,TRN002,images/TRN002.jpg,Train,Other
2685,TRN001,images/TRN001.jpg,Train,Other
2686,SPD007,images/SPD007.jpg,Spider-Man,Other
2687,ADV028,images/ADV028.jpg,Adventurers,Other
2688,ADV034,images/ADV034.jpg,Adventurers,Other
2689,ADV049,images/ADV049.jpg,Adventurers,Other
2690,SPD014,images/SPD014.jpg,Spider-Man,Other
2691,WC002,images/WC002.jpg,Town,Town
2692,4J002,images/4J002.jpg,For Juniors,Other
2693,WC001,images/WC001.jpg,Town,Town
2694,WC006,images/WC006.jpg,Town,Town
2695,WC008,images/WC008.jpg,Town,Town
2696,WC007,images/WC007.jpg,Town,Town
2697,WC004,images/WC004.jpg,Town,Town
2698,WC005,images/WC005.jpg,Town,Town
2699,WC009,images/WC009.jpg,Town,Town
2700,WC023,images/WC023.jpg,Town,Town
2701,BABY023,images/BABY023.jpg,Primo,Other
2702,BABY020,images/BABY020.jpg,Primo,Other
2703,BABY016,images/BABY016.jpg,Primo,Other
2704,45219C04,images/45219C04.jpg,Primo,Other
2705,45219C02,images/45219C02.jpg,Primo,Other
2706,45219C01,images/45219C01.jpg,Primo,Other
2707,45219C03,images/45219C03.jpg,Primo,Other
2708,SW0104,images/SW0104.jpg,Star Wars,Star Wars
2709,SW0070,images/SW0070.jpg,Star Wars,Star Wars
2710,RAC103,images/RAC103.jpg,Racers,Other
2711,RAC012,images/RAC012.jpg,Racers,Other
2712,RAC019,images/RAC019.jpg,Racers,Other
2713,RAC091,images/RAC091.jpg,Racers,Other
2714,RAC092,images/RAC092.jpg,Racers,Other
2715,RAC090,images/RAC090.jpg,Racers,Other
2716,RAC093,images/RAC093.jpg,Racers,Other
2717,TWN026,images/TWN026.jpg,Town,Town
2718,SPD010,images/SPD010.jpg,Spider-Man,Other
2719,ADV031,images/ADV031.jpg,Adventurers,Other
2720,ADV055,images/ADV055.jpg,Adventurers,Other
2721,GG019A,images/GG019A.jpg,Sports,Sports
2722,GG007,images/GG007.jpg,Sports,Sports
2723,GG010,images/GG010.jpg,Sports,Sports
2724,GG003,images/GG003.jpg,Sports,Sports
2725,GG004,images/GG004.jpg,Sports,Sports
2726,GG001,images/GG001.jpg,Sports,Sports
2727,GEN004,images/GEN004.jpg,Adventurers,Other
2728,GG006,images/GG006.jpg,Sports,Sports
2729,GG009,images/GG009.jpg,Sports,Sports
2730,GG002,images/GG002.jpg,Sports,Sports
2731,GG008,images/GG008.jpg,Sports,Sports
2732,GG005,images/GG005.jpg,Sports,Sports
2733,SW0101,images/SW0101.jpg,Star Wars,Star Wars
2734,SOC099,images/SOC099.jpg,Sports,Sports
2735,SPD001,images/SPD001.jpg,Spider-Man,Other
2736,SPD012,images/SPD012.jpg,Spider-Man,Other
2737,TRN116,images/TRN116.jpg,Town,Town
2738,SW0077,images/SW0077.jpg,Star Wars,Star Wars
2739,RAC080,images/RAC080.jpg,Racers,Other
2740,4J001,images/4J001.jpg,For Juniors,Other
2741,IXS008,images/IXS008.jpg,Island Xtreme Stunts,Other
2742,AIR021,images/AIR021.jpg,Town,Town
2743,WC025,images/WC025.jpg,Town,Town
2744,HP060,images/HP060.jpg,Harry Potter,Harry Potter
2745,ALP021,images/ALP021.jpg,Alpha Team,Other
2746,SPD023,images/SPD023.jpg,Spider-Man,Other
2747,ALP031,images/ALP031.jpg,Alpha Team,Other
2748,SPD024,images/SPD024.jpg,Spider-Man,Other
2749,BELVFEMALE62,images/BELVFEMALE62.jpg,Belville,Belville
2750,BELVFEMALE63,images/BELVFEMALE63.jpg,Belville,Belville
2751,BELVFEMALE65,images/BELVFEMALE65.jpg,Belville,Belville
2752,BELVFEMALE66,images/BELVFEMALE66.jpg,Belville,Belville
2753,BELVFEMALE64,images/BELVFEMALE64.jpg,Belville,Belville
2754,BELVFEMALE43,images/BELVFEMALE43.jpg,Belville,Belville
2755,BELVFEMALE48,images/BELVFEMALE48.jpg,Belville,Belville
2756,BELVMALE04,images/BELVMALE04.jpg,Belville,Belville
2757,BELVMALE16,images/BELVMALE16.jpg,Belville,Belville
2758,ALP024,images/ALP024.jpg,Alpha Team,Other
2759,SW0011A,images/SW0011A.jpg,Star Wars,Star Wars
2760,WC018,images/WC018.jpg,Town,Town
2761,WC019,images/WC019.jpg,Town,Town
2762,WC013,images/WC013.jpg,Town,Town
2763,WC017,images/WC017.jpg,Town,Town
2764,WC014,images/WC014.jpg,Town,Town
2765,WC012,images/WC012.jpg,Town,Town
2766,4J003,images/4J003.jpg,For Juniors,Other
2767,SW0012A,images/SW0012A.jpg,Star Wars,Star Wars
2768,SW0004A,images/SW0004A.jpg,Star Wars,Star Wars
2769,ALP026,images/ALP026.jpg,Alpha Team,Other
2770,HP046,images/HP046.jpg,Harry Potter,Harry Potter
2771,ALP032,images/ALP032.jpg,Alpha Team,Other
2772,WC015,images/WC015.jpg,Town,Town
2773,4J005,images/4J005.jpg,For Juniors,Other
2774,SPD016,images/SPD016.jpg,Spider-Man,Other
2775,SPD027,images/SPD027.jpg,Spider-Man,Other
2776,SPD026,images/SPD026.jpg,Spider-Man,Other
2777,SPD015,images/SPD015.jpg,Spider-Man,Other
2778,HP024,images/HP024.jpg,Harry Potter,Harry Potter
2779,HP053,images/HP053.jpg,Harry Potter,Harry Potter
2780,SW0143,images/SW0143.jpg,Star Wars,Star Wars
2781,DUPLOBOOTS,images/DUPLOBOOTS.jpg,DUPLO,DUPLO
2782,DUPLODIEGO,images/DUPLODIEGO.jpg,DUPLO,DUPLO
2783,DUPLODORA,images/DUPLODORA.jpg,DUPLO,DUPLO
2784,47205PB002,images/47205PB002.jpg,DUPLO,DUPLO
2785,47205PB011,images/47205PB011.jpg,DUPLO,DUPLO
2786,47205PB009,images/47205PB009.jpg,DUPLO,DUPLO
2787,47205PB005,images/47205PB005.jpg,DUPLO,DUPLO
2788,47205PB006,images/47205PB006.jpg,DUPLO,DUPLO
2789,47394PB064,images/47394PB064.jpg,DUPLO,DUPLO
2790,47394PB028,images/47394PB028.jpg,DUPLO,DUPLO
2791,47394PB039,images/47394PB039.jpg,DUPLO,DUPLO
2792,47394PB030,images/47394PB030.jpg,DUPLO,DUPLO
2793,47394PB013,images/47394PB013.jpg,DUPLO,DUPLO
2794,47394PB014,images/47394PB014.jpg,DUPLO,DUPLO
2795,47394PB012,images/47394PB012.jpg,DUPLO,DUPLO
2796,47394PB006,images/47394PB006.jpg,DUPLO,DUPLO
2797,47394PB007,images/47394PB007.jpg,DUPLO,DUPLO
2798,47394PB005,images/47394PB005.jpg,DUPLO,DUPLO
2799,47394PB076,images/47394PB076.jpg,DUPLO,DUPLO
2800,47394PB077,images/47394PB077.jpg,DUPLO,DUPLO
2801,47394PB061,images/47394PB061.jpg,DUPLO,DUPLO
2802,47394PB065,images/47394PB065.jpg,DUPLO,DUPLO
2803,47394PB016,images/47394PB016.jpg,DUPLO,DUPLO
2804,47394PB034,images/47394PB034.jpg,DUPLO,DUPLO
2805,47394PB024,images/47394PB024.jpg,DUPLO,DUPLO
2806,47394PB035,images/47394PB035.jpg,DUPLO,DUPLO
2807,47394PB002,images/47394PB002.jpg,DUPLO,DUPLO
2808,47394PB001,images/47394PB001.jpg,DUPLO,DUPLO
2809,47394PB041,images/47394PB041.jpg,DUPLO,DUPLO
2810,47394PB068,images/47394PB068.jpg,DUPLO,DUPLO
2811,47394PB023,images/47394PB023.jpg,DUPLO,DUPLO
2812,47394PB018,images/47394PB018.jpg,DUPLO,DUPLO
2813,47394PB027,images/47394PB027.jpg,DUPLO,DUPLO
2814,47394PB009,images/47394PB009.jpg,DUPLO,DUPLO
2815,47394PB011A,images/47394PB011A.jpg,DUPLO,DUPLO
2816,RAC022,images/RAC022.jpg,Racers,Other
2817,RAC023,images/RAC023.jpg,Racers,Other
2818,RAC024,images/RAC024.jpg,Racers,Other
2819,RAC025,images/RAC025.jpg,Racers,Other
2820,WC016,images/WC016.jpg,Town,Town
2821,WC024,images/WC024.jpg,Town,Town
2822,WC020,images/WC020.jpg,Town,Town
2823,ALP027,images/ALP027.jpg,Alpha Team,Other
2824,SW0110,images/SW0110.jpg,Star Wars,Star Wars
2825,SW0081,images/SW0081.jpg,Star Wars,Star Wars
2826,SW0111,images/SW0111.jpg,Star Wars,Star Wars
2827,SPD021,images/SPD021.jpg,Spider-Man,Other
2828,SPD022,images/SPD022.jpg,Spider-Man,Other
2829,HP059,images/HP059.jpg,Harry Potter,Harry Potter
2830,HP057,images/HP057.jpg,Harry Potter,Harry Potter
2831,HP041,images/HP041.jpg,Harry Potter,Harry Potter
2832,HP056,images/HP056.jpg,Harry Potter,Harry Potter
2833,HP051,images/HP051.jpg,Harry Potter,Harry Potter
2834,HP056A,images/HP056A.jpg,Harry Potter,Harry Potter
2835,HP054,images/HP054.jpg,Harry Potter,Harry Potter
2836,HP063,images/HP063.jpg,Harry Potter,Harry Potter
2837,HKY001,images/HKY001.jpg,Sports,Sports
2838,HKY002,images/HKY002.jpg,Sports,Sports
2839,HKY003,images/HKY003.jpg,Sports,Sports
2840,HKY004,images/HKY004.jpg,Sports,Sports
2841,HKY005,images/HKY005.jpg,Sports,Sports
2842,HKY006,images/HKY006.jpg,Sports,Sports
2843,HKY007,images/HKY007.jpg,Sports,Sports
2844,HKY008,images/HKY008.jpg,Sports,Sports
2845,PAR056,images/PAR056.jpg,Town,Town
2846,SW0108,images/SW0108.jpg,Star Wars,Star Wars
2847,WC010,images/WC010.jpg,Town,Town
2848,SW0035A,images/SW0035A.jpg,Star Wars,Star Wars
2849,SPD017,images/SPD017.jpg,Spider-Man,Other
2850,SPD018,images/SPD018.jpg,Spider-Man,Other
2851,SPD019,images/SPD019.jpg,Spider-Man,Other
2852,CAS262,images/CAS262.jpg,Castle,Castle
2853,CAS260,images/CAS260.jpg,Castle,Castle
2854,CAS258,images/CAS258.jpg,Castle,Castle
2855,CAS261,images/CAS261.jpg,Castle,Castle
2856,CAS263,images/CAS263.jpg,Castle,Castle
2857,CAS259,images/CAS259.jpg,Castle,Castle
2858,CAS256,images/CAS256.jpg,Castle,Castle
2859,CAS257,images/CAS257.jpg,Castle,Castle
2860,CAS264,images/CAS264.jpg,Castle,Castle
2861,SW0106,images/SW0106.jpg,Star Wars,Star Wars
2862,SW0019A,images/SW0019A.jpg,Star Wars,Star Wars
2863,SPD020,images/SPD020.jpg,Spider-Man,Other
2864,NBA058,images/NBA058.jpg,Sports,Sports
2865,NBA057,images/NBA057.jpg,Sports,Sports
2866,HKY011,images/HKY011.jpg,Sports,Sports
2867,HKY012,images/HKY012.jpg,Sports,Sports
2868,GG011,images/GG011.jpg,Sports,Sports
2869,GG012,images/GG012.jpg,Sports,Sports
2870,SOC152,images/SOC152.jpg,Sports,Sports
2871,SOC153,images/SOC153.jpg,Sports,Sports
2872,HP043,images/HP043.jpg,Harry Potter,Harry Potter
2873,SW0023A,images/SW0023A.jpg,Star Wars,Star Wars
2874,ALP029,images/ALP029.jpg,Alpha Team,Other
2875,ALP022,images/ALP022.jpg,Alpha Team,Other
2876,4J012,images/4J012.jpg,For Juniors,Other
2877,SPD031,images/SPD031.jpg,Spider-Man,Other
2878,HP048,images/HP048.jpg,Harry Potter,Harry Potter
2879,4J011,images/4J011.jpg,For Juniors,Other
2880,4J015,images/4J015.jpg,For Juniors,Other
2881,4J014,images/4J014.jpg,For Juniors,Other
2882,4J016,images/4J016.jpg,For Juniors,Other
2883,4J010,images/4J010.jpg,For Juniors,Other
2884,4J013,images/4J013.jpg,For Juniors,Other
2885,4J009,images/4J009.jpg,For Juniors,Other
2886,WC011,images/WC011.jpg,Town,Town
2887,4J007,images/4J007.jpg,For Juniors,Other
2888,4J017,images/4J017.jpg,For Juniors,Other
2889,4J008,images/4J008.jpg,For Juniors,Other
2890,SPD003,images/SPD003.jpg,Spider-Man,Other
2891,SW0113,images/SW0113.jpg,Star Wars,Star Wars
2892,HP042,images/HP042.jpg,Harry Potter,Harry Potter
2893,HP062,images/HP062.jpg,Harry Potter,Harry Potter
2894,HP050,images/HP050.jpg,Harry Potter,Harry Potter
2895,HP044,images/HP044.jpg,Harry Potter,Harry Potter
2896,HP049,images/HP049.jpg,Harry Potter,Harry Potter
2897,ALP028,images/ALP028.jpg,Alpha Team,Other
2898,SW0033A,images/SW0033A.jpg,Star Wars,Star Wars
2899,HP058,images/HP058.jpg,Harry Potter,Harry Potter
2900,HP055,images/HP055.jpg,Harry Potter,Harry Potter
2901,HP061,images/HP061.jpg,Harry Potter,Harry Potter
2902,SW0109,images/SW0109.jpg,Star Wars,Star Wars
2903,SPD029,images/SPD029.jpg,Spider-Man,Other
2904,HP045,images/HP045.jpg,Harry Potter,Harry Potter
2905,SW0080,images/SW0080.jpg,Star Wars,Star Wars
2906,4J004,images/4J004.jpg,For Juniors,Other
2907,SPD028,images/SPD028.jpg,Spider-Man,Other
2908,HP047,images/HP047.jpg,Harry Potter,Harry Potter
2909,HP052,images/HP052.jpg,Harry Potter,Harry Potter
2910,HKY009,images/HKY009.jpg,Sports,Sports
2911,HKY010,images/HKY010.jpg,Sports,Sports
2912,SPD030,images/SPD030.jpg,Spider-Man,Other
2913,PAR031B,images/PAR031B.jpg,Town,Town
2914,TRN004,images/TRN004.jpg,Town,Town
2915,4J006,images/4J006.jpg,For Juniors,Other
2916,AIR019,images/AIR019.jpg,Town,Town
2917,AIR020,images/AIR020.jpg,Town,Town
2918,HP072,images/HP072.jpg,Harry Potter,Harry Potter
2919,SW0120,images/SW0120.jpg,Star Wars,Star Wars
2920,SW0139,images/SW0139.jpg,Star Wars,Star Wars
2921,SW0121,images/SW0121.jpg,Star Wars,Star Wars
2922,SW0145,images/SW0145.jpg,Star Wars,Star Wars
2923,SW0147,images/SW0147.jpg,Star Wars,Star Wars
2924,SW0142,images/SW0142.jpg,Star Wars,Star Wars
2925,BAT002,images/BAT002.jpg,Batman I,Other
2926,BELVFAIRY07,images/BELVFAIRY07.jpg,Belville,Belville
2927,BELVFEMALE55,images/BELVFEMALE55.jpg,Belville,Belville
2928,BELVFEMALE39,images/BELVFEMALE39.jpg,Belville,Belville
2929,BELVFEMALE50,images/BELVFEMALE50.jpg,Belville,Belville
2930,BELVFEMALE54,images/BELVFEMALE54.jpg,Belville,Belville
2931,BELVFEMALE56,images/BELVFEMALE56.jpg,Belville,Belville
2932,BELVMALE14,images/BELVMALE14.jpg,Belville,Belville
2933,51636,images/51636.jpg,BIONICLE,Other
2934,51638,images/51638.jpg,BIONICLE,Other
2935,51640,images/51640.jpg,BIONICLE,Other
2936,51639,images/51639.jpg,BIONICLE,Other
2937,51637,images/51637.jpg,BIONICLE,Other
2938,51635,images/51635.jpg,BIONICLE,Other
2939,51991A,images/51991A.jpg,BIONICLE,Other
2940,51991B,images/51991B.jpg,BIONICLE,Other
2941,51991C,images/51991C.jpg,BIONICLE,Other
2942,51991D,images/51991D.jpg,BIONICLE,Other
2943,51991E2,images/51991E2.jpg,BIONICLE,Other
2944,51991E1,images/51991E1.jpg,BIONICLE,Other
2945,51991E,images/51991E.jpg,BIONICLE,Other
2946,51991F,images/51991F.jpg,BIONICLE,Other
2947,SW0136,images/SW0136.jpg,Star Wars,Star Wars
2948,CHEF011,images/CHEF011.jpg,Town,Town
2949,CHEF009,images/CHEF009.jpg,Town,Town
2950,CLIK002,images/CLIK002.jpg,Clikits,Other
2951,CLIK003,images/CLIK003.jpg,Clikits,Other
2952,CLIK001,images/CLIK001.jpg,Clikits,Other
2953,SW0127,images/SW0127.jpg,Star Wars,Star Wars
2954,SW0131,images/SW0131.jpg,Star Wars,Star Wars
2955,SW0126,images/SW0126.jpg,Star Wars,Star Wars
2956,SW0118,images/SW0118.jpg,Star Wars,Star Wars
2957,SW0128,images/SW0128.jpg,Star Wars,Star Wars
2958,SW0129,images/SW0129.jpg,Star Wars,Star Wars
2959,SW0130,images/SW0130.jpg,Star Wars,Star Wars
2960,CTY0015,images/CTY0015.jpg,Town,Town
2961,CTY0009,images/CTY0009.jpg,Town,Town
2962,CTY0014,images/CTY0014.jpg,Town,Town
2963,CTY0016,images/CTY0016.jpg,Town,Town
2964,CTY0010,images/CTY0010.jpg,Town,Town
2965,TWN023,images/TWN023.jpg,Town,Town
2966,SW0138,images/SW0138.jpg,Star Wars,Star Wars
2967,SW0123,images/SW0123.jpg,Star Wars,Star Wars
2968,SW0117,images/SW0117.jpg,Star Wars,Star Wars
2969,HP073A,images/HP073A.jpg,Harry Potter,Harry Potter
2970,ADV052,images/ADV052.jpg,Town,Town
2971,DIN009,images/DIN009.jpg,Dino Attack,Other
2972,DIN008,images/DIN008.jpg,Dino Attack,Other
2973,DIN002,images/DIN002.jpg,Dino Attack,Other
2974,DOC019,images/DOC019.jpg,Town,Town
2975,DOC038,images/DOC038.jpg,Town,Town
2976,DOC028,images/DOC028.jpg,Town,Town
2977,BTB005,images/BTB005.jpg,DUPLO,DUPLO
2978,47205PB001,images/47205PB001.jpg,DUPLO,DUPLO
2979,47205PB017,images/47205PB017.jpg,DUPLO,DUPLO
2980,47205PB007,images/47205PB007.jpg,DUPLO,DUPLO
2981,47205PB004,images/47205PB004.jpg,DUPLO,DUPLO
2982,47205PB003,images/47205PB003.jpg,DUPLO,DUPLO
2983,47394PB040,images/47394PB040.jpg,DUPLO,DUPLO
2984,47394PB015,images/47394PB015.jpg,DUPLO,DUPLO
2985,47394PB047,images/47394PB047.jpg,DUPLO,DUPLO
2986,47394PB054,images/47394PB054.jpg,DUPLO,DUPLO
2987,47394PB056,images/47394PB056.jpg,DUPLO,DUPLO
2988,47394PB057,images/47394PB057.jpg,DUPLO,DUPLO
2989,47394PB053,images/47394PB053.jpg,DUPLO,DUPLO
2990,47394PB055,images/47394PB055.jpg,DUPLO,DUPLO
2991,47394PB080,images/47394PB080.jpg,DUPLO,DUPLO
2992,47394PB066,images/47394PB066.jpg,DUPLO,DUPLO
2993,47394PB045,images/47394PB045.jpg,DUPLO,DUPLO
2994,47394PB052,images/47394PB052.jpg,DUPLO,DUPLO
2995,47394PB046,images/47394PB046.jpg,DUPLO,DUPLO
2996,47394PB051,images/47394PB051.jpg,DUPLO,DUPLO
2997,47394PB038,images/47394PB038.jpg,DUPLO,DUPLO
2998,47394PB063,images/47394PB063.jpg,DUPLO,DUPLO
2999,47394PB048,images/47394PB048.jpg,DUPLO,DUPLO
3000,47394PB082,images/47394PB082.jpg,DUPLO,DUPLO
3001,47394PB069,images/47394PB069.jpg,DUPLO,DUPLO
3002,47394PB044,images/47394PB044.jpg,DUPLO,DUPLO
3003,47394PB062,images/47394PB062.jpg,DUPLO,DUPLO
3004,47394PB043,images/47394PB043.jpg,DUPLO,DUPLO
3005,47394PB085A,images/47394PB085A.jpg,DUPLO,DUPLO
3006,47394PB079,images/47394PB079.jpg,DUPLO,DUPLO
3007,47394PB019,images/47394PB019.jpg,DUPLO,DUPLO
3008,47394PB029,images/47394PB029.jpg,DUPLO,DUPLO
3009,47394PB073,images/47394PB073.jpg,DUPLO,DUPLO
3010,TMS08,images/TMS08.jpg,DUPLO,DUPLO
3011,BTB002,images/BTB002.jpg,DUPLO,DUPLO
3012,BTB009,images/BTB009.jpg,DUPLO,DUPLO
3013,TMS12,images/TMS12.jpg,DUPLO,DUPLO
3014,TMS06,images/TMS06.jpg,DUPLO,DUPLO
3015,TMS10,images/TMS10.jpg,DUPLO,DUPLO
3016,BTB014,images/BTB014.jpg,DUPLO,DUPLO
3017,TMS09,images/TMS09.jpg,DUPLO,DUPLO
3018,SW0125,images/SW0125.jpg,Star Wars,Star Wars
3019,SW0124,images/SW0124.jpg,Star Wars,Star Wars
3020,RAC026,images/RAC026.jpg,Racers,Other
3021,FIREC022,images/FIREC022.jpg,Town,Town
3022,FIREC021,images/FIREC021.jpg,Town,Town
3023,CTY0003,images/CTY0003.jpg,Town,Town
3024,CTY0004,images/CTY0004.jpg,Town,Town
3025,CTY0024,images/CTY0024.jpg,Town,Town
3026,CTY0026,images/CTY0026.jpg,Town,Town
3027,CTY0022,images/CTY0022.jpg,Town,Town
3028,CTY0023,images/CTY0023.jpg,Town,Town
3029,CTY0020,images/CTY0020.jpg,Town,Town
3030,WC021,images/WC021.jpg,Town,Town
3031,SW0134,images/SW0134.jpg,Star Wars,Star Wars
3032,SW0073A,images/SW0073A.jpg,Star Wars,Star Wars
3033,HP066,images/HP066.jpg,Harry Potter,Harry Potter
3034,HP074,images/HP074.jpg,Harry Potter,Harry Potter
3035,HP075,images/HP075.jpg,Harry Potter,Harry Potter
3036,HP065,images/HP065.jpg,Harry Potter,Harry Potter
3037,SW0114,images/SW0114.jpg,Star Wars,Star Wars
3038,SW0122,images/SW0122.jpg,Star Wars,Star Wars
3039,INF002,images/INF002.jpg,Town,Town
3040,JBL011,images/JBL011.jpg,Town,Town
3041,SW0141,images/SW0141.jpg,Star Wars,Star Wars
3042,CAS269,images/CAS269.jpg,Castle,Castle
3043,CAS268,images/CAS268.jpg,Castle,Castle
3044,CAS276,images/CAS276.jpg,Castle,Castle
3045,CAS274,images/CAS274.jpg,Castle,Castle
3046,CAS277,images/CAS277.jpg,Castle,Castle
3047,51798,images/51798.jpg,Castle,Castle
3048,51800,images/51800.jpg,Castle,Castle
3049,51799,images/51799.jpg,Castle,Castle
3050,51801,images/51801.jpg,Castle,Castle
3051,51797,images/51797.jpg,Castle,Castle
3052,51796,images/51796.jpg,Castle,Castle
3053,CAS278,images/CAS278.jpg,Castle,Castle
3054,CAS275,images/CAS275.jpg,Castle,Castle
3055,CAS266,images/CAS266.jpg,Castle,Castle
3056,CAS267,images/CAS267.jpg,Castle,Castle
3057,CAS291,images/CAS291.jpg,Castle,Castle
3058,CAS270,images/CAS270.jpg,Castle,Castle
3059,CAS283,images/CAS283.jpg,Castle,Castle
3060,CAS271,images/CAS271.jpg,Castle,Castle
3061,CAS273,images/CAS273.jpg,Castle,Castle
3062,HP069A,images/HP069A.jpg,Harry Potter,Harry Potter
3063,SW0116,images/SW0116.jpg,Star Wars,Star Wars
3064,SW0133,images/SW0133.jpg,Star Wars,Star Wars
3065,SW0144,images/SW0144.jpg,Star Wars,Star Wars
3066,TWN024,images/TWN024.jpg,Town,Town
3067,HP067,images/HP067.jpg,Harry Potter,Harry Potter
3068,SW0135,images/SW0135.jpg,Star Wars,Star Wars
3069,SW0152,images/SW0152.jpg,Star Wars,Star Wars
3070,SW0137,images/SW0137.jpg,Star Wars,Star Wars
3071,OCT049,images/OCT049.jpg,Town,Town
3072,CTY0002,images/CTY0002.jpg,Town,Town
3073,CTY0001,images/CTY0001.jpg,Town,Town
3074,OCT048,images/OCT048.jpg,Town,Town
3075,OCT047,images/OCT047.jpg,Town,Town
3076,ALP033,images/ALP033.jpg,Alpha Team,Other
3077,TRN118,images/TRN118.jpg,Train,Other
3078,TRN120,images/TRN120.jpg,Train,Other
3079,CTY0011,images/CTY0011.jpg,Town,Town
3080,SW0140,images/SW0140.jpg,Star Wars,Star Wars
3081,HP071,images/HP071.jpg,Harry Potter,Harry Potter
3082,WC028,images/WC028.jpg,Town,Town
3083,CTY0006,images/CTY0006.jpg,Town,Town
3084,CTY0008,images/CTY0008.jpg,Town,Town
3085,CTY0019,images/CTY0019.jpg,Town,Town
3086,COP045,images/COP045.jpg,Town,Town
3087,CTY0005,images/CTY0005.jpg,Town,Town
3088,CTY0013,images/CTY0013.jpg,Town,Town
3089,CTY0012,images/CTY0012.jpg,Town,Town
3090,CTY0007,images/CTY0007.jpg,Town,Town
3091,WC022,images/WC022.jpg,Town,Town
3092,WC026,images/WC026.jpg,Town,Town
3093,HP076,images/HP076.jpg,Harry Potter,Harry Potter
3094,HP070,images/HP070.jpg,Harry Potter,Harry Potter
3095,HP064,images/HP064.jpg,Harry Potter,Harry Potter
3096,HOL003,images/HOL003.jpg,Holiday & Event,Holiday & Event
3097,DIN001,images/DIN001.jpg,Dino Attack,Other
3098,DIN010,images/DIN010.jpg,Dino Attack,Other
3099,GEN176,images/GEN176.jpg,Harry Potter,Harry Potter
3100,GEN174,images/GEN174.jpg,Harry Potter,Harry Potter
3101,DIN007,images/DIN007.jpg,Dino Attack,Other
3102,DIN003,images/DIN003.jpg,Dino Attack,Other
3103,PAR057,images/PAR057.jpg,Town,Town
3104,BAT005,images/BAT005.jpg,Batman I,Other
3105,SW0146,images/SW0146.jpg,Star Wars,Star Wars
3106,VIK015,images/VIK015.jpg,Vikings,Other
3107,VIK001,images/VIK001.jpg,Vikings,Other
3108,VIK004,images/VIK004.jpg,Vikings,Other
3109,VIK009,images/VIK009.jpg,Vikings,Other
3110,VIK013,images/VIK013.jpg,Vikings,Other
3111,VIK012,images/VIK012.jpg,Vikings,Other
3112,VIK007,images/VIK007.jpg,Vikings,Other
3113,VIK002,images/VIK002.jpg,Vikings,Other
3114,VIK014,images/VIK014.jpg,Vikings,Other
3115,VIK010,images/VIK010.jpg,Vikings,Other
3116,VIK003,images/VIK003.jpg,Vikings,Other
3117,VIK008,images/VIK008.jpg,Vikings,Other
3118,VIK005,images/VIK005.jpg,Vikings,Other
3119,VIK011,images/VIK011.jpg,Vikings,Other
3120,VIK006,images/VIK006.jpg,Vikings,Other
3121,HP077,images/HP077.jpg,Harry Potter,Harry Potter
3122,HP068,images/HP068.jpg,Harry Potter,Harry Potter
3123,DIN005,images/DIN005.jpg,Dino Attack,Other
3124,DIN004,images/DIN004.jpg,Dino Attack,Other
3125,DIN006,images/DIN006.jpg,Dino Attack,Other
3126,SW0132,images/SW0132.jpg,Star Wars,Star Wars
3127,IXS014,images/IXS014.jpg,Island Xtreme Stunts,Other
3128,IXS011,images/IXS011.jpg,Island Xtreme Stunts,Other
3129,IXS012,images/IXS012.jpg,Island Xtreme Stunts,Other
3130,TWN063A,images/TWN063A.jpg,Town,Town
3131,ALP030,images/ALP030.jpg,Alpha Team,Other
3132,AVA001,images/AVA001.jpg,Avatar The Last Airbender,Other
3133,AIR023,images/AIR023.jpg,Town,Town
3134,AIR034,images/AIR034.jpg,Town,Town
3135,AIR036,images/AIR036.jpg,Town,Town
3136,AIR035,images/AIR035.jpg,Town,Town
3137,AIR022,images/AIR022.jpg,Town,Town
3138,AIR032,images/AIR032.jpg,Town,Town
3139,AIR029,images/AIR029.jpg,Town,Town
3140,AIR030,images/AIR030.jpg,Town,Town
3141,BAT014,images/BAT014.jpg,Batman I,Other
3142,BAT019,images/BAT019.jpg,Batman I,Other
3143,BAT020,images/BAT020.jpg,Batman I,Other
3144,SW0028A,images/SW0028A.jpg,Star Wars,Star Wars
3145,SW0155,images/SW0155.jpg,Star Wars,Star Wars
3146,BAT001,images/BAT001.jpg,Batman I,Other
3147,BELVFAIRY08,images/BELVFAIRY08.jpg,Belville,Belville
3148,BELVFEMALE72,images/BELVFEMALE72.jpg,Belville,Belville
3149,BELVFEMALE71,images/BELVFEMALE71.jpg,Belville,Belville
3150,BELVMALE18,images/BELVMALE18.jpg,Belville,Belville
3151,SW0150,images/SW0150.jpg,Star Wars,Star Wars
3152,BIO010,images/BIO010.jpg,BIONICLE,Other
3153,BIO003,images/BIO003.jpg,BIONICLE,Other
3154,BIO004,images/BIO004.jpg,BIONICLE,Other
3155,BIO002,images/BIO002.jpg,BIONICLE,Other
3156,BIO011,images/BIO011.jpg,BIONICLE,Other
3157,BIO001,images/BIO001.jpg,BIONICLE,Other
3158,BIO008,images/BIO008.jpg,BIONICLE,Other
3159,BIO007,images/BIO007.jpg,BIONICLE,Other
3160,BIO005,images/BIO005.jpg,BIONICLE,Other
3161,BIO012,images/BIO012.jpg,BIONICLE,Other
3162,BIO009,images/BIO009.jpg,BIONICLE,Other
3163,BIO006,images/BIO006.jpg,BIONICLE,Other
3164,TWN033,images/TWN033.jpg,Town,Town
3165,TWN028,images/TWN028.jpg,Town,Town
3166,CAS307,images/CAS307.jpg,Castle,Castle
3167,SW0002A,images/SW0002A.jpg,Star Wars,Star Wars
3168,CAS309,images/CAS309.jpg,Castle,Castle
3169,CAS308,images/CAS308.jpg,Castle,Castle
3170,CAS302,images/CAS302.jpg,Castle,Castle
3171,CAS304,images/CAS304.jpg,Castle,Castle
3172,CAS305,images/CAS305.jpg,Castle,Castle
3173,CAS303,images/CAS303.jpg,Castle,Castle
3174,BAT013,images/BAT013.jpg,Batman I,Other
3175,BAT003,images/BAT003.jpg,Batman I,Other
3176,CHEF014,images/CHEF014.jpg,Town,Town
3177,CHEF013,images/CHEF013.jpg,Town,Town
3178,CTY0041,images/CTY0041.jpg,Town,Town
3179,CTY0032,images/CTY0032.jpg,Town,Town
3180,CTY0031,images/CTY0031.jpg,Town,Town
3181,TWN035,images/TWN035.jpg,Town,Town
3182,TRN128,images/TRN128.jpg,Train,Other
3183,TRN122,images/TRN122.jpg,Train,Other
3184,SW0149,images/SW0149.jpg,Star Wars,Star Wars
3185,EXF018,images/EXF018.jpg,Exo-Force,Other
3186,EXF010,images/EXF010.jpg,Exo-Force,Other
3187,EXF004,images/EXF004.jpg,Exo-Force,Other
3188,EXF009,images/EXF009.jpg,Exo-Force,Other
3189,DOC026,images/DOC026.jpg,Town,Town
3190,DOC023,images/DOC023.jpg,Town,Town
3191,CTY0017,images/CTY0017.jpg,Town,Town
3192,DOC022,images/DOC022.jpg,Town,Town
3193,DOC027,images/DOC027.jpg,Town,Town
3194,CTY0080,images/CTY0080.jpg,Town,Town
3195,DOC025,images/DOC025.jpg,Town,Town
3196,DOC021,images/DOC021.jpg,Town,Town
3197,DOC024,images/DOC024.jpg,Town,Town
3198,CTY0081,images/CTY0081.jpg,Town,Town
3199,TMS01,images/TMS01.jpg,DUPLO,DUPLO
3200,47205PB010,images/47205PB010.jpg,DUPLO,DUPLO
3201,47205PB008,images/47205PB008.jpg,DUPLO,DUPLO
3202,47394PB021,images/47394PB021.jpg,DUPLO,DUPLO
3203,47394PB037,images/47394PB037.jpg,DUPLO,DUPLO
3204,47394PB112,images/47394PB112.jpg,DUPLO,DUPLO
3205,47394PB017,images/47394PB017.jpg,DUPLO,DUPLO
3206,47394PB060,images/47394PB060.jpg,DUPLO,DUPLO
3207,47394PB088,images/47394PB088.jpg,DUPLO,DUPLO
3208,47394PB089,images/47394PB089.jpg,DUPLO,DUPLO
3209,47394PB050,images/47394PB050.jpg,DUPLO,DUPLO
3210,47394PB090,images/47394PB090.jpg,DUPLO,DUPLO
3211,47394PB081,images/47394PB081.jpg,DUPLO,DUPLO
3212,47394PB033,images/47394PB033.jpg,DUPLO,DUPLO
3213,47394PB042,images/47394PB042.jpg,DUPLO,DUPLO
3214,47394PB058,images/47394PB058.jpg,DUPLO,DUPLO
3215,47394PB036,images/47394PB036.jpg,DUPLO,DUPLO
3216,47394PB059,images/47394PB059.jpg,DUPLO,DUPLO
3217,47394PB022,images/47394PB022.jpg,DUPLO,DUPLO
3218,47394PB049,images/47394PB049.jpg,DUPLO,DUPLO
3219,TMS11,images/TMS11.jpg,DUPLO,DUPLO
3220,BTB013,images/BTB013.jpg,DUPLO,DUPLO
3221,BTB003,images/BTB003.jpg,DUPLO,DUPLO
3222,TMS02,images/TMS02.jpg,DUPLO,DUPLO
3223,TRN131,images/TRN131.jpg,Train,Other
3224,RAC028,images/RAC028.jpg,Racers,Other
3225,RAC029,images/RAC029.jpg,Racers,Other
3226,RAC030,images/RAC030.jpg,Racers,Other
3227,RAC032,images/RAC032.jpg,Racers,Other
3228,RAC033,images/RAC033.jpg,Racers,Other
3229,RAC031,images/RAC031.jpg,Racers,Other
3230,CTY0030,images/CTY0030.jpg,Town,Town
3231,CTY0018,images/CTY0018.jpg,Town,Town
3232,CTY0036,images/CTY0036.jpg,Town,Town
3233,CTY0035,images/CTY0035.jpg,Town,Town
3234,AVA004,images/AVA004.jpg,Avatar The Last Airbender,Other
3235,AVA003,images/AVA003.jpg,Avatar The Last Airbender,Other
3236,FST015,images/FST015.jpg,FIRST LEGO League,Other
3237,SW0087,images/SW0087.jpg,Star Wars,Star Wars
3238,EXF002,images/EXF002.jpg,Exo-Force,Other
3239,GEN022,images/GEN022.jpg,Castle,Castle
3240,SW0157,images/SW0157.jpg,Star Wars,Star Wars
3241,EXF001,images/EXF001.jpg,Exo-Force,Other
3242,SW0088,images/SW0088.jpg,Star Wars,Star Wars
3243,SW0084,images/SW0084.jpg,Star Wars,Star Wars
3244,EXF005,images/EXF005.jpg,Exo-Force,Other
3245,SW0151,images/SW0151.jpg,Star Wars,Star Wars
3246,SW0154,images/SW0154.jpg,Star Wars,Star Wars
3247,SW0036A,images/SW0036A.jpg,Star Wars,Star Wars
3248,SW0035B,images/SW0035B.jpg,Star Wars,Star Wars
3249,56487,images/56487.jpg,BIONICLE,Other
3250,56485,images/56485.jpg,BIONICLE,Other
3251,56486,images/56486.jpg,BIONICLE,Other
3252,EXF003,images/EXF003.jpg,Exo-Force,Other
3253,EXF008,images/EXF008.jpg,Exo-Force,Other
3254,JBL010,images/JBL010.jpg,Racers,Other
3255,PCK024,images/PCK024.jpg,Town,Town
3256,AVA007,images/AVA007.jpg,Avatar The Last Airbender,Other
3257,EXF011,images/EXF011.jpg,Exo-Force,Other
3258,BAT008,images/BAT008.jpg,Batman I,Other
3259,CAS297,images/CAS297.jpg,Castle,Castle
3260,CAS298,images/CAS298.jpg,Castle,Castle
3261,CAS314,images/CAS314.jpg,Castle,Castle
3262,CAS315,images/CAS315.jpg,Castle,Castle
3263,CAS316,images/CAS316.jpg,Castle,Castle
3264,CAS317,images/CAS317.jpg,Castle,Castle
3265,CAS293,images/CAS293.jpg,Castle,Castle
3266,CAS295,images/CAS295.jpg,Castle,Castle
3267,CAS296,images/CAS296.jpg,Castle,Castle
3268,CAS300,images/CAS300.jpg,Castle,Castle
3269,CAS299,images/CAS299.jpg,Castle,Castle
3270,CAS310,images/CAS310.jpg,Castle,Castle
3271,CAS311,images/CAS311.jpg,Castle,Castle
3272,CAS312,images/CAS312.jpg,Castle,Castle
3273,CAS313,images/CAS313.jpg,Castle,Castle
3274,CAS294,images/CAS294.jpg,Castle,Castle
3275,CAS290,images/CAS290.jpg,Castle,Castle
3276,CAS292,images/CAS292.jpg,Castle,Castle
3277,SW0086,images/SW0086.jpg,Star Wars,Star Wars
3278,SW0083,images/SW0083.jpg,Star Wars,Star Wars
3279,SW0090,images/SW0090.jpg,Star Wars,Star Wars
3280,SW0148,images/SW0148.jpg,Star Wars,Star Wars
3281,EXF012,images/EXF012.jpg,Exo-Force,Other
3282,TRN125,images/TRN125.jpg,Town,Town
3283,TWN029,images/TWN029.jpg,Town,Town
3284,TWN031,images/TWN031.jpg,Town,Town
3285,SW0156,images/SW0156.jpg,Star Wars,Star Wars
3286,BAT011C01,images/BAT011C01.jpg,Batman I,Other
3287,BAT012,images/BAT012.jpg,Batman I,Other
3288,BOB005,images/BOB005.jpg,SpongeBob SquarePants,Other
3289,BAT015,images/BAT015.jpg,Batman I,Other
3290,OCT050,images/OCT050.jpg,Town,Town
3291,OCT051,images/OCT051.jpg,Town,Town
3292,TRN121,images/TRN121.jpg,Train,Other
3293,TRN132,images/TRN132.jpg,Train,Other
3294,TRN129A,images/TRN129A.jpg,Train,Other
3295,TRN130,images/TRN130.jpg,Train,Other
3296,OVR025,images/OVR025.jpg,Town,Town
3297,OVR024,images/OVR024.jpg,Town,Town
3298,CTY0042,images/CTY0042.jpg,Town,Town
3299,AIR033,images/AIR033.jpg,Town,Town
3300,CTY0079,images/CTY0079.jpg,Town,Town
3301,AIR031,images/AIR031.jpg,Town,Town
3302,CTY0029,images/CTY0029.jpg,Town,Town
3303,BOB002,images/BOB002.jpg,SpongeBob SquarePants,Other
3304,TWN032,images/TWN032.jpg,Town,Town
3305,BIO029,images/BIO029.jpg,BIONICLE,Other
3306,BIO028,images/BIO028.jpg,BIONICLE,Other
3307,56478,images/56478.jpg,BIONICLE,Other
3308,CTY0083,images/CTY0083.jpg,Town,Town
3309,TRN124,images/TRN124.jpg,Town,Town
3310,CTY0082,images/CTY0082.jpg,Town,Town
3311,CTY0037,images/CTY0037.jpg,Town,Town
3312,SOC117,images/SOC117.jpg,Sports,Sports
3313,SOC116,images/SOC116.jpg,Sports,Sports
3314,SOC130,images/SOC130.jpg,Sports,Sports
3315,SOC129,images/SOC129.jpg,Sports,Sports
3316,SOC128,images/SOC128.jpg,Sports,Sports
3317,PLN146,images/PLN146.jpg,Town,Town
3318,PLN109,images/PLN109.jpg,Town,Town
3319,SOC114,images/SOC114.jpg,Sports,Sports
3320,SOC131,images/SOC131.jpg,Sports,Sports
3321,SOC115,images/SOC115.jpg,Sports,Sports
3322,SOC121,images/SOC121.jpg,Sports,Sports
3323,SOC133,images/SOC133.jpg,Sports,Sports
3324,SOC119,images/SOC119.jpg,Sports,Sports
3325,SOC122,images/SOC122.jpg,Sports,Sports
3326,SOC118,images/SOC118.jpg,Sports,Sports
3327,SOC120,images/SOC120.jpg,Sports,Sports
3328,SOC127,images/SOC127.jpg,Sports,Sports
3329,SOC126,images/SOC126.jpg,Sports,Sports
3330,SOC124,images/SOC124.jpg,Sports,Sports
3331,SOC125,images/SOC125.jpg,Sports,Sports
3332,SOC123,images/SOC123.jpg,Sports,Sports
3333,SOC134,images/SOC134.jpg,Sports,Sports
3334,PLN147,images/PLN147.jpg,Town,Town
3335,BAT018,images/BAT018.jpg,Batman I,Other
3336,CTY0039,images/CTY0039.jpg,Town,Town
3337,CTY0027,images/CTY0027.jpg,Town,Town
3338,CTY0025,images/CTY0025.jpg,Town,Town
3339,COP048,images/COP048.jpg,Town,Town
3340,COP050,images/COP050.jpg,Town,Town
3341,COP049,images/COP049.jpg,Town,Town
3342,CTY0028,images/CTY0028.jpg,Town,Town
3343,AVA006,images/AVA006.jpg,Avatar The Last Airbender,Other
3344,SW0085,images/SW0085.jpg,Star Wars,Star Wars
3345,QTR001,images/QTR001.jpg,Quatro,Other
3346,RAC034,images/RAC034.jpg,Town,Town
3347,SW0031A,images/SW0031A.jpg,Star Wars,Star Wars
3348,SW0032A,images/SW0032A.jpg,Star Wars,Star Wars
3349,SW0082,images/SW0082.jpg,Star Wars,Star Wars
3350,TWN027,images/TWN027.jpg,Town,Town
3351,TRN126,images/TRN126.jpg,Town,Town
3352,CTY0084,images/CTY0084.jpg,Town,Town
3353,BAT009,images/BAT009.jpg,Batman I,Other
3354,EXF007,images/EXF007.jpg,Exo-Force,Other
3355,HOL005,images/HOL005.jpg,Holiday & Event,Holiday & Event
3356,HOL007,images/HOL007.jpg,Holiday & Event,Holiday & Event
3357,BAT016,images/BAT016.jpg,Batman I,Other
3358,TRN127,images/TRN127.jpg,Town,Town
3359,TWN011,images/TWN011.jpg,Town,Town
3360,TWN030,images/TWN030.jpg,Town,Town
3361,AVA002,images/AVA002.jpg,Avatar The Last Airbender,Other
3362,BOB001,images/BOB001.jpg,SpongeBob SquarePants,Other
3363,BOB003,images/BOB003.jpg,SpongeBob SquarePants,Other
3364,CTY0038,images/CTY0038.jpg,Town,Town
3365,PAR058A,images/PAR058A.jpg,Town,Town
3366,PAR059,images/PAR059.jpg,Town,Town
3367,EXF006,images/EXF006.jpg,Exo-Force,Other
3368,SW0153,images/SW0153.jpg,Star Wars,Star Wars
3369,BAT007,images/BAT007.jpg,Batman I,Other
3370,BAT010,images/BAT010.jpg,Batman I,Other
3371,BAT017,images/BAT017.jpg,Batman I,Other
3372,TRN123,images/TRN123.jpg,Train,Other
3373,BAT004,images/BAT004.jpg,Batman I,Other
3374,BAT006,images/BAT006.jpg,Batman I,Other
3375,VIK033,images/VIK033.jpg,Vikings,Other
3376,VIK027,images/VIK027.jpg,Vikings,Other
3377,VIK035,images/VIK035.jpg,Vikings,Other
3378,VIK029,images/VIK029.jpg,Vikings,Other
3379,VIK032,images/VIK032.jpg,Vikings,Other
3380,VIK026,images/VIK026.jpg,Vikings,Other
3381,VIK034,images/VIK034.jpg,Vikings,Other
3382,VIK028,images/VIK028.jpg,Vikings,Other
3383,VIK019,images/VIK019.jpg,Vikings,Other
3384,VIK022,images/VIK022.jpg,Vikings,Other
3385,VIK016,images/VIK016.jpg,Vikings,Other
3386,VIK024,images/VIK024.jpg,Vikings,Other
3387,VIK020,images/VIK020.jpg,Vikings,Other
3388,VIK021,images/VIK021.jpg,Vikings,Other
3389,VIK018,images/VIK018.jpg,Vikings,Other
3390,VIK025,images/VIK025.jpg,Vikings,Other
3391,VIK017,images/VIK017.jpg,Vikings,Other
3392,VIK023,images/VIK023.jpg,Vikings,Other
3393,SW0089,images/SW0089.jpg,Star Wars,Star Wars
3394,CAS306,images/CAS306.jpg,Castle,Castle
3395,TWN061,images/TWN061.jpg,Town,Town
3396,TWN064,images/TWN064.jpg,Town,Town
3397,AIR038,images/AIR038.jpg,Town,Town
3398,SW0159,images/SW0159.jpg,Star Wars,Star Wars
3399,AQU015A,images/AQU015A.jpg,Aquazone,Other
3400,AQU016A,images/AQU016A.jpg,Aquazone,Other
3401,AQU017,images/AQU017.jpg,Aquazone,Other
3402,AQU027,images/AQU027.jpg,Aquazone,Other
3403,AQU018,images/AQU018.jpg,Aquazone,Other
3404,AQU019,images/AQU019.jpg,Aquazone,Other
3405,AQU024,images/AQU024.jpg,Aquazone,Other
3406,AQU025,images/AQU025.jpg,Aquazone,Other
3407,AQU021,images/AQU021.jpg,Aquazone,Other
3408,AQU022,images/AQU022.jpg,Aquazone,Other
3409,AQU023,images/AQU023.jpg,Aquazone,Other
3410,AQU026,images/AQU026.jpg,Aquazone,Other
3411,SW0168,images/SW0168.jpg,Star Wars,Star Wars
3412,SW0177,images/SW0177.jpg,Star Wars,Star Wars
3413,BAT021,images/BAT021.jpg,Batman I,Other
3414,BAT022,images/BAT022.jpg,Batman I,Other
3415,SW0001C,images/SW0001C.jpg,Star Wars,Star Wars
3416,SW0095,images/SW0095.jpg,Star Wars,Star Wars
3417,BELVFEMALE75,images/BELVFEMALE75.jpg,Belville,Belville
3418,BELVFEMALE76,images/BELVFEMALE76.jpg,Belville,Belville
3419,BELVFEMALE77,images/BELVFEMALE77.jpg,Belville,Belville
3420,BELVBABY07,images/BELVBABY07.jpg,Belville,Belville
3421,BELVFEMALE74,images/BELVFEMALE74.jpg,Belville,Belville
3422,BELVMALE19,images/BELVMALE19.jpg,Belville,Belville
3423,BIO026,images/BIO026.jpg,BIONICLE,Other
3424,BIO016,images/BIO016.jpg,BIONICLE,Other
3425,BIO015A,images/BIO015A.jpg,BIONICLE,Other
3426,BIO015,images/BIO015.jpg,BIONICLE,Other
3427,BIO014,images/BIO014.jpg,BIONICLE,Other
3428,BIO014A,images/BIO014A.jpg,BIONICLE,Other
3429,BIO023,images/BIO023.jpg,BIONICLE,Other
3430,BIO013,images/BIO013.jpg,BIONICLE,Other
3431,BIO024,images/BIO024.jpg,BIONICLE,Other
3432,BIO021,images/BIO021.jpg,BIONICLE,Other
3433,BIO018,images/BIO018.jpg,BIONICLE,Other
3434,BIO019,images/BIO019.jpg,BIONICLE,Other
3435,BIO020,images/BIO020.jpg,BIONICLE,Other
3436,BIO017,images/BIO017.jpg,BIONICLE,Other
3437,BIO022,images/BIO022.jpg,BIONICLE,Other
3438,TWN041,images/TWN041.jpg,Town,Town
3439,BOAT009,images/BOAT009.jpg,Town,Town
3440,SW0158,images/SW0158.jpg,Star Wars,Star Wars
3441,CHEF016,images/CHEF016.jpg,Town,Town
3442,SW0091,images/SW0091.jpg,Star Wars,Star Wars
3443,SW0128A,images/SW0128A.jpg,Star Wars,Star Wars
3444,CTY0154,images/CTY0154.jpg,Town,Town
3445,CTY0034,images/CTY0034.jpg,Town,Town
3446,SW0012B,images/SW0012B.jpg,Star Wars,Star Wars
3447,TWN045,images/TWN045.jpg,Town,Town
3448,TRN222,images/TRN222.jpg,Train,Other
3449,HP081,images/HP081.jpg,Harry Potter,Harry Potter
3450,EXF015,images/EXF015.jpg,Exo-Force,Other
3451,DOC032,images/DOC032.jpg,Town,Town
3452,DOC033,images/DOC033.jpg,Town,Town
3453,HP085,images/HP085.jpg,Harry Potter,Harry Potter
3454,SW0164,images/SW0164.jpg,Star Wars,Star Wars
3455,47205PB013,images/47205PB013.jpg,DUPLO,DUPLO
3456,47205PB014,images/47205PB014.jpg,DUPLO,DUPLO
3457,47205PB012,images/47205PB012.jpg,DUPLO,DUPLO
3458,47205PB016,images/47205PB016.jpg,DUPLO,DUPLO
3459,47205PB018,images/47205PB018.jpg,DUPLO,DUPLO
3460,47205PB015,images/47205PB015.jpg,DUPLO,DUPLO
3461,47394PB095,images/47394PB095.jpg,DUPLO,DUPLO
3462,47394PB114,images/47394PB114.jpg,DUPLO,DUPLO
3463,47394PB075,images/47394PB075.jpg,DUPLO,DUPLO
3464,47394PB070,images/47394PB070.jpg,DUPLO,DUPLO
3465,47394PB086,images/47394PB086.jpg,DUPLO,DUPLO
3466,47394PB094,images/47394PB094.jpg,DUPLO,DUPLO
3467,47394PB105,images/47394PB105.jpg,DUPLO,DUPLO
3468,47394PB087,images/47394PB087.jpg,DUPLO,DUPLO
3469,47394PB115,images/47394PB115.jpg,DUPLO,DUPLO
3470,47394PB106,images/47394PB106.jpg,DUPLO,DUPLO
3471,47394PB074,images/47394PB074.jpg,DUPLO,DUPLO
3472,47394PB071,images/47394PB071.jpg,DUPLO,DUPLO
3473,47394PB102,images/47394PB102.jpg,DUPLO,DUPLO
3474,47394PB133,images/47394PB133.jpg,DUPLO,DUPLO
3475,47394PB078,images/47394PB078.jpg,DUPLO,DUPLO
3476,47394PB096,images/47394PB096.jpg,DUPLO,DUPLO
3477,TMS05,images/TMS05.jpg,DUPLO,DUPLO
3478,BTB001,images/BTB001.jpg,DUPLO,DUPLO
3479,TMS03,images/TMS03.jpg,DUPLO,DUPLO
3480,TMS04,images/TMS04.jpg,DUPLO,DUPLO
3481,RAC036,images/RAC036.jpg,Racers,Other
3482,RAC035,images/RAC035.jpg,Racers,Other
3483,RAC030A,images/RAC030A.jpg,Racers,Other
3484,RAC037,images/RAC037.jpg,Racers,Other
3485,CAS352,images/CAS352.jpg,Castle,Castle
3486,CAS332,images/CAS332.jpg,Castle,Castle
3487,CAS334,images/CAS334.jpg,Castle,Castle
3488,CAS340,images/CAS340.jpg,Castle,Castle
3489,CAS350,images/CAS350.jpg,Castle,Castle
3490,CAS335,images/CAS335.jpg,Castle,Castle
3491,CAS361,images/CAS361.jpg,Castle,Castle
3492,CAS344,images/CAS344.jpg,Castle,Castle
3493,CAS336,images/CAS336.jpg,Castle,Castle
3494,CAS348,images/CAS348.jpg,Castle,Castle
3495,CAS347,images/CAS347.jpg,Castle,Castle
3496,CAS349,images/CAS349.jpg,Castle,Castle
3497,CAS360,images/CAS360.jpg,Castle,Castle
3498,CAS341,images/CAS341.jpg,Castle,Castle
3499,CAS338,images/CAS338.jpg,Castle,Castle
3500,CAS337,images/CAS337.jpg,Castle,Castle
3501,CAS339,images/CAS339.jpg,Castle,Castle
3502,CAS343,images/CAS343.jpg,Castle,Castle
3503,CAS333,images/CAS333.jpg,Castle,Castle
3504,CAS354,images/CAS354.jpg,Castle,Castle
3505,CAS355,images/CAS355.jpg,Castle,Castle
3506,CAS356,images/CAS356.jpg,Castle,Castle
3507,CAS357,images/CAS357.jpg,Castle,Castle
3508,CAS351,images/CAS351.jpg,Castle,Castle
3509,CAS353,images/CAS353.jpg,Castle,Castle
3510,CAS326,images/CAS326.jpg,Castle,Castle
3511,CAS346,images/CAS346.jpg,Castle,Castle
3512,CAS327,images/CAS327.jpg,Castle,Castle
3513,CAS328,images/CAS328.jpg,Castle,Castle
3514,CAS329,images/CAS329.jpg,Castle,Castle
3515,CAS330,images/CAS330.jpg,Castle,Castle
3516,CAS331,images/CAS331.jpg,Castle,Castle
3517,CAS359,images/CAS359.jpg,Castle,Castle
3518,CAS358,images/CAS358.jpg,Castle,Castle
3519,CTY0087,images/CTY0087.jpg,Town,Town
3520,CTY0045,images/CTY0045.jpg,Town,Town
3521,CTY0088,images/CTY0088.jpg,Town,Town
3522,CTY0047,images/CTY0047.jpg,Town,Town
3523,CTY0044,images/CTY0044.jpg,Town,Town
3524,CTY0043,images/CTY0043.jpg,Town,Town
3525,CTY0085,images/CTY0085.jpg,Town,Town
3526,CTY0093,images/CTY0093.jpg,Town,Town
3527,CTY0086,images/CTY0086.jpg,Town,Town
3528,CTY0090,images/CTY0090.jpg,Town,Town
3529,SW0134A,images/SW0134A.jpg,Star Wars,Star Wars
3530,SW0178,images/SW0178.jpg,Star Wars,Star Wars
3531,EXF019,images/EXF019.jpg,Exo-Force,Other
3532,SW0179,images/SW0179.jpg,Star Wars,Star Wars
3533,HP086,images/HP086.jpg,Harry Potter,Harry Potter
3534,HP083,images/HP083.jpg,Harry Potter,Harry Potter
3535,EXF016,images/EXF016.jpg,Exo-Force,Other
3536,EXF020,images/EXF020.jpg,Exo-Force,Other
3537,SW0167,images/SW0167.jpg,Star Wars,Star Wars
3538,SW0093,images/SW0093.jpg,Star Wars,Star Wars
3539,SW0171,images/SW0171.jpg,Star Wars,Star Wars
3540,SW0166A,images/SW0166A.jpg,Star Wars,Star Wars
3541,SW0036B,images/SW0036B.jpg,Star Wars,Star Wars
3542,SW0165,images/SW0165.jpg,Star Wars,Star Wars
3543,SW0163,images/SW0163.jpg,Star Wars,Star Wars
3544,SW0176,images/SW0176.jpg,Star Wars,Star Wars
3545,MM001,images/MM001.jpg,Space,Space
3546,MM009,images/MM009.jpg,Space,Space
3547,MM002,images/MM002.jpg,Space,Space
3548,MM012,images/MM012.jpg,Space,Space
3549,MM003,images/MM003.jpg,Space,Space
3550,MM007,images/MM007.jpg,Space,Space
3551,MM008,images/MM008.jpg,Space,Space
3552,MM004,images/MM004.jpg,Space,Space
3553,TWN044,images/TWN044.jpg,Town,Town
3554,TWN040,images/TWN040.jpg,Town,Town
3555,BOB006,images/BOB006.jpg,SpongeBob SquarePants,Other
3556,SW0160,images/SW0160.jpg,Star Wars,Star Wars
3557,SW0162,images/SW0162.jpg,Star Wars,Star Wars
3558,SW0174,images/SW0174.jpg,Star Wars,Star Wars
3559,SW0173,images/SW0173.jpg,Star Wars,Star Wars
3560,OCT060,images/OCT060.jpg,Town,Town
3561,OCT053,images/OCT053.jpg,Town,Town
3562,OVR027,images/OVR027.jpg,Town,Town
3563,OVR032,images/OVR032.jpg,Town,Town
3564,OVR031,images/OVR031.jpg,Town,Town
3565,OVR030,images/OVR030.jpg,Town,Town
3566,BOAT010,images/BOAT010.jpg,Town,Town
3567,BOAT011,images/BOAT011.jpg,Town,Town
3568,CTY0048,images/CTY0048.jpg,Town,Town
3569,CTY0050,images/CTY0050.jpg,Town,Town
3570,CTY0213,images/CTY0213.jpg,Town,Town
3571,TRN141,images/TRN141.jpg,Town,Town
3572,PLN134,images/PLN134.jpg,Town,Town
3573,SOC132,images/SOC132.jpg,Sports,Sports
3574,PLN113,images/PLN113.jpg,Town,Town
3575,CTY0091,images/CTY0091.jpg,Town,Town
3576,CTY0092,images/CTY0092.jpg,Town,Town
3577,CTY0040,images/CTY0040.jpg,Town,Town
3578,SW0175,images/SW0175.jpg,Star Wars,Star Wars
3579,HP080,images/HP080.jpg,Harry Potter,Harry Potter
3580,HP082,images/HP082.jpg,Harry Potter,Harry Potter
3581,SW0172,images/SW0172.jpg,Star Wars,Star Wars
3582,SW0094,images/SW0094.jpg,Star Wars,Star Wars
3583,TRN140,images/TRN140.jpg,Town,Town
3584,TWN060,images/TWN060.jpg,Town,Town
3585,CTY0060,images/CTY0060.jpg,Town,Town
3586,SW0169,images/SW0169.jpg,Star Wars,Star Wars
3587,SW0170,images/SW0170.jpg,Star Wars,Star Wars
3588,EXF014,images/EXF014.jpg,Exo-Force,Other
3589,SW0109A,images/SW0109A.jpg,Star Wars,Star Wars
3590,CTY0046,images/CTY0046.jpg,Town,Town
3591,CTY0049,images/CTY0049.jpg,Town,Town
3592,SW0096,images/SW0096.jpg,Star Wars,Star Wars
3593,TRN139,images/TRN139.jpg,Town,Town
3594,GEN016,images/GEN016.jpg,Aquazone,Other
3595,GEN017,images/GEN017.jpg,Aquazone,Other
3596,GEN019,images/GEN019.jpg,Exo-Force,Other
3597,SW0115,images/SW0115.jpg,Star Wars,Star Wars
3598,BOB008,images/BOB008.jpg,SpongeBob SquarePants,Other
3599,BOB007,images/BOB007.jpg,SpongeBob SquarePants,Other
3600,TRN142,images/TRN142.jpg,Town,Town
3601,SW0092,images/SW0092.jpg,Star Wars,Star Wars
3602,TWN127,images/TWN127.jpg,Town,Town
3603,PAR062,images/PAR062.jpg,Town,Town
3604,PAR060,images/PAR060.jpg,Town,Town
3605,EXF017,images/EXF017.jpg,Exo-Force,Other
3606,BAT023,images/BAT023.jpg,Batman I,Other
3607,TRN138,images/TRN138.jpg,Train,Other
3608,TWN062,images/TWN062.jpg,Town,Town
3609,TWN126,images/TWN126.jpg,Town,Town
3610,AGT011,images/AGT011.jpg,Agents,Other
3611,AGT006,images/AGT006.jpg,Agents,Other
3612,AGT020,images/AGT020.jpg,Agents,Other
3613,AGT001,images/AGT001.jpg,Agents,Other
3614,AGT004,images/AGT004.jpg,Agents,Other
3615,AGT018,images/AGT018.jpg,Agents,Other
3616,AGT001A,images/AGT001A.jpg,Agents,Other
3617,AGT010,images/AGT010.jpg,Agents,Other
3618,AGT009,images/AGT009.jpg,Agents,Other
3619,AGT002,images/AGT002.jpg,Agents,Other
3620,SW0192,images/SW0192.jpg,Star Wars,Star Wars
3621,AIR039,images/AIR039.jpg,Town,Town
3622,AIR041,images/AIR041.jpg,Town,Town
3623,IAJ011,images/IAJ011.jpg,Indiana Jones,Other
3624,SW0183,images/SW0183.jpg,Star Wars,Star Wars
3625,SW0195,images/SW0195.jpg,Star Wars,Star Wars
3626,SW0215,images/SW0215.jpg,Star Wars,Star Wars
3627,SW0217,images/SW0217.jpg,Star Wars,Star Wars
3628,SW0213,images/SW0213.jpg,Star Wars,Star Wars
3629,BAT024,images/BAT024.jpg,Batman I,Other
3630,SW0001D,images/SW0001D.jpg,Star Wars,Star Wars
3631,SW0184,images/SW0184.jpg,Star Wars,Star Wars
3632,BELVFEMALE79,images/BELVFEMALE79.jpg,Belville,Belville
3633,BELVFEMALE78,images/BELVFEMALE78.jpg,Belville,Belville
3634,BELVFEMALE80,images/BELVFEMALE80.jpg,Belville,Belville
3635,BELVMALE20,images/BELVMALE20.jpg,Belville,Belville
3636,BOB017,images/BOB017.jpg,SpongeBob SquarePants,Other
3637,BOB015,images/BOB015.jpg,SpongeBob SquarePants,Other
3638,TWN068,images/TWN068.jpg,Town,Town
3639,AGT003,images/AGT003.jpg,Agents,Other
3640,SW0161A,images/SW0161A.jpg,Star Wars,Star Wars
3641,SR010,images/SR010.jpg,Speed Racer,Other
3642,SW0182,images/SW0182.jpg,Star Wars,Star Wars
3643,TWN066,images/TWN066.jpg,Town,Town
3644,CHEF017B,images/CHEF017B.jpg,Town,Town
3645,SP005NEW,images/SP005NEW.jpg,Space,Space
3646,AGT016,images/AGT016.jpg,Agents,Other
3647,SW0189,images/SW0189.jpg,Star Wars,Star Wars
3648,SW0200,images/SW0200.jpg,Star Wars,Star Wars
3649,SW0203,images/SW0203.jpg,Star Wars,Star Wars
3650,SW0201,images/SW0201.jpg,Star Wars,Star Wars
3651,SW0194,images/SW0194.jpg,Star Wars,Star Wars
3652,SW0196,images/SW0196.jpg,Star Wars,Star Wars
3653,SW0202A,images/SW0202A.jpg,Star Wars,Star Wars
3654,SW0191,images/SW0191.jpg,Star Wars,Star Wars
3655,CTY0075,images/CTY0075.jpg,Town,Town
3656,CTY0068,images/CTY0068.jpg,Town,Town
3657,CTY0065,images/CTY0065.jpg,Town,Town
3658,CTY0071,images/CTY0071.jpg,Town,Town
3659,CTY0072,images/CTY0072.jpg,Town,Town
3660,CTY0073A,images/CTY0073A.jpg,Town,Town
3661,CTY0074,images/CTY0074.jpg,Town,Town
3662,CTY0063,images/CTY0063.jpg,Town,Town
3663,CTY0070,images/CTY0070.jpg,Town,Town
3664,CTY0077,images/CTY0077.jpg,Town,Town
3665,CTY0089,images/CTY0089.jpg,Town,Town
3666,CTY0109,images/CTY0109.jpg,Town,Town
3667,CTY0078,images/CTY0078.jpg,Town,Town
3668,IAJ018,images/IAJ018.jpg,Indiana Jones,Other
3669,SR014,images/SR014.jpg,Speed Racer,Other
3670,CTY0052,images/CTY0052.jpg,Town,Town
3671,CTY0111,images/CTY0111.jpg,Town,Town
3672,SR005,images/SR005.jpg,Speed Racer,Other
3673,SR006,images/SR006.jpg,Speed Racer,Other
3674,SW0180,images/SW0180.jpg,Star Wars,Star Wars
3675,SW0209,images/SW0209.jpg,Star Wars,Star Wars
3676,AGT013,images/AGT013.jpg,Agents,Other
3677,SW0311,images/SW0311.jpg,Star Wars,Star Wars
3678,47205PB019,images/47205PB019.jpg,DUPLO,DUPLO
3679,47394PB111,images/47394PB111.jpg,DUPLO,DUPLO
3680,47394PB099,images/47394PB099.jpg,DUPLO,DUPLO
3681,47394PB092,images/47394PB092.jpg,DUPLO,DUPLO
3682,47394PB020,images/47394PB020.jpg,DUPLO,DUPLO
3683,47394PB110,images/47394PB110.jpg,DUPLO,DUPLO
3684,47394PB108,images/47394PB108.jpg,DUPLO,DUPLO
3685,47394PB109,images/47394PB109.jpg,DUPLO,DUPLO
3686,47394PB100,images/47394PB100.jpg,DUPLO,DUPLO
3687,47394PB107,images/47394PB107.jpg,DUPLO,DUPLO
3688,47394PB113,images/47394PB113.jpg,DUPLO,DUPLO
3689,47394PB101,images/47394PB101.jpg,DUPLO,DUPLO
3690,47394PB097,images/47394PB097.jpg,DUPLO,DUPLO
3691,47394PB098,images/47394PB098.jpg,DUPLO,DUPLO
3692,SW0964,images/SW0964.jpg,Star Wars,Star Wars
3693,SW0210,images/SW0210.jpg,Star Wars,Star Wars
3694,CAS388,images/CAS388.jpg,Castle,Castle
3695,CAS380,images/CAS380.jpg,Castle,Castle
3696,CAS434,images/CAS434.jpg,Castle,Castle
3697,CAS379,images/CAS379.jpg,Castle,Castle
3698,CAS367,images/CAS367.jpg,Castle,Castle
3699,CAS366,images/CAS366.jpg,Castle,Castle
3700,CAS371,images/CAS371.jpg,Castle,Castle
3701,CAS362,images/CAS362.jpg,Castle,Castle
3702,CAS381,images/CAS381.jpg,Castle,Castle
3703,CAS406,images/CAS406.jpg,Castle,Castle
3704,CAS370,images/CAS370.jpg,Castle,Castle
3705,CAS374,images/CAS374.jpg,Castle,Castle
3706,CAS385,images/CAS385.jpg,Castle,Castle
3707,CAS383,images/CAS383.jpg,Castle,Castle
3708,CAS386,images/CAS386.jpg,Castle,Castle
3709,CAS387,images/CAS387.jpg,Castle,Castle
3710,CAS382,images/CAS382.jpg,Castle,Castle
3711,CAS391,images/CAS391.jpg,Castle,Castle
3712,CAS389,images/CAS389.jpg,Castle,Castle
3713,CAS405,images/CAS405.jpg,Castle,Castle
3714,CAS394,images/CAS394.jpg,Castle,Castle
3715,CAS393,images/CAS393.jpg,Castle,Castle
3716,CAS390,images/CAS390.jpg,Castle,Castle
3717,CAS395,images/CAS395.jpg,Castle,Castle
3718,CAS392,images/CAS392.jpg,Castle,Castle
3719,CAS377,images/CAS377.jpg,Castle,Castle
3720,CAS373,images/CAS373.jpg,Castle,Castle
3721,CAS397,images/CAS397.jpg,Castle,Castle
3722,CAS363,images/CAS363.jpg,Castle,Castle
3723,CAS396,images/CAS396.jpg,Castle,Castle
3724,CAS403,images/CAS403.jpg,Castle,Castle
3725,CAS404,images/CAS404.jpg,Castle,Castle
3726,CAS378,images/CAS378.jpg,Castle,Castle
3727,CAS365,images/CAS365.jpg,Castle,Castle
3728,CAS368,images/CAS368.jpg,Castle,Castle
3729,CAS369,images/CAS369.jpg,Castle,Castle
3730,CAS375,images/CAS375.jpg,Castle,Castle
3731,CAS398,images/CAS398.jpg,Castle,Castle
3732,CAS399,images/CAS399.jpg,Castle,Castle
3733,CAS400,images/CAS400.jpg,Castle,Castle
3734,CAS401,images/CAS401.jpg,Castle,Castle
3735,CAS364,images/CAS364.jpg,Castle,Castle
3736,CAS376,images/CAS376.jpg,Castle,Castle
3737,FIREC001NEW,images/FIREC001NEW.jpg,Town,Town
3738,CTY0891,images/CTY0891.jpg,Town,Town
3739,CTY0303,images/CTY0303.jpg,Town,Town
3740,AGT017,images/AGT017.jpg,Agents,Other
3741,FST009,images/FST009.jpg,FIRST LEGO League,Other
3742,FST010,images/FST010.jpg,FIRST LEGO League,Other
3743,FST003,images/FST003.jpg,FIRST LEGO League,Other
3744,FST004,images/FST004.jpg,FIRST LEGO League,Other
3745,FST005,images/FST005.jpg,FIRST LEGO League,Other
3746,FST006,images/FST006.jpg,FIRST LEGO League,Other
3747,FST007,images/FST007.jpg,FIRST LEGO League,Other
3748,FST008,images/FST008.jpg,FIRST LEGO League,Other
3749,FST014,images/FST014.jpg,FIRST LEGO League,Other
3750,FST012,images/FST012.jpg,FIRST LEGO League,Other
3751,FST013,images/FST013.jpg,FIRST LEGO League,Other
3752,FST011,images/FST011.jpg,FIRST LEGO League,Other
3753,IAJ003,images/IAJ003.jpg,Indiana Jones,Other
3754,IAJ005,images/IAJ005.jpg,Indiana Jones,Other
3755,IAJ006,images/IAJ006.jpg,Indiana Jones,Other
3756,IAJ004,images/IAJ004.jpg,Indiana Jones,Other
3757,AGT007,images/AGT007.jpg,Agents,Other
3758,AGT012,images/AGT012.jpg,Agents,Other
3759,SR009,images/SR009.jpg,Speed Racer,Other
3760,CTY0053,images/CTY0053.jpg,Town,Town
3761,CTY0054,images/CTY0054.jpg,Town,Town
3762,EXF025,images/EXF025.jpg,Exo-Force,Other
3763,SW0601,images/SW0601.jpg,Star Wars,Star Wars
3764,SW0205,images/SW0205.jpg,Star Wars,Star Wars
3765,BAT026,images/BAT026.jpg,Batman I,Other
3766,AGT008,images/AGT008.jpg,Agents,Other
3767,EXF023,images/EXF023.jpg,Exo-Force,Other
3768,RAC039,images/RAC039.jpg,Racers,Other
3769,RAC040,images/RAC040.jpg,Racers,Other
3770,RAC038,images/RAC038.jpg,Racers,Other
3771,SW0190,images/SW0190.jpg,Star Wars,Star Wars
3772,SW0040B,images/SW0040B.jpg,Star Wars,Star Wars
3773,SW0188,images/SW0188.jpg,Star Wars,Star Wars
3774,SW0208,images/SW0208.jpg,Star Wars,Star Wars
3775,IAJ001,images/IAJ001.jpg,Indiana Jones,Other
3776,SW0211,images/SW0211.jpg,Star Wars,Star Wars
3777,IAJ014,images/IAJ014.jpg,Indiana Jones,Other
3778,IAJ008,images/IAJ008.jpg,Indiana Jones,Other
3779,GEN023,images/GEN023.jpg,LEGO Brand,LEGO Brand
3780,SW0207,images/SW0207.jpg,Star Wars,Star Wars
3781,SW0204,images/SW0204.jpg,Star Wars,Star Wars
3782,HRF004NEW,images/HRF004NEW.jpg,Studios,Other
3783,IAJ019,images/IAJ019.jpg,Indiana Jones,Other
3784,IAJ007,images/IAJ007.jpg,Indiana Jones,Other
3785,MM010,images/MM010.jpg,Space,Space
3786,MM014,images/MM014.jpg,Space,Space
3787,MM011,images/MM011.jpg,Space,Space
3788,MM013,images/MM013.jpg,Space,Space
3789,MM015,images/MM015.jpg,Space,Space
3790,MM006,images/MM006.jpg,Space,Space
3791,BAT011I,images/BAT011I.jpg,Batman I,Other
3792,IAJ012,images/IAJ012.jpg,Indiana Jones,Other
3793,SW0197,images/SW0197.jpg,Star Wars,Star Wars
3794,SW0206,images/SW0206.jpg,Star Wars,Star Wars
3795,OCT062,images/OCT062.jpg,Town,Town
3796,OCT061,images/OCT061.jpg,Town,Town
3797,OCT012NEW2,images/OCT012NEW2.jpg,Town,Town
3798,TRN143,images/TRN143.jpg,Train,Other
3799,OVR040,images/OVR040.jpg,Town,Town
3800,OVR033,images/OVR033.jpg,Town,Town
3801,CTY0238,images/CTY0238.jpg,Town,Town
3802,CTY0096,images/CTY0096.jpg,Town,Town
3803,CTY0064,images/CTY0064.jpg,Town,Town
3804,CTY0076,images/CTY0076.jpg,Town,Town
3805,CTY0104,images/CTY0104.jpg,Town,Town
3806,TWN072,images/TWN072.jpg,Town,Town
3807,BOB013,images/BOB013.jpg,SpongeBob SquarePants,Other
3808,IAJ022,images/IAJ022.jpg,Indiana Jones,Other
3809,RAC041,images/RAC041.jpg,Racers,Other
3810,CTY0103,images/CTY0103.jpg,Town,Town
3811,TWN069,images/TWN069.jpg,Town,Town
3812,PLN155,images/PLN155.jpg,Town,Town
3813,PLN156,images/PLN156.jpg,Town,Town
3814,PLN157A,images/PLN157A.jpg,Town,Town
3815,TWN073,images/TWN073.jpg,Town,Town
3816,SW0198,images/SW0198.jpg,Star Wars,Star Wars
3817,CTY0102,images/CTY0102.jpg,Town,Town
3818,CTY0067,images/CTY0067.jpg,Town,Town
3819,CTY0106,images/CTY0106.jpg,Town,Town
3820,CTY0094,images/CTY0094.jpg,Town,Town
3821,CTY0098,images/CTY0098.jpg,Town,Town
3822,CTY0095,images/CTY0095.jpg,Town,Town
3823,CTY0101,images/CTY0101.jpg,Town,Town
3824,CTY0097,images/CTY0097.jpg,Town,Town
3825,CTY0099,images/CTY0099.jpg,Town,Town
3826,CTY0100,images/CTY0100.jpg,Town,Town
3827,JAIL004,images/JAIL004.jpg,Town,Town
3828,SR011,images/SR011.jpg,Speed Racer,Other
3829,POST006,images/POST006.jpg,Town,Town
3830,POST007,images/POST007.jpg,Town,Town
3831,IAJ002,images/IAJ002.jpg,Indiana Jones,Other
3832,SW0212,images/SW0212.jpg,Star Wars,Star Wars
3833,SR003,images/SR003.jpg,Speed Racer,Other
3834,AIR040,images/AIR040.jpg,Town,Town
3835,SW0187,images/SW0187.jpg,Star Wars,Star Wars
3836,CTY0066,images/CTY0066.jpg,Town,Town
3837,CTY0108,images/CTY0108.jpg,Town,Town
3838,IAJ009,images/IAJ009.jpg,Indiana Jones,Other
3839,BAT025,images/BAT025.jpg,Batman I,Other
3840,SW0193,images/SW0193.jpg,Star Wars,Star Wars
3841,IAJ013,images/IAJ013.jpg,Indiana Jones,Other
3842,IAJ017,images/IAJ017.jpg,Indiana Jones,Other
3843,IAJ021,images/IAJ021.jpg,Indiana Jones,Other
3844,EXF024,images/EXF024.jpg,Exo-Force,Other
3845,BOB012,images/BOB012.jpg,SpongeBob SquarePants,Other
3846,CTY0051,images/CTY0051.jpg,Town,Town
3847,IAJ010,images/IAJ010.jpg,Indiana Jones,Other
3848,AGT005,images/AGT005.jpg,Agents,Other
3849,CTY0112,images/CTY0112.jpg,Town,Town
3850,TWN074,images/TWN074.jpg,Town,Town
3851,GEN018,images/GEN018.jpg,Indiana Jones,Other
3852,GEN021,images/GEN021.jpg,Indiana Jones,Other
3853,AGT019,images/AGT019.jpg,Agents,Other
3854,SR002,images/SR002.jpg,Speed Racer,Other
3855,SP085,images/SP085.jpg,Space,Space
3856,SR001,images/SR001.jpg,Speed Racer,Other
3857,SR008,images/SR008.jpg,Speed Racer,Other
3858,BOB014,images/BOB014.jpg,SpongeBob SquarePants,Other
3859,BOB016,images/BOB016.jpg,SpongeBob SquarePants,Other
3860,SR012,images/SR012.jpg,Speed Racer,Other
3861,AGT014,images/AGT014.jpg,Agents,Other
3862,AGT015,images/AGT015.jpg,Agents,Other
3863,SP086,images/SP086.jpg,Space,Space
3864,SP087,images/SP087.jpg,Space,Space
3865,SP088,images/SP088.jpg,Space,Space
3866,SP089,images/SP089.jpg,Space,Space
3867,SP090,images/SP090.jpg,Space,Space
3868,SW0181,images/SW0181.jpg,Star Wars,Star Wars
3869,TWN071,images/TWN071.jpg,Town,Town
3870,PAR063,images/PAR063.jpg,Town,Town
3871,TWN070,images/TWN070.jpg,Town,Town
3872,SR007,images/SR007.jpg,Speed Racer,Other
3873,SR004,images/SR004.jpg,Speed Racer,Other
3874,EXF022,images/EXF022.jpg,Exo-Force,Other
3875,TWN067,images/TWN067.jpg,Town,Town
3876,SR013,images/SR013.jpg,Speed Racer,Other
3877,IAJ015,images/IAJ015.jpg,Indiana Jones,Other
3878,IAJ016,images/IAJ016.jpg,Indiana Jones,Other
3879,TWN065,images/TWN065.jpg,Town,Town
3880,SW0247,images/SW0247.jpg,Star Wars,Star Wars
3881,PI086,images/PI086.jpg,Pirates,Pirates
3882,AGT030,images/AGT030.jpg,Agents,Other
3883,AGT025,images/AGT025.jpg,Agents,Other
3884,AGT022,images/AGT022.jpg,Agents,Other
3885,AGT029,images/AGT029.jpg,Agents,Other
3886,AGT021,images/AGT021.jpg,Agents,Other
3887,IAJ029,images/IAJ029.jpg,Indiana Jones,Other
3888,SW0229,images/SW0229.jpg,Star Wars,Star Wars
3889,SW0222,images/SW0222.jpg,Star Wars,Star Wars
3890,SW0255,images/SW0255.jpg,Star Wars,Star Wars
3891,SW0231,images/SW0231.jpg,Star Wars,Star Wars
3892,SW0095A,images/SW0095A.jpg,Star Wars,Star Wars
3893,CAS101B,images/CAS101B.jpg,Castle,Castle
3894,TWN049,images/TWN049.jpg,Town,Town
3895,TWN048,images/TWN048.jpg,Town,Town
3896,SP001NEW2,images/SP001NEW2.jpg,Space,Space
3897,CTY0139,images/CTY0139.jpg,Town,Town
3898,CTY0148,images/CTY0148.jpg,Town,Town
3899,CTY0140,images/CTY0140.jpg,Town,Town
3900,CTY0150,images/CTY0150.jpg,Town,Town
3901,CTY0152,images/CTY0152.jpg,Town,Town
3902,CTY0151,images/CTY0151.jpg,Town,Town
3903,CTY0141,images/CTY0141.jpg,Town,Town
3904,SW0002B,images/SW0002B.jpg,Star Wars,Star Wars
3905,IAJ037,images/IAJ037.jpg,Indiana Jones,Other
3906,IAJ038,images/IAJ038.jpg,Indiana Jones,Other
3907,SW0256,images/SW0256.jpg,Star Wars,Star Wars
3908,PI081,images/PI081.jpg,Pirates,Pirates
3909,HOL001,images/HOL001.jpg,Holiday & Event,Holiday & Event
3910,HOL002,images/HOL002.jpg,Holiday & Event,Holiday & Event
3911,IAJ043,images/IAJ043.jpg,Indiana Jones,Other
3912,SW0243,images/SW0243.jpg,Star Wars,Star Wars
3913,CHEF007B,images/CHEF007B.jpg,Town,Town
3914,CHEF018,images/CHEF018.jpg,Town,Town
3915,CHEF019,images/CHEF019.jpg,Town,Town
3916,SW0236,images/SW0236.jpg,Star Wars,Star Wars
3917,CAS229NEW,images/CAS229NEW.jpg,Castle,Castle
3918,SP003NEW,images/SP003NEW.jpg,Space,Space
3919,SP004NEW,images/SP004NEW.jpg,Space,Space
3920,SP006NEW,images/SP006NEW.jpg,Space,Space
3921,SP007NEW,images/SP007NEW.jpg,Space,Space
3922,TWN079,images/TWN079.jpg,Town,Town
3923,SW0233,images/SW0233.jpg,Star Wars,Star Wars
3924,SW0223,images/SW0223.jpg,Star Wars,Star Wars
3925,SW0221,images/SW0221.jpg,Star Wars,Star Wars
3926,CTY0105,images/CTY0105.jpg,Town,Town
3927,CTY0110,images/CTY0110.jpg,Town,Town
3928,CTY0124,images/CTY0124.jpg,Town,Town
3929,CTY0125,images/CTY0125.jpg,Town,Town
3930,CTY0132,images/CTY0132.jpg,Town,Town
3931,CTY0137,images/CTY0137.jpg,Town,Town
3932,CTY0113,images/CTY0113.jpg,Town,Town
3933,SW0224,images/SW0224.jpg,Star Wars,Star Wars
3934,SW0250,images/SW0250.jpg,Star Wars,Star Wars
3935,SW0250A,images/SW0250A.jpg,Star Wars,Star Wars
3936,TWN050,images/TWN050.jpg,Town,Town
3937,TWN047,images/TWN047.jpg,Town,Town
3938,SW0277,images/SW0277.jpg,Star Wars,Star Wars
3939,SW0218,images/SW0218.jpg,Star Wars,Star Wars
3940,DOC034,images/DOC034.jpg,Town,Town
3941,AGT023,images/AGT023.jpg,Agents,Other
3942,AGT026,images/AGT026.jpg,Agents,Other
3943,AGT013A,images/AGT013A.jpg,Agents,Other
3944,85363PB001,images/85363PB001.jpg,DUPLO,DUPLO
3945,47205PB020,images/47205PB020.jpg,DUPLO,DUPLO
3946,47394PB116,images/47394PB116.jpg,DUPLO,DUPLO
3947,47394PB118,images/47394PB118.jpg,DUPLO,DUPLO
3948,47394PB120,images/47394PB120.jpg,DUPLO,DUPLO
3949,47394PB117,images/47394PB117.jpg,DUPLO,DUPLO
3950,47394PB121,images/47394PB121.jpg,DUPLO,DUPLO
3951,47394PB011B,images/47394PB011B.jpg,DUPLO,DUPLO
3952,BTB007,images/BTB007.jpg,DUPLO,DUPLO
3953,TMS07,images/TMS07.jpg,DUPLO,DUPLO
3954,AGT024,images/AGT024.jpg,Agents,Other
3955,IAJ045,images/IAJ045.jpg,Indiana Jones,Other
3956,SW0240,images/SW0240.jpg,Star Wars,Star Wars
3957,SW0239,images/SW0239.jpg,Star Wars,Star Wars
3958,RAC043,images/RAC043.jpg,Racers,Other
3959,RAC042,images/RAC042.jpg,Racers,Other
3960,RAC045,images/RAC045.jpg,Racers,Other
3961,RAC044,images/RAC044.jpg,Racers,Other
3962,RAC046,images/RAC046.jpg,Racers,Other
3963,CAS413,images/CAS413.jpg,Castle,Castle
3964,CAS422,images/CAS422.jpg,Castle,Castle
3965,CAS425,images/CAS425.jpg,Castle,Castle
3966,CAS418,images/CAS418.jpg,Castle,Castle
3967,CAS426,images/CAS426.jpg,Castle,Castle
3968,CAS408,images/CAS408.jpg,Castle,Castle
3969,CAS407,images/CAS407.jpg,Castle,Castle
3970,CAS417,images/CAS417.jpg,Castle,Castle
3971,CAS419,images/CAS419.jpg,Castle,Castle
3972,CAS416,images/CAS416.jpg,Castle,Castle
3973,CAS433,images/CAS433.jpg,Castle,Castle
3974,CAS430,images/CAS430.jpg,Castle,Castle
3975,CAS429,images/CAS429.jpg,Castle,Castle
3976,CAS431,images/CAS431.jpg,Castle,Castle
3977,CAS432,images/CAS432.jpg,Castle,Castle
3978,CAS415,images/CAS415.jpg,Castle,Castle
3979,CAS403A,images/CAS403A.jpg,Castle,Castle
3980,CAS411,images/CAS411.jpg,Castle,Castle
3981,CAS412,images/CAS412.jpg,Castle,Castle
3982,CAS409,images/CAS409.jpg,Castle,Castle
3983,CAS410,images/CAS410.jpg,Castle,Castle
3984,CAS420,images/CAS420.jpg,Castle,Castle
3985,CAS421,images/CAS421.jpg,Castle,Castle
3986,CAS427,images/CAS427.jpg,Castle,Castle
3987,CAS428,images/CAS428.jpg,Castle,Castle
3988,CAS423,images/CAS423.jpg,Castle,Castle
3989,CAS424,images/CAS424.jpg,Castle,Castle
3990,CTY0134,images/CTY0134.jpg,Town,Town
3991,CTY0135,images/CTY0135.jpg,Town,Town
3992,TWN091,images/TWN091.jpg,Town,Town
3993,CTY0138,images/CTY0138.jpg,Town,Town
3994,TWN093,images/TWN093.jpg,Town,Town
3995,TWN092,images/TWN092.jpg,Town,Town
3996,CTY0115,images/CTY0115.jpg,Town,Town
3997,CAS128NEW,images/CAS128NEW.jpg,Castle,Castle
3998,PM015A,images/PM015A.jpg,Power Miners,Other
3999,PM015,images/PM015.jpg,Power Miners,Other
4000,IAJ023,images/IAJ023.jpg,Indiana Jones,Other
4001,IAJ042,images/IAJ042.jpg,Indiana Jones,Other
4002,SW0253,images/SW0253.jpg,Star Wars,Star Wars
4003,SW0246,images/SW0246.jpg,Star Wars,Star Wars
4004,TWN076,images/TWN076.jpg,Town,Town
4005,SW0252,images/SW0252.jpg,Star Wars,Star Wars
4006,SW0005A,images/SW0005A.jpg,Star Wars,Star Wars
4007,SW0166B,images/SW0166B.jpg,Star Wars,Star Wars
4008,PI091,images/PI091.jpg,Pirates,Pirates
4009,PI111,images/PI111.jpg,Pirates,Pirates
4010,PI085,images/PI085.jpg,Pirates,Pirates
4011,PI089,images/PI089.jpg,Pirates,Pirates
4012,PI109,images/PI109.jpg,Pirates,Pirates
4013,PI123,images/PI123.jpg,Pirates,Pirates
4014,PI124,images/PI124.jpg,Pirates,Pirates
4015,PI122,images/PI122.jpg,Pirates,Pirates
4016,PI125,images/PI125.jpg,Pirates,Pirates
4017,PI114,images/PI114.jpg,Pirates,Pirates
4018,PI098,images/PI098.jpg,Pirates,Pirates
4019,PI092,images/PI092.jpg,Pirates,Pirates
4020,PI087,images/PI087.jpg,Pirates,Pirates
4021,PI090,images/PI090.jpg,Pirates,Pirates
4022,PI104,images/PI104.jpg,Pirates,Pirates
4023,PI061A,images/PI061A.jpg,Pirates,Pirates
4024,SW0097,images/SW0097.jpg,Star Wars,Star Wars
4025,SW0188A,images/SW0188A.jpg,Star Wars,Star Wars
4026,IAJ044,images/IAJ044.jpg,Indiana Jones,Other
4027,IAJ039,images/IAJ039.jpg,Indiana Jones,Other
4028,IAJ020,images/IAJ020.jpg,Indiana Jones,Other
4029,IAJ033,images/IAJ033.jpg,Indiana Jones,Other
4030,IAJ024,images/IAJ024.jpg,Indiana Jones,Other
4031,IAJ041,images/IAJ041.jpg,Indiana Jones,Other
4032,SW0251,images/SW0251.jpg,Star Wars,Star Wars
4033,SW0257,images/SW0257.jpg,Star Wars,Star Wars
4034,CTY0157,images/CTY0157.jpg,Town,Town
4035,SW0220,images/SW0220.jpg,Star Wars,Star Wars
4036,AGT027,images/AGT027.jpg,Agents,Other
4037,AGT028,images/AGT028.jpg,Agents,Other
4038,IAJ036,images/IAJ036.jpg,Indiana Jones,Other
4039,PI113,images/PI113.jpg,Pirates,Pirates
4040,PI088,images/PI088.jpg,Pirates,Pirates
4041,85863PB011,images/85863PB011.jpg,Games,Games
4042,85863PB001,images/85863PB001.jpg,Games,Games
4043,85863PB003,images/85863PB003.jpg,Games,Games
4044,85863PB002,images/85863PB002.jpg,Games,Games
4045,85863PB004,images/85863PB004.jpg,Games,Games
4046,85863PB014,images/85863PB014.jpg,Games,Games
4047,85863PB013,images/85863PB013.jpg,Games,Games
4048,85863PB012,images/85863PB012.jpg,Games,Games
4049,85863PB018,images/85863PB018.jpg,Games,Games
4050,85863PB017,images/85863PB017.jpg,Games,Games
4051,85863PB015,images/85863PB015.jpg,Games,Games
4052,85863PB016,images/85863PB016.jpg,Games,Games
4053,85863PB009,images/85863PB009.jpg,Games,Games
4054,85863PB008,images/85863PB008.jpg,Games,Games
4055,85863PB007,images/85863PB007.jpg,Games,Games
4056,85863PB006,images/85863PB006.jpg,Games,Games
4057,85863PB010B,images/85863PB010B.jpg,Games,Games
4058,85863PB005,images/85863PB005.jpg,Games,Games
4059,IAJ031,images/IAJ031.jpg,Indiana Jones,Other
4060,SW0248,images/SW0248.jpg,Star Wars,Star Wars
4061,SW0249,images/SW0249.jpg,Star Wars,Star Wars
4062,BOB023,images/BOB023.jpg,SpongeBob SquarePants,Other
4063,CAS050NEW,images/CAS050NEW.jpg,Ninja,Other
4064,SW0242,images/SW0242.jpg,Star Wars,Star Wars
4065,SW0234,images/SW0234.jpg,Star Wars,Star Wars
4066,OCT063,images/OCT063.jpg,Town,Town
4067,SW0241,images/SW0241.jpg,Star Wars,Star Wars
4068,TRN147,images/TRN147.jpg,Train,Other
4069,CTY0136,images/CTY0136.jpg,Town,Town
4070,TWN055,images/TWN055.jpg,Town,Town
4071,CTY0133,images/CTY0133.jpg,Town,Town
4072,OVR037,images/OVR037.jpg,Town,Town
4073,OVR036,images/OVR036.jpg,Town,Town
4074,OVR038,images/OVR038.jpg,Town,Town
4075,OVR039,images/OVR039.jpg,Town,Town
4076,CTY0114,images/CTY0114.jpg,Town,Town
4077,CTY0159,images/CTY0159.jpg,Town,Town
4078,TWN088,images/TWN088.jpg,Town,Town
4079,TWN086,images/TWN086.jpg,Town,Town
4080,SW0238,images/SW0238.jpg,Star Wars,Star Wars
4081,BOB022,images/BOB022.jpg,SpongeBob SquarePants,Other
4082,SW0225,images/SW0225.jpg,Star Wars,Star Wars
4083,PI013NEW,images/PI013NEW.jpg,Pirates,Pirates
4084,PI102,images/PI102.jpg,Pirates,Pirates
4085,PI127,images/PI127.jpg,Pirates,Pirates
4086,PI115,images/PI115.jpg,Pirates,Pirates
4087,PI099,images/PI099.jpg,Pirates,Pirates
4088,PI103,images/PI103.jpg,Pirates,Pirates
4089,PI108,images/PI108.jpg,Pirates,Pirates
4090,PI082,images/PI082.jpg,Pirates,Pirates
4091,PI101,images/PI101.jpg,Pirates,Pirates
4092,PI126,images/PI126.jpg,Pirates,Pirates
4093,PI131,images/PI131.jpg,Pirates,Pirates
4094,PI106,images/PI106.jpg,Pirates,Pirates
4095,PI132,images/PI132.jpg,Pirates,Pirates
4096,PI083,images/PI083.jpg,Pirates,Pirates
4097,PI133,images/PI133.jpg,Pirates,Pirates
4098,PI105,images/PI105.jpg,Pirates,Pirates
4099,PI094,images/PI094.jpg,Pirates,Pirates
4100,PI134,images/PI134.jpg,Pirates,Pirates
4101,PI128,images/PI128.jpg,Pirates,Pirates
4102,PI084,images/PI084.jpg,Pirates,Pirates
4103,PI129,images/PI129.jpg,Pirates,Pirates
4104,PI095,images/PI095.jpg,Pirates,Pirates
4105,PI130,images/PI130.jpg,Pirates,Pirates
4106,PI100,images/PI100.jpg,Pirates,Pirates
4107,PI112,images/PI112.jpg,Pirates,Pirates
4108,PI107,images/PI107.jpg,Pirates,Pirates
4109,PI093,images/PI093.jpg,Pirates,Pirates
4110,TWN081,images/TWN081.jpg,Town,Town
4111,CTY0126,images/CTY0126.jpg,Town,Town
4112,TWN080,images/TWN080.jpg,Town,Town
4113,CTY0146,images/CTY0146.jpg,Town,Town
4114,TWN075,images/TWN075.jpg,Town,Town
4115,TWN058,images/TWN058.jpg,Town,Town
4116,PLN162,images/PLN162.jpg,Town,Town
4117,CTY0155,images/CTY0155.jpg,Town,Town
4118,PLN158,images/PLN158.jpg,Town,Town
4119,TWN083,images/TWN083.jpg,Town,Town
4120,TWN059,images/TWN059.jpg,Town,Town
4121,GAME008,images/GAME008.jpg,Games,Games
4122,PLN160,images/PLN160.jpg,Town,Town
4123,TWN090,images/TWN090.jpg,Town,Town
4124,PLN163,images/PLN163.jpg,Town,Town
4125,PLN161,images/PLN161.jpg,Town,Town
4126,CTY0156,images/CTY0156.jpg,Town,Town
4127,CTY0174,images/CTY0174.jpg,Town,Town
4128,CTY0153,images/CTY0153.jpg,Town,Town
4129,CTY0128,images/CTY0128.jpg,Town,Town
4130,POST001NEW,images/POST001NEW.jpg,Town,Town
4131,POST008,images/POST008.jpg,Town,Town
4132,PM006,images/PM006.jpg,Power Miners,Other
4133,PM007,images/PM007.jpg,Power Miners,Other
4134,PM013,images/PM013.jpg,Power Miners,Other
4135,PM019,images/PM019.jpg,Power Miners,Other
4136,PM033,images/PM033.jpg,Power Miners,Other
4137,PM020,images/PM020.jpg,Power Miners,Other
4138,PM034,images/PM034.jpg,Power Miners,Other
4139,PM018,images/PM018.jpg,Power Miners,Other
4140,PM014,images/PM014.jpg,Power Miners,Other
4141,PM012,images/PM012.jpg,Power Miners,Other
4142,PM017,images/PM017.jpg,Power Miners,Other
4143,PM011,images/PM011.jpg,Power Miners,Other
4144,PM010,images/PM010.jpg,Power Miners,Other
4145,PM022,images/PM022.jpg,Power Miners,Other
4146,SW0235,images/SW0235.jpg,Star Wars,Star Wars
4147,SW0085A,images/SW0085A.jpg,Star Wars,Star Wars
4148,IAJ030,images/IAJ030.jpg,Indiana Jones,Other
4149,TRN144,images/TRN144.jpg,Train,Other
4150,SW0031B,images/SW0031B.jpg,Star Wars,Star Wars
4151,CTY0142,images/CTY0142.jpg,Town,Town
4152,CTY0129,images/CTY0129.jpg,Town,Town
4153,TWN056,images/TWN056.jpg,Town,Town
4154,TWN084,images/TWN084.jpg,Town,Town
4155,TWN085,images/TWN085.jpg,Town,Town
4156,TWN051,images/TWN051.jpg,Town,Town
4157,PM001,images/PM001.jpg,Power Miners,Other
4158,PM002,images/PM002.jpg,Power Miners,Other
4159,PM004,images/PM004.jpg,Power Miners,Other
4160,PM003,images/PM003.jpg,Power Miners,Other
4161,PM005,images/PM005.jpg,Power Miners,Other
4162,SW0228,images/SW0228.jpg,Star Wars,Star Wars
4163,CTY0158,images/CTY0158.jpg,Town,Town
4164,HOL004,images/HOL004.jpg,Holiday & Event,Holiday & Event
4165,SW0244,images/SW0244.jpg,Star Wars,Star Wars
4166,IAJ028,images/IAJ028.jpg,Indiana Jones,Other
4167,IAJ027,images/IAJ027.jpg,Indiana Jones,Other
4168,TWN078,images/TWN078.jpg,Town,Town
4169,IAJ025,images/IAJ025.jpg,Indiana Jones,Other
4170,CTY0147,images/CTY0147.jpg,Town,Town
4171,GEN020,images/GEN020.jpg,Pirates,Pirates
4172,GEN026,images/GEN026.jpg,Games,Games
4173,GEN021A,images/GEN021A.jpg,Indiana Jones,Other
4174,SP091,images/SP091.jpg,Space,Space
4175,SP093,images/SP093.jpg,Space,Space
4176,SP101,images/SP101.jpg,Space,Space
4177,SP102,images/SP102.jpg,Space,Space
4178,SP097,images/SP097.jpg,Space,Space
4179,SP100,images/SP100.jpg,Space,Space
4180,SP092,images/SP092.jpg,Space,Space
4181,SP108,images/SP108.jpg,Space,Space
4182,SP105,images/SP105.jpg,Space,Space
4183,SP106,images/SP106.jpg,Space,Space
4184,SP107,images/SP107.jpg,Space,Space
4185,SP094,images/SP094.jpg,Space,Space
4186,SP109,images/SP109.jpg,Space,Space
4187,SP095,images/SP095.jpg,Space,Space
4188,SP098,images/SP098.jpg,Space,Space
4189,SP096,images/SP096.jpg,Space,Space
4190,SP099,images/SP099.jpg,Space,Space
4191,SP104,images/SP104.jpg,Space,Space
4192,BOB021,images/BOB021.jpg,SpongeBob SquarePants,Other
4193,BOB019,images/BOB019.jpg,SpongeBob SquarePants,Other
4194,BOB020,images/BOB020.jpg,SpongeBob SquarePants,Other
4195,SP103,images/SP103.jpg,Space,Space
4196,CTY0145,images/CTY0145.jpg,Town,Town
4197,TWN077,images/TWN077.jpg,Town,Town
4198,SW0230,images/SW0230.jpg,Star Wars,Star Wars
4199,CTY0144,images/CTY0144.jpg,Town,Town
4200,TWN087,images/TWN087.jpg,Town,Town
4201,CTY0143,images/CTY0143.jpg,Town,Town
4202,CTY0149,images/CTY0149.jpg,Town,Town
4203,IAJ034,images/IAJ034.jpg,Indiana Jones,Other
4204,IAJ035,images/IAJ035.jpg,Indiana Jones,Other
4205,WTR005,images/WTR005.jpg,Town,Town
4206,TRN146,images/TRN146.jpg,Train,Other
4207,PM016,images/PM016.jpg,Power Miners,Other
4208,SW0245,images/SW0245.jpg,Star Wars,Star Wars
4209,SW0237,images/SW0237.jpg,Star Wars,Star Wars
4210,IAJ026,images/IAJ026.jpg,Indiana Jones,Other
4211,IAJ032,images/IAJ032.jpg,Indiana Jones,Other
4212,TWN082,images/TWN082.jpg,Town,Town
4213,CTY0130,images/CTY0130.jpg,Town,Town
4214,TWN089,images/TWN089.jpg,Town,Town
4215,SW0219,images/SW0219.jpg,Star Wars,Star Wars
4216,SW0282,images/SW0282.jpg,Star Wars,Star Wars
4217,SW0284,images/SW0284.jpg,Star Wars,Star Wars
4218,AIR045,images/AIR045.jpg,Town,Town
4219,AIR010B,images/AIR010B.jpg,Town,Town
4220,AIR044,images/AIR044.jpg,Town,Town
4221,AIR042,images/AIR042.jpg,Town,Town
4222,AIR043,images/AIR043.jpg,Town,Town
4223,POP013,images/POP013.jpg,Prince of Persia,Other
4224,POP014,images/POP014.jpg,Prince of Persia,Other
4225,POP001,images/POP001.jpg,Prince of Persia,Other
4226,HP099,images/HP099.jpg,Harry Potter,Harry Potter
4227,TOY006,images/TOY006.jpg,Toy Story,Other
4228,TOY014,images/TOY014.jpg,Toy Story,Other
4229,TOY015,images/TOY015.jpg,Toy Story,Other
4230,SW0263,images/SW0263.jpg,Star Wars,Star Wars
4231,SW0283,images/SW0283.jpg,Star Wars,Star Wars
4232,HP097,images/HP097.jpg,Harry Potter,Harry Potter
4233,HP089,images/HP089.jpg,Harry Potter,Harry Potter
4234,POP002,images/POP002.jpg,Prince of Persia,Other
4235,SW0267,images/SW0267.jpg,Star Wars,Star Wars
4236,SW0119,images/SW0119.jpg,Star Wars,Star Wars
4237,SW0262,images/SW0262.jpg,Star Wars,Star Wars
4238,ATL001,images/ATL001.jpg,Atlantis,Other
4239,ATL010,images/ATL010.jpg,Atlantis,Other
4240,ATL012,images/ATL012.jpg,Atlantis,Other
4241,ATL002A,images/ATL002A.jpg,Atlantis,Other
4242,ATL002,images/ATL002.jpg,Atlantis,Other
4243,ATL005,images/ATL005.jpg,Atlantis,Other
4244,ATL011,images/ATL011.jpg,Atlantis,Other
4245,ATL006A,images/ATL006A.jpg,Atlantis,Other
4246,ATL006,images/ATL006.jpg,Atlantis,Other
4247,ATL008,images/ATL008.jpg,Atlantis,Other
4248,ATL009,images/ATL009.jpg,Atlantis,Other
4249,ATL003,images/ATL003.jpg,Atlantis,Other
4250,ATL013,images/ATL013.jpg,Atlantis,Other
4251,ATL004,images/ATL004.jpg,Atlantis,Other
4252,ATL007,images/ATL007.jpg,Atlantis,Other
4253,WR025,images/WR025.jpg,World Racers,Other
4254,WR002,images/WR002.jpg,World Racers,Other
4255,WR009,images/WR009.jpg,World Racers,Other
4256,WR023,images/WR023.jpg,World Racers,Other
4257,WR006,images/WR006.jpg,World Racers,Other
4258,WR017,images/WR017.jpg,World Racers,Other
4259,WR010,images/WR010.jpg,World Racers,Other
4260,WR007,images/WR007.jpg,World Racers,Other
4261,WR018,images/WR018.jpg,World Racers,Other
4262,WR024,images/WR024.jpg,World Racers,Other
4263,SW0269,images/SW0269.jpg,Star Wars,Star Wars
4264,HP092,images/HP092.jpg,Harry Potter,Harry Potter
4265,TWN104,images/TWN104.jpg,Town,Town
4266,CTY0186,images/CTY0186.jpg,Town,Town
4267,TWN052,images/TWN052.jpg,Town,Town
4268,TWN108,images/TWN108.jpg,Town,Town
4269,TWN124,images/TWN124.jpg,Town,Town
4270,CTY0162,images/CTY0162.jpg,Town,Town
4271,SW0279,images/SW0279.jpg,Star Wars,Star Wars
4272,SW0275,images/SW0275.jpg,Star Wars,Star Wars
4273,SW0280,images/SW0280.jpg,Star Wars,Star Wars
4274,TOY004,images/TOY004.jpg,Toy Story,Other
4275,TOY011,images/TOY011.jpg,Toy Story,Other
4276,SW0285,images/SW0285.jpg,Star Wars,Star Wars
4277,PI116,images/PI116.jpg,Pirates,Pirates
4278,PI121,images/PI121.jpg,Pirates,Pirates
4279,COL003,images/COL003.jpg,Collectible Minifigures,Collectible Minifigures
4280,COL002,images/COL002.jpg,Collectible Minifigures,Collectible Minifigures
4281,TWN120,images/TWN120.jpg,Town,Town
4282,CHEF020,images/CHEF020.jpg,Town,Town
4283,CTY0192,images/CTY0192.jpg,Town,Town
4284,TWN112,images/TWN112.jpg,Town,Town
4285,CTY0184,images/CTY0184.jpg,Town,Town
4286,TOY010,images/TOY010.jpg,Toy Story,Other
4287,COL004,images/COL004.jpg,Collectible Minifigures,Collectible Minifigures
4288,COL019,images/COL019.jpg,Collectible Minifigures,Collectible Minifigures
4289,SP006NEW2,images/SP006NEW2.jpg,Space,Space
4290,TWN113,images/TWN113.jpg,Town,Town
4291,SW0200A,images/SW0200A.jpg,Star Wars,Star Wars
4292,SW0286,images/SW0286.jpg,Star Wars,Star Wars
4293,SW0272,images/SW0272.jpg,Star Wars,Star Wars
4294,SW0266,images/SW0266.jpg,Star Wars,Star Wars
4295,SW0265,images/SW0265.jpg,Star Wars,Star Wars
4296,SW0281,images/SW0281.jpg,Star Wars,Star Wars
4297,CTY0168,images/CTY0168.jpg,Town,Town
4298,COL016,images/COL016.jpg,Collectible Minifigures,Collectible Minifigures
4299,WR012,images/WR012.jpg,World Racers,Other
4300,WR013,images/WR013.jpg,World Racers,Other
4301,WR014,images/WR014.jpg,World Racers,Other
4302,TWN053,images/TWN053.jpg,Town,Town
4303,TRN223,images/TRN223.jpg,Train,Other
4304,TRN148,images/TRN148.jpg,Train,Other
4305,TWN119,images/TWN119.jpg,Town,Town
4306,CTY0185,images/CTY0185.jpg,Town,Town
4307,CTY0169,images/CTY0169.jpg,Town,Town
4308,CTY0195,images/CTY0195.jpg,Town,Town
4309,TWN100,images/TWN100.jpg,Town,Town
4310,CTY0187,images/CTY0187.jpg,Town,Town
4311,CTY0181,images/CTY0181.jpg,Town,Town
4312,POP017,images/POP017.jpg,Prince of Persia,Other
4313,POP004,images/POP004.jpg,Prince of Persia,Other
4314,POP007,images/POP007.jpg,Prince of Persia,Other
4315,COL015,images/COL015.jpg,Collectible Minifigures,Collectible Minifigures
4316,HP101,images/HP101.jpg,Harry Potter,Harry Potter
4317,COL008,images/COL008.jpg,Collectible Minifigures,Collectible Minifigures
4318,COL029,images/COL029.jpg,Collectible Minifigures,Collectible Minifigures
4319,HP105,images/HP105.jpg,Harry Potter,Harry Potter
4320,DOC001B,images/DOC001B.jpg,Town,Town
4321,HP108,images/HP108.jpg,Harry Potter,Harry Potter
4322,HP115,images/HP115.jpg,Harry Potter,Harry Potter
4323,CRS053,images/CRS053.jpg,DUPLO,DUPLO
4324,85363PB002,images/85363PB002.jpg,DUPLO,DUPLO
4325,47205PB021,images/47205PB021.jpg,DUPLO,DUPLO
4326,47394PB129,images/47394PB129.jpg,DUPLO,DUPLO
4327,47394PB123,images/47394PB123.jpg,DUPLO,DUPLO
4328,47394PB132,images/47394PB132.jpg,DUPLO,DUPLO
4329,47394PB131,images/47394PB131.jpg,DUPLO,DUPLO
4330,47394PB128,images/47394PB128.jpg,DUPLO,DUPLO
4331,47394PB127,images/47394PB127.jpg,DUPLO,DUPLO
4332,47394PB130,images/47394PB130.jpg,DUPLO,DUPLO
4333,47205PB022,images/47205PB022.jpg,DUPLO,DUPLO
4334,CRS050,images/CRS050.jpg,DUPLO,DUPLO
4335,CRS049,images/CRS049.jpg,DUPLO,DUPLO
4336,CRS025,images/CRS025.jpg,DUPLO,DUPLO
4337,CRS052,images/CRS052.jpg,DUPLO,DUPLO
4338,CRS054,images/CRS054.jpg,DUPLO,DUPLO
4339,CRS026,images/CRS026.jpg,DUPLO,DUPLO
4340,PM029,images/PM029.jpg,Power Miners,Other
4341,SW0216A,images/SW0216A.jpg,Star Wars,Star Wars
4342,COL023,images/COL023.jpg,Collectible Minifigures,Collectible Minifigures
4343,CTY0171,images/CTY0171.jpg,Town,Town
4344,STU010B,images/STU010B.jpg,Studios,Other
4345,HP091,images/HP091.jpg,Harry Potter,Harry Potter
4346,CTY0251,images/CTY0251.jpg,Town,Town
4347,CTY0057,images/CTY0057.jpg,Town,Town
4348,CTY0173,images/CTY0173.jpg,Town,Town
4349,CTY0165,images/CTY0165.jpg,Town,Town
4350,CTY0055,images/CTY0055.jpg,Town,Town
4351,CTY0117B,images/CTY0117B.jpg,Town,Town
4352,CTY0167,images/CTY0167.jpg,Town,Town
4353,CTY0164,images/CTY0164.jpg,Town,Town
4354,CTY0056,images/CTY0056.jpg,Town,Town
4355,CTY0116B,images/CTY0116B.jpg,Town,Town
4356,CTY0062,images/CTY0062.jpg,Town,Town
4357,CTY0166,images/CTY0166.jpg,Town,Town
4358,COL014,images/COL014.jpg,Collectible Minifigures,Collectible Minifigures
4359,CAS122NEW,images/CAS122NEW.jpg,Castle,Castle
4360,SW0254,images/SW0254.jpg,Star Wars,Star Wars
4361,SW0289,images/SW0289.jpg,Star Wars,Star Wars
4362,POP005,images/POP005.jpg,Prince of Persia,Other
4363,HP114,images/HP114.jpg,Harry Potter,Harry Potter
4364,HP090,images/HP090.jpg,Harry Potter,Harry Potter
4365,POP015,images/POP015.jpg,Prince of Persia,Other
4366,TOY002,images/TOY002.jpg,Toy Story,Other
4367,TOY001,images/TOY001.jpg,Toy Story,Other
4368,CTY0191,images/CTY0191.jpg,Town,Town
4369,CTY0194,images/CTY0194.jpg,Town,Town
4370,SW0278,images/SW0278.jpg,Star Wars,Star Wars
4371,SW0290,images/SW0290.jpg,Star Wars,Star Wars
4372,HP087,images/HP087.jpg,Harry Potter,Harry Potter
4373,HP116,images/HP116.jpg,Harry Potter,Harry Potter
4374,HP110,images/HP110.jpg,Harry Potter,Harry Potter
4375,HP094,images/HP094.jpg,Harry Potter,Harry Potter
4376,HP095,images/HP095.jpg,Harry Potter,Harry Potter
4377,SW0258,images/SW0258.jpg,Star Wars,Star Wars
4378,SW0291,images/SW0291.jpg,Star Wars,Star Wars
4379,SW0259,images/SW0259.jpg,Star Wars,Star Wars
4380,SW0293,images/SW0293.jpg,Star Wars,Star Wars
4381,SW0261,images/SW0261.jpg,Star Wars,Star Wars
4382,SW0294,images/SW0294.jpg,Star Wars,Star Wars
4383,PI117,images/PI117.jpg,Pirates,Pirates
4384,PI119,images/PI119.jpg,Pirates,Pirates
4385,PI118,images/PI118.jpg,Pirates,Pirates
4386,SW0268,images/SW0268.jpg,Star Wars,Star Wars
4387,TOY008,images/TOY008.jpg,Toy Story,Other
4388,TOY012,images/TOY012.jpg,Toy Story,Other
4389,COL030,images/COL030.jpg,Collectible Minifigures,Collectible Minifigures
4390,CAS471,images/CAS471.jpg,Castle,Castle
4391,CAS467,images/CAS467.jpg,Castle,Castle
4392,CAS473,images/CAS473.jpg,Castle,Castle
4393,CAS435,images/CAS435.jpg,Castle,Castle
4394,CAS462,images/CAS462.jpg,Castle,Castle
4395,CAS452,images/CAS452.jpg,Castle,Castle
4396,CAS464,images/CAS464.jpg,Castle,Castle
4397,CAS454,images/CAS454.jpg,Castle,Castle
4398,CAS455,images/CAS455.jpg,Castle,Castle
4399,CAS456,images/CAS456.jpg,Castle,Castle
4400,CAS465,images/CAS465.jpg,Castle,Castle
4401,CAS466,images/CAS466.jpg,Castle,Castle
4402,CAS439,images/CAS439.jpg,Castle,Castle
4403,CAS461,images/CAS461.jpg,Castle,Castle
4404,CAS463,images/CAS463.jpg,Castle,Castle
4405,CAS457,images/CAS457.jpg,Castle,Castle
4406,CAS458,images/CAS458.jpg,Castle,Castle
4407,CAS453,images/CAS453.jpg,Castle,Castle
4408,CAS468,images/CAS468.jpg,Castle,Castle
4409,CAS437,images/CAS437.jpg,Castle,Castle
4410,CAS441,images/CAS441.jpg,Castle,Castle
4411,CAS443,images/CAS443.jpg,Castle,Castle
4412,CAS440,images/CAS440.jpg,Castle,Castle
4413,CAS459,images/CAS459.jpg,Castle,Castle
4414,CAS445,images/CAS445.jpg,Castle,Castle
4415,CAS474,images/CAS474.jpg,Castle,Castle
4416,CAS446,images/CAS446.jpg,Castle,Castle
4417,CAS444,images/CAS444.jpg,Castle,Castle
4418,CAS449,images/CAS449.jpg,Castle,Castle
4419,CAS447,images/CAS447.jpg,Castle,Castle
4420,CAS450,images/CAS450.jpg,Castle,Castle
4421,CAS460,images/CAS460.jpg,Castle,Castle
4422,CAS438,images/CAS438.jpg,Castle,Castle
4423,CAS448,images/CAS448.jpg,Castle,Castle
4424,CAS472,images/CAS472.jpg,Castle,Castle
4425,CAS451,images/CAS451.jpg,Castle,Castle
4426,CAS442,images/CAS442.jpg,Castle,Castle
4427,CAS470,images/CAS470.jpg,Castle,Castle
4428,CAS469,images/CAS469.jpg,Castle,Castle
4429,GEN029,images/GEN029.jpg,LEGO Brand,LEGO Brand
4430,GEN030,images/GEN030.jpg,Universe,Other
4431,COL024,images/COL024.jpg,Collectible Minifigures,Collectible Minifigures
4432,HP098,images/HP098.jpg,Harry Potter,Harry Potter
4433,HP104,images/HP104.jpg,Harry Potter,Harry Potter
4434,SW0098,images/SW0098.jpg,Star Wars,Star Wars
4435,SW0292,images/SW0292.jpg,Star Wars,Star Wars
4436,SW0295,images/SW0295.jpg,Star Wars,Star Wars
4437,SW0273,images/SW0273.jpg,Star Wars,Star Wars
4438,HP103,images/HP103.jpg,Harry Potter,Harry Potter
4439,HP106,images/HP106.jpg,Harry Potter,Harry Potter
4440,COL009,images/COL009.jpg,Collectible Minifigures,Collectible Minifigures
4441,TWN102,images/TWN102.jpg,Town,Town
4442,TWN101,images/TWN101.jpg,Town,Town
4443,HP107,images/HP107.jpg,Harry Potter,Harry Potter
4444,COL017,images/COL017.jpg,Collectible Minifigures,Collectible Minifigures
4445,85863PB045,images/85863PB045.jpg,Games,Games
4446,85863PB034,images/85863PB034.jpg,Games,Games
4447,85863PB035,images/85863PB035.jpg,Games,Games
4448,85863PB039,images/85863PB039.jpg,Games,Games
4449,85863PB038,images/85863PB038.jpg,Games,Games
4450,85863PB036,images/85863PB036.jpg,Games,Games
4451,85863PB042,images/85863PB042.jpg,Games,Games
4452,85863PB041,images/85863PB041.jpg,Games,Games
4453,85863PB037,images/85863PB037.jpg,Games,Games
4454,85863PB040,images/85863PB040.jpg,Games,Games
4455,85863PB026,images/85863PB026.jpg,Games,Games
4456,85863PB027,images/85863PB027.jpg,Games,Games
4457,85863PB025,images/85863PB025.jpg,Games,Games
4458,85863PB024,images/85863PB024.jpg,Games,Games
4459,85863PB044,images/85863PB044.jpg,Games,Games
4460,85863PB043,images/85863PB043.jpg,Games,Games
4461,85863PB031,images/85863PB031.jpg,Games,Games
4462,85863PB033,images/85863PB033.jpg,Games,Games
4463,85863PB030,images/85863PB030.jpg,Games,Games
4464,85863PB032,images/85863PB032.jpg,Games,Games
4465,85863PB029,images/85863PB029.jpg,Games,Games
4466,85863PB023,images/85863PB023.jpg,Games,Games
4467,85863PB021,images/85863PB021.jpg,Games,Games
4468,85863PB022,images/85863PB022.jpg,Games,Games
4469,85863PB019,images/85863PB019.jpg,Games,Games
4470,85863PB020,images/85863PB020.jpg,Games,Games
4471,85863PB028,images/85863PB028.jpg,Games,Games
4472,COL025,images/COL025.jpg,Collectible Minifigures,Collectible Minifigures
4473,HP088,images/HP088.jpg,Harry Potter,Harry Potter
4474,SW0226,images/SW0226.jpg,Star Wars,Star Wars
4475,COL012,images/COL012.jpg,Collectible Minifigures,Collectible Minifigures
4476,POP010,images/POP010.jpg,Prince of Persia,Other
4477,COL011,images/COL011.jpg,Collectible Minifigures,Collectible Minifigures
4478,SW0274,images/SW0274.jpg,Star Wars,Star Wars
4479,OCT054,images/OCT054.jpg,Town,Town
4480,WR003,images/WR003.jpg,World Racers,Other
4481,WR015,images/WR015.jpg,World Racers,Other
4482,WR016,images/WR016.jpg,World Racers,Other
4483,HP109,images/HP109.jpg,Harry Potter,Harry Potter
4484,TWN098,images/TWN098.jpg,Town,Town
4485,TRN226,images/TRN226.jpg,Train,Other
4486,TRN225,images/TRN225.jpg,Train,Other
4487,TRN224,images/TRN224.jpg,Train,Other
4488,POP008,images/POP008.jpg,Prince of Persia,Other
4489,TRN228,images/TRN228.jpg,Train,Other
4490,CTY0178,images/CTY0178.jpg,Town,Town
4491,CTY0176,images/CTY0176.jpg,Town,Town
4492,CTY0161,images/CTY0161.jpg,Town,Town
4493,TWN106,images/TWN106.jpg,Town,Town
4494,TWN115,images/TWN115.jpg,Town,Town
4495,CTY0170,images/CTY0170.jpg,Town,Town
4496,TWN123,images/TWN123.jpg,Town,Town
4497,CTY0188,images/CTY0188.jpg,Town,Town
4498,TRN227,images/TRN227.jpg,Train,Other
4499,COL032,images/COL032.jpg,Collectible Minifigures,Collectible Minifigures
4500,PI120,images/PI120.jpg,Pirates,Pirates
4501,CTY0177,images/CTY0177.jpg,Town,Town
4502,TWN125,images/TWN125.jpg,Town,Town
4503,CTY0163,images/CTY0163.jpg,Town,Town
4504,TWN122,images/TWN122.jpg,Town,Town
4505,PLN166,images/PLN166.jpg,Town,Town
4506,CTY0197,images/CTY0197.jpg,Town,Town
4507,CTY0198,images/CTY0198.jpg,Town,Town
4508,COL027,images/COL027.jpg,Collectible Minifigures,Collectible Minifigures
4509,POST009,images/POST009.jpg,Town,Town
4510,PM032,images/PM032.jpg,Power Miners,Other
4511,PM030,images/PM030.jpg,Power Miners,Other
4512,PM031,images/PM031.jpg,Power Miners,Other
4513,PM026,images/PM026.jpg,Power Miners,Other
4514,PM024,images/PM024.jpg,Power Miners,Other
4515,POP003,images/POP003.jpg,Prince of Persia,Other
4516,HP096,images/HP096.jpg,Harry Potter,Harry Potter
4517,HP093,images/HP093.jpg,Harry Potter,Harry Potter
4518,HP100,images/HP100.jpg,Harry Potter,Harry Potter
4519,TWN097,images/TWN097.jpg,Town,Town
4520,CTY0175,images/CTY0175.jpg,Town,Town
4521,CTY0196,images/CTY0196.jpg,Town,Town
4522,CTY0180,images/CTY0180.jpg,Town,Town
4523,TWN111,images/TWN111.jpg,Town,Town
4524,COL007,images/COL007.jpg,Collectible Minifigures,Collectible Minifigures
4525,PM023,images/PM023.jpg,Power Miners,Other
4526,PM025,images/PM025.jpg,Power Miners,Other
4527,PM027,images/PM027.jpg,Power Miners,Other
4528,SW0227,images/SW0227.jpg,Star Wars,Star Wars
4529,HP112,images/HP112.jpg,Harry Potter,Harry Potter
4530,HP113,images/HP113.jpg,Harry Potter,Harry Potter
4531,HP111,images/HP111.jpg,Harry Potter,Harry Potter
4532,SW0271,images/SW0271.jpg,Star Wars,Star Wars
4533,HOL009,images/HOL009.jpg,Holiday & Event,Holiday & Event
4534,HOL010,images/HOL010.jpg,Holiday & Event,Holiday & Event
4535,SW0244A,images/SW0244A.jpg,Star Wars,Star Wars
4536,SW0288,images/SW0288.jpg,Star Wars,Star Wars
4537,SW0270,images/SW0270.jpg,Star Wars,Star Wars
4538,POP011,images/POP011.jpg,Prince of Persia,Other
4539,POP006,images/POP006.jpg,Prince of Persia,Other
4540,SW0287,images/SW0287.jpg,Star Wars,Star Wars
4541,POP009,images/POP009.jpg,Prince of Persia,Other
4542,TWN128,images/TWN128.jpg,Town,Town
4543,TWN110,images/TWN110.jpg,Town,Town
4544,TWN114,images/TWN114.jpg,Town,Town
4545,CTY0182,images/CTY0182.jpg,Town,Town
4546,SP120,images/SP120.jpg,Town,Town
4547,SP121,images/SP121.jpg,Town,Town
4548,SP122,images/SP122.jpg,Town,Town
4549,COL006,images/COL006.jpg,Collectible Minifigures,Collectible Minifigures
4550,GEN031,images/GEN031.jpg,Atlantis,Other
4551,COL028,images/COL028.jpg,Collectible Minifigures,Collectible Minifigures
4552,SP114,images/SP114.jpg,Space,Space
4553,SP115,images/SP115.jpg,Space,Space
4554,SP113,images/SP113.jpg,Space,Space
4555,SP110,images/SP110.jpg,Space,Space
4556,SP111,images/SP111.jpg,Space,Space
4557,SP129,images/SP129.jpg,Space,Space
4558,SP112,images/SP112.jpg,Space,Space
4559,SP116,images/SP116.jpg,Space,Space
4560,SP117,images/SP117.jpg,Space,Space
4561,SP118,images/SP118.jpg,Space,Space
4562,SP119,images/SP119.jpg,Space,Space
4563,COL013,images/COL013.jpg,Collectible Minifigures,Collectible Minifigures
4564,COL018,images/COL018.jpg,Collectible Minifigures,Collectible Minifigures
4565,HP102,images/HP102.jpg,Harry Potter,Harry Potter
4566,TOY009,images/TOY009.jpg,Toy Story,Other
4567,CTY0172,images/CTY0172.jpg,Town,Town
4568,CTY0189,images/CTY0189.jpg,Town,Town
4569,TWN109,images/TWN109.jpg,Town,Town
4570,TWN107,images/TWN107.jpg,Town,Town
4571,TWN118,images/TWN118.jpg,Town,Town
4572,COL010,images/COL010.jpg,Collectible Minifigures,Collectible Minifigures
4573,COL031,images/COL031.jpg,Collectible Minifigures,Collectible Minifigures
4574,CTY0160,images/CTY0160.jpg,Town,Town
4575,CTY0193,images/CTY0193.jpg,Town,Town
4576,TWN103,images/TWN103.jpg,Town,Town
4577,TWN121,images/TWN121.jpg,Town,Town
4578,CTY0179,images/CTY0179.jpg,Town,Town
4579,TWN117,images/TWN117.jpg,Town,Town
4580,POP016,images/POP016.jpg,Prince of Persia,Other
4581,WR001,images/WR001.jpg,World Racers,Other
4582,WR004,images/WR004.jpg,World Racers,Other
4583,WR026,images/WR026.jpg,World Racers,Other
4584,WR022,images/WR022.jpg,World Racers,Other
4585,WR005,images/WR005.jpg,World Racers,Other
4586,WR008,images/WR008.jpg,World Racers,Other
4587,WR019,images/WR019.jpg,World Racers,Other
4588,WR011,images/WR011.jpg,World Racers,Other
4589,WR021,images/WR021.jpg,World Racers,Other
4590,WR020,images/WR020.jpg,World Racers,Other
4591,SW0264,images/SW0264.jpg,Star Wars,Star Wars
4592,COL022,images/COL022.jpg,Collectible Minifigures,Collectible Minifigures
4593,COL001,images/COL001.jpg,Collectible Minifigures,Collectible Minifigures
4594,TOY007,images/TOY007.jpg,Toy Story,Other
4595,COL021,images/COL021.jpg,Collectible Minifigures,Collectible Minifigures
4596,TWN105,images/TWN105.jpg,Town,Town
4597,COL026,images/COL026.jpg,Collectible Minifigures,Collectible Minifigures
4598,CTY0190,images/CTY0190.jpg,Town,Town
4599,TWN099,images/TWN099.jpg,Town,Town
4600,TWN096,images/TWN096.jpg,Town,Town
4601,COL020,images/COL020.jpg,Collectible Minifigures,Collectible Minifigures
4602,TOY013,images/TOY013.jpg,Toy Story,Other
4603,TOY003,images/TOY003.jpg,Toy Story,Other
4604,SW0260,images/SW0260.jpg,Star Wars,Star Wars
4605,POP012,images/POP012.jpg,Prince of Persia,Other
4606,COL005,images/COL005.jpg,Collectible Minifigures,Collectible Minifigures
4607,TOY005,images/TOY005.jpg,Toy Story,Other
4608,SW0345,images/SW0345.jpg,Star Wars,Star Wars
4609,CRS076,images/CRS076.jpg,Cars,Other
4610,SW0352,images/SW0352.jpg,Star Wars,Star Wars
4611,POC005,images/POC005.jpg,Pirates of the Caribbean,Other
4612,AIR047,images/AIR047.jpg,Town,Town
4613,AIR046,images/AIR046.jpg,Town,Town
4614,AIR046B,images/AIR046B.jpg,Town,Town
4615,AIR048,images/AIR048.jpg,Town,Town
4616,AC012,images/AC012.jpg,Space,Space
4617,AC011,images/AC011.jpg,Space,Space
4618,AC004,images/AC004.jpg,Space,Space
4619,AC007,images/AC007.jpg,Space,Space
4620,AC008,images/AC008.jpg,Space,Space
4621,AC010,images/AC010.jpg,Space,Space
4622,AC015,images/AC015.jpg,Space,Space
4623,AC001,images/AC001.jpg,Space,Space
4624,AC016,images/AC016.jpg,Space,Space
4625,AC005,images/AC005.jpg,Space,Space
4626,AC006,images/AC006.jpg,Space,Space
4627,AC009,images/AC009.jpg,Space,Space
4628,AC013,images/AC013.jpg,Space,Space
4629,AC014,images/AC014.jpg,Space,Space
4630,AC002,images/AC002.jpg,Space,Space
4631,AC003,images/AC003.jpg,Space,Space
4632,PHA007,images/PHA007.jpg,Pharaoh's Quest,Other
4633,SW0317,images/SW0317.jpg,Star Wars,Star Wars
4634,SW0327,images/SW0327.jpg,Star Wars,Star Wars
4635,SW0349,images/SW0349.jpg,Star Wars,Star Wars
4636,POC006,images/POC006.jpg,Pirates of the Caribbean,Other
4637,PHA008,images/PHA008.jpg,Pharaoh's Quest,Other
4638,COL062,images/COL062.jpg,Collectible Minifigures,Collectible Minifigures
4639,SW0318,images/SW0318.jpg,Star Wars,Star Wars
4640,SW0303,images/SW0303.jpg,Star Wars,Star Wars
4641,SW0313,images/SW0313.jpg,Star Wars,Star Wars
4642,ATL015,images/ATL015.jpg,Atlantis,Other
4643,ATL016,images/ATL016.jpg,Atlantis,Other
4644,ATL024,images/ATL024.jpg,Atlantis,Other
4645,ATL018,images/ATL018.jpg,Atlantis,Other
4646,ATL022,images/ATL022.jpg,Atlantis,Other
4647,ATL014,images/ATL014.jpg,Atlantis,Other
4648,ATL023,images/ATL023.jpg,Atlantis,Other
4649,ATL017,images/ATL017.jpg,Atlantis,Other
4650,ATL019,images/ATL019.jpg,Atlantis,Other
4651,SW0306,images/SW0306.jpg,Star Wars,Star Wars
4652,COL047,images/COL047.jpg,Collectible Minifigures,Collectible Minifigures
4653,SH0002,images/SH0002.jpg,Super Heroes,Super Heroes
4654,SW0360,images/SW0360.jpg,Star Wars,Star Wars
4655,SW0300,images/SW0300.jpg,Star Wars,Star Wars
4656,BOB029,images/BOB029.jpg,SpongeBob SquarePants,Other
4657,POC030,images/POC030.jpg,Pirates of the Caribbean,Other
4658,TWN135,images/TWN135.jpg,Town,Town
4659,POC007,images/POC007.jpg,Pirates of the Caribbean,Other
4660,CTY0123B,images/CTY0123B.jpg,Town,Town
4661,CTY0224,images/CTY0224.jpg,Town,Town
4662,CTY0227,images/CTY0227.jpg,Town,Town
4663,CTY0248,images/CTY0248.jpg,Town,Town
4664,BOAT012,images/BOAT012.jpg,Town,Town
4665,EDU014,images/EDU014.jpg,Educational & Dacta,Other
4666,NJO0022,images/NJO0022.jpg,NINJAGO,NINJAGO
4667,NJO0008,images/NJO0008.jpg,NINJAGO,NINJAGO
4668,POC033,images/POC033.jpg,Pirates of the Caribbean,Other
4669,COL077,images/COL077.jpg,Collectible Minifigures,Collectible Minifigures
4670,TWN143,images/TWN143.jpg,Holiday & Event,Holiday & Event
4671,TWN132,images/TWN132.jpg,Town,Town
4672,POC008,images/POC008.jpg,Pirates of the Caribbean,Other
4673,POC009,images/POC009.jpg,Pirates of the Caribbean,Other
4674,PI138B,images/PI138B.jpg,Pirates,Pirates
4675,POC010,images/POC010.jpg,Pirates of the Caribbean,Other
4676,POC034,images/POC034.jpg,Pirates of the Caribbean,Other
4677,POC011,images/POC011.jpg,Pirates of the Caribbean,Other
4678,POC012,images/POC012.jpg,Pirates of the Caribbean,Other
4679,POC029,images/POC029.jpg,Pirates of the Caribbean,Other
4680,POC001,images/POC001.jpg,Pirates of the Caribbean,Other
4681,POC024,images/POC024.jpg,Pirates of the Caribbean,Other
4682,SW0321,images/SW0321.jpg,Star Wars,Star Wars
4683,COL069,images/COL069.jpg,Collectible Minifigures,Collectible Minifigures
4684,CTY0229,images/CTY0229.jpg,Town,Town
4685,TWN139,images/TWN139.jpg,Town,Town
4686,NJO0021,images/NJO0021.jpg,NINJAGO,NINJAGO
4687,NJO0020,images/NJO0020.jpg,NINJAGO,NINJAGO
4688,NJO0005,images/NJO0005.jpg,NINJAGO,NINJAGO
4689,TWN131B,images/TWN131B.jpg,Town,Town
4690,SW0297,images/SW0297.jpg,Star Wars,Star Wars
4691,SW0299,images/SW0299.jpg,Star Wars,Star Wars
4692,SW0315,images/SW0315.jpg,Star Wars,Star Wars
4693,SW0314,images/SW0314.jpg,Star Wars,Star Wars
4694,SW0341,images/SW0341.jpg,Star Wars,Star Wars
4695,SW0330,images/SW0330.jpg,Star Wars,Star Wars
4696,SW0355,images/SW0355.jpg,Star Wars,Star Wars
4697,SW0331,images/SW0331.jpg,Star Wars,Star Wars
4698,SW0298,images/SW0298.jpg,Star Wars,Star Wars
4699,POC016,images/POC016.jpg,Pirates of the Caribbean,Other
4700,NJO0006,images/NJO0006.jpg,NINJAGO,NINJAGO
4701,NJO0015,images/NJO0015.jpg,NINJAGO,NINJAGO
4702,CRS111,images/CRS111.jpg,Cars,Other
4703,CTY0246,images/CTY0246.jpg,Town,Town
4704,POC013,images/POC013.jpg,Pirates of the Caribbean,Other
4705,COL064,images/COL064.jpg,Collectible Minifigures,Collectible Minifigures
4706,TWN136,images/TWN136.jpg,Town,Town
4707,TWN148,images/TWN148.jpg,Town,Town
4708,CTY0220,images/CTY0220.jpg,Town,Town
4709,SW0323,images/SW0323.jpg,Star Wars,Star Wars
4710,POC031,images/POC031.jpg,Pirates of the Caribbean,Other
4711,SW0350,images/SW0350.jpg,Star Wars,Star Wars
4712,COL075,images/COL075.jpg,Collectible Minifigures,Collectible Minifigures
4713,CTY0235,images/CTY0235.jpg,Town,Town
4714,EDU017,images/EDU017.jpg,Educational & Dacta,Other
4715,DOC035B,images/DOC035B.jpg,Town,Town
4716,DOC036,images/DOC036.jpg,Town,Town
4717,SW0348,images/SW0348.jpg,Star Wars,Star Wars
4718,GEN035,images/GEN035.jpg,NINJAGO,NINJAGO
4719,CRS060,images/CRS060.jpg,DUPLO,DUPLO
4720,47394PB137,images/47394PB137.jpg,DUPLO,DUPLO
4721,47394PB122,images/47394PB122.jpg,DUPLO,DUPLO
4722,47394PB142,images/47394PB142.jpg,DUPLO,DUPLO
4723,47394PB143,images/47394PB143.jpg,DUPLO,DUPLO
4724,47394PB138,images/47394PB138.jpg,DUPLO,DUPLO
4725,47394PB141,images/47394PB141.jpg,DUPLO,DUPLO
4726,EEYORENEW,images/EEYORENEW.jpg,DUPLO,DUPLO
4727,47205PB023,images/47205PB023.jpg,DUPLO,DUPLO
4728,47394PB139,images/47394PB139.jpg,DUPLO,DUPLO
4729,47394PB140,images/47394PB140.jpg,DUPLO,DUPLO
4730,CRS056,images/CRS056.jpg,DUPLO,DUPLO
4731,CRS057,images/CRS057.jpg,DUPLO,DUPLO
4732,CRS055,images/CRS055.jpg,DUPLO,DUPLO
4733,CRS058,images/CRS058.jpg,DUPLO,DUPLO
4734,CRS051,images/CRS051.jpg,DUPLO,DUPLO
4735,CRS061,images/CRS061.jpg,DUPLO,DUPLO
4736,CRS059,images/CRS059.jpg,DUPLO,DUPLO
4737,CRS045,images/CRS045.jpg,DUPLO,DUPLO
4738,SW0332,images/SW0332.jpg,Star Wars,Star Wars
4739,COL078,images/COL078.jpg,Collectible Minifigures,Collectible Minifigures
4740,COL042,images/COL042.jpg,Collectible Minifigures,Collectible Minifigures
4741,POC002,images/POC002.jpg,Pirates of the Caribbean,Other
4742,SW0307,images/SW0307.jpg,Star Wars,Star Wars
4743,HP128,images/HP128.jpg,Harry Potter,Harry Potter
4744,COL076,images/COL076.jpg,Collectible Minifigures,Collectible Minifigures
4745,CTY0606,images/CTY0606.jpg,Town,Town
4746,TWN137,images/TWN137.jpg,Town,Town
4747,CRS072,images/CRS072.jpg,Cars,Other
4748,CRS037,images/CRS037.jpg,Cars,Other
4749,CRS075,images/CRS075.jpg,Cars,Other
4750,CRS106,images/CRS106.jpg,Cars,Other
4751,CTY0120,images/CTY0120.jpg,Town,Town
4752,CTY0090B,images/CTY0090B.jpg,Town,Town
4753,COL037,images/COL037.jpg,Collectible Minifigures,Collectible Minifigures
4754,COL074,images/COL074.jpg,Collectible Minifigures,Collectible Minifigures
4755,CRS081,images/CRS081.jpg,Cars,Other
4756,PHA005,images/PHA005.jpg,Pharaoh's Quest,Other
4757,NJO0011,images/NJO0011.jpg,NINJAGO,NINJAGO
4758,NJO0023,images/NJO0023.jpg,NINJAGO,NINJAGO
4759,NJO0030,images/NJO0030.jpg,NINJAGO,NINJAGO
4760,NJO0019,images/NJO0019.jpg,NINJAGO,NINJAGO
4761,CRS092,images/CRS092.jpg,Cars,Other
4762,CRS084,images/CRS084.jpg,Cars,Other
4763,HP122,images/HP122.jpg,Harry Potter,Harry Potter
4764,COL079,images/COL079.jpg,Collectible Minifigures,Collectible Minifigures
4765,HP119,images/HP119.jpg,Harry Potter,Harry Potter
4766,SW0320,images/SW0320.jpg,Star Wars,Star Wars
4767,COL066,images/COL066.jpg,Collectible Minifigures,Collectible Minifigures
4768,HP117,images/HP117.jpg,Harry Potter,Harry Potter
4769,HP118,images/HP118.jpg,Harry Potter,Harry Potter
4770,EDU022,images/EDU022.jpg,Educational & Dacta,Other
4771,EDU021B,images/EDU021B.jpg,Educational & Dacta,Other
4772,COL048,images/COL048.jpg,Collectible Minifigures,Collectible Minifigures
4773,COL065,images/COL065.jpg,Collectible Minifigures,Collectible Minifigures
4774,SH0001,images/SH0001.jpg,Super Heroes,Super Heroes
4775,TWN140,images/TWN140.jpg,Town,Town
4776,HP132,images/HP132.jpg,Harry Potter,Harry Potter
4777,CRS077,images/CRS077.jpg,Cars,Other
4778,CRS109,images/CRS109.jpg,Cars,Other
4779,TWN144,images/TWN144.jpg,Holiday & Event,Holiday & Event
4780,CRS082,images/CRS082.jpg,Cars,Other
4781,CRS112,images/CRS112.jpg,Cars,Other
4782,SW0302,images/SW0302.jpg,Star Wars,Star Wars
4783,POC014,images/POC014.jpg,Pirates of the Caribbean,Other
4784,POC015,images/POC015.jpg,Pirates of the Caribbean,Other
4785,SW0334,images/SW0334.jpg,Star Wars,Star Wars
4786,SW0356,images/SW0356.jpg,Star Wars,Star Wars
4787,SW0343,images/SW0343.jpg,Star Wars,Star Wars
4788,SW0357,images/SW0357.jpg,Star Wars,Star Wars
4789,COL061,images/COL061.jpg,Collectible Minifigures,Collectible Minifigures
4790,POC004,images/POC004.jpg,Pirates of the Caribbean,Other
4791,POC028,images/POC028.jpg,Pirates of the Caribbean,Other
4792,PHA010,images/PHA010.jpg,Pharaoh's Quest,Other
4793,HP121,images/HP121.jpg,Harry Potter,Harry Potter
4794,COL056,images/COL056.jpg,Collectible Minifigures,Collectible Minifigures
4795,CRS078,images/CRS078.jpg,Cars,Other
4796,CRS097,images/CRS097.jpg,Cars,Other
4797,CRS038,images/CRS038.jpg,Cars,Other
4798,COL033,images/COL033.jpg,Collectible Minifigures,Collectible Minifigures
4799,CTY0252,images/CTY0252.jpg,Town,Town
4800,COL068,images/COL068.jpg,Collectible Minifigures,Collectible Minifigures
4801,COL063,images/COL063.jpg,Collectible Minifigures,Collectible Minifigures
4802,SW0351,images/SW0351.jpg,Star Wars,Star Wars
4803,PI136,images/PI136.jpg,Pirates,Pirates
4804,PI135B,images/PI135B.jpg,Pirates,Pirates
4805,SW0304,images/SW0304.jpg,Star Wars,Star Wars
4806,PHA009,images/PHA009.jpg,Pharaoh's Quest,Other
4807,PHA012,images/PHA012.jpg,Pharaoh's Quest,Other
4808,PHA001,images/PHA001.jpg,Pharaoh's Quest,Other
4809,SW0301,images/SW0301.jpg,Star Wars,Star Wars
4810,NJO0004,images/NJO0004.jpg,NINJAGO,NINJAGO
4811,NJO0016,images/NJO0016.jpg,NINJAGO,NINJAGO
4812,CTY0250,images/CTY0250.jpg,Town,Town
4813,POC017,images/POC017.jpg,Pirates of the Caribbean,Other
4814,NJO0007,images/NJO0007.jpg,NINJAGO,NINJAGO
4815,NJO0009,images/NJO0009.jpg,NINJAGO,NINJAGO
4816,SW0319,images/SW0319.jpg,Star Wars,Star Wars
4817,COL050,images/COL050.jpg,Collectible Minifigures,Collectible Minifigures
4818,POC018,images/POC018.jpg,Pirates of the Caribbean,Other
4819,POC019,images/POC019.jpg,Pirates of the Caribbean,Other
4820,CAS492,images/CAS492.jpg,Castle,Castle
4821,CAS495,images/CAS495.jpg,Castle,Castle
4822,CAS487,images/CAS487.jpg,Castle,Castle
4823,CAS488,images/CAS488.jpg,Castle,Castle
4824,CAS494,images/CAS494.jpg,Castle,Castle
4825,CAS485,images/CAS485.jpg,Castle,Castle
4826,CAS493,images/CAS493.jpg,Castle,Castle
4827,CAS480,images/CAS480.jpg,Castle,Castle
4828,CAS486,images/CAS486.jpg,Castle,Castle
4829,CAS482B,images/CAS482B.jpg,Castle,Castle
4830,CAS498,images/CAS498.jpg,Castle,Castle
4831,CAS497,images/CAS497.jpg,Castle,Castle
4832,CAS496,images/CAS496.jpg,Castle,Castle
4833,CAS478B,images/CAS478B.jpg,Castle,Castle
4834,CAS475,images/CAS475.jpg,Castle,Castle
4835,CAS489,images/CAS489.jpg,Castle,Castle
4836,CAS490,images/CAS490.jpg,Castle,Castle
4837,CAS491,images/CAS491.jpg,Castle,Castle
4838,CAS477,images/CAS477.jpg,Castle,Castle
4839,NJO0010,images/NJO0010.jpg,NINJAGO,NINJAGO
4840,NJO0017,images/NJO0017.jpg,NINJAGO,NINJAGO
4841,NJO0029,images/NJO0029.jpg,NINJAGO,NINJAGO
4842,NJO0024,images/NJO0024.jpg,NINJAGO,NINJAGO
4843,COL049,images/COL049.jpg,Collectible Minifigures,Collectible Minifigures
4844,TLS026,images/TLS026.jpg,LEGO Brand,LEGO Brand
4845,TLS059,images/TLS059.jpg,LEGO Brand,LEGO Brand
4846,TLS029,images/TLS029.jpg,LEGO Brand,LEGO Brand
4847,TLS007,images/TLS007.jpg,LEGO Brand,LEGO Brand
4848,TLS005,images/TLS005.jpg,LEGO Brand,LEGO Brand
4849,TLS014,images/TLS014.jpg,LEGO Brand,LEGO Brand
4850,TLS011,images/TLS011.jpg,LEGO Brand,LEGO Brand
4851,TLS022,images/TLS022.jpg,LEGO Brand,LEGO Brand
4852,TLS017,images/TLS017.jpg,LEGO Brand,LEGO Brand
4853,TLS008,images/TLS008.jpg,LEGO Brand,LEGO Brand
4854,TLS004,images/TLS004.jpg,LEGO Brand,LEGO Brand
4855,TLS015,images/TLS015.jpg,LEGO Brand,LEGO Brand
4856,TLS010,images/TLS010.jpg,LEGO Brand,LEGO Brand
4857,TLS030,images/TLS030.jpg,LEGO Brand,LEGO Brand
4858,TLS024,images/TLS024.jpg,LEGO Brand,LEGO Brand
4859,TLS028,images/TLS028.jpg,LEGO Brand,LEGO Brand
4860,TLS027,images/TLS027.jpg,LEGO Brand,LEGO Brand
4861,TLS025,images/TLS025.jpg,LEGO Brand,LEGO Brand
4862,TLS020,images/TLS020.jpg,LEGO Brand,LEGO Brand
4863,TLS021,images/TLS021.jpg,LEGO Brand,LEGO Brand
4864,TLS019,images/TLS019.jpg,LEGO Brand,LEGO Brand
4865,TLS018,images/TLS018.jpg,LEGO Brand,LEGO Brand
4866,TLS058,images/TLS058.jpg,LEGO Brand,LEGO Brand
4867,TLS060,images/TLS060.jpg,LEGO Brand,LEGO Brand
4868,TLS023,images/TLS023.jpg,LEGO Brand,LEGO Brand
4869,TLS016,images/TLS016.jpg,LEGO Brand,LEGO Brand
4870,TLS009,images/TLS009.jpg,LEGO Brand,LEGO Brand
4871,TLS006,images/TLS006.jpg,LEGO Brand,LEGO Brand
4872,TLS013,images/TLS013.jpg,LEGO Brand,LEGO Brand
4873,TLS012,images/TLS012.jpg,LEGO Brand,LEGO Brand
4874,CTY0236,images/CTY0236.jpg,Town,Town
4875,EDU011,images/EDU011.jpg,Educational & Dacta,Other
4876,CTY0239,images/CTY0239.jpg,Town,Town
4877,CRS039,images/CRS039.jpg,Cars,Other
4878,CRS095,images/CRS095.jpg,Cars,Other
4879,CRS096,images/CRS096.jpg,Cars,Other
4880,CRS074,images/CRS074.jpg,Cars,Other
4881,CRS065,images/CRS065.jpg,Cars,Other
4882,CRS093,images/CRS093.jpg,Cars,Other
4883,COL070,images/COL070.jpg,Collectible Minifigures,Collectible Minifigures
4884,SW0338,images/SW0338.jpg,Star Wars,Star Wars
4885,NJO0013,images/NJO0013.jpg,NINJAGO,NINJAGO
4886,CRS064,images/CRS064.jpg,Cars,Other
4887,CRS089,images/CRS089.jpg,Cars,Other
4888,SW0342,images/SW0342.jpg,Star Wars,Star Wars
4889,SW0335,images/SW0335.jpg,Star Wars,Star Wars
4890,COL072,images/COL072.jpg,Collectible Minifigures,Collectible Minifigures
4891,SW0310,images/SW0310.jpg,Star Wars,Star Wars
4892,PHA006,images/PHA006.jpg,Pharaoh's Quest,Other
4893,PHA004,images/PHA004.jpg,Pharaoh's Quest,Other
4894,POC032,images/POC032.jpg,Pirates of the Caribbean,Other
4895,TRN149,images/TRN149.jpg,Train,Other
4896,TRN150,images/TRN150.jpg,Train,Other
4897,TRN151,images/TRN151.jpg,Train,Other
4898,EDU012,images/EDU012.jpg,Educational & Dacta,Other
4899,EDU013,images/EDU013.jpg,Educational & Dacta,Other
4900,SW0296,images/SW0296.jpg,Star Wars,Star Wars
4901,MBA001,images/MBA001.jpg,Master Builder Academy,Other
4902,MBA002,images/MBA002.jpg,Master Builder Academy,Other
4903,TWN147,images/TWN147.jpg,Town,Town
4904,PI139,images/PI139.jpg,Pirates,Pirates
4905,POC025,images/POC025.jpg,Pirates of the Caribbean,Other
4906,POC020,images/POC020.jpg,Pirates of the Caribbean,Other
4907,PI140B,images/PI140B.jpg,Pirates,Pirates
4908,85863PB058,images/85863PB058.jpg,Games,Games
4909,85863PB067,images/85863PB067.jpg,Games,Games
4910,85863PB059,images/85863PB059.jpg,Games,Games
4911,85863PB068,images/85863PB068.jpg,Games,Games
4912,85863PB062,images/85863PB062.jpg,Games,Games
4913,85863PB063,images/85863PB063.jpg,Games,Games
4914,85863PB061,images/85863PB061.jpg,Games,Games
4915,85863PB065,images/85863PB065.jpg,Games,Games
4916,85863PB064,images/85863PB064.jpg,Games,Games
4917,85863PB057,images/85863PB057.jpg,Games,Games
4918,85863PB069,images/85863PB069.jpg,Games,Games
4919,85863PB070,images/85863PB070.jpg,Games,Games
4920,85863PB066,images/85863PB066.jpg,Games,Games
4921,85863PB060,images/85863PB060.jpg,Games,Games
4922,85863PB071,images/85863PB071.jpg,Games,Games
4923,85863PB072,images/85863PB072.jpg,Games,Games
4924,85863PB050,images/85863PB050.jpg,Games,Games
4925,85863PB051,images/85863PB051.jpg,Games,Games
4926,85863PB054,images/85863PB054.jpg,Games,Games
4927,85863PB056,images/85863PB056.jpg,Games,Games
4928,85863PB052,images/85863PB052.jpg,Games,Games
4929,85863PB053,images/85863PB053.jpg,Games,Games
4930,85863PB055,images/85863PB055.jpg,Games,Games
4931,85863PB049,images/85863PB049.jpg,Games,Games
4932,85863PB048,images/85863PB048.jpg,Games,Games
4933,85863PB047,images/85863PB047.jpg,Games,Games
4934,85863PB046,images/85863PB046.jpg,Games,Games
4935,CRS041,images/CRS041.jpg,Cars,Other
4936,SW0156A,images/SW0156A.jpg,Star Wars,Star Wars
4937,PHA003,images/PHA003.jpg,Pharaoh's Quest,Other
4938,PHA011,images/PHA011.jpg,Pharaoh's Quest,Other
4939,COL045,images/COL045.jpg,Collectible Minifigures,Collectible Minifigures
4940,COL051,images/COL051.jpg,Collectible Minifigures,Collectible Minifigures
4941,SW0340,images/SW0340.jpg,Star Wars,Star Wars
4942,HP126,images/HP126.jpg,Harry Potter,Harry Potter
4943,HP129,images/HP129.jpg,Harry Potter,Harry Potter
4944,NJO0025,images/NJO0025.jpg,NINJAGO,NINJAGO
4945,NJO0003,images/NJO0003.jpg,NINJAGO,NINJAGO
4946,NJO0012,images/NJO0012.jpg,NINJAGO,NINJAGO
4947,SW0329,images/SW0329.jpg,Star Wars,Star Wars
4948,SW0336,images/SW0336.jpg,Star Wars,Star Wars
4949,OCT056,images/OCT056.jpg,Town,Town
4950,OCT065,images/OCT065.jpg,Town,Town
4951,OCT055B,images/OCT055B.jpg,Town,Town
4952,OCT064,images/OCT064.jpg,Town,Town
4953,TWN142,images/TWN142.jpg,Town,Town
4954,TRN231,images/TRN231.jpg,Train,Other
4955,TRN232,images/TRN232.jpg,Train,Other
4956,TRN230,images/TRN230.jpg,Train,Other
4957,TRN229,images/TRN229.jpg,Train,Other
4958,TRN145,images/TRN145.jpg,Train,Other
4959,TWN153,images/TWN153.jpg,Town,Town
4960,CTY0202,images/CTY0202.jpg,Town,Town
4961,TWN138,images/TWN138.jpg,Town,Town
4962,TWN151,images/TWN151.jpg,Town,Town
4963,CTY0245,images/CTY0245.jpg,Town,Town
4964,CTY0058B,images/CTY0058B.jpg,Town,Town
4965,CTY0059,images/CTY0059.jpg,Town,Town
4966,CTY0215,images/CTY0215.jpg,Town,Town
4967,CTY0247,images/CTY0247.jpg,Town,Town
4968,CTY0214B,images/CTY0214B.jpg,Town,Town
4969,SW0324,images/SW0324.jpg,Star Wars,Star Wars
4970,BOB030,images/BOB030.jpg,SpongeBob SquarePants,Other
4971,BOB026,images/BOB026.jpg,SpongeBob SquarePants,Other
4972,POC021,images/POC021.jpg,Pirates of the Caribbean,Other
4973,COL036,images/COL036.jpg,Collectible Minifigures,Collectible Minifigures
4974,PI137B,images/PI137B.jpg,Pirates,Pirates
4975,CRS086,images/CRS086.jpg,Cars,Other
4976,CRS087,images/CRS087.jpg,Cars,Other
4977,CRS085,images/CRS085.jpg,Cars,Other
4978,TWN150,images/TWN150.jpg,Town,Town
4979,CTY0232,images/CTY0232.jpg,Town,Town
4980,PLN167,images/PLN167.jpg,Town,Town
4981,PLN116,images/PLN116.jpg,Town,Town
4982,TWN149,images/TWN149.jpg,Town,Town
4983,PLN168,images/PLN168.jpg,Town,Town
4984,TWN152,images/TWN152.jpg,Town,Town
4985,BOB027,images/BOB027.jpg,SpongeBob SquarePants,Other
4986,CTY0256,images/CTY0256.jpg,Town,Town
4987,CTY0228,images/CTY0228.jpg,Town,Town
4988,CTY0230,images/CTY0230.jpg,Town,Town
4989,CTY0027A,images/CTY0027A.jpg,Town,Town
4990,CTY0207,images/CTY0207.jpg,Town,Town
4991,CTY0231,images/CTY0231.jpg,Town,Town
4992,CTY0242,images/CTY0242.jpg,Town,Town
4993,CTY0216,images/CTY0216.jpg,Town,Town
4994,CTY0212,images/CTY0212.jpg,Town,Town
4995,CTY0219,images/CTY0219.jpg,Town,Town
4996,CTY0211,images/CTY0211.jpg,Town,Town
4997,CTY0218,images/CTY0218.jpg,Town,Town
4998,COP053,images/COP053.jpg,Town,Town
4999,CTY0241,images/CTY0241.jpg,Town,Town
5000,CTY0205,images/CTY0205.jpg,Town,Town
5001,CTY0209,images/CTY0209.jpg,Town,Town
5002,CTY0199,images/CTY0199.jpg,Town,Town
5003,CTY0210,images/CTY0210.jpg,Town,Town
5004,CTY0255,images/CTY0255.jpg,Town,Town
5005,CTY0204,images/CTY0204.jpg,Town,Town
5006,CTY0217,images/CTY0217.jpg,Town,Town
5007,CTY0222B,images/CTY0222B.jpg,Town,Town
5008,CTY0200,images/CTY0200.jpg,Town,Town
5009,CTY0203,images/CTY0203.jpg,Town,Town
5010,CTY0253,images/CTY0253.jpg,Town,Town
5011,CTY0254,images/CTY0254.jpg,Town,Town
5012,CTY0206,images/CTY0206.jpg,Town,Town
5013,CTY0208,images/CTY0208.jpg,Town,Town
5014,CTY0201,images/CTY0201.jpg,Town,Town
5015,TWN145,images/TWN145.jpg,Town,Town
5016,POST010B,images/POST010B.jpg,Town,Town
5017,TWN146,images/TWN146.jpg,Town,Town
5018,SW0346,images/SW0346.jpg,Star Wars,Star Wars
5019,SW0337,images/SW0337.jpg,Star Wars,Star Wars
5020,PHA002,images/PHA002.jpg,Pharaoh's Quest,Other
5021,HP131,images/HP131.jpg,Harry Potter,Harry Potter
5022,HP130,images/HP130.jpg,Harry Potter,Harry Potter
5023,CRS042,images/CRS042.jpg,Cars,Other
5024,CRS110,images/CRS110.jpg,Cars,Other
5025,COL052,images/COL052.jpg,Collectible Minifigures,Collectible Minifigures
5026,POC022,images/POC022.jpg,Pirates of the Caribbean,Other
5027,POC043,images/POC043.jpg,Pirates of the Caribbean,Other
5028,SW0322,images/SW0322.jpg,Star Wars,Star Wars
5029,SW0333,images/SW0333.jpg,Star Wars,Star Wars
5030,SW0344,images/SW0344.jpg,Star Wars,Star Wars
5031,COL040,images/COL040.jpg,Collectible Minifigures,Collectible Minifigures
5032,COL041,images/COL041.jpg,Collectible Minifigures,Collectible Minifigures
5033,CAS476B,images/CAS476B.jpg,Castle,Castle
5034,CAS479B,images/CAS479B.jpg,Castle,Castle
5035,CTY0119,images/CTY0119.jpg,Town,Town
5036,HP123,images/HP123.jpg,Harry Potter,Harry Potter
5037,COL067,images/COL067.jpg,Collectible Minifigures,Collectible Minifigures
5038,SW0308,images/SW0308.jpg,Star Wars,Star Wars
5039,COL058,images/COL058.jpg,Collectible Minifigures,Collectible Minifigures
5040,CRS066,images/CRS066.jpg,Cars,Other
5041,NJO0014,images/NJO0014.jpg,NINJAGO,NINJAGO
5042,COL035,images/COL035.jpg,Collectible Minifigures,Collectible Minifigures
5043,BOB031,images/BOB031.jpg,SpongeBob SquarePants,Other
5044,HOL011,images/HOL011.jpg,Holiday & Event,Holiday & Event
5045,HOL012,images/HOL012.jpg,Holiday & Event,Holiday & Event
5046,HOL013,images/HOL013.jpg,Holiday & Event,Holiday & Event
5047,CRS073,images/CRS073.jpg,Cars,Other
5048,SW0316,images/SW0316.jpg,Star Wars,Star Wars
5049,POC023,images/POC023.jpg,Pirates of the Caribbean,Other
5050,SW0326,images/SW0326.jpg,Star Wars,Star Wars
5051,SW0347,images/SW0347.jpg,Star Wars,Star Wars
5052,SW0309,images/SW0309.jpg,Star Wars,Star Wars
5053,TWN129,images/TWN129.jpg,Town,Town
5054,CTY0233,images/CTY0233.jpg,Town,Town
5055,CTY0249,images/CTY0249.jpg,Town,Town
5056,TWN130,images/TWN130.jpg,Town,Town
5057,CRS083,images/CRS083.jpg,Cars,Other
5058,SP123,images/SP123.jpg,Town,Town
5059,SP124,images/SP124.jpg,Town,Town
5060,CRS080,images/CRS080.jpg,Cars,Other
5061,POC003,images/POC003.jpg,Pirates of the Caribbean,Other
5062,GEN038,images/GEN038.jpg,Pirates of the Caribbean,Other
5063,GEN037,images/GEN037.jpg,Educational & Dacta,Other
5064,GEN036,images/GEN036.jpg,Educational & Dacta,Other
5065,COL073,images/COL073.jpg,Collectible Minifigures,Collectible Minifigures
5066,EDU020B,images/EDU020B.jpg,Educational & Dacta,Other
5067,COL080,images/COL080.jpg,Collectible Minifigures,Collectible Minifigures
5068,COL039,images/COL039.jpg,Collectible Minifigures,Collectible Minifigures
5069,COL059,images/COL059.jpg,Collectible Minifigures,Collectible Minifigures
5070,COL044,images/COL044.jpg,Collectible Minifigures,Collectible Minifigures
5071,COL038,images/COL038.jpg,Collectible Minifigures,Collectible Minifigures
5072,CTY0226,images/CTY0226.jpg,Town,Town
5073,CTY0221,images/CTY0221.jpg,Town,Town
5074,CTY0225,images/CTY0225.jpg,Town,Town
5075,CTY0223,images/CTY0223.jpg,Town,Town
5076,BOB028,images/BOB028.jpg,SpongeBob SquarePants,Other
5077,BOB025,images/BOB025.jpg,SpongeBob SquarePants,Other
5078,HP127,images/HP127.jpg,Harry Potter,Harry Potter
5079,ATL020,images/ATL020.jpg,Atlantis,Other
5080,COL057,images/COL057.jpg,Collectible Minifigures,Collectible Minifigures
5081,SW0305,images/SW0305.jpg,Star Wars,Star Wars
5082,CTY0183,images/CTY0183.jpg,Town,Town
5083,TWN133B,images/TWN133B.jpg,Town,Town
5084,COL043,images/COL043.jpg,Collectible Minifigures,Collectible Minifigures
5085,SH0003,images/SH0003.jpg,Super Heroes,Super Heroes
5086,COL053,images/COL053.jpg,Collectible Minifigures,Collectible Minifigures
5087,TWN134,images/TWN134.jpg,Town,Town
5088,COL046,images/COL046.jpg,Collectible Minifigures,Collectible Minifigures
5089,COL055,images/COL055.jpg,Collectible Minifigures,Collectible Minifigures
5090,CRS043,images/CRS043.jpg,Cars,Other
5091,SW0339,images/SW0339.jpg,Star Wars,Star Wars
5092,CRS079,images/CRS079.jpg,Cars,Other
5093,CRS067,images/CRS067.jpg,Cars,Other
5094,CRS088,images/CRS088.jpg,Cars,Other
5095,CRS040,images/CRS040.jpg,Cars,Other
5096,COL034,images/COL034.jpg,Collectible Minifigures,Collectible Minifigures
5097,SW0312,images/SW0312.jpg,Star Wars,Star Wars
5098,COL054,images/COL054.jpg,Collectible Minifigures,Collectible Minifigures
5099,SW0328,images/SW0328.jpg,Star Wars,Star Wars
5100,SW0325,images/SW0325.jpg,Star Wars,Star Wars
5101,COL060,images/COL060.jpg,Collectible Minifigures,Collectible Minifigures
5102,CTY0234,images/CTY0234.jpg,Town,Town
5103,CTY0240,images/CTY0240.jpg,Town,Town
5104,POC026,images/POC026.jpg,Pirates of the Caribbean,Other
5105,CTY0237,images/CTY0237.jpg,Town,Town
5106,EDU016,images/EDU016.jpg,Educational & Dacta,Other
5107,CAS484,images/CAS484.jpg,Castle,Castle
5108,CAS483B,images/CAS483B.jpg,Castle,Castle
5109,EDU015,images/EDU015.jpg,Educational & Dacta,Other
5110,EDU018,images/EDU018.jpg,Educational & Dacta,Other
5111,EDU019,images/EDU019.jpg,Educational & Dacta,Other
5112,NJO0026,images/NJO0026.jpg,NINJAGO,NINJAGO
5113,NJO0002,images/NJO0002.jpg,NINJAGO,NINJAGO
5114,NJO0028,images/NJO0028.jpg,NINJAGO,NINJAGO
5115,NJO0027,images/NJO0027.jpg,NINJAGO,NINJAGO
5116,POC027,images/POC027.jpg,Pirates of the Caribbean,Other
5117,SW0358,images/SW0358.jpg,Star Wars,Star Wars
5118,NJO0001,images/NJO0001.jpg,NINJAGO,NINJAGO
5119,NJO0018,images/NJO0018.jpg,NINJAGO,NINJAGO
5120,SW0354,images/SW0354.jpg,Star Wars,Star Wars
5121,COL071,images/COL071.jpg,Collectible Minifigures,Collectible Minifigures
5122,CRS107,images/CRS107.jpg,Cars,Other
5123,NJO0066,images/NJO0066.jpg,NINJAGO,NINJAGO
5124,SW0421,images/SW0421.jpg,Star Wars,Star Wars
5125,TGB009,images/TGB009.jpg,Collectible Minifigures,Collectible Minifigures
5126,COL128,images/COL128.jpg,Collectible Minifigures,Collectible Minifigures
5127,SW0361,images/SW0361.jpg,Star Wars,Star Wars
5128,SW0419,images/SW0419.jpg,Star Wars,Star Wars
5129,MOF002,images/MOF002.jpg,Monster Fighters,Other
5130,LOR017,images/LOR017.jpg,The Hobbit and The Lord of the Rings,The Hobbit and The Lord of the Rings
5131,SW0424,images/SW0424.jpg,Star Wars,Star Wars
5132,SW0393,images/SW0393.jpg,Star Wars,Star Wars
5133,SW0373,images/SW0373.jpg,Star Wars,Star Wars
5134,SW0370,images/SW0370.jpg,Star Wars,Star Wars
5135,SW0375,images/SW0375.jpg,Star Wars,Star Wars
5136,SW0390,images/SW0390.jpg,Star Wars,Star Wars
5137,COL098,images/COL098.jpg,Collectible Minifigures,Collectible Minifigures
5138,SW0412,images/SW0412.jpg,Star Wars,Star Wars
5139,COL102,images/COL102.jpg,Collectible Minifigures,Collectible Minifigures
5140,LOR049,images/LOR049.jpg,The Hobbit and The Lord of the Rings,The Hobbit and The Lord of the Rings
5141,COL085,images/COL085.jpg,Collectible Minifigures,Collectible Minifigures
5142,SH0009,images/SH0009.jpg,Super Heroes,Super Heroes
5143,SW0379,images/SW0379.jpg,Star Wars,Star Wars
5144,MOF009,images/MOF009.jpg,Monster Fighters,Other
5145,SH0016,images/SH0016.jpg,Super Heroes,Super Heroes
5146,SH0016A,images/SH0016A.jpg,Super Heroes,Super Heroes
5147,SH0046,images/SH0046.jpg,Super Heroes,Super Heroes
5148,SH0025,images/SH0025.jpg,Super Heroes,Super Heroes
5149,SH0019,images/SH0019.jpg,Super Heroes,Super Heroes
5150,SW0415,images/SW0415.jpg,Star Wars,Star Wars
5151,SW0404,images/SW0404.jpg,Star Wars,Star Wars
5152,LOR041,images/LOR041.jpg,The Hobbit and The Lord of the Rings,The Hobbit and The Lord of the Rings
5153,LOR030,images/LOR030.jpg,The Hobbit and The Lord of the Rings,The Hobbit and The Lord of the Rings
5154,LOR029,images/LOR029.jpg,The Hobbit and The Lord of the Rings,The Hobbit and The Lord of the Rings
5155,SH0043,images/SH0043.jpg,Super Heroes,Super Heroes
5156,SH0035,images/SH0035.jpg,Super Heroes,Super Heroes
5157,SP001NEW,images/SP001NEW.jpg,Space,Space
5158,CTY0281,images/CTY0281.jpg,Town,Town
5159,CTY0290,images/CTY0290.jpg,Town,Town
5160,CTY0295,images/CTY0295.jpg,Town,Town
5161,SW0431,images/SW0431.jpg,Star Wars,Star Wars
5162,SW0396,images/SW0396.jpg,Star Wars,Star Wars
5163,LOR052,images/LOR052.jpg,The Hobbit and The Lord of the Rings,The Hobbit and The Lord of the Rings
5164,LOR051,images/LOR051.jpg,The Hobbit and The Lord of the Rings,The Hobbit and The Lord of the Rings
5165,LOR014,images/LOR014.jpg,The Hobbit and The Lord of the Rings,The Hobbit and The Lord of the Rings
5166,SW0407,images/SW0407.jpg,Star Wars,Star Wars
5167,TWN162,images/TWN162.jpg,Town,Town
5168,TGB001,images/TGB001.jpg,Collectible Minifigures,Collectible Minifigures
5169,COL100,images/COL100.jpg,Collectible Minifigures,Collectible Minifigures
5170,TWN157,images/TWN157.jpg,Town,Town
5171,SH0026,images/SH0026.jpg,Super Heroes,Super Heroes
5172,COL099,images/COL099.jpg,Collectible Minifigures,Collectible Minifigures
5173,CTY0315,images/CTY0315.jpg,Town,Town
5174,COL120,images/COL120.jpg,Collectible Minifigures,Collectible Minifigures
5175,COL094,images/COL094.jpg,Collectible Minifigures,Collectible Minifigures
5176,NJO0062,images/NJO0062.jpg,NINJAGO,NINJAGO
5177,SW0365,images/SW0365.jpg,Star Wars,Star Wars
5178,SH0028,images/SH0028.jpg,Super Heroes,Super Heroes
5179,SH0014,images/SH0014.jpg,Super Heroes,Super Heroes
5180,RAC049,images/RAC049.jpg,Racers,Other
5181,SH0006,images/SH0006.jpg,Super Heroes,Super Heroes
5182,LOR027,images/LOR027.jpg,The Hobbit and The Lord of the Rings,The Hobbit and The Lord of the Rings
5183,SW0418,images/SW0418.jpg,Star Wars,Star Wars
5184,TWN161,images/TWN161.jpg,Town,Town
5185,SH0030,images/SH0030.jpg,Super Heroes,Super Heroes
5186,SH0029,images/SH0029.jpg,Super Heroes,Super Heroes
5187,NJO0056,images/NJO0056.jpg,NINJAGO,NINJAGO
5188,COL081,images/COL081.jpg,Collectible Minifigures,Collectible Minifigures
5189,SP003NEW2,images/SP003NEW2.jpg,Space,Space
5190,SP004NEW2,images/SP004NEW2.jpg,Space,Space
5191,COL087,images/COL087.jpg,Collectible Minifigures,Collectible Minifigures
5192,SW0377,images/SW0377.jpg,Star Wars,Star Wars
5193,SW0378,images/SW0378.jpg,Star Wars,Star Wars
5194,SW0380,images/SW0380.jpg,Star Wars,Star Wars
5195,NJO0041,images/NJO0041.jpg,NINJAGO,NINJAGO
5196,NJO0057,images/NJO0057.jpg,NINJAGO,NINJAGO
5197,NJO0054,images/NJO0054.jpg,NINJAGO,NINJAGO
5198,NJO0039,images/NJO0039.jpg,NINJAGO,NINJAGO
5199,SW0359,images/SW0359.jpg,Star Wars,Star Wars
5200,COL108,images/COL108.jpg,Collectible Minifigures,Collectible Minifigures
5201,COL114,images/COL114.jpg,Collectible Minifigures,Collectible Minifigures
5202,CTY0293,images/CTY0293.jpg,Town,Town
5203,COL116,images/COL116.jpg,Collectible Minifigures,Collectible Minifigures
5204,CRS104,images/CRS104.jpg,Cars,Other
5205,MOF016,images/MOF016.jpg,Monster Fighters,Other
5206,COL103,images/COL103.jpg,Collectible Minifigures,Collectible Minifigures
5207,CTY0329,images/CTY0329.jpg,Town,Town
5208,SW0413,images/SW0413.jpg,Star Wars,Star Wars
5209,SW0384,images/SW0384.jpg,Star Wars,Star Wars
5210,SH0032,images/SH0032.jpg,Super Heroes,Super Heroes
5211,SW0374,images/SW0374.jpg,Star Wars,Star Wars
5212,RAC047,images/RAC047.jpg,Racers,Other
5213,COL118,images/COL118.jpg,Collectible Minifigures,Collectible Minifigures
5214,COL124,images/COL124.jpg,Collectible Minifigures,Collectible Minifigures
5215,CTY0319,images/CTY0319.jpg,Town,Town
5216,MOF005,images/MOF005.jpg,Monster Fighters,Other
5217,LOR047,images/LOR047.jpg,The Hobbit and The Lord of the Rings,The Hobbit and The Lord of the Rings
5218,COL119,images/COL119.jpg,Collectible Minifigures,Collectible Minifigures
5219,SH0040,images/SH0040.jpg,Super Heroes,Super Heroes
5220,SW0429,images/SW0429.jpg,Star Wars,Star Wars
5221,47205PB024,images/47205PB024.jpg,DUPLO,DUPLO
5222,47394PB147,images/47394PB147.jpg,DUPLO,DUPLO
5223,47394PB149,images/47394PB149.jpg,DUPLO,DUPLO
5224,47394PB150,images/47394PB150.jpg,DUPLO,DUPLO
5225,47394PB148,images/47394PB148.jpg,DUPLO,DUPLO
5226,47394PB144,images/47394PB144.jpg,DUPLO,DUPLO
5227,47394PB146,images/47394PB146.jpg,DUPLO,DUPLO
5228,47394PB145,images/47394PB145.jpg,DUPLO,DUPLO
5229,47394PB161,images/47394PB161.jpg,DUPLO,DUPLO
5230,47394PB160,images/47394PB160.jpg,DUPLO,DUPLO
5231,CRS062,images/CRS062.jpg,DUPLO,DUPLO
5232,CRS063,images/CRS063.jpg,DUPLO,DUPLO
5233,CRS027,images/CRS027.jpg,DUPLO,DUPLO
5234,CRS028,images/CRS028.jpg,DUPLO,DUPLO
5235,LOR050,images/LOR050.jpg,The Hobbit and The Lord of the Rings,The Hobbit and The Lord of the Rings
5236,LOR033,images/LOR033.jpg,The Hobbit and The Lord of the Rings,The Hobbit and The Lord of the Rings
5237,SW0367,images/SW0367.jpg,Star Wars,Star Wars
5238,SW0368,images/SW0368.jpg,Star Wars,Star Wars
5239,LOR010,images/LOR010.jpg,The Hobbit and The Lord of the Rings,The Hobbit and The Lord of the Rings
5240,SW0392,images/SW0392.jpg,Star Wars,Star Wars
5241,COL110,images/COL110.jpg,Collectible Minifigures,Collectible Minifigures
5242,COL113,images/COL113.jpg,Collectible Minifigures,Collectible Minifigures
5243,RAC053,images/RAC053.jpg,Racers,Other
5244,RAC051,images/RAC051.jpg,Racers,Other
5245,RAC052,images/RAC052.jpg,Racers,Other
5246,COL121,images/COL121.jpg,Collectible Minifigures,Collectible Minifigures
5247,NJO0036,images/NJO0036.jpg,NINJAGO,NINJAGO
5248,NJO0048,images/NJO0048.jpg,NINJAGO,NINJAGO
5249,NJO0049,images/NJO0049.jpg,NINJAGO,NINJAGO
5250,CTY0327,images/CTY0327.jpg,Town,Town
5251,TWN154,images/TWN154.jpg,Town,Town
5252,HOL027,images/HOL027.jpg,Holiday & Event,Holiday & Event
5253,LOR036,images/LOR036.jpg,The Hobbit and The Lord of the Rings,The Hobbit and The Lord of the Rings
5254,CRS099,images/CRS099.jpg,Cars,Other
5255,CRS102,images/CRS102.jpg,Cars,Other
5256,CTY0300,images/CTY0300.jpg,Town,Town
5257,CTY0286,images/CTY0286.jpg,Town,Town
5258,CTY0302,images/CTY0302.jpg,Town,Town
5259,CTY0338,images/CTY0338.jpg,Town,Town
5260,CTY0279,images/CTY0279.jpg,Town,Town
5261,CTY0287,images/CTY0287.jpg,Town,Town
5262,CTY0307,images/CTY0307.jpg,Town,Town
5263,CTY0304,images/CTY0304.jpg,Town,Town
5264,CTY0301,images/CTY0301.jpg,Town,Town
5265,CTY0337,images/CTY0337.jpg,Town,Town
5266,CTY0280,images/CTY0280.jpg,Town,Town
5267,CTY0278,images/CTY0278.jpg,Town,Town
5268,CTY0323,images/CTY0323.jpg,Town,Town
5269,COL037A,images/COL037A.jpg,Collectible Minifigures,Collectible Minifigures
5270,COL086,images/COL086.jpg,Collectible Minifigures,Collectible Minifigures
5271,CTY0334,images/CTY0334.jpg,Town,Town
5272,CTY0309,images/CTY0309.jpg,Town,Town
5273,TGB006,images/TGB006.jpg,Collectible Minifigures,Collectible Minifigures
5274,BOB034,images/BOB034.jpg,SpongeBob SquarePants,Other
5275,COL117,images/COL117.jpg,Collectible Minifigures,Collectible Minifigures
5276,CTY0263,images/CTY0263.jpg,Town,Town
5277,CTY0306,images/CTY0306.jpg,Town,Town
5278,CTY0273,images/CTY0273.jpg,Town,Town
5279,CTY0264,images/CTY0264.jpg,Town,Town
5280,CTY0284,images/CTY0284.jpg,Town,Town
5281,CTY0260,images/CTY0260.jpg,Town,Town
5282,CTY0276,images/CTY0276.jpg,Town,Town
5283,CTY0267,images/CTY0267.jpg,Town,Town
5284,CTY0383,images/CTY0383.jpg,Town,Town
5285,CTY0274,images/CTY0274.jpg,Town,Town
5286,CTY0277,images/CTY0277.jpg,Town,Town
5287,CRS071,images/CRS071.jpg,Cars,Other
5288,CRS100,images/CRS100.jpg,Cars,Other
5289,MOF015,images/MOF015.jpg,Monster Fighters,Other
5290,FRND0014,images/FRND0014.jpg,Friends,Friends
5291,FRND0024,images/FRND0024.jpg,Friends,Friends
5292,FRND0004,images/FRND0004.jpg,Friends,Friends
5293,FRND0018,images/FRND0018.jpg,Friends,Friends
5294,FRND0029,images/FRND0029.jpg,Friends,Friends
5295,FRND0026,images/FRND0026.jpg,Friends,Friends
5296,FRND0011,images/FRND0011.jpg,Friends,Friends
5297,FRND0007,images/FRND0007.jpg,Friends,Friends
5298,FRND0001,images/FRND0001.jpg,Friends,Friends
5299,FRND0027,images/FRND0027.jpg,Friends,Friends
5300,FRND0020,images/FRND0020.jpg,Friends,Friends
5301,FRND0013,images/FRND0013.jpg,Friends,Friends
5302,FRND0022,images/FRND0022.jpg,Friends,Friends
5303,FRND0005,images/FRND0005.jpg,Friends,Friends
5304,FRND0016,images/FRND0016.jpg,Friends,Friends
5305,FRND0009,images/FRND0009.jpg,Friends,Friends
5306,FRND0021,images/FRND0021.jpg,Friends,Friends
5307,FRND0023,images/FRND0023.jpg,Friends,Friends
5308,FRND0010,images/FRND0010.jpg,Friends,Friends
5309,FRND0030,images/FRND0030.jpg,Friends,Friends
5310,FRND0006,images/FRND0006.jpg,Friends,Friends
5311,FRND0017,images/FRND0017.jpg,Friends,Friends
5312,FRND0019,images/FRND0019.jpg,Friends,Friends
5313,FRND0012,images/FRND0012.jpg,Friends,Friends
5314,FRND0015,images/FRND0015.jpg,Friends,Friends
5315,FRND0003,images/FRND0003.jpg,Friends,Friends
5316,FRND0028,images/FRND0028.jpg,Friends,Friends
5317,FRND0008,images/FRND0008.jpg,Friends,Friends
5318,FRND0002,images/FRND0002.jpg,Friends,Friends
5319,FRND0025,images/FRND0025.jpg,Friends,Friends
5320,LOR003,images/LOR003.jpg,The Hobbit and The Lord of the Rings,The Hobbit and The Lord of the Rings
5321,LOR028,images/LOR028.jpg,The Hobbit and The Lord of the Rings,The Hobbit and The Lord of the Rings
5322,LOR002,images/LOR002.jpg,The Hobbit and The Lord of the Rings,The Hobbit and The Lord of the Rings
5323,COL104,images/COL104.jpg,Collectible Minifigures,Collectible Minifigures
5324,SW0405,images/SW0405.jpg,Star Wars,Star Wars
5325,LOR001,images/LOR001.jpg,The Hobbit and The Lord of the Rings,The Hobbit and The Lord of the Rings
5326,COL096,images/COL096.jpg,Collectible Minifigures,Collectible Minifigures
5327,SW0381,images/SW0381.jpg,Star Wars,Star Wars
5328,SW0382,images/SW0382.jpg,Star Wars,Star Wars
5329,GEN043,images/GEN043.jpg,Monster Fighters,Other
5330,GEN044,images/GEN044.jpg,Monster Fighters,Other
5331,GEN046,images/GEN046.jpg,Monster Fighters,Other
5332,LOR013,images/LOR013.jpg,The Hobbit and The Lord of the Rings,The Hobbit and The Lord of the Rings
5333,TWN165,images/TWN165.jpg,Town,Town
5334,TWN164,images/TWN164.jpg,Town,Town
5335,LOR055,images/LOR055.jpg,The Hobbit and The Lord of the Rings,The Hobbit and The Lord of the Rings
5336,LOR042,images/LOR042.jpg,The Hobbit and The Lord of the Rings,The Hobbit and The Lord of the Rings
5337,LOR044,images/LOR044.jpg,The Hobbit and The Lord of the Rings,The Hobbit and The Lord of the Rings
5338,LOR043,images/LOR043.jpg,The Hobbit and The Lord of the Rings,The Hobbit and The Lord of the Rings
5339,LOR032,images/LOR032.jpg,The Hobbit and The Lord of the Rings,The Hobbit and The Lord of the Rings
5340,LOR031,images/LOR031.jpg,The Hobbit and The Lord of the Rings,The Hobbit and The Lord of the Rings
5341,LOR005,images/LOR005.jpg,The Hobbit and The Lord of the Rings,The Hobbit and The Lord of the Rings
5342,SW0430,images/SW0430.jpg,Star Wars,Star Wars
5343,COL112,images/COL112.jpg,Collectible Minifigures,Collectible Minifigures
5344,CTY0261,images/CTY0261.jpg,Town,Town
5345,CTY0330,images/CTY0330.jpg,Town,Town
5346,CTY0318,images/CTY0318.jpg,Town,Town
5347,CRS101,images/CRS101.jpg,Cars,Other
5348,TWN158,images/TWN158.jpg,Town,Town
5349,SH0023,images/SH0023.jpg,Super Heroes,Super Heroes
5350,LOR020,images/LOR020.jpg,The Hobbit and The Lord of the Rings,The Hobbit and The Lord of the Rings
5351,SW0403,images/SW0403.jpg,Star Wars,Star Wars
5352,SH0024,images/SH0024.jpg,Super Heroes,Super Heroes
5353,SH0034,images/SH0034.jpg,Super Heroes,Super Heroes
5354,IDEA012,images/IDEA012.jpg,LEGO Ideas,LEGO Ideas
5355,DINO008,images/DINO008.jpg,Dino,Other
5356,DINO005,images/DINO005.jpg,Dino,Other
5357,DINO007,images/DINO007.jpg,Dino,Other
5358,DINO002,images/DINO002.jpg,Dino,Other
5359,DINO003,images/DINO003.jpg,Dino,Other
5360,DINO001,images/DINO001.jpg,Dino,Other
5361,DINO004,images/DINO004.jpg,Dino,Other
5362,DINO006,images/DINO006.jpg,Dino,Other
5363,COL082,images/COL082.jpg,Collectible Minifigures,Collectible Minifigures
5364,COL107,images/COL107.jpg,Collectible Minifigures,Collectible Minifigures
5365,TGB008,images/TGB008.jpg,Collectible Minifigures,Collectible Minifigures
5366,SW0425,images/SW0425.jpg,Star Wars,Star Wars
5367,SH0013,images/SH0013.jpg,Super Heroes,Super Heroes
5368,SH0037,images/SH0037.jpg,Super Heroes,Super Heroes
5369,LOR039,images/LOR039.jpg,The Hobbit and The Lord of the Rings,The Hobbit and The Lord of the Rings
5370,LOR048,images/LOR048.jpg,The Hobbit and The Lord of the Rings,The Hobbit and The Lord of the Rings
5371,SW0401,images/SW0401.jpg,Star Wars,Star Wars
5372,SW0376,images/SW0376.jpg,Star Wars,Star Wars
5373,SW0426,images/SW0426.jpg,Star Wars,Star Wars
5374,SW0005B,images/SW0005B.jpg,Star Wars,Star Wars
5375,SW0366,images/SW0366.jpg,Star Wars,Star Wars
5376,SW0268A,images/SW0268A.jpg,Star Wars,Star Wars
5377,COL093,images/COL093.jpg,Collectible Minifigures,Collectible Minifigures
5378,SH0041,images/SH0041.jpg,Super Heroes,Super Heroes
5379,SH0015,images/SH0015.jpg,Super Heroes,Super Heroes
5380,SH0036,images/SH0036.jpg,Super Heroes,Super Heroes
5381,SH0027,images/SH0027.jpg,Super Heroes,Super Heroes
5382,CRS090,images/CRS090.jpg,Cars,Other
5383,SW0402,images/SW0402.jpg,Star Wars,Star Wars
5384,MOF006,images/MOF006.jpg,Monster Fighters,Other
5385,TWN160,images/TWN160.jpg,Town,Town
5386,NJO0043,images/NJO0043.jpg,NINJAGO,NINJAGO
5387,NJO0061,images/NJO0061.jpg,NINJAGO,NINJAGO
5388,NJO0034,images/NJO0034.jpg,NINJAGO,NINJAGO
5389,NJO0047,images/NJO0047.jpg,NINJAGO,NINJAGO
5390,SH0044,images/SH0044.jpg,Super Heroes,Super Heroes
5391,CRS094,images/CRS094.jpg,Cars,Other
5392,SW0372,images/SW0372.jpg,Star Wars,Star Wars
5393,TGB004,images/TGB004.jpg,Collectible Minifigures,Collectible Minifigures
5394,COL106,images/COL106.jpg,Collectible Minifigures,Collectible Minifigures
5395,NJO0052,images/NJO0052.jpg,NINJAGO,NINJAGO
5396,NJO0055,images/NJO0055.jpg,NINJAGO,NINJAGO
5397,NJO0037,images/NJO0037.jpg,NINJAGO,NINJAGO
5398,NJO0032,images/NJO0032.jpg,NINJAGO,NINJAGO
5399,LOR037,images/LOR037.jpg,The Hobbit and The Lord of the Rings,The Hobbit and The Lord of the Rings
5400,LOR021,images/LOR021.jpg,The Hobbit and The Lord of the Rings,The Hobbit and The Lord of the Rings
5401,CAS510,images/CAS510.jpg,Castle,Castle
5402,CAS509,images/CAS509.jpg,Castle,Castle
5403,CAS507,images/CAS507.jpg,Castle,Castle
5404,CAS508,images/CAS508.jpg,Castle,Castle
5405,CAS506,images/CAS506.jpg,Castle,Castle
5406,CAS503,images/CAS503.jpg,Castle,Castle
5407,CAS512,images/CAS512.jpg,Castle,Castle
5408,CAS511,images/CAS511.jpg,Castle,Castle
5409,CAS499,images/CAS499.jpg,Castle,Castle
5410,CAS514,images/CAS514.jpg,Castle,Castle
5411,CAS513,images/CAS513.jpg,Castle,Castle
5412,CAS502,images/CAS502.jpg,Castle,Castle
5413,CAS501,images/CAS501.jpg,Castle,Castle
5414,CAS500,images/CAS500.jpg,Castle,Castle
5415,CAS505,images/CAS505.jpg,Castle,Castle
5416,CAS504,images/CAS504.jpg,Castle,Castle
5417,SW0422,images/SW0422.jpg,Star Wars,Star Wars
5418,SW0397,images/SW0397.jpg,Star Wars,Star Wars
5419,COL084,images/COL084.jpg,Collectible Minifigures,Collectible Minifigures
5420,SW0398,images/SW0398.jpg,Star Wars,Star Wars
5421,NJO0051,images/NJO0051.jpg,NINJAGO,NINJAGO
5422,CTY0332,images/CTY0332.jpg,Town,Town
5423,COL115,images/COL115.jpg,Collectible Minifigures,Collectible Minifigures
5424,TLS033,images/TLS033.jpg,LEGO Brand,LEGO Brand
5425,TLS031,images/TLS031.jpg,LEGO Brand,LEGO Brand
5426,TLS032,images/TLS032.jpg,LEGO Brand,LEGO Brand
5427,TLS074,images/TLS074.jpg,LEGO Brand,LEGO Brand
5428,TLS054,images/TLS054.jpg,LEGO Brand,LEGO Brand
5429,TLS057,images/TLS057.jpg,LEGO Brand,LEGO Brand
5430,TLS039,images/TLS039.jpg,LEGO Brand,LEGO Brand
5431,TLS002,images/TLS002.jpg,LEGO Brand,LEGO Brand
5432,TLS117,images/TLS117.jpg,LEGO Brand,LEGO Brand
5433,TLS045,images/TLS045.jpg,LEGO Brand,LEGO Brand
5434,TLS069,images/TLS069.jpg,LEGO Brand,LEGO Brand
5435,TLS046,images/TLS046.jpg,LEGO Brand,LEGO Brand
5436,TLS001,images/TLS001.jpg,LEGO Brand,LEGO Brand
5437,TLS056,images/TLS056.jpg,LEGO Brand,LEGO Brand
5438,TLS061,images/TLS061.jpg,LEGO Brand,LEGO Brand
5439,TLS042,images/TLS042.jpg,LEGO Brand,LEGO Brand
5440,TLS036,images/TLS036.jpg,LEGO Brand,LEGO Brand
5441,TLS115,images/TLS115.jpg,LEGO Brand,LEGO Brand
5442,TLS052,images/TLS052.jpg,LEGO Brand,LEGO Brand
5443,TLS055,images/TLS055.jpg,LEGO Brand,LEGO Brand
5444,TLS038,images/TLS038.jpg,LEGO Brand,LEGO Brand
5445,TLS040,images/TLS040.jpg,LEGO Brand,LEGO Brand
5446,TLS068,images/TLS068.jpg,LEGO Brand,LEGO Brand
5447,TLS066,images/TLS066.jpg,LEGO Brand,LEGO Brand
5448,TLS062,images/TLS062.jpg,LEGO Brand,LEGO Brand
5449,TLS041,images/TLS041.jpg,LEGO Brand,LEGO Brand
5450,TLS044,images/TLS044.jpg,LEGO Brand,LEGO Brand
5451,TLS035,images/TLS035.jpg,LEGO Brand,LEGO Brand
5452,TLS063,images/TLS063.jpg,LEGO Brand,LEGO Brand
5453,TLS047,images/TLS047.jpg,LEGO Brand,LEGO Brand
5454,TLS116,images/TLS116.jpg,LEGO Brand,LEGO Brand
5455,TLS048,images/TLS048.jpg,LEGO Brand,LEGO Brand
5456,TLS034,images/TLS034.jpg,LEGO Brand,LEGO Brand
5457,TLS053,images/TLS053.jpg,LEGO Brand,LEGO Brand
5458,TLS075,images/TLS075.jpg,LEGO Brand,LEGO Brand
5459,TLS043,images/TLS043.jpg,LEGO Brand,LEGO Brand
5460,TLS037,images/TLS037.jpg,LEGO Brand,LEGO Brand
5461,TLS064,images/TLS064.jpg,LEGO Brand,LEGO Brand
5462,TLS076,images/TLS076.jpg,LEGO Brand,LEGO Brand
5463,TLS065,images/TLS065.jpg,LEGO Brand,LEGO Brand
5464,TLS067,images/TLS067.jpg,LEGO Brand,LEGO Brand
5465,TLS003,images/TLS003.jpg,LEGO Brand,LEGO Brand
5466,LLP006,images/LLP006.jpg,LEGOLAND Parks,Other
5467,LOR015,images/LOR015.jpg,The Hobbit and The Lord of the Rings,The Hobbit and The Lord of the Rings
5468,LOR035,images/LOR035.jpg,The Hobbit and The Lord of the Rings,The Hobbit and The Lord of the Rings
5469,COL089,images/COL089.jpg,Collectible Minifigures,Collectible Minifigures
5470,SH0039,images/SH0039.jpg,Super Heroes,Super Heroes
5471,SH0012,images/SH0012.jpg,Super Heroes,Super Heroes
5472,CRS068,images/CRS068.jpg,Cars,Other
5473,NJO0068,images/NJO0068.jpg,NINJAGO,NINJAGO
5474,NJO0070,images/NJO0070.jpg,NINJAGO,NINJAGO
5475,NJO0038,images/NJO0038.jpg,NINJAGO,NINJAGO
5476,NJO0065,images/NJO0065.jpg,NINJAGO,NINJAGO
5477,SW0400,images/SW0400.jpg,Star Wars,Star Wars
5478,SH0033,images/SH0033.jpg,Super Heroes,Super Heroes
5479,NJO0042,images/NJO0042.jpg,NINJAGO,NINJAGO
5480,MOF013,images/MOF013.jpg,Monster Fighters,Other
5481,MOF007,images/MOF007.jpg,Monster Fighters,Other
5482,MOF008,images/MOF008.jpg,Monster Fighters,Other
5483,SW0395,images/SW0395.jpg,Star Wars,Star Wars
5484,SW0432,images/SW0432.jpg,Star Wars,Star Wars
5485,LOR025,images/LOR025.jpg,The Hobbit and The Lord of the Rings,The Hobbit and The Lord of the Rings
5486,SW0417,images/SW0417.jpg,Star Wars,Star Wars
5487,SH0031,images/SH0031.jpg,Super Heroes,Super Heroes
5488,MOF004,images/MOF004.jpg,Monster Fighters,Other
5489,CRS069,images/CRS069.jpg,Cars,Other
5490,TWN155,images/TWN155.jpg,Town,Town
5491,MBA003,images/MBA003.jpg,Master Builder Academy,Other
5492,COL095,images/COL095.jpg,Collectible Minifigures,Collectible Minifigures
5493,CTY0262,images/CTY0262.jpg,Town,Town
5494,CTY0331,images/CTY0331.jpg,Town,Town
5495,HOL026,images/HOL026.jpg,Holiday & Event,Holiday & Event
5496,LOR016,images/LOR016.jpg,The Hobbit and The Lord of the Rings,The Hobbit and The Lord of the Rings
5497,NJO0059,images/NJO0059.jpg,NINJAGO,NINJAGO
5498,85863PB074,images/85863PB074.jpg,Games,Games
5499,85863PB073,images/85863PB073.jpg,Games,Games
5500,85863PB093,images/85863PB093.jpg,Games,Games
5501,85863PB089,images/85863PB089.jpg,Games,Games
5502,85863PB090,images/85863PB090.jpg,Games,Games
5503,85863PB092,images/85863PB092.jpg,Games,Games
5504,85863PB091,images/85863PB091.jpg,Games,Games
5505,85863PB085,images/85863PB085.jpg,Games,Games
5506,85863PB087,images/85863PB087.jpg,Games,Games
5507,85863PB088,images/85863PB088.jpg,Games,Games
5508,85863PB086,images/85863PB086.jpg,Games,Games
5509,85863PB081,images/85863PB081.jpg,Games,Games
5510,85863PB083,images/85863PB083.jpg,Games,Games
5511,85863PB079,images/85863PB079.jpg,Games,Games
5512,85863PB080,images/85863PB080.jpg,Games,Games
5513,85863PB084,images/85863PB084.jpg,Games,Games
5514,85863PB078,images/85863PB078.jpg,Games,Games
5515,85863PB075,images/85863PB075.jpg,Games,Games
5516,85863PB076,images/85863PB076.jpg,Games,Games
5517,85863PB077,images/85863PB077.jpg,Games,Games
5518,85863PB082,images/85863PB082.jpg,Games,Games
5519,85863PB095,images/85863PB095.jpg,Games,Games
5520,85863PB094,images/85863PB094.jpg,Games,Games
5521,85863PB097,images/85863PB097.jpg,Games,Games
5522,85863PB096,images/85863PB096.jpg,Games,Games
5523,MIN001,images/MIN001.jpg,Minecraft,Minecraft
5524,MIN002,images/MIN002.jpg,Minecraft,Minecraft
5525,CTY0310,images/CTY0310.jpg,Town,Town
5526,CTY0311,images/CTY0311.jpg,Town,Town
5527,CTY0333,images/CTY0333.jpg,Town,Town
5528,CTY0322,images/CTY0322.jpg,Town,Town
5529,COL088,images/COL088.jpg,Collectible Minifigures,Collectible Minifigures
5530,LOR054,images/LOR054.jpg,The Hobbit and The Lord of the Rings,The Hobbit and The Lord of the Rings
5531,LOR053,images/LOR053.jpg,The Hobbit and The Lord of the Rings,The Hobbit and The Lord of the Rings
5532,LOR026,images/LOR026.jpg,The Hobbit and The Lord of the Rings,The Hobbit and The Lord of the Rings
5533,MOF017,images/MOF017.jpg,Monster Fighters,Other
5534,MOF020,images/MOF020.jpg,Monster Fighters,Other
5535,LOR024,images/LOR024.jpg,The Hobbit and The Lord of the Rings,The Hobbit and The Lord of the Rings
5536,LOR023,images/LOR023.jpg,The Hobbit and The Lord of the Rings,The Hobbit and The Lord of the Rings
5537,LOR011,images/LOR011.jpg,The Hobbit and The Lord of the Rings,The Hobbit and The Lord of the Rings
5538,RAC048,images/RAC048.jpg,Racers,Other
5539,BOB038,images/BOB038.jpg,SpongeBob SquarePants,Other
5540,MOF001,images/MOF001.jpg,Monster Fighters,Other
5541,RAC050,images/RAC050.jpg,Racers,Other
5542,LOR046,images/LOR046.jpg,The Hobbit and The Lord of the Rings,The Hobbit and The Lord of the Rings
5543,SW0363,images/SW0363.jpg,Star Wars,Star Wars
5544,SW0409,images/SW0409.jpg,Star Wars,Star Wars
5545,SW0362,images/SW0362.jpg,Star Wars,Star Wars
5546,COL101,images/COL101.jpg,Collectible Minifigures,Collectible Minifigures
5547,OCT069,images/OCT069.jpg,Town,Town
5548,OCT066,images/OCT066.jpg,Town,Town
5549,OCT067,images/OCT067.jpg,Town,Town
5550,OCT012NEW,images/OCT012NEW.jpg,Town,Town
5551,LOR056,images/LOR056.jpg,The Hobbit and The Lord of the Rings,The Hobbit and The Lord of the Rings
5552,SW0406,images/SW0406.jpg,Star Wars,Star Wars
5553,CTY0314,images/CTY0314.jpg,Town,Town
5554,LOR045,images/LOR045.jpg,The Hobbit and The Lord of the Rings,The Hobbit and The Lord of the Rings
5555,CTY0268,images/CTY0268.jpg,Town,Town
5556,CTY0269,images/CTY0269.jpg,Town,Town
5557,CTY0340,images/CTY0340.jpg,Town,Town
5558,CTY0320,images/CTY0320.jpg,Town,Town
5559,CTY0321,images/CTY0321.jpg,Town,Town
5560,CTY0326,images/CTY0326.jpg,Town,Town
5561,CTY0296,images/CTY0296.jpg,Town,Town
5562,CTY0294,images/CTY0294.jpg,Town,Town
5563,CTY0335,images/CTY0335.jpg,Town,Town
5564,CTY0291,images/CTY0291.jpg,Town,Town
5565,SW0411,images/SW0411.jpg,Star Wars,Star Wars
5566,CTY0271,images/CTY0271.jpg,Town,Town
5567,CTY0317,images/CTY0317.jpg,Town,Town
5568,CTY0272,images/CTY0272.jpg,Town,Town
5569,BOB037,images/BOB037.jpg,SpongeBob SquarePants,Other
5570,BOB033,images/BOB033.jpg,SpongeBob SquarePants,Other
5571,LOR012,images/LOR012.jpg,The Hobbit and The Lord of the Rings,The Hobbit and The Lord of the Rings
5572,CRS105,images/CRS105.jpg,Cars,Other
5573,COL127,images/COL127.jpg,Collectible Minifigures,Collectible Minifigures
5574,CTY0325,images/CTY0325.jpg,Town,Town
5575,CTY0270,images/CTY0270.jpg,Town,Town
5576,SH0010,images/SH0010.jpg,Super Heroes,Super Heroes
5577,CTY0316,images/CTY0316.jpg,Town,Town
5578,CTY0289,images/CTY0289.jpg,Town,Town
5579,CTY0288,images/CTY0288.jpg,Town,Town
5580,CTY0282,images/CTY0282.jpg,Town,Town
5581,CTY0266,images/CTY0266.jpg,Town,Town
5582,CTY0265,images/CTY0265.jpg,Town,Town
5583,CTY0283,images/CTY0283.jpg,Town,Town
5584,CTY0341,images/CTY0341.jpg,Town,Town
5585,SW0416,images/SW0416.jpg,Star Wars,Star Wars
5586,TWN159,images/TWN159.jpg,Town,Town
5587,SW0371,images/SW0371.jpg,Star Wars,Star Wars
5588,CRS103,images/CRS103.jpg,Cars,Other
5589,NJO0060,images/NJO0060.jpg,NINJAGO,NINJAGO
5590,SW0387,images/SW0387.jpg,Star Wars,Star Wars
5591,SW0410,images/SW0410.jpg,Star Wars,Star Wars
5592,CRS070,images/CRS070.jpg,Cars,Other
5593,NJO0033,images/NJO0033.jpg,NINJAGO,NINJAGO
5594,SW0427,images/SW0427.jpg,Star Wars,Star Wars
5595,SW0399,images/SW0399.jpg,Star Wars,Star Wars
5596,SW0369,images/SW0369.jpg,Star Wars,Star Wars
5597,COL125,images/COL125.jpg,Collectible Minifigures,Collectible Minifigures
5598,TWN163,images/TWN163.jpg,Town,Town
5599,CTY0312,images/CTY0312.jpg,Town,Town
5600,CRS108,images/CRS108.jpg,Cars,Other
5601,TGB003,images/TGB003.jpg,Collectible Minifigures,Collectible Minifigures
5602,SW0391,images/SW0391.jpg,Star Wars,Star Wars
5603,LOR018,images/LOR018.jpg,The Hobbit and The Lord of the Rings,The Hobbit and The Lord of the Rings
5604,SH0011,images/SH0011.jpg,Super Heroes,Super Heroes
5605,RB001,images/RB001.jpg,Collectible Minifigures,Collectible Minifigures
5606,RB002,images/RB002.jpg,Collectible Minifigures,Collectible Minifigures
5607,RB003,images/RB003.jpg,Collectible Minifigures,Collectible Minifigures
5608,COL111,images/COL111.jpg,Collectible Minifigures,Collectible Minifigures
5609,LOR009,images/LOR009.jpg,The Hobbit and The Lord of the Rings,The Hobbit and The Lord of the Rings
5610,COL090,images/COL090.jpg,Collectible Minifigures,Collectible Minifigures
5611,SW0420,images/SW0420.jpg,Star Wars,Star Wars
5612,SW0408,images/SW0408.jpg,Star Wars,Star Wars
5613,NJO0050,images/NJO0050.jpg,NINJAGO,NINJAGO
5614,LOR004,images/LOR004.jpg,The Hobbit and The Lord of the Rings,The Hobbit and The Lord of the Rings
5615,SW0364,images/SW0364.jpg,Star Wars,Star Wars
5616,SW0383,images/SW0383.jpg,Star Wars,Star Wars
5617,SW0423,images/SW0423.jpg,Star Wars,Star Wars
5618,HOL014,images/HOL014.jpg,Holiday & Event,Holiday & Event
5619,COL122,images/COL122.jpg,Collectible Minifigures,Collectible Minifigures
5620,SW0389,images/SW0389.jpg,Star Wars,Star Wars
5621,TWN156,images/TWN156.jpg,Town,Town
5622,TNT001,images/TNT001.jpg,Teenage Mutant Ninja Turtles,Other
5623,SH0042,images/SH0042.jpg,Super Heroes,Super Heroes
5624,SW0414,images/SW0414.jpg,Star Wars,Star Wars
5625,NJO0040,images/NJO0040.jpg,NINJAGO,NINJAGO
5626,NJO0067,images/NJO0067.jpg,NINJAGO,NINJAGO
5627,COL092,images/COL092.jpg,Collectible Minifigures,Collectible Minifigures
5628,COL083,images/COL083.jpg,Collectible Minifigures,Collectible Minifigures
5629,NJO0045,images/NJO0045.jpg,NINJAGO,NINJAGO
5630,NJO0035,images/NJO0035.jpg,NINJAGO,NINJAGO
5631,NJO0063,images/NJO0063.jpg,NINJAGO,NINJAGO
5632,SW0428,images/SW0428.jpg,Star Wars,Star Wars
5633,COL038A,images/COL038A.jpg,Collectible Minifigures,Collectible Minifigures
5634,SH0038,images/SH0038.jpg,Super Heroes,Super Heroes
5635,SH0045,images/SH0045.jpg,Super Heroes,Super Heroes
5636,NJO0058,images/NJO0058.jpg,NINJAGO,NINJAGO
5637,BOB036,images/BOB036.jpg,SpongeBob SquarePants,Other
5638,BOB032,images/BOB032.jpg,SpongeBob SquarePants,Other
5639,BOB035,images/BOB035.jpg,SpongeBob SquarePants,Other
5640,TGB002,images/TGB002.jpg,Collectible Minifigures,Collectible Minifigures
5641,HOL025,images/HOL025.jpg,Holiday & Event,Holiday & Event
5642,CTY0275,images/CTY0275.jpg,Town,Town
5643,COL091,images/COL091.jpg,Collectible Minifigures,Collectible Minifigures
5644,MOF014,images/MOF014.jpg,Monster Fighters,Other
5645,CTY0339,images/CTY0339.jpg,Town,Town
5646,CTY0313,images/CTY0313.jpg,Town,Town
5647,CTY0292,images/CTY0292.jpg,Town,Town
5648,COL097,images/COL097.jpg,Collectible Minifigures,Collectible Minifigures
5649,TGB005,images/TGB005.jpg,Collectible Minifigures,Collectible Minifigures
5650,LOR034,images/LOR034.jpg,The Hobbit and The Lord of the Rings,The Hobbit and The Lord of the Rings
5651,SW0385,images/SW0385.jpg,Star Wars,Star Wars
5652,COL105,images/COL105.jpg,Collectible Minifigures,Collectible Minifigures
5653,SH0005,images/SH0005.jpg,Super Heroes,Super Heroes
5654,SH0020,images/SH0020.jpg,Super Heroes,Super Heroes
5655,TNT021,images/TNT021.jpg,Teenage Mutant Ninja Turtles,Other
5656,SH0008,images/SH0008.jpg,Super Heroes,Super Heroes
5657,COL126,images/COL126.jpg,Collectible Minifigures,Collectible Minifigures
5658,SH0018,images/SH0018.jpg,Super Heroes,Super Heroes
5659,LOR040,images/LOR040.jpg,The Hobbit and The Lord of the Rings,The Hobbit and The Lord of the Rings
5660,CRS091,images/CRS091.jpg,Cars,Other
5661,SH0007,images/SH0007.jpg,Super Heroes,Super Heroes
5662,SH0021,images/SH0021.jpg,Super Heroes,Super Heroes
5663,SH0022,images/SH0022.jpg,Super Heroes,Super Heroes
5664,LOR006,images/LOR006.jpg,The Hobbit and The Lord of the Rings,The Hobbit and The Lord of the Rings
5665,LOR019,images/LOR019.jpg,The Hobbit and The Lord of the Rings,The Hobbit and The Lord of the Rings
5666,LOR022,images/LOR022.jpg,The Hobbit and The Lord of the Rings,The Hobbit and The Lord of the Rings
5667,LOR007,images/LOR007.jpg,The Hobbit and The Lord of the Rings,The Hobbit and The Lord of the Rings
5668,LOR008,images/LOR008.jpg,The Hobbit and The Lord of the Rings,The Hobbit and The Lord of the Rings
5669,COL123,images/COL123.jpg,Collectible Minifigures,Collectible Minifigures
5670,COL109,images/COL109.jpg,Collectible Minifigures,Collectible Minifigures
5671,MOF003,images/MOF003.jpg,Monster Fighters,Other
5672,CTY0336,images/CTY0336.jpg,Town,Town
5673,HOL024,images/HOL024.jpg,Holiday & Event,Holiday & Event
5674,CTY0328,images/CTY0328.jpg,Town,Town
5675,SH0017,images/SH0017.jpg,Super Heroes,Super Heroes
5676,SH0004,images/SH0004.jpg,Super Heroes,Super Heroes
5677,TGB007,images/TGB007.jpg,Collectible Minifigures,Collectible Minifigures
5678,NJO0046,images/NJO0046.jpg,NINJAGO,NINJAGO
5679,NJO0064,images/NJO0064.jpg,NINJAGO,NINJAGO
5680,LOR038,images/LOR038.jpg,The Hobbit and The Lord of the Rings,The Hobbit and The Lord of the Rings
5681,NJO0044,images/NJO0044.jpg,NINJAGO,NINJAGO
5682,NJO0069,images/NJO0069.jpg,NINJAGO,NINJAGO
5683,NJO0053,images/NJO0053.jpg,NINJAGO,NINJAGO
5684,NJO0031,images/NJO0031.jpg,NINJAGO,NINJAGO
5685,MOF010,images/MOF010.jpg,Monster Fighters,Other
5686,MOF019,images/MOF019.jpg,Monster Fighters,Other
5687,MOF012,images/MOF012.jpg,Monster Fighters,Other
5688,MOF011,images/MOF011.jpg,Monster Fighters,Other
5689,MOF018,images/MOF018.jpg,Holiday & Event,Holiday & Event
5690,SW0452,images/SW0452.jpg,Star Wars,Star Wars
5691,CTY0403,images/CTY0403.jpg,Town,Town
5692,SH0067,images/SH0067.jpg,Super Heroes,Super Heroes
5693,COL139,images/COL139.jpg,Collectible Minifigures,Collectible Minifigures
5694,GS008,images/GS008.jpg,Space,Space
5695,GS001,images/GS001.jpg,Space,Space
5696,SW0488,images/SW0488.jpg,Star Wars,Star Wars
5697,TNT016,images/TNT016.jpg,Teenage Mutant Ninja Turtles,Other
5698,SH0050,images/SH0050.jpg,Super Heroes,Super Heroes
5699,LOR066,images/LOR066.jpg,The Hobbit and The Lord of the Rings,The Hobbit and The Lord of the Rings
5700,LOR060,images/LOR060.jpg,The Hobbit and The Lord of the Rings,The Hobbit and The Lord of the Rings
5701,GS012,images/GS012.jpg,Space,Space
5702,SW0217A,images/SW0217A.jpg,Star Wars,Star Wars
5703,SW0512,images/SW0512.jpg,Star Wars,Star Wars
5704,SW0477,images/SW0477.jpg,Star Wars,Star Wars
5705,SW0456,images/SW0456.jpg,Star Wars,Star Wars
5706,COL279,images/COL279.jpg,Collectible Minifigures,Collectible Minifigures
5707,CTY0384,images/CTY0384.jpg,Town,Town
5708,LOR087,images/LOR087.jpg,The Hobbit and The Lord of the Rings,The Hobbit and The Lord of the Rings
5709,SH0062,images/SH0062.jpg,Super Heroes,Super Heroes
5710,COL163,images/COL163.jpg,Collectible Minifigures,Collectible Minifigures
5711,LOR084,images/LOR084.jpg,The Hobbit and The Lord of the Rings,The Hobbit and The Lord of the Rings
5712,TLR018,images/TLR018.jpg,The Lone Ranger,Other
5713,COL157,images/COL157.jpg,Collectible Minifigures,Collectible Minifigures
5714,SH0048,images/SH0048.jpg,Super Heroes,Super Heroes
5715,SH0064,images/SH0064.jpg,Super Heroes,Super Heroes
5716,SH0047,images/SH0047.jpg,Super Heroes,Super Heroes
5717,SW0467,images/SW0467.jpg,Star Wars,Star Wars
5718,SW0467B,images/SW0467B.jpg,Star Wars,Star Wars
5719,SW0482,images/SW0482.jpg,Star Wars,Star Wars
5720,COL141,images/COL141.jpg,Collectible Minifigures,Collectible Minifigures
5721,TNT018,images/TNT018.jpg,Teenage Mutant Ninja Turtles,Other
5722,SH0053,images/SH0053.jpg,Super Heroes,Super Heroes
5723,LOR075,images/LOR075.jpg,The Hobbit and The Lord of the Rings,The Hobbit and The Lord of the Rings
5724,LOR057,images/LOR057.jpg,The Hobbit and The Lord of the Rings,The Hobbit and The Lord of the Rings
5725,GS005,images/GS005.jpg,Space,Space
5726,GEN052,images/GEN052.jpg,Holiday & Event,Holiday & Event
5727,GEN051,images/GEN051.jpg,Holiday & Event,Holiday & Event
5728,CTY0395,images/CTY0395.jpg,Town,Town
5729,CTY0401,images/CTY0401.jpg,Town,Town
5730,CTY0388,images/CTY0388.jpg,Town,Town
5731,CTY0420,images/CTY0420.jpg,Town,Town
5732,CTY0426,images/CTY0426.jpg,Town,Town
5733,CTY0533,images/CTY0533.jpg,Town,Town
5734,SW0514,images/SW0514.jpg,Star Wars,Star Wars
5735,SW0476,images/SW0476.jpg,Star Wars,Star Wars
5736,HOL359,images/HOL359.jpg,Holiday & Event,Holiday & Event
5737,TWN197,images/TWN197.jpg,Town,Town
5738,GEN048,images/GEN048.jpg,Collectible Minifigures,Collectible Minifigures
5739,GS013,images/GS013.jpg,Space,Space
5740,COL151,images/COL151.jpg,Collectible Minifigures,Collectible Minifigures
5741,TLR008,images/TLR008.jpg,The Lone Ranger,Other
5742,SW0497,images/SW0497.jpg,Star Wars,Star Wars
5743,PI142,images/PI142.jpg,Pirates,Pirates
5744,TLR016,images/TLR016.jpg,The Lone Ranger,Other
5745,CTY0421,images/CTY0421.jpg,Town,Town
5746,CTY0422,images/CTY0422.jpg,Town,Town
5747,CAS524,images/CAS524.jpg,Castle,Castle
5748,CAS518A,images/CAS518A.jpg,Castle,Castle
5749,CAS525,images/CAS525.jpg,Castle,Castle
5750,CAS529,images/CAS529.jpg,Castle,Castle
5751,CAS522,images/CAS522.jpg,Castle,Castle
5752,CAS537,images/CAS537.jpg,Castle,Castle
5753,CAS528,images/CAS528.jpg,Castle,Castle
5754,CAS534,images/CAS534.jpg,Castle,Castle
5755,CAS523,images/CAS523.jpg,Castle,Castle
5756,CAS532,images/CAS532.jpg,Castle,Castle
5757,CAS535,images/CAS535.jpg,Castle,Castle
5758,CAS526,images/CAS526.jpg,Castle,Castle
5759,CAS521,images/CAS521.jpg,Castle,Castle
5760,CAS530,images/CAS530.jpg,Castle,Castle
5761,CAS520,images/CAS520.jpg,Castle,Castle
5762,CAS516,images/CAS516.jpg,Castle,Castle
5763,CAS517,images/CAS517.jpg,Castle,Castle
5764,CAS531,images/CAS531.jpg,Castle,Castle
5765,CAS536,images/CAS536.jpg,Castle,Castle
5766,CAS527,images/CAS527.jpg,Castle,Castle
5767,CAS533,images/CAS533.jpg,Castle,Castle
5768,TLR019,images/TLR019.jpg,The Lone Ranger,Other
5769,TLR021,images/TLR021.jpg,The Lone Ranger,Other
5770,TLR020,images/TLR020.jpg,The Lone Ranger,Other
5771,TWN177,images/TWN177.jpg,Town,Town
5772,CHEF021,images/CHEF021.jpg,Town,Town
5773,CHEF019A,images/CHEF019A.jpg,Town,Town
5774,TWN187,images/TWN187.jpg,Town,Town
5775,CTY0532,images/CTY0532.jpg,Town,Town
5776,COL135,images/COL135.jpg,Collectible Minifigures,Collectible Minifigures
5777,TLR007,images/TLR007.jpg,The Lone Ranger,Other
5778,CTY0438,images/CTY0438.jpg,Town,Town
5779,CTY0396,images/CTY0396.jpg,Town,Town
5780,TWN176,images/TWN176.jpg,Town,Town
5781,GS009,images/GS009.jpg,Space,Space
5782,SH0083,images/SH0083.jpg,Super Heroes,Super Heroes
5783,CTY0436,images/CTY0436.jpg,Town,Town
5784,SW0442,images/SW0442.jpg,Star Wars,Star Wars
5785,SW0492,images/SW0492.jpg,Star Wars,Star Wars
5786,SW0450,images/SW0450.jpg,Star Wars,Star Wars
5787,SW0481,images/SW0481.jpg,Star Wars,Star Wars
5788,SW0502,images/SW0502.jpg,Star Wars,Star Wars
5789,SW0491,images/SW0491.jpg,Star Wars,Star Wars
5790,SW0439,images/SW0439.jpg,Star Wars,Star Wars
5791,SW0438,images/SW0438.jpg,Star Wars,Star Wars
5792,SW0453,images/SW0453.jpg,Star Wars,Star Wars
5793,SW0445,images/SW0445.jpg,Star Wars,Star Wars
5794,CTY0415,images/CTY0415.jpg,Town,Town
5795,CTY0410,images/CTY0410.jpg,Town,Town
5796,CTY0418,images/CTY0418.jpg,Town,Town
5797,CTY0408,images/CTY0408.jpg,Town,Town
5798,CTY0424,images/CTY0424.jpg,Town,Town
5799,CTY0416,images/CTY0416.jpg,Town,Town
5800,CTY0414,images/CTY0414.jpg,Town,Town
5801,CTY0412,images/CTY0412.jpg,Town,Town
5802,CTY0411,images/CTY0411.jpg,Town,Town
5803,CTY0417,images/CTY0417.jpg,Town,Town
5804,CTY0429,images/CTY0429.jpg,Town,Town
5805,CTY0474,images/CTY0474.jpg,Town,Town
5806,CTY0406,images/CTY0406.jpg,Town,Town
5807,CTY0409,images/CTY0409.jpg,Town,Town
5808,CTY0413,images/CTY0413.jpg,Town,Town
5809,CTY0407,images/CTY0407.jpg,Town,Town
5810,NJO0080,images/NJO0080.jpg,NINJAGO,NINJAGO
5811,SW0480,images/SW0480.jpg,Star Wars,Star Wars
5812,SH0079,images/SH0079.jpg,Super Heroes,Super Heroes
5813,SW0448,images/SW0448.jpg,Star Wars,Star Wars
5814,SH0063,images/SH0063.jpg,Super Heroes,Super Heroes
5815,COL177,images/COL177.jpg,Collectible Minifigures,Collectible Minifigures
5816,CTY0366,images/CTY0366.jpg,Town,Town
5817,CTY0397,images/CTY0397.jpg,Town,Town
5818,CTY0368,images/CTY0368.jpg,Town,Town
5819,SW0472,images/SW0472.jpg,Star Wars,Star Wars
5820,LOC044,images/LOC044.jpg,LEGENDS OF CHIMA,LEGENDS OF CHIMA
5821,LOC024,images/LOC024.jpg,LEGENDS OF CHIMA,LEGENDS OF CHIMA
5822,LOC013,images/LOC013.jpg,LEGENDS OF CHIMA,LEGENDS OF CHIMA
5823,LOC162,images/LOC162.jpg,LEGENDS OF CHIMA,LEGENDS OF CHIMA
5824,LOC023,images/LOC023.jpg,LEGENDS OF CHIMA,LEGENDS OF CHIMA
5825,LOC022,images/LOC022.jpg,LEGENDS OF CHIMA,LEGENDS OF CHIMA
5826,LOC004,images/LOC004.jpg,LEGENDS OF CHIMA,LEGENDS OF CHIMA
5827,COL130,images/COL130.jpg,Collectible Minifigures,Collectible Minifigures
5828,TLR004,images/TLR004.jpg,The Lone Ranger,Other
5829,TLR013,images/TLR013.jpg,The Lone Ranger,Other
5830,GS007,images/GS007.jpg,Space,Space
5831,GS002,images/GS002.jpg,Space,Space
5832,CTY0441,images/CTY0441.jpg,Town,Town
5833,TWN186,images/TWN186.jpg,Town,Town
5834,CTY0445,images/CTY0445.jpg,Town,Town
5835,CTY0370,images/CTY0370.jpg,Town,Town
5836,CTY0419,images/CTY0419.jpg,Town,Town
5837,TWN196,images/TWN196.jpg,Town,Town
5838,TNT010,images/TNT010.jpg,Teenage Mutant Ninja Turtles,Other
5839,SW0493,images/SW0493.jpg,Star Wars,Star Wars
5840,SW0464,images/SW0464.jpg,Star Wars,Star Wars
5841,COL159,images/COL159.jpg,Collectible Minifigures,Collectible Minifigures
5842,COL175,images/COL175.jpg,Collectible Minifigures,Collectible Minifigures
5843,IDEA002,images/IDEA002.jpg,LEGO Ideas,LEGO Ideas
5844,COL284,images/COL284.jpg,Collectible Minifigures,Collectible Minifigures
5845,TNT004,images/TNT004.jpg,Teenage Mutant Ninja Turtles,Other
5846,TNT019,images/TNT019.jpg,Teenage Mutant Ninja Turtles,Other
5847,TNT017,images/TNT017.jpg,Teenage Mutant Ninja Turtles,Other
5848,SH0052,images/SH0052.jpg,Super Heroes,Super Heroes
5849,SH0057,images/SH0057.jpg,Super Heroes,Super Heroes
5850,SW0441,images/SW0441.jpg,Star Wars,Star Wars
5851,SW0447,images/SW0447.jpg,Star Wars,Star Wars
5852,CRS031,images/CRS031.jpg,DUPLO,DUPLO
5853,CRS048,images/CRS048.jpg,DUPLO,DUPLO
5854,CRS030,images/CRS030.jpg,DUPLO,DUPLO
5855,CRS032,images/CRS032.jpg,DUPLO,DUPLO
5856,47205PB026,images/47205PB026.jpg,DUPLO,DUPLO
5857,47205PB025,images/47205PB025.jpg,DUPLO,DUPLO
5858,47205PB028,images/47205PB028.jpg,DUPLO,DUPLO
5859,47205PB029,images/47205PB029.jpg,DUPLO,DUPLO
5860,47394PB154,images/47394PB154.jpg,DUPLO,DUPLO
5861,47394PB155,images/47394PB155.jpg,DUPLO,DUPLO
5862,47394PB153,images/47394PB153.jpg,DUPLO,DUPLO
5863,47394PB173,images/47394PB173.jpg,DUPLO,DUPLO
5864,47394PB197,images/47394PB197.jpg,DUPLO,DUPLO
5865,47394PB158,images/47394PB158.jpg,DUPLO,DUPLO
5866,47394PB152,images/47394PB152.jpg,DUPLO,DUPLO
5867,47394PB151,images/47394PB151.jpg,DUPLO,DUPLO
5868,47394PB157,images/47394PB157.jpg,DUPLO,DUPLO
5869,47394PB165,images/47394PB165.jpg,DUPLO,DUPLO
5870,47394PB156,images/47394PB156.jpg,DUPLO,DUPLO
5871,47394PB166,images/47394PB166.jpg,DUPLO,DUPLO
5872,47394PB159,images/47394PB159.jpg,DUPLO,DUPLO
5873,47394PB164,images/47394PB164.jpg,DUPLO,DUPLO
5874,47205PB027,images/47205PB027.jpg,DUPLO,DUPLO
5875,47394PB163,images/47394PB163.jpg,DUPLO,DUPLO
5876,47394PB162,images/47394PB162.jpg,DUPLO,DUPLO
5877,DUPMERMAID01,images/DUPMERMAID01.jpg,DUPLO,DUPLO
5878,CRS029,images/CRS029.jpg,DUPLO,DUPLO
5879,CRS033,images/CRS033.jpg,DUPLO,DUPLO
5880,SW0965,images/SW0965.jpg,Star Wars,Star Wars
5881,LOC021,images/LOC021.jpg,LEGENDS OF CHIMA,LEGENDS OF CHIMA
5882,HOL355,images/HOL355.jpg,Holiday & Event,Holiday & Event
5883,HOL356,images/HOL356.jpg,Holiday & Event,Holiday & Event
5884,LOR059,images/LOR059.jpg,The Hobbit and The Lord of the Rings,The Hobbit and The Lord of the Rings
5885,SW0511,images/SW0511.jpg,Star Wars,Star Wars
5886,SW0507,images/SW0507.jpg,Star Wars,Star Wars
5887,LOC010,images/LOC010.jpg,LEGENDS OF CHIMA,LEGENDS OF CHIMA
5888,LOC037,images/LOC037.jpg,LEGENDS OF CHIMA,LEGENDS OF CHIMA
5889,LOC005,images/LOC005.jpg,LEGENDS OF CHIMA,LEGENDS OF CHIMA
5890,LOC032,images/LOC032.jpg,LEGENDS OF CHIMA,LEGENDS OF CHIMA
5891,COL166,images/COL166.jpg,Collectible Minifigures,Collectible Minifigures
5892,LOC045,images/LOC045.jpg,LEGENDS OF CHIMA,LEGENDS OF CHIMA
5893,LOC018,images/LOC018.jpg,LEGENDS OF CHIMA,LEGENDS OF CHIMA
5894,LOC014,images/LOC014.jpg,LEGENDS OF CHIMA,LEGENDS OF CHIMA
5895,SW0508,images/SW0508.jpg,Star Wars,Star Wars
5896,SH0071,images/SH0071.jpg,Super Heroes,Super Heroes
5897,SW0473,images/SW0473.jpg,Star Wars,Star Wars
5898,SH0080,images/SH0080.jpg,Super Heroes,Super Heroes
5899,CTY0134A,images/CTY0134A.jpg,Town,Town
5900,CTY0550,images/CTY0550.jpg,Town,Town
5901,CTY0354,images/CTY0354.jpg,Town,Town
5902,TWN171,images/TWN171.jpg,Town,Town
5903,TWN180,images/TWN180.jpg,Town,Town
5904,SW0517,images/SW0517.jpg,Star Wars,Star Wars
5905,CTY0349,images/CTY0349.jpg,Town,Town
5906,CTY0379,images/CTY0379.jpg,Town,Town
5907,CTY0342,images/CTY0342.jpg,Town,Town
5908,CTY0434,images/CTY0434.jpg,Town,Town
5909,CTY0382,images/CTY0382.jpg,Town,Town
5910,CTY0371,images/CTY0371.jpg,Town,Town
5911,CTY0344,images/CTY0344.jpg,Town,Town
5912,CTY0369,images/CTY0369.jpg,Town,Town
5913,CTY0347,images/CTY0347.jpg,Town,Town
5914,CTY0343,images/CTY0343.jpg,Town,Town
5915,CTY0381,images/CTY0381.jpg,Town,Town
5916,CTY0372,images/CTY0372.jpg,Town,Town
5917,CTY0351,images/CTY0351.jpg,Town,Town
5918,CTY0348,images/CTY0348.jpg,Town,Town
5919,TWN175,images/TWN175.jpg,Town,Town
5920,CTY0531,images/CTY0531.jpg,Town,Town
5921,CTY0345,images/CTY0345.jpg,Town,Town
5922,CTY0380,images/CTY0380.jpg,Town,Town
5923,CTY0350,images/CTY0350.jpg,Town,Town
5924,FST017,images/FST017.jpg,FIRST LEGO League,Other
5925,FST018,images/FST018.jpg,FIRST LEGO League,Other
5926,FST016,images/FST016.jpg,FIRST LEGO League,Other
5927,TNT014,images/TNT014.jpg,Teenage Mutant Ninja Turtles,Other
5928,CTY0405,images/CTY0405.jpg,Town,Town
5929,CTY0404,images/CTY0404.jpg,Town,Town
5930,TNT011,images/TNT011.jpg,Teenage Mutant Ninja Turtles,Other
5931,TNT005,images/TNT005.jpg,Teenage Mutant Ninja Turtles,Other
5932,COL143,images/COL143.jpg,Collectible Minifigures,Collectible Minifigures
5933,COL137,images/COL137.jpg,Collectible Minifigures,Collectible Minifigures
5934,TLR005,images/TLR005.jpg,The Lone Ranger,Other
5935,FRND0051,images/FRND0051.jpg,Friends,Friends
5936,FRND0032,images/FRND0032.jpg,Friends,Friends
5937,FRND0047,images/FRND0047.jpg,Friends,Friends
5938,FRND0031,images/FRND0031.jpg,Friends,Friends
5939,FRND0049,images/FRND0049.jpg,Friends,Friends
5940,FRND0034,images/FRND0034.jpg,Friends,Friends
5941,FRND0052,images/FRND0052.jpg,Friends,Friends
5942,FRND0037,images/FRND0037.jpg,Friends,Friends
5943,FRND0033,images/FRND0033.jpg,Friends,Friends
5944,FRND0035,images/FRND0035.jpg,Friends,Friends
5945,FRND0039,images/FRND0039.jpg,Friends,Friends
5946,FRND0054,images/FRND0054.jpg,Friends,Friends
5947,FRND0043,images/FRND0043.jpg,Friends,Friends
5948,FRND0046,images/FRND0046.jpg,Friends,Friends
5949,FRND0041,images/FRND0041.jpg,Friends,Friends
5950,FRND0050,images/FRND0050.jpg,Friends,Friends
5951,FRND0045,images/FRND0045.jpg,Friends,Friends
5952,FRND0044,images/FRND0044.jpg,Friends,Friends
5953,FRND0040,images/FRND0040.jpg,Friends,Friends
5954,FRND0048,images/FRND0048.jpg,Friends,Friends
5955,FRND0053,images/FRND0053.jpg,Friends,Friends
5956,FRND0036,images/FRND0036.jpg,Friends,Friends
5957,FRND0042A,images/FRND0042A.jpg,Friends,Friends
5958,FRND0038,images/FRND0038.jpg,Friends,Friends
5959,LOR062,images/LOR062.jpg,The Hobbit and The Lord of the Rings,The Hobbit and The Lord of the Rings
5960,LOC046,images/LOC046.jpg,LEGENDS OF CHIMA,LEGENDS OF CHIMA
5961,LOC036,images/LOC036.jpg,LEGENDS OF CHIMA,LEGENDS OF CHIMA
5962,LOR061,images/LOR061.jpg,The Hobbit and The Lord of the Rings,The Hobbit and The Lord of the Rings
5963,LOR073,images/LOR073.jpg,The Hobbit and The Lord of the Rings,The Hobbit and The Lord of the Rings
5964,LOR063,images/LOR063.jpg,The Hobbit and The Lord of the Rings,The Hobbit and The Lord of the Rings
5965,SW0460,images/SW0460.jpg,Star Wars,Star Wars
5966,SH0078,images/SH0078.jpg,Super Heroes,Super Heroes
5967,SH0076,images/SH0076.jpg,Super Heroes,Super Heroes
5968,COL277,images/COL277.jpg,Collectible Minifigures,Collectible Minifigures
5969,COL168,images/COL168.jpg,Collectible Minifigures,Collectible Minifigures
5970,HOL360,images/HOL360.jpg,Holiday & Event,Holiday & Event
5971,LOC031,images/LOC031.jpg,LEGENDS OF CHIMA,LEGENDS OF CHIMA
5972,LOC035,images/LOC035.jpg,LEGENDS OF CHIMA,LEGENDS OF CHIMA
5973,COL176,images/COL176.jpg,Collectible Minifigures,Collectible Minifigures
5974,COL152,images/COL152.jpg,Collectible Minifigures,Collectible Minifigures
5975,SH0138,images/SH0138.jpg,Super Heroes,Super Heroes
5976,CTY0352,images/CTY0352.jpg,Town,Town
5977,HOL023,images/HOL023.jpg,Holiday & Event,Holiday & Event
5978,LOR072,images/LOR072.jpg,The Hobbit and The Lord of the Rings,The Hobbit and The Lord of the Rings
5979,LOC040,images/LOC040.jpg,LEGENDS OF CHIMA,LEGENDS OF CHIMA
5980,LOC028,images/LOC028.jpg,LEGENDS OF CHIMA,LEGENDS OF CHIMA
5981,LOR088,images/LOR088.jpg,The Hobbit and The Lord of the Rings,The Hobbit and The Lord of the Rings
5982,LOR089,images/LOR089.jpg,The Hobbit and The Lord of the Rings,The Hobbit and The Lord of the Rings
5983,LOR076,images/LOR076.jpg,The Hobbit and The Lord of the Rings,The Hobbit and The Lord of the Rings
5984,LOR077,images/LOR077.jpg,The Hobbit and The Lord of the Rings,The Hobbit and The Lord of the Rings
5985,SW0466,images/SW0466.jpg,Star Wars,Star Wars
5986,SW0451,images/SW0451.jpg,Star Wars,Star Wars
5987,COL132,images/COL132.jpg,Collectible Minifigures,Collectible Minifigures
5988,COL169,images/COL169.jpg,Collectible Minifigures,Collectible Minifigures
5989,COL131,images/COL131.jpg,Collectible Minifigures,Collectible Minifigures
5990,SW0516,images/SW0516.jpg,Star Wars,Star Wars
5991,SW0462,images/SW0462.jpg,Star Wars,Star Wars
5992,SW0459,images/SW0459.jpg,Star Wars,Star Wars
5993,SW0505,images/SW0505.jpg,Star Wars,Star Wars
5994,SW0457,images/SW0457.jpg,Star Wars,Star Wars
5995,SH0073,images/SH0073.jpg,Super Heroes,Super Heroes
5996,SH0065,images/SH0065.jpg,Super Heroes,Super Heroes
5997,SH0072A,images/SH0072A.jpg,Super Heroes,Super Heroes
5998,SH0084,images/SH0084.jpg,Super Heroes,Super Heroes
5999,COL167,images/COL167.jpg,Collectible Minifigures,Collectible Minifigures
6000,SH0054,images/SH0054.jpg,Super Heroes,Super Heroes
6001,GS011,images/GS011.jpg,Space,Space
6002,SW0468,images/SW0468.jpg,Star Wars,Star Wars
6003,NJO0079,images/NJO0079.jpg,NINJAGO,NINJAGO
6004,SW0501,images/SW0501.jpg,Star Wars,Star Wars
6005,SW0500,images/SW0500.jpg,Star Wars,Star Wars
6006,SW0475,images/SW0475.jpg,Star Wars,Star Wars
6007,SW0475A,images/SW0475A.jpg,Star Wars,Star Wars
6008,TLR017,images/TLR017.jpg,The Lone Ranger,Other
6009,SH0082,images/SH0082.jpg,Super Heroes,Super Heroes
6010,COL138,images/COL138.jpg,Collectible Minifigures,Collectible Minifigures
6011,NJO0071,images/NJO0071.jpg,NINJAGO,NINJAGO
6012,LOR071,images/LOR071.jpg,The Hobbit and The Lord of the Rings,The Hobbit and The Lord of the Rings
6013,NJO0074,images/NJO0074.jpg,NINJAGO,NINJAGO
6014,TLR009,images/TLR009.jpg,The Lone Ranger,Other
6015,COL278,images/COL278.jpg,Collectible Minifigures,Collectible Minifigures
6016,COL178,images/COL178.jpg,Collectible Minifigures,Collectible Minifigures
6017,LOC030,images/LOC030.jpg,LEGENDS OF CHIMA,LEGENDS OF CHIMA
6018,LOC041,images/LOC041.jpg,LEGENDS OF CHIMA,LEGENDS OF CHIMA
6019,LOR086,images/LOR086.jpg,The Hobbit and The Lord of the Rings,The Hobbit and The Lord of the Rings
6020,TLR015,images/TLR015.jpg,The Lone Ranger,Other
6021,LOC043,images/LOC043.jpg,LEGENDS OF CHIMA,LEGENDS OF CHIMA
6022,LOC011,images/LOC011.jpg,LEGENDS OF CHIMA,LEGENDS OF CHIMA
6023,TLS086,images/TLS086.jpg,LEGO Brand,LEGO Brand
6024,TLS072,images/TLS072.jpg,LEGO Brand,LEGO Brand
6025,TLS078,images/TLS078.jpg,LEGO Brand,LEGO Brand
6026,TLS080,images/TLS080.jpg,LEGO Brand,LEGO Brand
6027,TLS070,images/TLS070.jpg,LEGO Brand,LEGO Brand
6028,TLS081,images/TLS081.jpg,LEGO Brand,LEGO Brand
6029,TLS079,images/TLS079.jpg,LEGO Brand,LEGO Brand
6030,TLS083,images/TLS083.jpg,LEGO Brand,LEGO Brand
6031,TLS082,images/TLS082.jpg,LEGO Brand,LEGO Brand
6032,TLS073,images/TLS073.jpg,LEGO Brand,LEGO Brand
6033,TLS077,images/TLS077.jpg,LEGO Brand,LEGO Brand
6034,TLS085,images/TLS085.jpg,LEGO Brand,LEGO Brand
6035,TLS084,images/TLS084.jpg,LEGO Brand,LEGO Brand
6036,TLS071,images/TLS071.jpg,LEGO Brand,LEGO Brand
6037,LOC003,images/LOC003.jpg,LEGENDS OF CHIMA,LEGENDS OF CHIMA
6038,LOC006,images/LOC006.jpg,LEGENDS OF CHIMA,LEGENDS OF CHIMA
6039,LOC025,images/LOC025.jpg,LEGENDS OF CHIMA,LEGENDS OF CHIMA
6040,TNT002,images/TNT002.jpg,Teenage Mutant Ninja Turtles,Other
6041,TNT009,images/TNT009.jpg,Teenage Mutant Ninja Turtles,Other
6042,LOC017,images/LOC017.jpg,LEGENDS OF CHIMA,LEGENDS OF CHIMA
6043,COL145,images/COL145.jpg,Collectible Minifigures,Collectible Minifigures
6044,TWN184,images/TWN184.jpg,Town,Town
6045,COL280,images/COL280.jpg,Collectible Minifigures,Collectible Minifigures
6046,NJO0073,images/NJO0073.jpg,NINJAGO,NINJAGO
6047,SH0075,images/SH0075.jpg,Super Heroes,Super Heroes
6048,TLR001,images/TLR001.jpg,The Lone Ranger,Other
6049,TLR010,images/TLR010.jpg,The Lone Ranger,Other
6050,LOC027,images/LOC027.jpg,LEGENDS OF CHIMA,LEGENDS OF CHIMA
6051,LOC012,images/LOC012.jpg,LEGENDS OF CHIMA,LEGENDS OF CHIMA
6052,NJO0078,images/NJO0078.jpg,NINJAGO,NINJAGO
6053,SW0433,images/SW0433.jpg,Star Wars,Star Wars
6054,SW0509,images/SW0509.jpg,Star Wars,Star Wars
6055,SW0461,images/SW0461.jpg,Star Wars,Star Wars
6056,SW0479,images/SW0479.jpg,Star Wars,Star Wars
6057,SW0434,images/SW0434.jpg,Star Wars,Star Wars
6058,TWN181,images/TWN181.jpg,Town,Town
6059,SW0494,images/SW0494.jpg,Star Wars,Star Wars
6060,SW0495,images/SW0495.jpg,Star Wars,Star Wars
6061,GS014,images/GS014.jpg,Space,Space
6062,IDEA001,images/IDEA001.jpg,LEGO Ideas,LEGO Ideas
6063,LOR085,images/LOR085.jpg,The Hobbit and The Lord of the Rings,The Hobbit and The Lord of the Rings
6064,SW0486,images/SW0486.jpg,Star Wars,Star Wars
6065,GS015,images/GS015.jpg,Space,Space
6066,MBA004,images/MBA004.jpg,Master Builder Academy,Other
6067,MBA005,images/MBA005.jpg,Master Builder Academy,Other
6068,MBA006,images/MBA006.jpg,Master Builder Academy,Other
6069,CTY0355,images/CTY0355.jpg,Town,Town
6070,HOL029,images/HOL029.jpg,Holiday & Event,Holiday & Event
6071,TWN188,images/TWN188.jpg,Town,Town
6072,CTY0346,images/CTY0346.jpg,Town,Town
6073,CTY0443,images/CTY0443.jpg,Town,Town
6074,COL146,images/COL146.jpg,Collectible Minifigures,Collectible Minifigures
6075,COL140,images/COL140.jpg,Collectible Minifigures,Collectible Minifigures
6076,TNT003,images/TNT003.jpg,Teenage Mutant Ninja Turtles,Other
6077,TNT012,images/TNT012.jpg,Teenage Mutant Ninja Turtles,Other
6078,85863PB101,images/85863PB101.jpg,Games,Games
6079,85863PB104,images/85863PB104.jpg,Games,Games
6080,85863PB105,images/85863PB105.jpg,Games,Games
6081,85863PB103,images/85863PB103.jpg,Games,Games
6082,85863PB108,images/85863PB108.jpg,Games,Games
6083,85863PB102,images/85863PB102.jpg,Games,Games
6084,85863PB106,images/85863PB106.jpg,Games,Games
6085,85863PB107,images/85863PB107.jpg,Games,Games
6086,85863PB098,images/85863PB098.jpg,Games,Games
6087,85863PB099,images/85863PB099.jpg,Games,Games
6088,85863PB100,images/85863PB100.jpg,Games,Games
6089,85863PB109,images/85863PB109.jpg,Games,Games
6090,85863PB111,images/85863PB111.jpg,Games,Games
6091,85863PB110,images/85863PB110.jpg,Games,Games
6092,85863PB113,images/85863PB113.jpg,Games,Games
6093,85863PB112,images/85863PB112.jpg,Games,Games
6094,85863PB114,images/85863PB114.jpg,Games,Games
6095,85863PB115,images/85863PB115.jpg,Games,Games
6096,85863PB117,images/85863PB117.jpg,Games,Games
6097,85863PB118,images/85863PB118.jpg,Games,Games
6098,85863PB116,images/85863PB116.jpg,Games,Games
6099,85863PB119,images/85863PB119.jpg,Games,Games
6100,MIN006,images/MIN006.jpg,Minecraft,Minecraft
6101,MIN004,images/MIN004.jpg,Minecraft,Minecraft
6102,MIN005,images/MIN005.jpg,Minecraft,Minecraft
6103,MIN007,images/MIN007.jpg,Minecraft,Minecraft
6104,LOR080,images/LOR080.jpg,The Hobbit and The Lord of the Rings,The Hobbit and The Lord of the Rings
6105,LOR078,images/LOR078.jpg,The Hobbit and The Lord of the Rings,The Hobbit and The Lord of the Rings
6106,CTY0385,images/CTY0385.jpg,Town,Town
6107,CTY0386,images/CTY0386.jpg,Town,Town
6108,CTY0387,images/CTY0387.jpg,Town,Town
6109,LOR068,images/LOR068.jpg,The Hobbit and The Lord of the Rings,The Hobbit and The Lord of the Rings
6110,LOR065,images/LOR065.jpg,The Hobbit and The Lord of the Rings,The Hobbit and The Lord of the Rings
6111,COL160,images/COL160.jpg,Collectible Minifigures,Collectible Minifigures
6112,COL171,images/COL171.jpg,Collectible Minifigures,Collectible Minifigures
6113,TNT013,images/TNT013.jpg,Teenage Mutant Ninja Turtles,Other
6114,LOR064,images/LOR064.jpg,The Hobbit and The Lord of the Rings,The Hobbit and The Lord of the Rings
6115,SH0049,images/SH0049.jpg,Super Heroes,Super Heroes
6116,COL161,images/COL161.jpg,Collectible Minifigures,Collectible Minifigures
6117,COL142,images/COL142.jpg,Collectible Minifigures,Collectible Minifigures
6118,LOR081,images/LOR081.jpg,The Hobbit and The Lord of the Rings,The Hobbit and The Lord of the Rings
6119,SH0056,images/SH0056.jpg,Super Heroes,Super Heroes
6120,SW0496,images/SW0496.jpg,Star Wars,Star Wars
6121,SH0051,images/SH0051.jpg,Super Heroes,Super Heroes
6122,SW0449,images/SW0449.jpg,Star Wars,Star Wars
6123,SW0489,images/SW0489.jpg,Star Wars,Star Wars
6124,SW0498,images/SW0498.jpg,Star Wars,Star Wars
6125,CTY0373,images/CTY0373.jpg,Town,Town
6126,CTY0374,images/CTY0374.jpg,Town,Town
6127,TWN185,images/TWN185.jpg,Town,Town
6128,HOL015,images/HOL015.jpg,Holiday & Event,Holiday & Event
6129,TWN172,images/TWN172.jpg,Town,Town
6130,CTY0440,images/CTY0440.jpg,Town,Town
6131,GS010,images/GS010.jpg,Space,Space
6132,TRN233,images/TRN233.jpg,Train,Other
6133,TWN210,images/TWN210.jpg,Town,Town
6134,HOL019,images/HOL019.jpg,Holiday & Event,Holiday & Event
6135,CTY0399,images/CTY0399.jpg,Town,Town
6136,HOL028,images/HOL028.jpg,Holiday & Event,Holiday & Event
6137,HOL033,images/HOL033.jpg,Holiday & Event,Holiday & Event
6138,HOL020,images/HOL020.jpg,Holiday & Event,Holiday & Event
6139,OVR037A,images/OVR037A.jpg,Town,Town
6140,HOL032,images/HOL032.jpg,Holiday & Event,Holiday & Event
6141,CTY0427,images/CTY0427.jpg,Town,Town
6142,CTY0428,images/CTY0428.jpg,Town,Town
6143,CTY0365,images/CTY0365.jpg,Town,Town
6144,TWN174,images/TWN174.jpg,Town,Town
6145,CTY0367,images/CTY0367.jpg,Town,Town
6146,CTY0398,images/CTY0398.jpg,Town,Town
6147,CTY0402,images/CTY0402.jpg,Town,Town
6148,CTY0430,images/CTY0430.jpg,Town,Town
6149,SW0490,images/SW0490.jpg,Star Wars,Star Wars
6150,COL153,images/COL153.jpg,Collectible Minifigures,Collectible Minifigures
6151,TWN178,images/TWN178.jpg,Town,Town
6152,CTY0394,images/CTY0394.jpg,Town,Town
6153,SH0068,images/SH0068.jpg,Super Heroes,Super Heroes
6154,TWN179,images/TWN179.jpg,Town,Town
6155,CTY0353,images/CTY0353.jpg,Town,Town
6156,PI145,images/PI145.jpg,Pirates,Pirates
6157,PI144,images/PI144.jpg,Pirates,Pirates
6158,COL281,images/COL281.jpg,Collectible Minifigures,Collectible Minifigures
6159,PI143,images/PI143.jpg,Pirates,Pirates
6160,LOR067,images/LOR067.jpg,The Hobbit and The Lord of the Rings,The Hobbit and The Lord of the Rings
6161,TWN195,images/TWN195.jpg,Town,Town
6162,HOL030,images/HOL030.jpg,Holiday & Event,Holiday & Event
6163,CTY0442,images/CTY0442.jpg,Town,Town
6164,CTY0431,images/CTY0431.jpg,Town,Town
6165,PLN173,images/PLN173.jpg,Town,Town
6166,PLN172,images/PLN172.jpg,Town,Town
6167,HOL018,images/HOL018.jpg,Holiday & Event,Holiday & Event
6168,COL144,images/COL144.jpg,Collectible Minifigures,Collectible Minifigures
6169,SW0474,images/SW0474.jpg,Star Wars,Star Wars
6170,CTY0363,images/CTY0363.jpg,Town,Town
6171,CTY0358,images/CTY0358.jpg,Town,Town
6172,CTY0433,images/CTY0433.jpg,Town,Town
6173,CTY0364,images/CTY0364.jpg,Town,Town
6174,CTY0393,images/CTY0393.jpg,Town,Town
6175,TWN182,images/TWN182.jpg,Town,Town
6176,COL282,images/COL282.jpg,Collectible Minifigures,Collectible Minifigures
6177,CTY0392,images/CTY0392.jpg,Town,Town
6178,COL283,images/COL283.jpg,Collectible Minifigures,Collectible Minifigures
6179,CTY0356,images/CTY0356.jpg,Town,Town
6180,CTY0359,images/CTY0359.jpg,Town,Town
6181,CTY0357,images/CTY0357.jpg,Town,Town
6182,CTY0360,images/CTY0360.jpg,Town,Town
6183,CTY0361,images/CTY0361.jpg,Town,Town
6184,CTY0362,images/CTY0362.jpg,Town,Town
6185,CTY0375,images/CTY0375.jpg,Town,Town
6186,CTY0376,images/CTY0376.jpg,Town,Town
6187,CTY0377,images/CTY0377.jpg,Town,Town
6188,CTY0378,images/CTY0378.jpg,Town,Town
6189,CTY0432,images/CTY0432.jpg,Town,Town
6190,COL134,images/COL134.jpg,Collectible Minifigures,Collectible Minifigures
6191,SW0435,images/SW0435.jpg,Star Wars,Star Wars
6192,COL165,images/COL165.jpg,Collectible Minifigures,Collectible Minifigures
6193,SW0504,images/SW0504.jpg,Star Wars,Star Wars
6194,SW0485,images/SW0485.jpg,Star Wars,Star Wars
6195,CAS515,images/CAS515.jpg,Castle,Castle
6196,CTY0389,images/CTY0389.jpg,Town,Town
6197,CTY0435,images/CTY0435.jpg,Town,Town
6198,CTY0390,images/CTY0390.jpg,Town,Town
6199,CTY0391,images/CTY0391.jpg,Town,Town
6200,LOR082,images/LOR082.jpg,The Hobbit and The Lord of the Rings,The Hobbit and The Lord of the Rings
6201,TNT015,images/TNT015.jpg,Teenage Mutant Ninja Turtles,Other
6202,TNT008,images/TNT008.jpg,Teenage Mutant Ninja Turtles,Other
6203,LOC033,images/LOC033.jpg,LEGENDS OF CHIMA,LEGENDS OF CHIMA
6204,LOC019,images/LOC019.jpg,LEGENDS OF CHIMA,LEGENDS OF CHIMA
6205,TLR006,images/TLR006.jpg,The Lone Ranger,Other
6206,LOC001,images/LOC001.jpg,LEGENDS OF CHIMA,LEGENDS OF CHIMA
6207,LOC042,images/LOC042.jpg,LEGENDS OF CHIMA,LEGENDS OF CHIMA
6208,LOC002,images/LOC002.jpg,LEGENDS OF CHIMA,LEGENDS OF CHIMA
6209,LOC034,images/LOC034.jpg,LEGENDS OF CHIMA,LEGENDS OF CHIMA
6210,TLR014,images/TLR014.jpg,The Lone Ranger,Other
6211,SW0437,images/SW0437.jpg,Star Wars,Star Wars
6212,SW0455,images/SW0455.jpg,Star Wars,Star Wars
6213,TLR011,images/TLR011.jpg,The Lone Ranger,Other
6214,TWN183,images/TWN183.jpg,Town,Town
6215,TLR003,images/TLR003.jpg,The Lone Ranger,Other
6216,GS006,images/GS006.jpg,Space,Space
6217,SW0483,images/SW0483.jpg,Star Wars,Star Wars
6218,SW0444,images/SW0444.jpg,Star Wars,Star Wars
6219,SW0440,images/SW0440.jpg,Star Wars,Star Wars
6220,COL156,images/COL156.jpg,Collectible Minifigures,Collectible Minifigures
6221,LOC007,images/LOC007.jpg,LEGENDS OF CHIMA,LEGENDS OF CHIMA
6222,SH0059,images/SH0059.jpg,Super Heroes,Super Heroes
6223,COL136,images/COL136.jpg,Collectible Minifigures,Collectible Minifigures
6224,COL147,images/COL147.jpg,Collectible Minifigures,Collectible Minifigures
6225,COL133,images/COL133.jpg,Collectible Minifigures,Collectible Minifigures
6226,COL155,images/COL155.jpg,Collectible Minifigures,Collectible Minifigures
6227,CTY0444,images/CTY0444.jpg,Town,Town
6228,HOL357,images/HOL357.jpg,Holiday & Event,Holiday & Event
6229,SW0506,images/SW0506.jpg,Star Wars,Star Wars
6230,LOR058,images/LOR058.jpg,The Hobbit and The Lord of the Rings,The Hobbit and The Lord of the Rings
6231,LOR074,images/LOR074.jpg,The Hobbit and The Lord of the Rings,The Hobbit and The Lord of the Rings
6232,COL174,images/COL174.jpg,Collectible Minifigures,Collectible Minifigures
6233,SH0058,images/SH0058.jpg,Super Heroes,Super Heroes
6234,COL164,images/COL164.jpg,Collectible Minifigures,Collectible Minifigures
6235,COL173,images/COL173.jpg,Collectible Minifigures,Collectible Minifigures
6236,COL154,images/COL154.jpg,Collectible Minifigures,Collectible Minifigures
6237,TNT020,images/TNT020.jpg,Teenage Mutant Ninja Turtles,Other
6238,COL285,images/COL285.jpg,Collectible Minifigures,Collectible Minifigures
6239,SW0443,images/SW0443.jpg,Star Wars,Star Wars
6240,SW0436,images/SW0436.jpg,Star Wars,Star Wars
6241,SW0499,images/SW0499.jpg,Star Wars,Star Wars
6242,GEN047,images/GEN047.jpg,Holiday & Event,Holiday & Event
6243,LOC029,images/LOC029.jpg,LEGENDS OF CHIMA,LEGENDS OF CHIMA
6244,COL150,images/COL150.jpg,Collectible Minifigures,Collectible Minifigures
6245,HOL358,images/HOL358.jpg,Holiday & Event,Holiday & Event
6246,HOL021,images/HOL021.jpg,Holiday & Event,Holiday & Event
6247,SW0458,images/SW0458.jpg,Star Wars,Star Wars
6248,SW0463,images/SW0463.jpg,Star Wars,Star Wars
6249,LOR069,images/LOR069.jpg,The Hobbit and The Lord of the Rings,The Hobbit and The Lord of the Rings
6250,LOR070,images/LOR070.jpg,The Hobbit and The Lord of the Rings,The Hobbit and The Lord of the Rings
6251,GS004,images/GS004.jpg,Space,Space
6252,SW0478,images/SW0478.jpg,Star Wars,Star Wars
6253,SW0503,images/SW0503.jpg,Star Wars,Star Wars
6254,SH0139,images/SH0139.jpg,Super Heroes,Super Heroes
6255,SH0140,images/SH0140.jpg,Super Heroes,Super Heroes
6256,TNT007,images/TNT007.jpg,Teenage Mutant Ninja Turtles,Other
6257,SW0469,images/SW0469.jpg,Star Wars,Star Wars
6258,CTY0400,images/CTY0400.jpg,Town,Town
6259,LOR090,images/LOR090.jpg,The Hobbit and The Lord of the Rings,The Hobbit and The Lord of the Rings
6260,TNT054,images/TNT054.jpg,Teenage Mutant Ninja Turtles,Other
6261,TRN234,images/TRN234.jpg,Train,Other
6262,NJO0082,images/NJO0082.jpg,NINJAGO,NINJAGO
6263,NJO0072,images/NJO0072.jpg,NINJAGO,NINJAGO
6264,NJO0077,images/NJO0077.jpg,NINJAGO,NINJAGO
6265,NJO0081,images/NJO0081.jpg,NINJAGO,NINJAGO
6266,NJO0075,images/NJO0075.jpg,NINJAGO,NINJAGO
6267,CTY0423,images/CTY0423.jpg,Town,Town
6268,CTY0145A,images/CTY0145A.jpg,Town,Town
6269,TWN173,images/TWN173.jpg,Town,Town
6270,HOL017,images/HOL017.jpg,Holiday & Event,Holiday & Event
6271,SH0137,images/SH0137.jpg,Super Heroes,Super Heroes
6272,SH0077,images/SH0077.jpg,Super Heroes,Super Heroes
6273,CTY0437,images/CTY0437.jpg,Town,Town
6274,HOL031,images/HOL031.jpg,Holiday & Event,Holiday & Event
6275,SW0510,images/SW0510.jpg,Star Wars,Star Wars
6276,SH0061,images/SH0061.jpg,Super Heroes,Super Heroes
6277,TNT022,images/TNT022.jpg,Teenage Mutant Ninja Turtles,Other
6278,TNT006,images/TNT006.jpg,Teenage Mutant Ninja Turtles,Other
6279,SH0074,images/SH0074.jpg,Super Heroes,Super Heroes
6280,SH0070,images/SH0070.jpg,Super Heroes,Super Heroes
6281,SH0060,images/SH0060.jpg,Super Heroes,Super Heroes
6282,LOR083,images/LOR083.jpg,The Hobbit and The Lord of the Rings,The Hobbit and The Lord of the Rings
6283,LOR079,images/LOR079.jpg,The Hobbit and The Lord of the Rings,The Hobbit and The Lord of the Rings
6284,COL149,images/COL149.jpg,Collectible Minifigures,Collectible Minifigures
6285,TLR002,images/TLR002.jpg,The Lone Ranger,Other
6286,TLR012,images/TLR012.jpg,The Lone Ranger,Other
6287,SH0069,images/SH0069.jpg,Super Heroes,Super Heroes
6288,SH0081,images/SH0081.jpg,Super Heroes,Super Heroes
6289,COL162,images/COL162.jpg,Collectible Minifigures,Collectible Minifigures
6290,COL158,images/COL158.jpg,Collectible Minifigures,Collectible Minifigures
6291,SW0454,images/SW0454.jpg,Star Wars,Star Wars
6292,SH0055,images/SH0055.jpg,Super Heroes,Super Heroes
6293,COL129,images/COL129.jpg,Collectible Minifigures,Collectible Minifigures
6294,LOC026,images/LOC026.jpg,LEGENDS OF CHIMA,LEGENDS OF CHIMA
6295,LOC008,images/LOC008.jpg,LEGENDS OF CHIMA,LEGENDS OF CHIMA
6296,SH0066,images/SH0066.jpg,Super Heroes,Super Heroes
6297,COL148,images/COL148.jpg,Collectible Minifigures,Collectible Minifigures
6298,SW0487,images/SW0487.jpg,Star Wars,Star Wars
6299,COL172,images/COL172.jpg,Collectible Minifigures,Collectible Minifigures
6300,HOL016,images/HOL016.jpg,Holiday & Event,Holiday & Event
6301,HOL022,images/HOL022.jpg,Holiday & Event,Holiday & Event
6302,SW0513,images/SW0513.jpg,Star Wars,Star Wars
6303,LOC015,images/LOC015.jpg,LEGENDS OF CHIMA,LEGENDS OF CHIMA
6304,LOC039,images/LOC039.jpg,LEGENDS OF CHIMA,LEGENDS OF CHIMA
6305,GS003,images/GS003.jpg,Space,Space
6306,CTY0439,images/CTY0439.jpg,Town,Town
6307,LOC009,images/LOC009.jpg,LEGENDS OF CHIMA,LEGENDS OF CHIMA
6308,LOC016,images/LOC016.jpg,LEGENDS OF CHIMA,LEGENDS OF CHIMA
6309,LOC038,images/LOC038.jpg,LEGENDS OF CHIMA,LEGENDS OF CHIMA
6310,COL170,images/COL170.jpg,Collectible Minifigures,Collectible Minifigures
6311,SW0446A,images/SW0446A.jpg,Star Wars,Star Wars
6312,SW0446,images/SW0446.jpg,Star Wars,Star Wars
6313,SW0465,images/SW0465.jpg,Star Wars,Star Wars
6314,SW0471,images/SW0471.jpg,Star Wars,Star Wars
6315,NJO0076,images/NJO0076.jpg,NINJAGO,NINJAGO
6316,TLM013,images/TLM013.jpg,Collectible Minifigures,Collectible Minifigures
6317,TLM005,images/TLM005.jpg,Collectible Minifigures,Collectible Minifigures
6318,UAGT004,images/UAGT004.jpg,Ultra Agents,Other
6319,UAGT006,images/UAGT006.jpg,Ultra Agents,Other
6320,UAGT018,images/UAGT018.jpg,Ultra Agents,Other
6321,UAGT013,images/UAGT013.jpg,Ultra Agents,Other
6322,UAGT015,images/UAGT015.jpg,Ultra Agents,Other
6323,UAGT001,images/UAGT001.jpg,Ultra Agents,Other
6324,UAGT005,images/UAGT005.jpg,Ultra Agents,Other
6325,UAGT003,images/UAGT003.jpg,Ultra Agents,Other
6326,UAGT010,images/UAGT010.jpg,Ultra Agents,Other
6327,TLM052,images/TLM052.jpg,The LEGO Movie,Other
6328,SW0542,images/SW0542.jpg,Star Wars,Star Wars
6329,SW0526,images/SW0526.jpg,Star Wars,Star Wars
6330,TNT046,images/TNT046.jpg,Teenage Mutant Ninja Turtles,Other
6331,SIM017,images/SIM017.jpg,Collectible Minifigures,Collectible Minifigures
6332,CTY0551,images/CTY0551.jpg,Town,Town
6333,CTY0491,images/CTY0491.jpg,Town,Town
6334,CTY0554,images/CTY0554.jpg,Town,Town
6335,CTY0493,images/CTY0493.jpg,Town,Town
6336,CTY0497,images/CTY0497.jpg,Town,Town
6337,CTY0492,images/CTY0492.jpg,Town,Town
6338,CTY0495,images/CTY0495.jpg,Town,Town
6339,CTY0490,images/CTY0490.jpg,Town,Town
6340,CTY0498,images/CTY0498.jpg,Town,Town
6341,CTY0496,images/CTY0496.jpg,Town,Town
6342,CTY0553,images/CTY0553.jpg,Town,Town
6343,CTY0552,images/CTY0552.jpg,Town,Town
6344,CTY0494,images/CTY0494.jpg,Town,Town
6345,CTY0509,images/CTY0509.jpg,Town,Town
6346,DP004,images/DP004.jpg,Disney,Disney
6347,DP001,images/DP001.jpg,Disney,Disney
6348,SH0109,images/SH0109.jpg,Super Heroes,Super Heroes
6349,TWN193,images/TWN193.jpg,Town,Town
6350,UAGT007,images/UAGT007.jpg,Ultra Agents,Other
6351,UAGT014,images/UAGT014.jpg,Ultra Agents,Other
6352,SW0565,images/SW0565.jpg,Star Wars,Star Wars
6353,SW0598,images/SW0598.jpg,Star Wars,Star Wars
6354,SW0572,images/SW0572.jpg,Star Wars,Star Wars
6355,SW0534,images/SW0534.jpg,Star Wars,Star Wars
6356,SW0589,images/SW0589.jpg,Star Wars,Star Wars
6357,SW0555,images/SW0555.jpg,Star Wars,Star Wars
6358,SW0527,images/SW0527.jpg,Star Wars,Star Wars
6359,SW0581,images/SW0581.jpg,Star Wars,Star Wars
6360,LOR109,images/LOR109.jpg,The Hobbit and The Lord of the Rings,The Hobbit and The Lord of the Rings
6361,TLM056,images/TLM056.jpg,The LEGO Movie,Other
6362,LOR100,images/LOR100.jpg,The Hobbit and The Lord of the Rings,The Hobbit and The Lord of the Rings
6363,LOR094,images/LOR094.jpg,The Hobbit and The Lord of the Rings,The Hobbit and The Lord of the Rings
6364,TWN215,images/TWN215.jpg,Town,Town
6365,LOR092,images/LOR092.jpg,The Hobbit and The Lord of the Rings,The Hobbit and The Lord of the Rings
6366,LOR099,images/LOR099.jpg,The Hobbit and The Lord of the Rings,The Hobbit and The Lord of the Rings
6367,SIM003,images/SIM003.jpg,The Simpsons,Other
6368,SIM008,images/SIM008.jpg,Collectible Minifigures,Collectible Minifigures
6369,SH0092,images/SH0092.jpg,Super Heroes,Super Heroes
6370,SH0132,images/SH0132.jpg,Super Heroes,Super Heroes
6371,SH0097,images/SH0097.jpg,Super Heroes,Super Heroes
6372,SH0089,images/SH0089.jpg,Super Heroes,Super Heroes
6373,SH0111,images/SH0111.jpg,Super Heroes,Super Heroes
6374,SH0129,images/SH0129.jpg,Super Heroes,Super Heroes
6375,COL183,images/COL183.jpg,Collectible Minifigures,Collectible Minifigures
6376,TLM057,images/TLM057.jpg,The LEGO Movie,Other
6377,LOR093,images/LOR093.jpg,The Hobbit and The Lord of the Rings,The Hobbit and The Lord of the Rings
6378,LOR091,images/LOR091.jpg,The Hobbit and The Lord of the Rings,The Hobbit and The Lord of the Rings
6379,SW0554,images/SW0554.jpg,Star Wars,Star Wars
6380,TWN211,images/TWN211.jpg,Town,Town
6381,TWN190,images/TWN190.jpg,Town,Town
6382,TLM041,images/TLM041.jpg,The LEGO Movie,Other
6383,TLM030,images/TLM030.jpg,The LEGO Movie,Other
6384,LOC057,images/LOC057.jpg,LEGENDS OF CHIMA,LEGENDS OF CHIMA
6385,CTY0511,images/CTY0511.jpg,Town,Town
6386,CTY0461,images/CTY0461.jpg,Town,Town
6387,CTY0471,images/CTY0471.jpg,Town,Town
6388,CTY0500,images/CTY0500.jpg,Town,Town
6389,LOC054,images/LOC054.jpg,LEGENDS OF CHIMA,LEGENDS OF CHIMA
6390,CTY0460,images/CTY0460.jpg,Town,Town
6391,TWN191,images/TWN191.jpg,Town,Town
6392,SW0533,images/SW0533.jpg,Star Wars,Star Wars
6393,SW0561,images/SW0561.jpg,Star Wars,Star Wars
6394,TLM001,images/TLM001.jpg,Collectible Minifigures,Collectible Minifigures
6395,SH0106,images/SH0106.jpg,Super Heroes,Super Heroes
6396,TLM033,images/TLM033.jpg,The LEGO Movie,Other
6397,CAS541,images/CAS541.jpg,Castle,Castle
6398,CAS539,images/CAS539.jpg,Castle,Castle
6399,CAS540,images/CAS540.jpg,Castle,Castle
6400,SW0540,images/SW0540.jpg,Star Wars,Star Wars
6401,CTY0502,images/CTY0502.jpg,Town,Town
6402,TWN192,images/TWN192.jpg,Town,Town
6403,SW0532,images/SW0532.jpg,Star Wars,Star Wars
6404,SW0530,images/SW0530.jpg,Star Wars,Star Wars
6405,SIM021,images/SIM021.jpg,Collectible Minifigures,Collectible Minifigures
6406,HOL037,images/HOL037.jpg,Holiday & Event,Holiday & Event
6407,HOL035,images/HOL035.jpg,Holiday & Event,Holiday & Event
6408,HOL052,images/HOL052.jpg,Holiday & Event,Holiday & Event
6409,TWN209,images/TWN209.jpg,Town,Town
6410,DP003,images/DP003.jpg,Disney,Disney
6411,DP008,images/DP008.jpg,Disney,Disney
6412,IDEA007,images/IDEA007.jpg,LEGO Ideas,LEGO Ideas
6413,IDEA008,images/IDEA008.jpg,LEGO Ideas,LEGO Ideas
6414,TLM088,images/TLM088.jpg,The LEGO Movie,Other
6415,SP075NEW,images/SP075NEW.jpg,Space,Space
6416,TLM089,images/TLM089.jpg,The LEGO Movie,Other
6417,TWN208,images/TWN208.jpg,Town,Town
6418,GEN059,images/GEN059.jpg,LEGO Brand,LEGO Brand
6419,SW0523,images/SW0523.jpg,Star Wars,Star Wars
6420,SW0524,images/SW0524.jpg,Star Wars,Star Wars
6421,SW0518,images/SW0518.jpg,Star Wars,Star Wars
6422,SW0531,images/SW0531.jpg,Star Wars,Star Wars
6423,SW0541,images/SW0541.jpg,Star Wars,Star Wars
6424,SW0596,images/SW0596.jpg,Star Wars,Star Wars
6425,SW0528,images/SW0528.jpg,Star Wars,Star Wars
6426,SW0525,images/SW0525.jpg,Star Wars,Star Wars
6427,SW0537,images/SW0537.jpg,Star Wars,Star Wars
6428,SW0522,images/SW0522.jpg,Star Wars,Star Wars
6429,SW0519,images/SW0519.jpg,Star Wars,Star Wars
6430,NJO0090,images/NJO0090.jpg,NINJAGO,NINJAGO
6431,CTY0483,images/CTY0483.jpg,Town,Town
6432,CON008,images/CON008.jpg,Town,Town
6433,LOC103,images/LOC103.jpg,LEGENDS OF CHIMA,LEGENDS OF CHIMA
6434,LOC092,images/LOC092.jpg,LEGENDS OF CHIMA,LEGENDS OF CHIMA
6435,LOC130,images/LOC130.jpg,LEGENDS OF CHIMA,LEGENDS OF CHIMA
6436,LOC063,images/LOC063.jpg,LEGENDS OF CHIMA,LEGENDS OF CHIMA
6437,LOC051,images/LOC051.jpg,LEGENDS OF CHIMA,LEGENDS OF CHIMA
6438,MIN012,images/MIN012.jpg,Minecraft,Minecraft
6439,LOC109,images/LOC109.jpg,LEGENDS OF CHIMA,LEGENDS OF CHIMA
6440,LOC094,images/LOC094.jpg,LEGENDS OF CHIMA,LEGENDS OF CHIMA
6441,SH0117,images/SH0117.jpg,Super Heroes,Super Heroes
6442,NJO0088,images/NJO0088.jpg,NINJAGO,NINJAGO
6443,LOR107,images/LOR107.jpg,The Hobbit and The Lord of the Rings,The Hobbit and The Lord of the Rings
6444,SW0567,images/SW0567.jpg,Star Wars,Star Wars
6445,NJO0110,images/NJO0110.jpg,NINJAGO,NINJAGO
6446,RAC055,images/RAC055.jpg,Town,Town
6447,CTY0506,images/CTY0506.jpg,Town,Town
6448,TRN237,images/TRN237.jpg,Train,Other
6449,CTY0505,images/CTY0505.jpg,Train,Other
6450,GEN062,images/GEN062.jpg,LEGO Brand,LEGO Brand
6451,SW0547,images/SW0547.jpg,Star Wars,Star Wars
6452,SW0586,images/SW0586.jpg,Star Wars,Star Wars
6453,TLM024,images/TLM024.jpg,The LEGO Movie,Other
6454,COL188,images/COL188.jpg,Collectible Minifigures,Collectible Minifigures
6455,TNT031,images/TNT031.jpg,Teenage Mutant Ninja Turtles,Other
6456,TNT028,images/TNT028.jpg,Teenage Mutant Ninja Turtles,Other
6457,TNT050,images/TNT050.jpg,Teenage Mutant Ninja Turtles,Other
6458,GB001,images/GB001.jpg,LEGO Ideas,LEGO Ideas
6459,TLM054,images/TLM054.jpg,The LEGO Movie,Other
6460,SH0110,images/SH0110.jpg,Super Heroes,Super Heroes
6461,GB002,images/GB002.jpg,LEGO Ideas,LEGO Ideas
6462,GB003,images/GB003.jpg,LEGO Ideas,LEGO Ideas
6463,SH0125,images/SH0125.jpg,Super Heroes,Super Heroes
6464,SW0441A,images/SW0441A.jpg,Star Wars,Star Wars
6465,TWN198,images/TWN198.jpg,Town,Town
6466,CRS035,images/CRS035.jpg,DUPLO,DUPLO
6467,CRS036,images/CRS036.jpg,DUPLO,DUPLO
6468,CRS034,images/CRS034.jpg,DUPLO,DUPLO
6469,47394PB187,images/47394PB187.jpg,DUPLO,DUPLO
6470,47394PB188,images/47394PB188.jpg,DUPLO,DUPLO
6471,47205PB030,images/47205PB030.jpg,DUPLO,DUPLO
6472,47394PB147A,images/47394PB147A.jpg,DUPLO,DUPLO
6473,47394PB172,images/47394PB172.jpg,DUPLO,DUPLO
6474,47394PB170,images/47394PB170.jpg,DUPLO,DUPLO
6475,47394PB178,images/47394PB178.jpg,DUPLO,DUPLO
6476,47394PB196,images/47394PB196.jpg,DUPLO,DUPLO
6477,47394PB179,images/47394PB179.jpg,DUPLO,DUPLO
6478,47394PB171,images/47394PB171.jpg,DUPLO,DUPLO
6479,47394PB169,images/47394PB169.jpg,DUPLO,DUPLO
6480,47394PB168,images/47394PB168.jpg,DUPLO,DUPLO
6481,47394PB167,images/47394PB167.jpg,DUPLO,DUPLO
6482,47394PB175,images/47394PB175.jpg,DUPLO,DUPLO
6483,47394PB174,images/47394PB174.jpg,DUPLO,DUPLO
6484,47394PB185,images/47394PB185.jpg,DUPLO,DUPLO
6485,47394PB184,images/47394PB184.jpg,DUPLO,DUPLO
6486,47394PB189,images/47394PB189.jpg,DUPLO,DUPLO
6487,LOR095,images/LOR095.jpg,The Hobbit and The Lord of the Rings,The Hobbit and The Lord of the Rings
6488,TLM022,images/TLM022.jpg,The LEGO Movie,Other
6489,SH0141,images/SH0141.jpg,Super Heroes,Super Heroes
6490,SH0105,images/SH0105.jpg,Super Heroes,Super Heroes
6491,HOL045A,images/HOL045A.jpg,Holiday & Event,Holiday & Event
6492,HOL050,images/HOL050.jpg,Holiday & Event,Holiday & Event
6493,HOL049,images/HOL049.jpg,Holiday & Event,Holiday & Event
6494,HOL044,images/HOL044.jpg,Holiday & Event,Holiday & Event
6495,HOL047,images/HOL047.jpg,Holiday & Event,Holiday & Event
6496,HOL046,images/HOL046.jpg,Holiday & Event,Holiday & Event
6497,LOR105,images/LOR105.jpg,The Hobbit and The Lord of the Rings,The Hobbit and The Lord of the Rings
6498,TLM018,images/TLM018.jpg,The LEGO Movie,Other
6499,TLM078,images/TLM078.jpg,The LEGO Movie,Other
6500,TLM061,images/TLM061.jpg,The LEGO Movie,Other
6501,TLM062,images/TLM062.jpg,The LEGO Movie,Other
6502,TLM072,images/TLM072.jpg,The LEGO Movie,Other
6503,TLM059,images/TLM059.jpg,The LEGO Movie,Other
6504,TLM026,images/TLM026.jpg,The LEGO Movie,Other
6505,TLM066,images/TLM066.jpg,The LEGO Movie,Other
6506,SW0595,images/SW0595.jpg,Star Wars,Star Wars
6507,MIN014,images/MIN014.jpg,Minecraft,Minecraft
6508,LOC098,images/LOC098.jpg,LEGENDS OF CHIMA,LEGENDS OF CHIMA
6509,LOC058,images/LOC058.jpg,LEGENDS OF CHIMA,LEGENDS OF CHIMA
6510,LOC071,images/LOC071.jpg,LEGENDS OF CHIMA,LEGENDS OF CHIMA
6511,TLM034,images/TLM034.jpg,The LEGO Movie,Other
6512,TLM028,images/TLM028.jpg,The LEGO Movie,Other
6513,SW0574A,images/SW0574A.jpg,Star Wars,Star Wars
6514,TLM042,images/TLM042.jpg,The LEGO Movie,Other
6515,COL181,images/COL181.jpg,Collectible Minifigures,Collectible Minifigures
6516,SH0099,images/SH0099.jpg,Super Heroes,Super Heroes
6517,LOR097,images/LOR097.jpg,The Hobbit and The Lord of the Rings,The Hobbit and The Lord of the Rings
6518,CTY0470,images/CTY0470.jpg,Town,Town
6519,CTY0507,images/CTY0507.jpg,Town,Town
6520,CTY0508,images/CTY0508.jpg,Town,Town
6521,LOC110,images/LOC110.jpg,LEGENDS OF CHIMA,LEGENDS OF CHIMA
6522,FST020,images/FST020.jpg,FIRST LEGO League,Other
6523,FST019,images/FST019.jpg,FIRST LEGO League,Other
6524,CTY0467,images/CTY0467.jpg,Town,Town
6525,TNT039,images/TNT039.jpg,Teenage Mutant Ninja Turtles,Other
6526,LOC077,images/LOC077.jpg,LEGENDS OF CHIMA,LEGENDS OF CHIMA
6527,LOC104,images/LOC104.jpg,LEGENDS OF CHIMA,LEGENDS OF CHIMA
6528,LOC075,images/LOC075.jpg,LEGENDS OF CHIMA,LEGENDS OF CHIMA
6529,DP007,images/DP007.jpg,Disney,Disney
6530,LOC076,images/LOC076.jpg,LEGENDS OF CHIMA,LEGENDS OF CHIMA
6531,TNT036,images/TNT036.jpg,Teenage Mutant Ninja Turtles,Other
6532,TNT043,images/TNT043.jpg,Teenage Mutant Ninja Turtles,Other
6533,TNT048,images/TNT048.jpg,Teenage Mutant Ninja Turtles,Other
6534,TLM047,images/TLM047.jpg,The LEGO Movie,Other
6535,LOC105,images/LOC105.jpg,LEGENDS OF CHIMA,LEGENDS OF CHIMA
6536,FRND0055,images/FRND0055.jpg,Friends,Friends
6537,FRND0087,images/FRND0087.jpg,Friends,Friends
6538,FRND0078,images/FRND0078.jpg,Friends,Friends
6539,FRND0075,images/FRND0075.jpg,Friends,Friends
6540,FRND0066,images/FRND0066.jpg,Friends,Friends
6541,FRND0082,images/FRND0082.jpg,Friends,Friends
6542,FRND0070,images/FRND0070.jpg,Friends,Friends
6543,FRND0063,images/FRND0063.jpg,Friends,Friends
6544,FRND0077,images/FRND0077.jpg,Friends,Friends
6545,FRND0067,images/FRND0067.jpg,Friends,Friends
6546,FRND0089,images/FRND0089.jpg,Friends,Friends
6547,FRND0072,images/FRND0072.jpg,Friends,Friends
6548,FRND0084,images/FRND0084.jpg,Friends,Friends
6549,FRND0057A,images/FRND0057A.jpg,Friends,Friends
6550,FRND0060,images/FRND0060.jpg,Friends,Friends
6551,FRND0081,images/FRND0081.jpg,Friends,Friends
6552,FRND0061,images/FRND0061.jpg,Friends,Friends
6553,FRND0088,images/FRND0088.jpg,Friends,Friends
6554,FRND0059,images/FRND0059.jpg,Friends,Friends
6555,FRND0071,images/FRND0071.jpg,Friends,Friends
6556,FRND0080,images/FRND0080.jpg,Friends,Friends
6557,FRND0107,images/FRND0107.jpg,Friends,Friends
6558,FRND0056,images/FRND0056.jpg,Friends,Friends
6559,FRND0086,images/FRND0086.jpg,Friends,Friends
6560,FRND0062,images/FRND0062.jpg,Friends,Friends
6561,FRND0079,images/FRND0079.jpg,Friends,Friends
6562,FRND0073,images/FRND0073.jpg,Friends,Friends
6563,FRND0074,images/FRND0074.jpg,Friends,Friends
6564,FRND0069,images/FRND0069.jpg,Friends,Friends
6565,FRND0085,images/FRND0085.jpg,Friends,Friends
6566,FRND0064,images/FRND0064.jpg,Friends,Friends
6567,FRND0068,images/FRND0068.jpg,Friends,Friends
6568,FRND0083,images/FRND0083.jpg,Friends,Friends
6569,FRND0065,images/FRND0065.jpg,Friends,Friends
6570,FRND0058,images/FRND0058.jpg,Friends,Friends
6571,FRND0076,images/FRND0076.jpg,Friends,Friends
6572,TLM009,images/TLM009.jpg,Collectible Minifigures,Collectible Minifigures
6573,LOR103,images/LOR103.jpg,The Hobbit and The Lord of the Rings,The Hobbit and The Lord of the Rings
6574,TLM039,images/TLM039.jpg,The LEGO Movie,Other
6575,SH0124,images/SH0124.jpg,Super Heroes,Super Heroes
6576,SW0575,images/SW0575.jpg,Star Wars,Star Wars
6577,TLM049,images/TLM049.jpg,The LEGO Movie,Other
6578,TLM050,images/TLM050.jpg,The LEGO Movie,Other
6579,SW0557,images/SW0557.jpg,Star Wars,Star Wars
6580,NJO0092,images/NJO0092.jpg,NINJAGO,NINJAGO
6581,SW0515,images/SW0515.jpg,Star Wars,Star Wars
6582,SW0579,images/SW0579.jpg,Star Wars,Star Wars
6583,COL193,images/COL193.jpg,Collectible Minifigures,Collectible Minifigures
6584,SW0562,images/SW0562.jpg,Star Wars,Star Wars
6585,TLM051,images/TLM051.jpg,The LEGO Movie,Other
6586,LOC091,images/LOC091.jpg,LEGENDS OF CHIMA,LEGENDS OF CHIMA
6587,LOC068,images/LOC068.jpg,LEGENDS OF CHIMA,LEGENDS OF CHIMA
6588,LOC050,images/LOC050.jpg,LEGENDS OF CHIMA,LEGENDS OF CHIMA
6589,GEN055,images/GEN055.jpg,Holiday & Event,Holiday & Event
6590,SIM012,images/SIM012.jpg,Collectible Minifigures,Collectible Minifigures
6591,SW0558,images/SW0558.jpg,Star Wars,Star Wars
6592,SW0553,images/SW0553.jpg,Star Wars,Star Wars
6593,SH0102,images/SH0102.jpg,Super Heroes,Super Heroes
6594,CTY0503,images/CTY0503.jpg,Town,Town
6595,LOR110,images/LOR110.jpg,The Hobbit and The Lord of the Rings,The Hobbit and The Lord of the Rings
6596,SW0539,images/SW0539.jpg,Star Wars,Star Wars
6597,TLM043,images/TLM043.jpg,The LEGO Movie,Other
6598,TLM003,images/TLM003.jpg,Collectible Minifigures,Collectible Minifigures
6599,SW0576,images/SW0576.jpg,Star Wars,Star Wars
6600,HF007,images/HF007.jpg,Hero Factory,Other
6601,HF008,images/HF008.jpg,Hero Factory,Other
6602,HF009,images/HF009.jpg,Hero Factory,Other
6603,HF012,images/HF012.jpg,Hero Factory,Other
6604,HF013,images/HF013.jpg,Hero Factory,Other
6605,HF005,images/HF005.jpg,Hero Factory,Other
6606,HF006,images/HF006.jpg,Hero Factory,Other
6607,HF015,images/HF015.jpg,Hero Factory,Other
6608,HF011,images/HF011.jpg,Hero Factory,Other
6609,HF014,images/HF014.jpg,Hero Factory,Other
6610,HF017,images/HF017.jpg,Hero Factory,Other
6611,HF001,images/HF001.jpg,Hero Factory,Other
6612,HF021,images/HF021.jpg,Hero Factory,Other
6613,HF003,images/HF003.jpg,Hero Factory,Other
6614,HF019,images/HF019.jpg,Hero Factory,Other
6615,HF004,images/HF004.jpg,Hero Factory,Other
6616,HF018,images/HF018.jpg,Hero Factory,Other
6617,HF002,images/HF002.jpg,Hero Factory,Other
6618,HF010,images/HF010.jpg,Hero Factory,Other
6619,HF020,images/HF020.jpg,Hero Factory,Other
6620,SIM001,images/SIM001.jpg,The Simpsons,Other
6621,SIM007,images/SIM007.jpg,Collectible Minifigures,Collectible Minifigures
6622,SH0095,images/SH0095.jpg,Super Heroes,Super Heroes
6623,COL180,images/COL180.jpg,Collectible Minifigures,Collectible Minifigures
6624,LOR101,images/LOR101.jpg,The Hobbit and The Lord of the Rings,The Hobbit and The Lord of the Rings
6625,LOR102,images/LOR102.jpg,The Hobbit and The Lord of the Rings,The Hobbit and The Lord of the Rings
6626,SH0108,images/SH0108.jpg,Super Heroes,Super Heroes
6627,TLM032,images/TLM032.jpg,The LEGO Movie,Other
6628,TLM031,images/TLM031.jpg,The LEGO Movie,Other
6629,SW0584,images/SW0584.jpg,Star Wars,Star Wars
6630,SW0545,images/SW0545.jpg,Star Wars,Star Wars
6631,SW0529,images/SW0529.jpg,Star Wars,Star Wars
6632,SW0520,images/SW0520.jpg,Star Wars,Star Wars
6633,SW0583,images/SW0583.jpg,Star Wars,Star Wars
6634,SW0582,images/SW0582.jpg,Star Wars,Star Wars
6635,SW0521,images/SW0521.jpg,Star Wars,Star Wars
6636,SW0578,images/SW0578.jpg,Star Wars,Star Wars
6637,SW0585,images/SW0585.jpg,Star Wars,Star Wars
6638,SW0543,images/SW0543.jpg,Star Wars,Star Wars
6639,UAGT009,images/UAGT009.jpg,Ultra Agents,Other
6640,SIM019,images/SIM019.jpg,Collectible Minifigures,Collectible Minifigures
6641,SW0570,images/SW0570.jpg,Star Wars,Star Wars
6642,SW0560,images/SW0560.jpg,Star Wars,Star Wars
6643,SW0590,images/SW0590.jpg,Star Wars,Star Wars
6644,NJO0089,images/NJO0089.jpg,NINJAGO,NINJAGO
6645,NJO0103,images/NJO0103.jpg,NINJAGO,NINJAGO
6646,SW0571,images/SW0571.jpg,Star Wars,Star Wars
6647,COL187,images/COL187.jpg,Collectible Minifigures,Collectible Minifigures
6648,TLM068,images/TLM068.jpg,The LEGO Movie,Other
6649,SH0093,images/SH0093.jpg,Super Heroes,Super Heroes
6650,TWN199,images/TWN199.jpg,Town,Town
6651,NJO0091,images/NJO0091.jpg,NINJAGO,NINJAGO
6652,SW0577,images/SW0577.jpg,Star Wars,Star Wars
6653,SW0602,images/SW0602.jpg,Star Wars,Star Wars
6654,TNT023,images/TNT023.jpg,Teenage Mutant Ninja Turtles,Other
6655,TNT047,images/TNT047.jpg,Teenage Mutant Ninja Turtles,Other
6656,TLM035,images/TLM035.jpg,The LEGO Movie,Other
6657,LOR096,images/LOR096.jpg,The Hobbit and The Lord of the Rings,The Hobbit and The Lord of the Rings
6658,SIM014,images/SIM014.jpg,Collectible Minifigures,Collectible Minifigures
6659,LOC097,images/LOC097.jpg,LEGENDS OF CHIMA,LEGENDS OF CHIMA
6660,TLM010,images/TLM010.jpg,Collectible Minifigures,Collectible Minifigures
6661,LOC101,images/LOC101.jpg,LEGENDS OF CHIMA,LEGENDS OF CHIMA
6662,LOC093,images/LOC093.jpg,LEGENDS OF CHIMA,LEGENDS OF CHIMA
6663,LOC066,images/LOC066.jpg,LEGENDS OF CHIMA,LEGENDS OF CHIMA
6664,LOC062,images/LOC062.jpg,LEGENDS OF CHIMA,LEGENDS OF CHIMA
6665,LOC049,images/LOC049.jpg,LEGENDS OF CHIMA,LEGENDS OF CHIMA
6666,LOC114,images/LOC114.jpg,LEGENDS OF CHIMA,LEGENDS OF CHIMA
6667,LOC067,images/LOC067.jpg,LEGENDS OF CHIMA,LEGENDS OF CHIMA
6668,LOC055,images/LOC055.jpg,LEGENDS OF CHIMA,LEGENDS OF CHIMA
6669,TNT033,images/TNT033.jpg,Teenage Mutant Ninja Turtles,Other
6670,GEN054,images/GEN054.jpg,LEGO Brand,LEGO Brand
6671,GEN058,images/GEN058.jpg,LEGO Brand,LEGO Brand
6672,TNT044,images/TNT044.jpg,Teenage Mutant Ninja Turtles,Other
6673,TNT053,images/TNT053.jpg,Teenage Mutant Ninja Turtles,Other
6674,TNT032,images/TNT032.jpg,Teenage Mutant Ninja Turtles,Other
6675,TNT049,images/TNT049.jpg,Teenage Mutant Ninja Turtles,Other
6676,TNT024,images/TNT024.jpg,Teenage Mutant Ninja Turtles,Other
6677,LOC079,images/LOC079.jpg,LEGENDS OF CHIMA,LEGENDS OF CHIMA
6678,COL185,images/COL185.jpg,Collectible Minifigures,Collectible Minifigures
6679,TRN235,images/TRN235.jpg,Train,Other
6680,TRN236,images/TRN236.jpg,Train,Other
6681,RAC054,images/RAC054.jpg,Town,Town
6682,SIM004,images/SIM004.jpg,The Simpsons,Other
6683,SIM010,images/SIM010.jpg,Collectible Minifigures,Collectible Minifigures
6684,NJO0097,images/NJO0097.jpg,NINJAGO,NINJAGO
6685,NJO0087,images/NJO0087.jpg,NINJAGO,NINJAGO
6686,NJO0104,images/NJO0104.jpg,NINJAGO,NINJAGO
6687,NJO0108,images/NJO0108.jpg,NINJAGO,NINJAGO
6688,TLM029,images/TLM029.jpg,The LEGO Movie,Other
6689,NJO0094,images/NJO0094.jpg,NINJAGO,NINJAGO
6690,TLM027,images/TLM027.jpg,The LEGO Movie,Other
6691,TLM017,images/TLM017.jpg,The LEGO Movie,Other
6692,SW0569,images/SW0569.jpg,Star Wars,Star Wars
6693,SW0551,images/SW0551.jpg,Star Wars,Star Wars
6694,LOC081,images/LOC081.jpg,LEGENDS OF CHIMA,LEGENDS OF CHIMA
6695,TLM019,images/TLM019.jpg,The LEGO Movie,Other
6696,SIM005,images/SIM005.jpg,The Simpsons,Other
6697,SIM011,images/SIM011.jpg,Collectible Minifigures,Collectible Minifigures
6698,SH0119,images/SH0119.jpg,Super Heroes,Super Heroes
6699,SH0086,images/SH0086.jpg,Super Heroes,Super Heroes
6700,SIM002,images/SIM002.jpg,The Simpsons,Other
6701,SIM009,images/SIM009.jpg,Collectible Minifigures,Collectible Minifigures
6702,TLM016,images/TLM016.jpg,Collectible Minifigures,Collectible Minifigures
6703,SH0114,images/SH0114.jpg,Super Heroes,Super Heroes
6704,SH0103,images/SH0103.jpg,Super Heroes,Super Heroes
6705,LOC085,images/LOC085.jpg,LEGENDS OF CHIMA,LEGENDS OF CHIMA
6706,TWN213,images/TWN213.jpg,Town,Town
6707,CTY0472,images/CTY0472.jpg,Town,Town
6708,TWN207,images/TWN207.jpg,Town,Town
6709,TWN189,images/TWN189.jpg,Town,Town
6710,DP002,images/DP002.jpg,Disney,Disney
6711,TNT029,images/TNT029.jpg,Teenage Mutant Ninja Turtles,Other
6712,TNT040,images/TNT040.jpg,Teenage Mutant Ninja Turtles,Other
6713,TNT038,images/TNT038.jpg,Teenage Mutant Ninja Turtles,Other
6714,MIN008,images/MIN008.jpg,Minecraft,Minecraft
6715,SIM015,images/SIM015.jpg,Collectible Minifigures,Collectible Minifigures
6716,NJO0098,images/NJO0098.jpg,NINJAGO,NINJAGO
6717,SW0587,images/SW0587.jpg,Star Wars,Star Wars
6718,SH0101,images/SH0101.jpg,Super Heroes,Super Heroes
6719,CTY0475,images/CTY0475.jpg,Town,Town
6720,LOC084,images/LOC084.jpg,LEGENDS OF CHIMA,LEGENDS OF CHIMA
6721,SIM022,images/SIM022.jpg,Collectible Minifigures,Collectible Minifigures
6722,HOL048,images/HOL048.jpg,Holiday & Event,Holiday & Event
6723,TLM006,images/TLM006.jpg,Collectible Minifigures,Collectible Minifigures
6724,LOC083,images/LOC083.jpg,LEGENDS OF CHIMA,LEGENDS OF CHIMA
6725,TNT030,images/TNT030.jpg,Teenage Mutant Ninja Turtles,Other
6726,SW0594,images/SW0594.jpg,Star Wars,Star Wars
6727,SH0121,images/SH0121.jpg,Super Heroes,Super Heroes
6728,SIM006,images/SIM006.jpg,The Simpsons,Other
6729,SIM013,images/SIM013.jpg,Collectible Minifigures,Collectible Minifigures
6730,SW0536,images/SW0536.jpg,Star Wars,Star Wars
6731,SIM018,images/SIM018.jpg,Collectible Minifigures,Collectible Minifigures
6732,SH0085,images/SH0085.jpg,Super Heroes,Super Heroes
6733,NJO0093,images/NJO0093.jpg,NINJAGO,NINJAGO
6734,NJO0084,images/NJO0084.jpg,NINJAGO,NINJAGO
6735,NJO0083,images/NJO0083.jpg,NINJAGO,NINJAGO
6736,NJO0101,images/NJO0101.jpg,NINJAGO,NINJAGO
6737,NJO0109,images/NJO0109.jpg,NINJAGO,NINJAGO
6738,NJO0096,images/NJO0096.jpg,NINJAGO,NINJAGO
6739,NJO0100,images/NJO0100.jpg,NINJAGO,NINJAGO
6740,TLM067,images/TLM067.jpg,The LEGO Movie,Other
6741,SH0128,images/SH0128.jpg,Super Heroes,Super Heroes
6742,SW0552,images/SW0552.jpg,Star Wars,Star Wars
6743,SW0535,images/SW0535.jpg,Star Wars,Star Wars
6744,SW0592,images/SW0592.jpg,Star Wars,Star Wars
6745,TWN206,images/TWN206.jpg,Town,Town
6746,CTY0473,images/CTY0473.jpg,Town,Town
6747,TWN212,images/TWN212.jpg,Town,Town
6748,TWN216,images/TWN216.jpg,Town,Town
6749,HOL038,images/HOL038.jpg,Holiday & Event,Holiday & Event
6750,CTY0499,images/CTY0499.jpg,Town,Town
6751,CTY0459,images/CTY0459.jpg,Town,Town
6752,NJO0107,images/NJO0107.jpg,NINJAGO,NINJAGO
6753,SW0559,images/SW0559.jpg,Star Wars,Star Wars
6754,TLM020,images/TLM020.jpg,The LEGO Movie,Other
6755,TLM015,images/TLM015.jpg,Collectible Minifigures,Collectible Minifigures
6756,COL192,images/COL192.jpg,Collectible Minifigures,Collectible Minifigures
6757,NJO0086,images/NJO0086.jpg,NINJAGO,NINJAGO
6758,COL189,images/COL189.jpg,Collectible Minifigures,Collectible Minifigures
6759,SW0591,images/SW0591.jpg,Star Wars,Star Wars
6760,GEN064,images/GEN064.jpg,LEGO Brand,LEGO Brand
6761,CTY0466,images/CTY0466.jpg,Town,Town
6762,PLN175,images/PLN175.jpg,Town,Town
6763,PLN177,images/PLN177.jpg,Racers,Other
6764,PLN176,images/PLN176.jpg,Racers,Other
6765,SH0142,images/SH0142.jpg,Super Heroes,Super Heroes
6766,SW0538,images/SW0538.jpg,Star Wars,Star Wars
6767,TLM053,images/TLM053.jpg,The LEGO Movie,Other
6768,CTY0451,images/CTY0451.jpg,Town,Town
6769,CTY0456,images/CTY0456.jpg,Town,Town
6770,CTY0452,images/CTY0452.jpg,Town,Town
6771,CTY0478,images/CTY0478.jpg,Town,Town
6772,CTY0453,images/CTY0453.jpg,Town,Town
6773,CTY0462,images/CTY0462.jpg,Town,Town
6774,CTY0501,images/CTY0501.jpg,Town,Town
6775,CTY0482,images/CTY0482.jpg,Town,Town
6776,CTY0487,images/CTY0487.jpg,Town,Town
6777,CTY0484,images/CTY0484.jpg,Town,Town
6778,CTY0449,images/CTY0449.jpg,Town,Town
6779,CTY0464,images/CTY0464.jpg,Town,Town
6780,CTY0455,images/CTY0455.jpg,Town,Town
6781,CTY0454,images/CTY0454.jpg,Town,Town
6782,CTY0465,images/CTY0465.jpg,Town,Town
6783,CTY0485,images/CTY0485.jpg,Town,Town
6784,CTY0477,images/CTY0477.jpg,Town,Town
6785,CTY0458,images/CTY0458.jpg,Town,Town
6786,CTY0476,images/CTY0476.jpg,Town,Town
6787,CTY0450,images/CTY0450.jpg,Town,Town
6788,CTY0488,images/CTY0488.jpg,Town,Town
6789,COP055,images/COP055.jpg,Town,Town
6790,COP054,images/COP054.jpg,Town,Town
6791,HOL040,images/HOL040.jpg,Holiday & Event,Holiday & Event
6792,HOL042,images/HOL042.jpg,Holiday & Event,Holiday & Event
6793,HOL041,images/HOL041.jpg,Holiday & Event,Holiday & Event
6794,CTY0457,images/CTY0457.jpg,Town,Town
6795,CTY0463,images/CTY0463.jpg,Town,Town
6796,CTY0480,images/CTY0480.jpg,Town,Town
6797,CTY0486,images/CTY0486.jpg,Town,Town
6798,JAIL005,images/JAIL005.jpg,Town,Town
6799,CTY0448,images/CTY0448.jpg,Town,Town
6800,CTY0481,images/CTY0481.jpg,Town,Town
6801,CTY0479,images/CTY0479.jpg,Town,Town
6802,SH0104,images/SH0104.jpg,Super Heroes,Super Heroes
6803,TLM002,images/TLM002.jpg,Collectible Minifigures,Collectible Minifigures
6804,CTY0510,images/CTY0510.jpg,Town,Town
6805,DP009,images/DP009.jpg,Disney,Disney
6806,DP005,images/DP005.jpg,Disney,Disney
6807,CAS538,images/CAS538.jpg,Castle,Castle
6808,UAGT017,images/UAGT017.jpg,Ultra Agents,Other
6809,COL186,images/COL186.jpg,Collectible Minifigures,Collectible Minifigures
6810,UAGT008,images/UAGT008.jpg,Ultra Agents,Other
6811,TWN203,images/TWN203.jpg,Town,Town
6812,SW0593,images/SW0593.jpg,Star Wars,Star Wars
6813,SW0573,images/SW0573.jpg,Star Wars,Star Wars
6814,TLM058,images/TLM058.jpg,The LEGO Movie,Other
6815,SIM016,images/SIM016.jpg,Collectible Minifigures,Collectible Minifigures
6816,TNT041,images/TNT041.jpg,Teenage Mutant Ninja Turtles,Other
6817,TNT026,images/TNT026.jpg,Teenage Mutant Ninja Turtles,Other
6818,TNT037,images/TNT037.jpg,Teenage Mutant Ninja Turtles,Other
6819,TNT045,images/TNT045.jpg,Teenage Mutant Ninja Turtles,Other
6820,DP010,images/DP010.jpg,Disney,Disney
6821,DP006,images/DP006.jpg,Disney,Disney
6822,LOC090,images/LOC090.jpg,LEGENDS OF CHIMA,LEGENDS OF CHIMA
6823,SW0544,images/SW0544.jpg,Star Wars,Star Wars
6824,TWN194,images/TWN194.jpg,Town,Town
6825,TWN214,images/TWN214.jpg,Town,Town
6826,TWN205,images/TWN205.jpg,Town,Town
6827,SH0107,images/SH0107.jpg,Super Heroes,Super Heroes
6828,IDEA009,images/IDEA009.jpg,LEGO Ideas,LEGO Ideas
6829,IDEA010,images/IDEA010.jpg,LEGO Ideas,LEGO Ideas
6830,IDEA011,images/IDEA011.jpg,LEGO Ideas,LEGO Ideas
6831,UAGT012,images/UAGT012.jpg,Ultra Agents,Other
6832,LOC060,images/LOC060.jpg,LEGENDS OF CHIMA,LEGENDS OF CHIMA
6833,SH0091,images/SH0091.jpg,Super Heroes,Super Heroes
6834,SH0112,images/SH0112.jpg,Super Heroes,Super Heroes
6835,TLM063,images/TLM063.jpg,The LEGO Movie,Other
6836,TLM065,images/TLM065.jpg,The LEGO Movie,Other
6837,TLM048,images/TLM048.jpg,The LEGO Movie,Other
6838,TLM055,images/TLM055.jpg,The LEGO Movie,Other
6839,TLM070,images/TLM070.jpg,The LEGO Movie,Other
6840,TLM069,images/TLM069.jpg,The LEGO Movie,Other
6841,TLM025,images/TLM025.jpg,The LEGO Movie,Other
6842,TLM046,images/TLM046.jpg,The LEGO Movie,Other
6843,TLM060,images/TLM060.jpg,The LEGO Movie,Other
6844,TLM044,images/TLM044.jpg,The LEGO Movie,Other
6845,TLM079,images/TLM079.jpg,The LEGO Movie,Other
6846,COL190,images/COL190.jpg,Collectible Minifigures,Collectible Minifigures
6847,SH0090,images/SH0090.jpg,Super Heroes,Super Heroes
6848,SH0122,images/SH0122.jpg,Super Heroes,Super Heroes
6849,LOC059,images/LOC059.jpg,LEGENDS OF CHIMA,LEGENDS OF CHIMA
6850,SH0126,images/SH0126.jpg,Super Heroes,Super Heroes
6851,TLM037,images/TLM037.jpg,The LEGO Movie,Other
6852,NJO0105,images/NJO0105.jpg,NINJAGO,NINJAGO
6853,SW0548A,images/SW0548A.jpg,Star Wars,Star Wars
6854,HOL036,images/HOL036.jpg,Holiday & Event,Holiday & Event
6855,SW0599,images/SW0599.jpg,Star Wars,Star Wars
6856,HOL292,images/HOL292.jpg,Holiday & Event,Holiday & Event
6857,LOC070,images/LOC070.jpg,LEGENDS OF CHIMA,LEGENDS OF CHIMA
6858,LOC056,images/LOC056.jpg,LEGENDS OF CHIMA,LEGENDS OF CHIMA
6859,SIM020,images/SIM020.jpg,Collectible Minifigures,Collectible Minifigures
6860,TLM007,images/TLM007.jpg,Collectible Minifigures,Collectible Minifigures
6861,LOC064,images/LOC064.jpg,LEGENDS OF CHIMA,LEGENDS OF CHIMA
6862,SW0600,images/SW0600.jpg,Star Wars,Star Wars
6863,LOC069,images/LOC069.jpg,LEGENDS OF CHIMA,LEGENDS OF CHIMA
6864,TLM040,images/TLM040.jpg,The LEGO Movie,Other
6865,TLM023,images/TLM023.jpg,The LEGO Movie,Other
6866,TWN204,images/TWN204.jpg,Town,Town
6867,GEN060,images/GEN060.jpg,LEGO Brand,LEGO Brand
6868,TNT052,images/TNT052.jpg,Teenage Mutant Ninja Turtles,Other
6869,TNT035,images/TNT035.jpg,Teenage Mutant Ninja Turtles,Other
6870,LOC102,images/LOC102.jpg,LEGENDS OF CHIMA,LEGENDS OF CHIMA
6871,LOC087,images/LOC087.jpg,LEGENDS OF CHIMA,LEGENDS OF CHIMA
6872,TLM038,images/TLM038.jpg,The LEGO Movie,Other
6873,GEN066,images/GEN066.jpg,Castle,Castle
6874,MIN011,images/MIN011.jpg,Minecraft,Minecraft
6875,SW0597,images/SW0597.jpg,Star Wars,Star Wars
6876,SW0580,images/SW0580.jpg,Star Wars,Star Wars
6877,SW0568,images/SW0568.jpg,Star Wars,Star Wars
6878,COL184,images/COL184.jpg,Collectible Minifigures,Collectible Minifigures
6879,TLM064,images/TLM064.jpg,The LEGO Movie,Other
6880,LOC061,images/LOC061.jpg,LEGENDS OF CHIMA,LEGENDS OF CHIMA
6881,LOC053,images/LOC053.jpg,LEGENDS OF CHIMA,LEGENDS OF CHIMA
6882,TNT025,images/TNT025.jpg,Teenage Mutant Ninja Turtles,Other
6883,SH0115,images/SH0115.jpg,Super Heroes,Super Heroes
6884,LOC065,images/LOC065.jpg,LEGENDS OF CHIMA,LEGENDS OF CHIMA
6885,TNT051,images/TNT051.jpg,Teenage Mutant Ninja Turtles,Other
6886,COL194,images/COL194.jpg,Collectible Minifigures,Collectible Minifigures
6887,SH0123,images/SH0123.jpg,Super Heroes,Super Heroes
6888,SH0127,images/SH0127.jpg,Super Heroes,Super Heroes
6889,LOC078,images/LOC078.jpg,LEGENDS OF CHIMA,LEGENDS OF CHIMA
6890,LOC095,images/LOC095.jpg,LEGENDS OF CHIMA,LEGENDS OF CHIMA
6891,MIN009,images/MIN009.jpg,Minecraft,Minecraft
6892,MIN013,images/MIN013.jpg,Minecraft,Minecraft
6893,MIN015,images/MIN015.jpg,Minecraft,Minecraft
6894,SH0116,images/SH0116.jpg,Super Heroes,Super Heroes
6895,LOC086,images/LOC086.jpg,LEGENDS OF CHIMA,LEGENDS OF CHIMA
6896,LOC099,images/LOC099.jpg,LEGENDS OF CHIMA,LEGENDS OF CHIMA
6897,FUS001,images/FUS001.jpg,Fusion,Other
6898,TWN200,images/TWN200.jpg,Town,Town
6899,TLM036,images/TLM036.jpg,The LEGO Movie,Other
6900,GEN063,images/GEN063.jpg,LEGO Brand,LEGO Brand
6901,SH0143,images/SH0143.jpg,Super Heroes,Super Heroes
6902,CTY0512,images/CTY0512.jpg,Town,Town
6903,COL191,images/COL191.jpg,Collectible Minifigures,Collectible Minifigures
6904,CTY0504,images/CTY0504.jpg,Town,Town
6905,LOC111,images/LOC111.jpg,LEGENDS OF CHIMA,LEGENDS OF CHIMA
6906,TLM012,images/TLM012.jpg,Collectible Minifigures,Collectible Minifigures
6907,CTY0468,images/CTY0468.jpg,Town,Town
6908,GEN061,images/GEN061.jpg,LEGO Brand,LEGO Brand
6909,SH0100,images/SH0100.jpg,Super Heroes,Super Heroes
6910,LOR098,images/LOR098.jpg,The Hobbit and The Lord of the Rings,The Hobbit and The Lord of the Rings
6911,SW0546,images/SW0546.jpg,Star Wars,Star Wars
6912,SW0556,images/SW0556.jpg,Star Wars,Star Wars
6913,UAGT016,images/UAGT016.jpg,Ultra Agents,Other
6914,SH0130,images/SH0130.jpg,Super Heroes,Super Heroes
6915,SH0087,images/SH0087.jpg,Super Heroes,Super Heroes
6916,SH0133,images/SH0133.jpg,Super Heroes,Super Heroes
6917,SH0094,images/SH0094.jpg,Super Heroes,Super Heroes
6918,TNT034,images/TNT034.jpg,Teenage Mutant Ninja Turtles,Other
6919,SH0096,images/SH0096.jpg,Super Heroes,Super Heroes
6920,SH0088,images/SH0088.jpg,Super Heroes,Super Heroes
6921,SH0120,images/SH0120.jpg,Super Heroes,Super Heroes
6922,SH0098,images/SH0098.jpg,Super Heroes,Super Heroes
6923,LOR106,images/LOR106.jpg,The Hobbit and The Lord of the Rings,The Hobbit and The Lord of the Rings
6924,TWN201,images/TWN201.jpg,Town,Town
6925,LOC073,images/LOC073.jpg,LEGENDS OF CHIMA,LEGENDS OF CHIMA
6926,UAGT011,images/UAGT011.jpg,Ultra Agents,Other
6927,SW0550,images/SW0550.jpg,Star Wars,Star Wars
6928,UAGT002,images/UAGT002.jpg,Ultra Agents,Other
6929,TWN202,images/TWN202.jpg,Town,Town
6930,TLM077,images/TLM077.jpg,The LEGO Movie,Other
6931,TLM073,images/TLM073.jpg,The LEGO Movie,Other
6932,TLM074,images/TLM074.jpg,The LEGO Movie,Other
6933,TLM075,images/TLM075.jpg,The LEGO Movie,Other
6934,TLM080,images/TLM080.jpg,The LEGO Movie,Other
6935,TLM076,images/TLM076.jpg,The LEGO Movie,Other
6936,LOC080,images/LOC080.jpg,LEGENDS OF CHIMA,LEGENDS OF CHIMA
6937,TLM011,images/TLM011.jpg,Collectible Minifigures,Collectible Minifigures
6938,SH0113,images/SH0113.jpg,Super Heroes,Super Heroes
6939,TNT042,images/TNT042.jpg,Teenage Mutant Ninja Turtles,Other
6940,TNT027,images/TNT027.jpg,Teenage Mutant Ninja Turtles,Other
6941,COL182,images/COL182.jpg,Collectible Minifigures,Collectible Minifigures
6942,TLM021,images/TLM021.jpg,The LEGO Movie,Other
6943,TLM071,images/TLM071.jpg,The LEGO Movie,Other
6944,LOC082,images/LOC082.jpg,LEGENDS OF CHIMA,LEGENDS OF CHIMA
6945,LOC107,images/LOC107.jpg,LEGENDS OF CHIMA,LEGENDS OF CHIMA
6946,LOC074,images/LOC074.jpg,LEGENDS OF CHIMA,LEGENDS OF CHIMA
6947,LOC112,images/LOC112.jpg,LEGENDS OF CHIMA,LEGENDS OF CHIMA
6948,LOC096,images/LOC096.jpg,LEGENDS OF CHIMA,LEGENDS OF CHIMA
6949,LOC088,images/LOC088.jpg,LEGENDS OF CHIMA,LEGENDS OF CHIMA
6950,CTY0469,images/CTY0469.jpg,Town,Town
6951,TLM004,images/TLM004.jpg,Collectible Minifigures,Collectible Minifigures
6952,TLM014,images/TLM014.jpg,Collectible Minifigures,Collectible Minifigures
6953,LOC106,images/LOC106.jpg,LEGENDS OF CHIMA,LEGENDS OF CHIMA
6954,TLM008,images/TLM008.jpg,Collectible Minifigures,Collectible Minifigures
6955,GB004,images/GB004.jpg,LEGO Ideas,LEGO Ideas
6956,HOL051,images/HOL051.jpg,Holiday & Event,Holiday & Event
6957,HOL039,images/HOL039.jpg,Holiday & Event,Holiday & Event
6958,LOR104,images/LOR104.jpg,The Hobbit and The Lord of the Rings,The Hobbit and The Lord of the Rings
6959,COL179,images/COL179.jpg,Collectible Minifigures,Collectible Minifigures
6960,SH0118,images/SH0118.jpg,Super Heroes,Super Heroes
6961,LOC100,images/LOC100.jpg,LEGENDS OF CHIMA,LEGENDS OF CHIMA
6962,LOC089,images/LOC089.jpg,LEGENDS OF CHIMA,LEGENDS OF CHIMA
6963,LOC146,images/LOC146.jpg,LEGENDS OF CHIMA,LEGENDS OF CHIMA
6964,LOC072,images/LOC072.jpg,LEGENDS OF CHIMA,LEGENDS OF CHIMA
6965,LOC052,images/LOC052.jpg,LEGENDS OF CHIMA,LEGENDS OF CHIMA
6966,NJO0095,images/NJO0095.jpg,NINJAGO,NINJAGO
6967,NJO0099,images/NJO0099.jpg,NINJAGO,NINJAGO
6968,NJO0085,images/NJO0085.jpg,NINJAGO,NINJAGO
6969,NJO0106,images/NJO0106.jpg,NINJAGO,NINJAGO
6970,MIN010,images/MIN010.jpg,Minecraft,Minecraft
6971,JW007,images/JW007.jpg,Jurassic World,Jurassic World
6972,JW004,images/JW004.jpg,Jurassic World,Jurassic World
6973,JW013,images/JW013.jpg,Jurassic World,Jurassic World
6974,JW010,images/JW010.jpg,Jurassic World,Jurassic World
6975,JW001,images/JW001.jpg,Jurassic World,Jurassic World
6976,DIM004,images/DIM004.jpg,Dimensions,Other
6977,PI149A,images/PI149A.jpg,Pirates,Pirates
6978,SW0633,images/SW0633.jpg,Star Wars,Star Wars
6979,SW0647,images/SW0647.jpg,Star Wars,Star Wars
6980,SW0625,images/SW0625.jpg,Star Wars,Star Wars
6981,UAGT029,images/UAGT029.jpg,Ultra Agents,Other
6982,UAGT037,images/UAGT037.jpg,Ultra Agents,Other
6983,UAGT033,images/UAGT033.jpg,Ultra Agents,Other
6984,UAGT026,images/UAGT026.jpg,Ultra Agents,Other
6985,UAGT024,images/UAGT024.jpg,Ultra Agents,Other
6986,UAGT030,images/UAGT030.jpg,Ultra Agents,Other
6987,UAGT031,images/UAGT031.jpg,Ultra Agents,Other
6988,UAGT022,images/UAGT022.jpg,Ultra Agents,Other
6989,UAGT019,images/UAGT019.jpg,Ultra Agents,Other
6990,ELF008,images/ELF008.jpg,Elves,Other
6991,ELF001,images/ELF001.jpg,Elves,Other
6992,TWN221,images/TWN221.jpg,Town,Town
6993,DP013,images/DP013.jpg,Disney,Disney
6994,MIN017,images/MIN017.jpg,Minecraft,Minecraft
6995,MIN019,images/MIN019.jpg,Minecraft,Minecraft
6996,COL201,images/COL201.jpg,Collectible Minifigures,Collectible Minifigures
6997,SH0208,images/SH0208.jpg,Super Heroes,Super Heroes
6998,IDEA019,images/IDEA019.jpg,LEGO Ideas,LEGO Ideas
6999,SW0640,images/SW0640.jpg,Star Wars,Star Wars
7000,DP016,images/DP016.jpg,Disney,Disney
7001,SH0201,images/SH0201.jpg,Super Heroes,Super Heroes
7002,UAGT028,images/UAGT028.jpg,Ultra Agents,Other
7003,SIM025,images/SIM025.jpg,The Simpsons,Other
7004,DP014,images/DP014.jpg,Disney,Disney
7005,SH0207,images/SH0207.jpg,Super Heroes,Super Heroes
7006,SW0615,images/SW0615.jpg,Star Wars,Star Wars
7007,SW0683,images/SW0683.jpg,Star Wars,Star Wars
7008,SW0648,images/SW0648.jpg,Star Wars,Star Wars
7009,SW0679,images/SW0679.jpg,Star Wars,Star Wars
7010,CTY0562,images/CTY0562.jpg,Town,Town
7011,CTY0561,images/CTY0561.jpg,Town,Town
7012,SW0624,images/SW0624.jpg,Star Wars,Star Wars
7013,DP011,images/DP011.jpg,Disney,Disney
7014,NJO0130,images/NJO0130.jpg,NINJAGO,NINJAGO
7015,ELF003,images/ELF003.jpg,Elves,Other
7016,ELF007,images/ELF007.jpg,Elves,Other
7017,TLM098,images/TLM098.jpg,The LEGO Movie,Other
7018,LOR111,images/LOR111.jpg,The Hobbit and The Lord of the Rings,The Hobbit and The Lord of the Rings
7019,COL224,images/COL224.jpg,Collectible Minifigures,Collectible Minifigures
7020,SH0179,images/SH0179.jpg,Super Heroes,Super Heroes
7021,JW005,images/JW005.jpg,Jurassic World,Jurassic World
7022,SIM026,images/SIM026.jpg,The Simpsons,Other
7023,SIM031,images/SIM031.jpg,Collectible Minifigures,Collectible Minifigures
7024,SH0151,images/SH0151.jpg,Super Heroes,Super Heroes
7025,SH0204,images/SH0204.jpg,Super Heroes,Super Heroes
7026,SH0162,images/SH0162.jpg,Super Heroes,Super Heroes
7027,DIM002,images/DIM002.jpg,Dimensions,Other
7028,TLM090,images/TLM090.jpg,The LEGO Movie,Other
7029,SH0163,images/SH0163.jpg,Super Heroes,Super Heroes
7030,SW0661,images/SW0661.jpg,Star Wars,Star Wars
7031,SH0198,images/SH0198.jpg,Super Heroes,Super Heroes
7032,TLM094,images/TLM094.jpg,The LEGO Movie,Other
7033,IDEA018,images/IDEA018.jpg,LEGO Ideas,LEGO Ideas
7034,SW0611,images/SW0611.jpg,Star Wars,Star Wars
7035,SCD006,images/SCD006.jpg,Scooby-Doo,Other
7036,SH0160,images/SH0160.jpg,Super Heroes,Super Heroes
7037,SH0186,images/SH0186.jpg,Super Heroes,Super Heroes
7038,NJO0174,images/NJO0174.jpg,NINJAGO,NINJAGO
7039,NJO0150,images/NJO0150.jpg,NINJAGO,NINJAGO
7040,LOC149,images/LOC149.jpg,LEGENDS OF CHIMA,LEGENDS OF CHIMA
7041,MIN022,images/MIN022.jpg,Minecraft,Minecraft
7042,CTY0546,images/CTY0546.jpg,Town,Town
7043,CTY0556,images/CTY0556.jpg,Town,Town
7044,CON009,images/CON009.jpg,Town,Town
7045,CON010,images/CON010.jpg,Town,Town
7046,CTY0576,images/CTY0576.jpg,Town,Town
7047,PI156,images/PI156.jpg,Pirates,Pirates
7048,PI157,images/PI157.jpg,Pirates,Pirates
7049,PI150,images/PI150.jpg,Pirates,Pirates
7050,PI151,images/PI151.jpg,Pirates,Pirates
7051,PI152,images/PI152.jpg,Pirates,Pirates
7052,PI153,images/PI153.jpg,Pirates,Pirates
7053,PI154,images/PI154.jpg,Pirates,Pirates
7054,PI155,images/PI155.jpg,Pirates,Pirates
7055,PI173,images/PI173.jpg,Pirates,Pirates
7056,PI174,images/PI174.jpg,Pirates,Pirates
7057,PI175,images/PI175.jpg,Pirates,Pirates
7058,SW0610,images/SW0610.jpg,Star Wars,Star Wars
7059,SW0631,images/SW0631.jpg,Star Wars,Star Wars
7060,NJO0143,images/NJO0143.jpg,NINJAGO,NINJAGO
7061,NJO0173,images/NJO0173.jpg,NINJAGO,NINJAGO
7062,TWN244,images/TWN244.jpg,Town,Town
7063,TWN242,images/TWN242.jpg,Town,Town
7064,SH0159,images/SH0159.jpg,Super Heroes,Super Heroes
7065,LOC141,images/LOC141.jpg,LEGENDS OF CHIMA,LEGENDS OF CHIMA
7066,LOC134,images/LOC134.jpg,LEGENDS OF CHIMA,LEGENDS OF CHIMA
7067,HOL054,images/HOL054.jpg,Holiday & Event,Holiday & Event
7068,HOL069,images/HOL069.jpg,Holiday & Event,Holiday & Event
7069,SW0653,images/SW0653.jpg,Star Wars,Star Wars
7070,SC011,images/SC011.jpg,SPEED CHAMPIONS,SPEED CHAMPIONS
7071,SH0184,images/SH0184.jpg,Super Heroes,Super Heroes
7072,SH0177,images/SH0177.jpg,Super Heroes,Super Heroes
7073,90398PB002,images/90398PB002.jpg,Super Heroes,Super Heroes
7074,SH0148,images/SH0148.jpg,Super Heroes,Super Heroes
7075,SW0684,images/SW0684.jpg,Star Wars,Star Wars
7076,SW0639,images/SW0639.jpg,Star Wars,Star Wars
7077,SH0187,images/SH0187.jpg,Super Heroes,Super Heroes
7078,HOL063,images/HOL063.jpg,Holiday & Event,Holiday & Event
7079,HOL064,images/HOL064.jpg,Holiday & Event,Holiday & Event
7080,COL203,images/COL203.jpg,Collectible Minifigures,Collectible Minifigures
7081,CHEF023,images/CHEF023.jpg,Town,Town
7082,DIM006,images/DIM006.jpg,Dimensions,Other
7083,NJO0136,images/NJO0136.jpg,NINJAGO,NINJAGO
7084,NJO0126,images/NJO0126.jpg,NINJAGO,NINJAGO
7085,PI176,images/PI176.jpg,Pirates,Pirates
7086,PI177,images/PI177.jpg,Pirates,Pirates
7087,SIM023,images/SIM023.jpg,The Simpsons,Other
7088,HOL058,images/HOL058.jpg,Holiday & Event,Holiday & Event
7089,TWN233,images/TWN233.jpg,Town,Town
7090,TWN247,images/TWN247.jpg,Town,Town
7091,NJO0113,images/NJO0113.jpg,NINJAGO,NINJAGO
7092,NJO0138,images/NJO0138.jpg,NINJAGO,NINJAGO
7093,CTY0580,images/CTY0580.jpg,Town,Town
7094,CTY0581,images/CTY0581.jpg,Town,Town
7095,CTY0573,images/CTY0573.jpg,Town,Town
7096,NJO0169,images/NJO0169.jpg,NINJAGO,NINJAGO
7097,JW012,images/JW012.jpg,Jurassic World,Jurassic World
7098,IDEA022,images/IDEA022.jpg,LEGO Ideas,LEGO Ideas
7099,COL195,images/COL195.jpg,Collectible Minifigures,Collectible Minifigures
7100,TWN224,images/TWN224.jpg,Town,Town
7101,HOL056,images/HOL056.jpg,Holiday & Event,Holiday & Event
7102,CTY0577,images/CTY0577.jpg,Town,Town
7103,SW0605,images/SW0605.jpg,Star Wars,Star Wars
7104,SW0606,images/SW0606.jpg,Star Wars,Star Wars
7105,SW0629,images/SW0629.jpg,Star Wars,Star Wars
7106,SW0609,images/SW0609.jpg,Star Wars,Star Wars
7107,SW0608,images/SW0608.jpg,Star Wars,Star Wars
7108,NJO0112,images/NJO0112.jpg,NINJAGO,NINJAGO
7109,NJO0157,images/NJO0157.jpg,NINJAGO,NINJAGO
7110,NJO0140,images/NJO0140.jpg,NINJAGO,NINJAGO
7111,NJO0124,images/NJO0124.jpg,NINJAGO,NINJAGO
7112,NJO0114,images/NJO0114.jpg,NINJAGO,NINJAGO
7113,NJO0139,images/NJO0139.jpg,NINJAGO,NINJAGO
7114,SIM033,images/SIM033.jpg,Collectible Minifigures,Collectible Minifigures
7115,CTY0529,images/CTY0529.jpg,Town,Town
7116,CTY0528,images/CTY0528.jpg,Town,Town
7117,CTY0534,images/CTY0534.jpg,Town,Town
7118,CTY0549,images/CTY0549.jpg,Town,Town
7119,CTY0527,images/CTY0527.jpg,Town,Town
7120,CTY0584,images/CTY0584.jpg,Town,Town
7121,CTY0541,images/CTY0541.jpg,Town,Town
7122,TWN231,images/TWN231.jpg,Town,Town
7123,CTY0530,images/CTY0530.jpg,Town,Town
7124,LOC150,images/LOC150.jpg,LEGENDS OF CHIMA,LEGENDS OF CHIMA
7125,DIM013,images/DIM013.jpg,Dimensions,Other
7126,LOC122,images/LOC122.jpg,LEGENDS OF CHIMA,LEGENDS OF CHIMA
7127,LOC123,images/LOC123.jpg,LEGENDS OF CHIMA,LEGENDS OF CHIMA
7128,LOC121,images/LOC121.jpg,LEGENDS OF CHIMA,LEGENDS OF CHIMA
7129,LOC153,images/LOC153.jpg,LEGENDS OF CHIMA,LEGENDS OF CHIMA
7130,SH0155,images/SH0155.jpg,Super Heroes,Super Heroes
7131,TWN235,images/TWN235.jpg,Town,Town
7132,TWN245,images/TWN245.jpg,Town,Town
7133,IDEA024,images/IDEA024.jpg,LEGO Ideas,LEGO Ideas
7134,SCD004,images/SCD004.jpg,Scooby-Doo,Other
7135,NJO0170,images/NJO0170.jpg,NINJAGO,NINJAGO
7136,TRN115A,images/TRN115A.jpg,Train,Other
7137,TWN217,images/TWN217.jpg,Town,Town
7138,TWN236,images/TWN236.jpg,Town,Town
7139,CTY0575,images/CTY0575.jpg,Town,Town
7140,HOL068,images/HOL068.jpg,Holiday & Event,Holiday & Event
7141,SH0152,images/SH0152.jpg,Super Heroes,Super Heroes
7142,TWN218,images/TWN218.jpg,Town,Town
7143,SW0650,images/SW0650.jpg,Star Wars,Star Wars
7144,SW0636,images/SW0636.jpg,Star Wars,Star Wars
7145,SIM028,images/SIM028.jpg,Collectible Minifigures,Collectible Minifigures
7146,SIM029,images/SIM029.jpg,Collectible Minifigures,Collectible Minifigures
7147,SH0194,images/SH0194.jpg,Super Heroes,Super Heroes
7148,CTY0597,images/CTY0597.jpg,Town,Town
7149,CTY0560,images/CTY0560.jpg,Town,Town
7150,CTY0604,images/CTY0604.jpg,Town,Town
7151,CTY0603,images/CTY0603.jpg,Town,Town
7152,CTY0565,images/CTY0565.jpg,Town,Town
7153,CTY0566,images/CTY0566.jpg,Town,Town
7154,CTY0605,images/CTY0605.jpg,Town,Town
7155,TWN223,images/TWN223.jpg,Town,Town
7156,COL207,images/COL207.jpg,Collectible Minifigures,Collectible Minifigures
7157,JW015,images/JW015.jpg,Jurassic World,Jurassic World
7158,SIM042,images/SIM042.jpg,Collectible Minifigures,Collectible Minifigures
7159,UAGT027,images/UAGT027.jpg,Ultra Agents,Other
7160,SW0652,images/SW0652.jpg,Star Wars,Star Wars
7161,SW0642,images/SW0642.jpg,Star Wars,Star Wars
7162,85363PB003,images/85363PB003.jpg,DUPLO,DUPLO
7163,47394PB213,images/47394PB213.jpg,DUPLO,DUPLO
7164,47205PB044,images/47205PB044.jpg,DUPLO,DUPLO
7165,47205PB043,images/47205PB043.jpg,DUPLO,DUPLO
7166,47205PB031,images/47205PB031.jpg,DUPLO,DUPLO
7167,47205PB042,images/47205PB042.jpg,DUPLO,DUPLO
7168,47205PB039,images/47205PB039.jpg,DUPLO,DUPLO
7169,47205PB035,images/47205PB035.jpg,DUPLO,DUPLO
7170,47205PB033,images/47205PB033.jpg,DUPLO,DUPLO
7171,47205PB032,images/47205PB032.jpg,DUPLO,DUPLO
7172,47205PB041,images/47205PB041.jpg,DUPLO,DUPLO
7173,47205PB034,images/47205PB034.jpg,DUPLO,DUPLO
7174,47394PB238,images/47394PB238.jpg,DUPLO,DUPLO
7175,47394PB207,images/47394PB207.jpg,DUPLO,DUPLO
7176,47394PB201,images/47394PB201.jpg,DUPLO,DUPLO
7177,47394PB190,images/47394PB190.jpg,DUPLO,DUPLO
7178,47394PB180,images/47394PB180.jpg,DUPLO,DUPLO
7179,47394PB206,images/47394PB206.jpg,DUPLO,DUPLO
7180,47394PB209,images/47394PB209.jpg,DUPLO,DUPLO
7181,47394PB193,images/47394PB193.jpg,DUPLO,DUPLO
7182,47394PB208,images/47394PB208.jpg,DUPLO,DUPLO
7183,47394PB191,images/47394PB191.jpg,DUPLO,DUPLO
7184,47394PB211,images/47394PB211.jpg,DUPLO,DUPLO
7185,47394PB210,images/47394PB210.jpg,DUPLO,DUPLO
7186,47394PB182A,images/47394PB182A.jpg,DUPLO,DUPLO
7187,47394PB183,images/47394PB183.jpg,DUPLO,DUPLO
7188,47394PB194,images/47394PB194.jpg,DUPLO,DUPLO
7189,47394PB195,images/47394PB195.jpg,DUPLO,DUPLO
7190,47394PB192,images/47394PB192.jpg,DUPLO,DUPLO
7191,47394PB212,images/47394PB212.jpg,DUPLO,DUPLO
7192,CRS047,images/CRS047.jpg,DUPLO,DUPLO
7193,CRS046,images/CRS046.jpg,DUPLO,DUPLO
7194,SIM040,images/SIM040.jpg,Collectible Minifigures,Collectible Minifigures
7195,COL202,images/COL202.jpg,Collectible Minifigures,Collectible Minifigures
7196,UAGT036,images/UAGT036.jpg,Ultra Agents,Other
7197,DP015,images/DP015.jpg,Disney,Disney
7198,ELF005,images/ELF005.jpg,Elves,Other
7199,ELF009,images/ELF009.jpg,Elves,Other
7200,TLM096,images/TLM096.jpg,The LEGO Movie,Other
7201,SW0634,images/SW0634.jpg,Star Wars,Star Wars
7202,SW0645,images/SW0645.jpg,Star Wars,Star Wars
7203,SW0646,images/SW0646.jpg,Star Wars,Star Wars
7204,LOC138,images/LOC138.jpg,LEGENDS OF CHIMA,LEGENDS OF CHIMA
7205,DIM003,images/DIM003.jpg,Dimensions,Other
7206,COL204,images/COL204.jpg,Collectible Minifigures,Collectible Minifigures
7207,NJO0134,images/NJO0134.jpg,NINJAGO,NINJAGO
7208,SW0574,images/SW0574.jpg,Star Wars,Star Wars
7209,SIM032,images/SIM032.jpg,Collectible Minifigures,Collectible Minifigures
7210,ELF006,images/ELF006.jpg,Elves,Other
7211,TWN227,images/TWN227.jpg,Town,Town
7212,HOL072,images/HOL072.jpg,Holiday & Event,Holiday & Event
7213,HOL053,images/HOL053.jpg,Holiday & Event,Holiday & Event
7214,COL205,images/COL205.jpg,Collectible Minifigures,Collectible Minifigures
7215,SC007,images/SC007.jpg,SPEED CHAMPIONS,SPEED CHAMPIONS
7216,TWN237,images/TWN237.jpg,Town,Town
7217,SW0676,images/SW0676.jpg,Star Wars,Star Wars
7218,CTY0538,images/CTY0538.jpg,Town,Town
7219,CTY0588,images/CTY0588.jpg,Town,Town
7220,CTY0587,images/CTY0587.jpg,Town,Town
7221,CTY0524,images/CTY0524.jpg,Town,Town
7222,CTY0525,images/CTY0525.jpg,Town,Town
7223,FST022,images/FST022.jpg,FIRST LEGO League,Other
7224,FST021,images/FST021.jpg,FIRST LEGO League,Other
7225,SW0671,images/SW0671.jpg,Star Wars,Star Wars
7226,SW0654,images/SW0654.jpg,Star Wars,Star Wars
7227,SW0666,images/SW0666.jpg,Star Wars,Star Wars
7228,SW0665,images/SW0665.jpg,Star Wars,Star Wars
7229,SW0670,images/SW0670.jpg,Star Wars,Star Wars
7230,SW0656,images/SW0656.jpg,Star Wars,Star Wars
7231,SW0657,images/SW0657.jpg,Star Wars,Star Wars
7232,SW0667,images/SW0667.jpg,Star Wars,Star Wars
7233,SW0664,images/SW0664.jpg,Star Wars,Star Wars
7234,SW0672,images/SW0672.jpg,Star Wars,Star Wars
7235,CTY0540,images/CTY0540.jpg,Town,Town
7236,LOC128,images/LOC128.jpg,LEGENDS OF CHIMA,LEGENDS OF CHIMA
7237,COL216,images/COL216.jpg,Collectible Minifigures,Collectible Minifigures
7238,LOC144,images/LOC144.jpg,LEGENDS OF CHIMA,LEGENDS OF CHIMA
7239,SCD008,images/SCD008.jpg,Scooby-Doo,Other
7240,FRND0122,images/FRND0122.jpg,Friends,Friends
7241,FRND0132,images/FRND0132.jpg,Friends,Friends
7242,FRND0094,images/FRND0094.jpg,Friends,Friends
7243,FRND0133,images/FRND0133.jpg,Friends,Friends
7244,FRND0114,images/FRND0114.jpg,Friends,Friends
7245,FRND0091,images/FRND0091.jpg,Friends,Friends
7246,FRND0129,images/FRND0129.jpg,Friends,Friends
7247,FRND0090,images/FRND0090.jpg,Friends,Friends
7248,FRND0121,images/FRND0121.jpg,Friends,Friends
7249,FRND0108,images/FRND0108.jpg,Friends,Friends
7250,FRND0097,images/FRND0097.jpg,Friends,Friends
7251,FRND0099,images/FRND0099.jpg,Friends,Friends
7252,FRND0095,images/FRND0095.jpg,Friends,Friends
7253,FRND0103,images/FRND0103.jpg,Friends,Friends
7254,FRND0200,images/FRND0200.jpg,Friends,Friends
7255,FRND0118,images/FRND0118.jpg,Friends,Friends
7256,FRND0124,images/FRND0124.jpg,Friends,Friends
7257,FRND0123,images/FRND0123.jpg,Friends,Friends
7258,FRND0120,images/FRND0120.jpg,Friends,Friends
7259,FRND0203,images/FRND0203.jpg,Friends,Friends
7260,FRND0134,images/FRND0134.jpg,Friends,Friends
7261,FRND0092,images/FRND0092.jpg,Friends,Friends
7262,FRND0112,images/FRND0112.jpg,Friends,Friends
7263,FRND0131,images/FRND0131.jpg,Friends,Friends
7264,FRND0126,images/FRND0126.jpg,Friends,Friends
7265,FRND0110,images/FRND0110.jpg,Friends,Friends
7266,FRND0130,images/FRND0130.jpg,Friends,Friends
7267,FRND0101,images/FRND0101.jpg,Friends,Friends
7268,FRND0098,images/FRND0098.jpg,Friends,Friends
7269,FRND0096,images/FRND0096.jpg,Friends,Friends
7270,FRND0113,images/FRND0113.jpg,Friends,Friends
7271,FRND0093,images/FRND0093.jpg,Friends,Friends
7272,FRND0105,images/FRND0105.jpg,Friends,Friends
7273,FRND0115,images/FRND0115.jpg,Friends,Friends
7274,FRND0111,images/FRND0111.jpg,Friends,Friends
7275,FRND0100,images/FRND0100.jpg,Friends,Friends
7276,FRND0119,images/FRND0119.jpg,Friends,Friends
7277,FRND0109,images/FRND0109.jpg,Friends,Friends
7278,FRND0128,images/FRND0128.jpg,Friends,Friends
7279,FRND0102,images/FRND0102.jpg,Friends,Friends
7280,FRND0106,images/FRND0106.jpg,Friends,Friends
7281,FRND0127,images/FRND0127.jpg,Friends,Friends
7282,FRND0125,images/FRND0125.jpg,Friends,Friends
7283,FRND0116,images/FRND0116.jpg,Friends,Friends
7284,FRND0104,images/FRND0104.jpg,Friends,Friends
7285,FRND0117,images/FRND0117.jpg,Friends,Friends
7286,COL210,images/COL210.jpg,Collectible Minifigures,Collectible Minifigures
7287,DIM001,images/DIM001.jpg,Dimensions,Other
7288,COL220,images/COL220.jpg,Collectible Minifigures,Collectible Minifigures
7289,SW0662,images/SW0662.jpg,Star Wars,Star Wars
7290,SCD007,images/SCD007.jpg,Scooby-Doo,Other
7291,NJO0146,images/NJO0146.jpg,NINJAGO,NINJAGO
7292,NJO0144,images/NJO0144.jpg,NINJAGO,NINJAGO
7293,NJO0177,images/NJO0177.jpg,NINJAGO,NINJAGO
7294,NJO0176,images/NJO0176.jpg,NINJAGO,NINJAGO
7295,NJO0156,images/NJO0156.jpg,NINJAGO,NINJAGO
7296,NJO0141,images/NJO0141.jpg,NINJAGO,NINJAGO
7297,NJO0182,images/NJO0182.jpg,NINJAGO,NINJAGO
7298,NJO0145,images/NJO0145.jpg,NINJAGO,NINJAGO
7299,NJO0183,images/NJO0183.jpg,NINJAGO,NINJAGO
7300,NJO0155,images/NJO0155.jpg,NINJAGO,NINJAGO
7301,NJO0178,images/NJO0178.jpg,NINJAGO,NINJAGO
7302,NJO0147,images/NJO0147.jpg,NINJAGO,NINJAGO
7303,DIM007,images/DIM007.jpg,Dimensions,Other
7304,HOL062,images/HOL062.jpg,Holiday & Event,Holiday & Event
7305,TWN238,images/TWN238.jpg,Town,Town
7306,TWN241,images/TWN241.jpg,Town,Town
7307,COL199,images/COL199.jpg,Collectible Minifigures,Collectible Minifigures
7308,SH0147,images/SH0147.jpg,Super Heroes,Super Heroes
7309,LOC131,images/LOC131.jpg,LEGENDS OF CHIMA,LEGENDS OF CHIMA
7310,TWN243,images/TWN243.jpg,Town,Town
7311,JW002,images/JW002.jpg,Jurassic World,Jurassic World
7312,SH0153,images/SH0153.jpg,Super Heroes,Super Heroes
7313,CTY0545,images/CTY0545.jpg,Town,Town
7314,SH0196,images/SH0196.jpg,Super Heroes,Super Heroes
7315,SH0145,images/SH0145.jpg,Super Heroes,Super Heroes
7316,HOL071,images/HOL071.jpg,Holiday & Event,Holiday & Event
7317,CTY0547,images/CTY0547.jpg,Town,Town
7318,NJO0116,images/NJO0116.jpg,NINJAGO,NINJAGO
7319,SIM039,images/SIM039.jpg,Collectible Minifigures,Collectible Minifigures
7320,SW0628,images/SW0628.jpg,Star Wars,Star Wars
7321,SW0644,images/SW0644.jpg,Star Wars,Star Wars
7322,SW0612,images/SW0612.jpg,Star Wars,Star Wars
7323,SW0675,images/SW0675.jpg,Star Wars,Star Wars
7324,SH0202,images/SH0202.jpg,Super Heroes,Super Heroes
7325,SIM036,images/SIM036.jpg,Collectible Minifigures,Collectible Minifigures
7326,SH0199,images/SH0199.jpg,Super Heroes,Super Heroes
7327,SH0172,images/SH0172.jpg,Super Heroes,Super Heroes
7328,90398PB003,images/90398PB003.jpg,Super Heroes,Super Heroes
7329,SH0154,images/SH0154.jpg,Super Heroes,Super Heroes
7330,SCD002,images/SCD002.jpg,Scooby-Doo,Other
7331,COL208,images/COL208.jpg,Collectible Minifigures,Collectible Minifigures
7332,SW0678,images/SW0678.jpg,Star Wars,Star Wars
7333,IDEA016,images/IDEA016.jpg,LEGO Ideas,LEGO Ideas
7334,SH0173,images/SH0173.jpg,Super Heroes,Super Heroes
7335,SH0212,images/SH0212.jpg,Super Heroes,Super Heroes
7336,SH0171,images/SH0171.jpg,Super Heroes,Super Heroes
7337,LOC119,images/LOC119.jpg,LEGENDS OF CHIMA,LEGENDS OF CHIMA
7338,LOC120,images/LOC120.jpg,LEGENDS OF CHIMA,LEGENDS OF CHIMA
7339,TWN240,images/TWN240.jpg,Town,Town
7340,LOC136,images/LOC136.jpg,LEGENDS OF CHIMA,LEGENDS OF CHIMA
7341,LOC127,images/LOC127.jpg,LEGENDS OF CHIMA,LEGENDS OF CHIMA
7342,LOC160,images/LOC160.jpg,LEGENDS OF CHIMA,LEGENDS OF CHIMA
7343,LOC154,images/LOC154.jpg,LEGENDS OF CHIMA,LEGENDS OF CHIMA
7344,LOC137,images/LOC137.jpg,LEGENDS OF CHIMA,LEGENDS OF CHIMA
7345,LOC156,images/LOC156.jpg,LEGENDS OF CHIMA,LEGENDS OF CHIMA
7346,LOC118,images/LOC118.jpg,LEGENDS OF CHIMA,LEGENDS OF CHIMA
7347,SW0623,images/SW0623.jpg,Star Wars,Star Wars
7348,SW0682,images/SW0682.jpg,Star Wars,Star Wars
7349,SW0603,images/SW0603.jpg,Star Wars,Star Wars
7350,SW0617,images/SW0617.jpg,Star Wars,Star Wars
7351,SW0630,images/SW0630.jpg,Star Wars,Star Wars
7352,SW0632,images/SW0632.jpg,Star Wars,Star Wars
7353,SW0621,images/SW0621.jpg,Star Wars,Star Wars
7354,UAGT021,images/UAGT021.jpg,Ultra Agents,Other
7355,SH0168,images/SH0168.jpg,Super Heroes,Super Heroes
7356,SH0167,images/SH0167.jpg,Super Heroes,Super Heroes
7357,SH0164,images/SH0164.jpg,Super Heroes,Super Heroes
7358,90398PB004C01,images/90398PB004C01.jpg,Super Heroes,Super Heroes
7359,SH0193,images/SH0193.jpg,Super Heroes,Super Heroes
7360,DP012,images/DP012.jpg,Disney,Disney
7361,NJO0160,images/NJO0160.jpg,NINJAGO,NINJAGO
7362,NJO0152,images/NJO0152.jpg,NINJAGO,NINJAGO
7363,NJO0184,images/NJO0184.jpg,NINJAGO,NINJAGO
7364,NJO0128,images/NJO0128.jpg,NINJAGO,NINJAGO
7365,NJO0162,images/NJO0162.jpg,NINJAGO,NINJAGO
7366,NJO0137,images/NJO0137.jpg,NINJAGO,NINJAGO
7367,NJO0171,images/NJO0171.jpg,NINJAGO,NINJAGO
7368,ELF004,images/ELF004.jpg,Elves,Other
7369,NJO0161,images/NJO0161.jpg,NINJAGO,NINJAGO
7370,NJO0148,images/NJO0148.jpg,NINJAGO,NINJAGO
7371,NJO0153,images/NJO0153.jpg,NINJAGO,NINJAGO
7372,DIM011,images/DIM011.jpg,Dimensions,Other
7373,NJO0121,images/NJO0121.jpg,NINJAGO,NINJAGO
7374,NJO0117,images/NJO0117.jpg,NINJAGO,NINJAGO
7375,NJO0119,images/NJO0119.jpg,NINJAGO,NINJAGO
7376,NJO0186,images/NJO0186.jpg,NINJAGO,NINJAGO
7377,SW0673,images/SW0673.jpg,Star Wars,Star Wars
7378,NJO0122,images/NJO0122.jpg,NINJAGO,NINJAGO
7379,NJO0127,images/NJO0127.jpg,NINJAGO,NINJAGO
7380,NJO0118,images/NJO0118.jpg,NINJAGO,NINJAGO
7381,NJO0120,images/NJO0120.jpg,NINJAGO,NINJAGO
7382,SW0663,images/SW0663.jpg,Star Wars,Star Wars
7383,COL209,images/COL209.jpg,Collectible Minifigures,Collectible Minifigures
7384,TWN222,images/TWN222.jpg,Town,Town
7385,SC001,images/SC001.jpg,SPEED CHAMPIONS,SPEED CHAMPIONS
7386,LOC155,images/LOC155.jpg,LEGENDS OF CHIMA,LEGENDS OF CHIMA
7387,DIM012,images/DIM012.jpg,Dimensions,Other
7388,TLS088,images/TLS088.jpg,LEGO Brand,LEGO Brand
7389,CTY0579,images/CTY0579.jpg,Town,Town
7390,CTY0578,images/CTY0578.jpg,Town,Town
7391,LLP001,images/LLP001.jpg,LEGOLAND Parks,Other
7392,DIM008,images/DIM008.jpg,Dimensions,Other
7393,IDEA014,images/IDEA014.jpg,LEGO Ideas,LEGO Ideas
7394,LOC115,images/LOC115.jpg,LEGENDS OF CHIMA,LEGENDS OF CHIMA
7395,TRN238,images/TRN238.jpg,Train,Other
7396,TRN239,images/TRN239.jpg,Train,Other
7397,SCD013,images/SCD013.jpg,Scooby-Doo,Other
7398,SH0211,images/SH0211.jpg,Super Heroes,Super Heroes
7399,HOL073,images/HOL073.jpg,Holiday & Event,Holiday & Event
7400,SW0681,images/SW0681.jpg,Star Wars,Star Wars
7401,LOC117,images/LOC117.jpg,LEGENDS OF CHIMA,LEGENDS OF CHIMA
7402,LOC116,images/LOC116.jpg,LEGENDS OF CHIMA,LEGENDS OF CHIMA
7403,SIM030,images/SIM030.jpg,Collectible Minifigures,Collectible Minifigures
7404,NJO0167,images/NJO0167.jpg,NINJAGO,NINJAGO
7405,NJO0129,images/NJO0129.jpg,NINJAGO,NINJAGO
7406,NJO0123,images/NJO0123.jpg,NINJAGO,NINJAGO
7407,NJO0207,images/NJO0207.jpg,NINJAGO,NINJAGO
7408,NJO0154,images/NJO0154.jpg,NINJAGO,NINJAGO
7409,NJO0133,images/NJO0133.jpg,NINJAGO,NINJAGO
7410,TLM099,images/TLM099.jpg,The LEGO Movie,Other
7411,SW0635,images/SW0635.jpg,Star Wars,Star Wars
7412,LOC148,images/LOC148.jpg,LEGENDS OF CHIMA,LEGENDS OF CHIMA
7413,SIM027,images/SIM027.jpg,The Simpsons,Other
7414,SH0183,images/SH0183.jpg,Super Heroes,Super Heroes
7415,SH0158,images/SH0158.jpg,Super Heroes,Super Heroes
7416,SIM034,images/SIM034.jpg,Collectible Minifigures,Collectible Minifigures
7417,LOC157,images/LOC157.jpg,LEGENDS OF CHIMA,LEGENDS OF CHIMA
7418,EDU001,images/EDU001.jpg,Educational & Dacta,Other
7419,SC004,images/SC004.jpg,SPEED CHAMPIONS,SPEED CHAMPIONS
7420,SC006,images/SC006.jpg,SPEED CHAMPIONS,SPEED CHAMPIONS
7421,SC005,images/SC005.jpg,SPEED CHAMPIONS,SPEED CHAMPIONS
7422,SC003,images/SC003.jpg,SPEED CHAMPIONS,SPEED CHAMPIONS
7423,HOL055,images/HOL055.jpg,Holiday & Event,Holiday & Event
7424,HOL074,images/HOL074.jpg,Holiday & Event,Holiday & Event
7425,HOL066,images/HOL066.jpg,Holiday & Event,Holiday & Event
7426,HOL059,images/HOL059.jpg,Holiday & Event,Holiday & Event
7427,EDU002,images/EDU002.jpg,Educational & Dacta,Other
7428,NJO0172,images/NJO0172.jpg,NINJAGO,NINJAGO
7429,TWN234,images/TWN234.jpg,Town,Town
7430,TWN239,images/TWN239.jpg,Town,Town
7431,COL222,images/COL222.jpg,Collectible Minifigures,Collectible Minifigures
7432,COL213,images/COL213.jpg,Collectible Minifigures,Collectible Minifigures
7433,NJO0158,images/NJO0158.jpg,NINJAGO,NINJAGO
7434,NJO0163,images/NJO0163.jpg,NINJAGO,NINJAGO
7435,LOC159,images/LOC159.jpg,LEGENDS OF CHIMA,LEGENDS OF CHIMA
7436,CTY1091,images/CTY1091.jpg,Town,Town
7437,SCD010,images/SCD010.jpg,Scooby-Doo,Other
7438,SW0641,images/SW0641.jpg,Star Wars,Star Wars
7439,SW0638,images/SW0638.jpg,Star Wars,Star Wars
7440,ELF002A,images/ELF002A.jpg,Elves,Other
7441,ELF010,images/ELF010.jpg,Elves,Other
7442,ELF002,images/ELF002.jpg,Elves,Other
7443,SH0185,images/SH0185.jpg,Super Heroes,Super Heroes
7444,90398PB005,images/90398PB005.jpg,Super Heroes,Super Heroes
7445,NJO0165,images/NJO0165.jpg,NINJAGO,NINJAGO
7446,HOL070B,images/HOL070B.jpg,Holiday & Event,Holiday & Event
7447,DP017,images/DP017.jpg,Disney,Disney
7448,PI158,images/PI158.jpg,Pirates,Pirates
7449,TWN230,images/TWN230.jpg,Town,Town
7450,CTY0555,images/CTY0555.jpg,Town,Town
7451,TWN445,images/TWN445.jpg,Town,Town
7452,HOL067,images/HOL067.jpg,Holiday & Event,Holiday & Event
7453,TWN232,images/TWN232.jpg,Town,Town
7454,CTY0544,images/CTY0544.jpg,Town,Town
7455,CTY0574,images/CTY0574.jpg,Town,Town
7456,CTY0526,images/CTY0526.jpg,Town,Town
7457,CTY0570,images/CTY0570.jpg,Town,Town
7458,JW011,images/JW011.jpg,Jurassic World,Jurassic World
7459,COL200,images/COL200.jpg,Collectible Minifigures,Collectible Minifigures
7460,CTY0539,images/CTY0539.jpg,Town,Town
7461,SIM038,images/SIM038.jpg,Collectible Minifigures,Collectible Minifigures
7462,IDEA015,images/IDEA015.jpg,LEGO Ideas,LEGO Ideas
7463,PI163,images/PI163.jpg,Pirates,Pirates
7464,PI178,images/PI178.jpg,Pirates,Pirates
7465,PI159,images/PI159.jpg,Pirates,Pirates
7466,PI160,images/PI160.jpg,Pirates,Pirates
7467,PI161,images/PI161.jpg,Pirates,Pirates
7468,PI162,images/PI162.jpg,Pirates,Pirates
7469,PI166,images/PI166.jpg,Pirates,Pirates
7470,PI167,images/PI167.jpg,Pirates,Pirates
7471,PI168,images/PI168.jpg,Pirates,Pirates
7472,PI169,images/PI169.jpg,Pirates,Pirates
7473,PI170,images/PI170.jpg,Pirates,Pirates
7474,PI146,images/PI146.jpg,Pirates,Pirates
7475,PI148,images/PI148.jpg,Pirates,Pirates
7476,PI171,images/PI171.jpg,Pirates,Pirates
7477,PI172,images/PI172.jpg,Pirates,Pirates
7478,PI164,images/PI164.jpg,Pirates,Pirates
7479,PI147,images/PI147.jpg,Pirates,Pirates
7480,PI165,images/PI165.jpg,Pirates,Pirates
7481,TWN219,images/TWN219.jpg,Town,Town
7482,TWN246,images/TWN246.jpg,Town,Town
7483,PLN178,images/PLN178.jpg,Town,Town
7484,EDU003,images/EDU003.jpg,Educational & Dacta,Other
7485,HOL057,images/HOL057.jpg,Holiday & Event,Holiday & Event
7486,EDU004,images/EDU004.jpg,Educational & Dacta,Other
7487,COL215,images/COL215.jpg,Collectible Minifigures,Collectible Minifigures
7488,SW0658,images/SW0658.jpg,Star Wars,Star Wars
7489,CTY0536,images/CTY0536.jpg,Town,Town
7490,TWN220,images/TWN220.jpg,Town,Town
7491,CTY0537,images/CTY0537.jpg,Town,Town
7492,SH0203,images/SH0203.jpg,Super Heroes,Super Heroes
7493,SC008,images/SC008.jpg,SPEED CHAMPIONS,SPEED CHAMPIONS
7494,SC009,images/SC009.jpg,SPEED CHAMPIONS,SPEED CHAMPIONS
7495,SC002,images/SC002.jpg,SPEED CHAMPIONS,SPEED CHAMPIONS
7496,NJO0164,images/NJO0164.jpg,NINJAGO,NINJAGO
7497,TLM095,images/TLM095.jpg,The LEGO Movie,Other
7498,SW0643,images/SW0643.jpg,Star Wars,Star Wars
7499,UAGT023,images/UAGT023.jpg,Ultra Agents,Other
7500,UAGT034,images/UAGT034.jpg,Ultra Agents,Other
7501,SIM035,images/SIM035.jpg,Collectible Minifigures,Collectible Minifigures
7502,NJO0131,images/NJO0131.jpg,NINJAGO,NINJAGO
7503,SW0651,images/SW0651.jpg,Star Wars,Star Wars
7504,SH0180,images/SH0180.jpg,Super Heroes,Super Heroes
7505,CTY0389A,images/CTY0389A.jpg,Town,Town
7506,SC010,images/SC010.jpg,SPEED CHAMPIONS,SPEED CHAMPIONS
7507,RAC057,images/RAC057.jpg,Town,Town
7508,RAC058,images/RAC058.jpg,Town,Town
7509,IDEA017,images/IDEA017.jpg,LEGO Ideas,LEGO Ideas
7510,LOC135,images/LOC135.jpg,LEGENDS OF CHIMA,LEGENDS OF CHIMA
7511,SW0660,images/SW0660.jpg,Star Wars,Star Wars
7512,SW0659,images/SW0659.jpg,Star Wars,Star Wars
7513,SW0668,images/SW0668.jpg,Star Wars,Star Wars
7514,SW0669,images/SW0669.jpg,Star Wars,Star Wars
7515,SW0677,images/SW0677.jpg,Star Wars,Star Wars
7516,SH0192,images/SH0192.jpg,Super Heroes,Super Heroes
7517,LOC158,images/LOC158.jpg,LEGENDS OF CHIMA,LEGENDS OF CHIMA
7518,SH0195,images/SH0195.jpg,Super Heroes,Super Heroes
7519,SH0200,images/SH0200.jpg,Super Heroes,Super Heroes
7520,TLM100,images/TLM100.jpg,The LEGO Movie,Other
7521,LOC151,images/LOC151.jpg,LEGENDS OF CHIMA,LEGENDS OF CHIMA
7522,NJO0149,images/NJO0149.jpg,NINJAGO,NINJAGO
7523,LOC125,images/LOC125.jpg,LEGENDS OF CHIMA,LEGENDS OF CHIMA
7524,LOC126,images/LOC126.jpg,LEGENDS OF CHIMA,LEGENDS OF CHIMA
7525,SW0616,images/SW0616.jpg,Star Wars,Star Wars
7526,NJO0166,images/NJO0166.jpg,NINJAGO,NINJAGO
7527,NJO0132,images/NJO0132.jpg,NINJAGO,NINJAGO
7528,COL206,images/COL206.jpg,Collectible Minifigures,Collectible Minifigures
7529,SH0191,images/SH0191.jpg,Super Heroes,Super Heroes
7530,SW0680,images/SW0680.jpg,Star Wars,Star Wars
7531,LOC152,images/LOC152.jpg,LEGENDS OF CHIMA,LEGENDS OF CHIMA
7532,CTY0598,images/CTY0598.jpg,Town,Town
7533,CTY0602,images/CTY0602.jpg,Town,Town
7534,CTY0559,images/CTY0559.jpg,Town,Town
7535,CTY0599,images/CTY0599.jpg,Town,Town
7536,CTY0617,images/CTY0617.jpg,Town,Town
7537,CTY0558,images/CTY0558.jpg,Town,Town
7538,SH0161,images/SH0161.jpg,Super Heroes,Super Heroes
7539,SC012,images/SC012.jpg,SPEED CHAMPIONS,SPEED CHAMPIONS
7540,SC017,images/SC017.jpg,SPEED CHAMPIONS,SPEED CHAMPIONS
7541,SC016,images/SC016.jpg,SPEED CHAMPIONS,SPEED CHAMPIONS
7542,SC014,images/SC014.jpg,SPEED CHAMPIONS,SPEED CHAMPIONS
7543,SC015,images/SC015.jpg,SPEED CHAMPIONS,SPEED CHAMPIONS
7544,SC013,images/SC013.jpg,SPEED CHAMPIONS,SPEED CHAMPIONS
7545,SIM037,images/SIM037.jpg,Collectible Minifigures,Collectible Minifigures
7546,SW0614,images/SW0614.jpg,Star Wars,Star Wars
7547,SW0613,images/SW0613.jpg,Star Wars,Star Wars
7548,CTY0571,images/CTY0571.jpg,Town,Town
7549,SW0604,images/SW0604.jpg,Star Wars,Star Wars
7550,SCD001,images/SCD001.jpg,Scooby-Doo,Other
7551,SCD003,images/SCD003.jpg,Scooby-Doo,Other
7552,SCD012,images/SCD012.jpg,Scooby-Doo,Other
7553,UAGT032,images/UAGT032.jpg,Ultra Agents,Other
7554,IDEA013,images/IDEA013.jpg,LEGO Ideas,LEGO Ideas
7555,COL196,images/COL196.jpg,Collectible Minifigures,Collectible Minifigures
7556,SH0188,images/SH0188.jpg,Super Heroes,Super Heroes
7557,90398PB006,images/90398PB006.jpg,Super Heroes,Super Heroes
7558,LOC143,images/LOC143.jpg,LEGENDS OF CHIMA,LEGENDS OF CHIMA
7559,JW003,images/JW003.jpg,Jurassic World,Jurassic World
7560,SH0144,images/SH0144.jpg,Super Heroes,Super Heroes
7561,LOC161,images/LOC161.jpg,LEGENDS OF CHIMA,LEGENDS OF CHIMA
7562,LOC124,images/LOC124.jpg,LEGENDS OF CHIMA,LEGENDS OF CHIMA
7563,GEN067,images/GEN067.jpg,Pirates,Pirates
7564,COL221,images/COL221.jpg,Collectible Minifigures,Collectible Minifigures
7565,GEN069,images/GEN069.jpg,NINJAGO,NINJAGO
7566,MIN018,images/MIN018.jpg,Minecraft,Minecraft
7567,NJO0135,images/NJO0135.jpg,NINJAGO,NINJAGO
7568,ELF011,images/ELF011.jpg,Elves,Other
7569,NJO0115,images/NJO0115.jpg,NINJAGO,NINJAGO
7570,SIM024,images/SIM024.jpg,The Simpsons,Other
7571,COL198,images/COL198.jpg,Collectible Minifigures,Collectible Minifigures
7572,MIN023,images/MIN023.jpg,Minecraft,Minecraft
7573,CTY0520,images/CTY0520.jpg,Town,Town
7574,SW0607,images/SW0607.jpg,Star Wars,Star Wars
7575,SH0146,images/SH0146.jpg,Super Heroes,Super Heroes
7576,CTY0600,images/CTY0600.jpg,Town,Town
7577,CTY0557,images/CTY0557.jpg,Town,Town
7578,CTY0563,images/CTY0563.jpg,Town,Town
7579,COL217,images/COL217.jpg,Collectible Minifigures,Collectible Minifigures
7580,COL226,images/COL226.jpg,Collectible Minifigures,Collectible Minifigures
7581,SH0190,images/SH0190.jpg,Super Heroes,Super Heroes
7582,SH0205,images/SH0205.jpg,Super Heroes,Super Heroes
7583,UAGT020,images/UAGT020.jpg,Ultra Agents,Other
7584,COL225,images/COL225.jpg,Collectible Minifigures,Collectible Minifigures
7585,SH0197,images/SH0197.jpg,Super Heroes,Super Heroes
7586,CTY0582,images/CTY0582.jpg,Town,Town
7587,CTY0583,images/CTY0583.jpg,Town,Town
7588,NJO0175,images/NJO0175.jpg,NINJAGO,NINJAGO
7589,MIN016,images/MIN016.jpg,Minecraft,Minecraft
7590,MIN020,images/MIN020.jpg,Minecraft,Minecraft
7591,SH0157,images/SH0157.jpg,Super Heroes,Super Heroes
7592,SH0003A,images/SH0003A.jpg,Super Heroes,Super Heroes
7593,SH0156,images/SH0156.jpg,Super Heroes,Super Heroes
7594,TWN229,images/TWN229.jpg,Town,Town
7595,TWN228,images/TWN228.jpg,Town,Town
7596,SCD014,images/SCD014.jpg,Scooby-Doo,Other
7597,CTY0514,images/CTY0514.jpg,Town,Town
7598,CTY0513,images/CTY0513.jpg,Town,Town
7599,CTY0515,images/CTY0515.jpg,Town,Town
7600,CTY0522,images/CTY0522.jpg,Town,Town
7601,CTY0535,images/CTY0535.jpg,Town,Town
7602,CTY0548,images/CTY0548.jpg,Town,Town
7603,CTY0523,images/CTY0523.jpg,Town,Town
7604,CTY0519,images/CTY0519.jpg,Town,Town
7605,CTY0517,images/CTY0517.jpg,Town,Town
7606,HOL061,images/HOL061.jpg,Holiday & Event,Holiday & Event
7607,CTY0516,images/CTY0516.jpg,Town,Town
7608,CTY0572,images/CTY0572.jpg,Town,Town
7609,LOC132,images/LOC132.jpg,LEGENDS OF CHIMA,LEGENDS OF CHIMA
7610,SW0619,images/SW0619.jpg,Star Wars,Star Wars
7611,SW0674,images/SW0674.jpg,Star Wars,Star Wars
7612,LOC139,images/LOC139.jpg,LEGENDS OF CHIMA,LEGENDS OF CHIMA
7613,UAGT035,images/UAGT035.jpg,Ultra Agents,Other
7614,CTY0569,images/CTY0569.jpg,Town,Town
7615,DIM009,images/DIM009.jpg,Dimensions,Other
7616,IDEA020,images/IDEA020.jpg,LEGO Ideas,LEGO Ideas
7617,SW0622,images/SW0622.jpg,Star Wars,Star Wars
7618,SH0206,images/SH0206.jpg,Super Heroes,Super Heroes
7619,SH0174,images/SH0174.jpg,Super Heroes,Super Heroes
7620,IDEA021,images/IDEA021.jpg,LEGO Ideas,LEGO Ideas
7621,SH0170,images/SH0170.jpg,Super Heroes,Super Heroes
7622,COL219,images/COL219.jpg,Collectible Minifigures,Collectible Minifigures
7623,LOC133,images/LOC133.jpg,LEGENDS OF CHIMA,LEGENDS OF CHIMA
7624,UAGT025,images/UAGT025.jpg,Ultra Agents,Other
7625,LOC140,images/LOC140.jpg,LEGENDS OF CHIMA,LEGENDS OF CHIMA
7626,SH0210,images/SH0210.jpg,Super Heroes,Super Heroes
7627,SH0149,images/SH0149.jpg,Super Heroes,Super Heroes
7628,SW0620,images/SW0620.jpg,Star Wars,Star Wars
7629,SH0176,images/SH0176.jpg,Super Heroes,Super Heroes
7630,SH0169,images/SH0169.jpg,Super Heroes,Super Heroes
7631,SH0175,images/SH0175.jpg,Super Heroes,Super Heroes
7632,SH0166,images/SH0166.jpg,Super Heroes,Super Heroes
7633,SH0165,images/SH0165.jpg,Super Heroes,Super Heroes
7634,SH0209,images/SH0209.jpg,Super Heroes,Super Heroes
7635,COL197,images/COL197.jpg,Collectible Minifigures,Collectible Minifigures
7636,TLM093,images/TLM093.jpg,The LEGO Movie,Other
7637,TLM091,images/TLM091.jpg,The LEGO Movie,Other
7638,DIM010,images/DIM010.jpg,Dimensions,Other
7639,SW0655,images/SW0655.jpg,Star Wars,Star Wars
7640,CTY0567,images/CTY0567.jpg,Town,Town
7641,CTY0568,images/CTY0568.jpg,Town,Town
7642,SCD011,images/SCD011.jpg,Scooby-Doo,Other
7643,SCD005,images/SCD005.jpg,Scooby-Doo,Other
7644,JW006,images/JW006.jpg,Jurassic World,Jurassic World
7645,JW016,images/JW016.jpg,Jurassic World,Jurassic World
7646,JW009,images/JW009.jpg,Jurassic World,Jurassic World
7647,JW008,images/JW008.jpg,Jurassic World,Jurassic World
7648,SH0178,images/SH0178.jpg,Super Heroes,Super Heroes
7649,TLM092,images/TLM092.jpg,The LEGO Movie,Other
7650,LOC145,images/LOC145.jpg,LEGENDS OF CHIMA,LEGENDS OF CHIMA
7651,COL214,images/COL214.jpg,Collectible Minifigures,Collectible Minifigures
7652,SW0649,images/SW0649.jpg,Star Wars,Star Wars
7653,SIM041,images/SIM041.jpg,Collectible Minifigures,Collectible Minifigures
7654,IDEA023,images/IDEA023.jpg,LEGO Ideas,LEGO Ideas
7655,TWN226,images/TWN226.jpg,Town,Town
7656,TWN225,images/TWN225.jpg,Town,Town
7657,DIM005,images/DIM005.jpg,Dimensions,Other
7658,HOL065,images/HOL065.jpg,Holiday & Event,Holiday & Event
7659,SH0181,images/SH0181.jpg,Super Heroes,Super Heroes
7660,COL211,images/COL211.jpg,Collectible Minifigures,Collectible Minifigures
7661,SH0150,images/SH0150.jpg,Super Heroes,Super Heroes
7662,SW0627,images/SW0627.jpg,Star Wars,Star Wars
7663,LOC129,images/LOC129.jpg,LEGENDS OF CHIMA,LEGENDS OF CHIMA
7664,NJO0168,images/NJO0168.jpg,NINJAGO,NINJAGO
7665,NJO0180,images/NJO0180.jpg,NINJAGO,NINJAGO
7666,NJO0142,images/NJO0142.jpg,NINJAGO,NINJAGO
7667,SW0626,images/SW0626.jpg,Star Wars,Star Wars
7668,CTY0543,images/CTY0543.jpg,Town,Town
7669,CTY0542,images/CTY0542.jpg,Town,Town
7670,SH0189,images/SH0189.jpg,Super Heroes,Super Heroes
7671,JW014,images/JW014.jpg,Jurassic World,Jurassic World
7672,NJO0159,images/NJO0159.jpg,NINJAGO,NINJAGO
7673,NJO0179,images/NJO0179.jpg,NINJAGO,NINJAGO
7674,NJO0151,images/NJO0151.jpg,NINJAGO,NINJAGO
7675,NJO0111,images/NJO0111.jpg,NINJAGO,NINJAGO
7676,NJO0185,images/NJO0185.jpg,NINJAGO,NINJAGO
7677,SCD009,images/SCD009.jpg,Scooby-Doo,Other
7678,COL223,images/COL223.jpg,Collectible Minifigures,Collectible Minifigures
7679,COL218,images/COL218.jpg,Collectible Minifigures,Collectible Minifigures
7680,MIN021,images/MIN021.jpg,Minecraft,Minecraft
7681,COL212,images/COL212.jpg,Collectible Minifigures,Collectible Minifigures
7682,COL227,images/COL227.jpg,Collectible Minifigures,Collectible Minifigures
7683,NJO0125,images/NJO0125.jpg,NINJAGO,NINJAGO
7684,SC028,images/SC028.jpg,SPEED CHAMPIONS,SPEED CHAMPIONS
7685,SC027,images/SC027.jpg,SPEED CHAMPIONS,SPEED CHAMPIONS
7686,NEX029,images/NEX029.jpg,NEXO KNIGHTS,NEXO KNIGHTS
7687,NEX025,images/NEX025.jpg,NEXO KNIGHTS,NEXO KNIGHTS
7688,NEX035,images/NEX035.jpg,NEXO KNIGHTS,NEXO KNIGHTS
7689,NEX064,images/NEX064.jpg,NEXO KNIGHTS,NEXO KNIGHTS
7690,NEX004,images/NEX004.jpg,NEXO KNIGHTS,NEXO KNIGHTS
7691,NEX021,images/NEX021.jpg,NEXO KNIGHTS,NEXO KNIGHTS
7692,DIM035,images/DIM035.jpg,Dimensions,Other
7693,GB015,images/GB015.jpg,Ghostbusters,Other
7694,SW0719,images/SW0719.jpg,Star Wars,Star Wars
7695,SH0255,images/SH0255.jpg,Super Heroes,Super Heroes
7696,SW0759,images/SW0759.jpg,Star Wars,Star Wars
7697,ELF015,images/ELF015.jpg,Elves,Other
7698,ELF019,images/ELF019.jpg,Elves,Other
7699,CTY0706,images/CTY0706.jpg,Town,Town
7700,AIR052,images/AIR052.jpg,Town,Town
7701,AIR051,images/AIR051.jpg,Town,Town
7702,AIR055,images/AIR055.jpg,Town,Town
7703,AIR049,images/AIR049.jpg,Town,Town
7704,AIR053,images/AIR053.jpg,Town,Town
7705,AIR054,images/AIR054.jpg,Town,Town
7706,DIS004,images/DIS004.jpg,Collectible Minifigures,Collectible Minifigures
7707,MIN026,images/MIN026.jpg,Minecraft,Minecraft
7708,SH0237,images/SH0237.jpg,Super Heroes,Super Heroes
7709,DIS007,images/DIS007.jpg,Collectible Minifigures,Collectible Minifigures
7710,DIS002,images/DIS002.jpg,Collectible Minifigures,Collectible Minifigures
7711,DFB012,images/DFB012.jpg,Collectible Minifigures,Collectible Minifigures
7712,COL235,images/COL235.jpg,Collectible Minifigures,Collectible Minifigures
7713,DP019,images/DP019.jpg,Disney,Disney
7714,90398PB007,images/90398PB007.jpg,Super Heroes,Super Heroes
7715,DIS018,images/DIS018.jpg,Collectible Minifigures,Collectible Minifigures
7716,DP023,images/DP023.jpg,Disney,Disney
7717,NEX045,images/NEX045.jpg,NEXO KNIGHTS,NEXO KNIGHTS
7718,NEX005,images/NEX005.jpg,NEXO KNIGHTS,NEXO KNIGHTS
7719,NEX065,images/NEX065.jpg,NEXO KNIGHTS,NEXO KNIGHTS
7720,SW0527A,images/SW0527A.jpg,Star Wars,Star Wars
7721,SW0724,images/SW0724.jpg,Star Wars,Star Wars
7722,SW0773,images/SW0773.jpg,Star Wars,Star Wars
7723,SW0706,images/SW0706.jpg,Star Wars,Star Wars
7724,COL229,images/COL229.jpg,Collectible Minifigures,Collectible Minifigures
7725,SH0293,images/SH0293.jpg,Super Heroes,Super Heroes
7726,SC024,images/SC024.jpg,SPEED CHAMPIONS,SPEED CHAMPIONS
7727,SC025,images/SC025.jpg,SPEED CHAMPIONS,SPEED CHAMPIONS
7728,SH0272,images/SH0272.jpg,Super Heroes,Super Heroes
7729,NEX006,images/NEX006.jpg,NEXO KNIGHTS,NEXO KNIGHTS
7730,NEX007,images/NEX007.jpg,NEXO KNIGHTS,NEXO KNIGHTS
7731,NEX053,images/NEX053.jpg,NEXO KNIGHTS,NEXO KNIGHTS
7732,NEX060,images/NEX060.jpg,NEXO KNIGHTS,NEXO KNIGHTS
7733,ELF016,images/ELF016.jpg,Elves,Other
7734,ELF022,images/ELF022.jpg,Elves,Other
7735,DIM024,images/DIM024.jpg,Dimensions,Other
7736,COL260,images/COL260.jpg,Collectible Minifigures,Collectible Minifigures
7737,CTY0668,images/CTY0668.jpg,Town,Town
7738,COL339,images/COL339.jpg,Collectible Minifigures,Collectible Minifigures
7739,COL259,images/COL259.jpg,Collectible Minifigures,Collectible Minifigures
7740,COL237,images/COL237.jpg,Collectible Minifigures,Collectible Minifigures
7741,COL258,images/COL258.jpg,Collectible Minifigures,Collectible Minifigures
7742,DIM022,images/DIM022.jpg,Dimensions,Other
7743,SH0245,images/SH0245.jpg,Super Heroes,Super Heroes
7744,TWN251,images/TWN251.jpg,Town,Town
7745,TWN252,images/TWN252.jpg,Town,Town
7746,TWN248,images/TWN248.jpg,Town,Town
7747,DFB007,images/DFB007.jpg,Collectible Minifigures,Collectible Minifigures
7748,SH0217,images/SH0217.jpg,Super Heroes,Super Heroes
7749,SH0233,images/SH0233.jpg,Super Heroes,Super Heroes
7750,SH0218,images/SH0218.jpg,Super Heroes,Super Heroes
7751,SH0242,images/SH0242.jpg,Super Heroes,Super Heroes
7752,SH0279,images/SH0279.jpg,Super Heroes,Super Heroes
7753,SH0265,images/SH0265.jpg,Super Heroes,Super Heroes
7754,SW0783,images/SW0783.jpg,Star Wars,Star Wars
7755,DP025,images/DP025.jpg,Disney,Disney
7756,NEX008,images/NEX008.jpg,NEXO KNIGHTS,NEXO KNIGHTS
7757,NEX022,images/NEX022.jpg,NEXO KNIGHTS,NEXO KNIGHTS
7758,DP024,images/DP024.jpg,Disney,Disney
7759,DFB005,images/DFB005.jpg,Collectible Minifigures,Collectible Minifigures
7760,SW0762,images/SW0762.jpg,Star Wars,Star Wars
7761,ANG007,images/ANG007.jpg,The Angry Birds Movie,Other
7762,SW0780,images/SW0780.jpg,Star Wars,Star Wars
7763,SH0263,images/SH0263.jpg,Super Heroes,Super Heroes
7764,CTY0705,images/CTY0705.jpg,Town,Town
7765,SH0278,images/SH0278.jpg,Super Heroes,Super Heroes
7766,CTY0610,images/CTY0610.jpg,Town,Town
7767,SW0711,images/SW0711.jpg,Star Wars,Star Wars
7768,SW0794,images/SW0794.jpg,Star Wars,Star Wars
7769,ANG013,images/ANG013.jpg,The Angry Birds Movie,Other
7770,NEX046,images/NEX046.jpg,NEXO KNIGHTS,NEXO KNIGHTS
7771,CTY0657,images/CTY0657.jpg,Town,Town
7772,GEN078,images/GEN078.jpg,LEGO Brand,LEGO Brand
7773,CTY0662,images/CTY0662.jpg,Town,Town
7774,TWN257,images/TWN257.jpg,Holiday & Event,Holiday & Event
7775,SH0235,images/SH0235.jpg,Super Heroes,Super Heroes
7776,NJO0196,images/NJO0196.jpg,NINJAGO,NINJAGO
7777,CTY0656,images/CTY0656.jpg,Town,Town
7778,CTY0691,images/CTY0691.jpg,Town,Town
7779,DIS003,images/DIS003.jpg,Collectible Minifigures,Collectible Minifigures
7780,SW0700,images/SW0700.jpg,Star Wars,Star Wars
7781,TWN261,images/TWN261.jpg,Town,Town
7782,TWN260,images/TWN260.jpg,Town,Town
7783,CTY0624,images/CTY0624.jpg,Town,Town
7784,SH0264,images/SH0264.jpg,Super Heroes,Super Heroes
7785,SH0250,images/SH0250.jpg,Super Heroes,Super Heroes
7786,SH0281,images/SH0281.jpg,Super Heroes,Super Heroes
7787,SH0247,images/SH0247.jpg,Super Heroes,Super Heroes
7788,DIS016,images/DIS016.jpg,Collectible Minifigures,Collectible Minifigures
7789,SH0226,images/SH0226.jpg,Super Heroes,Super Heroes
7790,SW0749,images/SW0749.jpg,Star Wars,Star Wars
7791,NJO0236,images/NJO0236.jpg,NINJAGO,NINJAGO
7792,SH0286,images/SH0286.jpg,Super Heroes,Super Heroes
7793,SW0790,images/SW0790.jpg,Star Wars,Star Wars
7794,SH0243,images/SH0243.jpg,Super Heroes,Super Heroes
7795,SH0241,images/SH0241.jpg,Super Heroes,Super Heroes
7796,CTY0671,images/CTY0671.jpg,Town,Town
7797,NEX009,images/NEX009.jpg,NEXO KNIGHTS,NEXO KNIGHTS
7798,ANG018,images/ANG018.jpg,The Angry Birds Movie,Other
7799,DIS008,images/DIS008.jpg,Collectible Minifigures,Collectible Minifigures
7800,SC023,images/SC023.jpg,SPEED CHAMPIONS,SPEED CHAMPIONS
7801,CTY0663,images/CTY0663.jpg,Town,Town
7802,TWN266,images/TWN266.jpg,Town,Town
7803,TWN250,images/TWN250.jpg,Town,Town
7804,3899PB006,images/3899PB006.jpg,Disney,Disney
7805,SW0789,images/SW0789.jpg,Star Wars,Star Wars
7806,DFB014,images/DFB014.jpg,Collectible Minifigures,Collectible Minifigures
7807,ANG001,images/ANG001.jpg,The Angry Birds Movie,Other
7808,DP022,images/DP022.jpg,Disney,Disney
7809,CTY0678,images/CTY0678.jpg,Town,Town
7810,NJO0191,images/NJO0191.jpg,NINJAGO,NINJAGO
7811,NJO0238,images/NJO0238.jpg,NINJAGO,NINJAGO
7812,TWN264,images/TWN264.jpg,Town,Town
7813,NEX011,images/NEX011.jpg,NEXO KNIGHTS,NEXO KNIGHTS
7814,NEX023,images/NEX023.jpg,NEXO KNIGHTS,NEXO KNIGHTS
7815,NEX010,images/NEX010.jpg,NEXO KNIGHTS,NEXO KNIGHTS
7816,NEX058,images/NEX058.jpg,NEXO KNIGHTS,NEXO KNIGHTS
7817,NEX057,images/NEX057.jpg,NEXO KNIGHTS,NEXO KNIGHTS
7818,NJO0188,images/NJO0188.jpg,NINJAGO,NINJAGO
7819,COL231,images/COL231.jpg,Collectible Minifigures,Collectible Minifigures
7820,NJO0256,images/NJO0256.jpg,NINJAGO,NINJAGO
7821,NJO0202,images/NJO0202.jpg,NINJAGO,NINJAGO
7822,NJO0273,images/NJO0273.jpg,NINJAGO,NINJAGO
7823,NJO0199A,images/NJO0199A.jpg,NINJAGO,NINJAGO
7824,NJO0242,images/NJO0242.jpg,NINJAGO,NINJAGO
7825,NJO0201,images/NJO0201.jpg,NINJAGO,NINJAGO
7826,NJO0262,images/NJO0262.jpg,NINJAGO,NINJAGO
7827,SW0748,images/SW0748.jpg,Star Wars,Star Wars
7828,SW0758,images/SW0758.jpg,Star Wars,Star Wars
7829,SW0750,images/SW0750.jpg,Star Wars,Star Wars
7830,CTY0641,images/CTY0641.jpg,Town,Town
7831,SH0301,images/SH0301.jpg,Super Heroes,Super Heroes
7832,SH0262,images/SH0262.jpg,Super Heroes,Super Heroes
7833,CAS542,images/CAS542.jpg,Castle,Castle
7834,NEX043,images/NEX043.jpg,NEXO KNIGHTS,NEXO KNIGHTS
7835,NEX027,images/NEX027.jpg,NEXO KNIGHTS,NEXO KNIGHTS
7836,NEX042,images/NEX042.jpg,NEXO KNIGHTS,NEXO KNIGHTS
7837,NEX026,images/NEX026.jpg,NEXO KNIGHTS,NEXO KNIGHTS
7838,NEX012,images/NEX012.jpg,NEXO KNIGHTS,NEXO KNIGHTS
7839,CTY0675,images/CTY0675.jpg,Town,Town
7840,COL247,images/COL247.jpg,Collectible Minifigures,Collectible Minifigures
7841,DIM014,images/DIM014.jpg,Dimensions,Other
7842,COL246,images/COL246.jpg,Collectible Minifigures,Collectible Minifigures
7843,CTY0658,images/CTY0658.jpg,Town,Town
7844,NJO0219,images/NJO0219.jpg,NINJAGO,NINJAGO
7845,NJO0211,images/NJO0211.jpg,NINJAGO,NINJAGO
7846,NJO0218,images/NJO0218.jpg,NINJAGO,NINJAGO
7847,DIS021,images/DIS021.jpg,Disney,Disney
7848,DIS009,images/DIS009.jpg,Collectible Minifigures,Collectible Minifigures
7849,GB006,images/GB006.jpg,Ghostbusters,Other
7850,CTY0623,images/CTY0623.jpg,Town,Town
7851,SW0636B,images/SW0636B.jpg,Star Wars,Star Wars
7852,SW0744,images/SW0744.jpg,Star Wars,Star Wars
7853,SH0259,images/SH0259.jpg,Super Heroes,Super Heroes
7854,SW0768,images/SW0768.jpg,Star Wars,Star Wars
7855,SW0769,images/SW0769.jpg,Star Wars,Star Wars
7856,TWN253,images/TWN253.jpg,Town,Town
7857,SW0751,images/SW0751.jpg,Star Wars,Star Wars
7858,SH0288,images/SH0288.jpg,Super Heroes,Super Heroes
7859,COL245,images/COL245.jpg,Collectible Minifigures,Collectible Minifigures
7860,SH0236,images/SH0236.jpg,Super Heroes,Super Heroes
7861,SW0781,images/SW0781.jpg,Star Wars,Star Wars
7862,DIM015,images/DIM015.jpg,Dimensions,Other
7863,GAME012,images/GAME012.jpg,LEGO Brand,LEGO Brand
7864,SH0296,images/SH0296.jpg,Super Heroes,Super Heroes
7865,COL255,images/COL255.jpg,Collectible Minifigures,Collectible Minifigures
7866,NJO0204,images/NJO0204.jpg,NINJAGO,NINJAGO
7867,DIS010,images/DIS010.jpg,Collectible Minifigures,Collectible Minifigures
7868,NJO0243,images/NJO0243.jpg,NINJAGO,NINJAGO
7869,NJO0190,images/NJO0190.jpg,NINJAGO,NINJAGO
7870,GB012A,images/GB012A.jpg,Ghostbusters,Other
7871,SH0284,images/SH0284.jpg,Super Heroes,Super Heroes
7872,DIM016,images/DIM016.jpg,Dimensions,Other
7873,GB005A,images/GB005A.jpg,Ghostbusters,Other
7874,GB013A,images/GB013A.jpg,Ghostbusters,Other
7875,NJO0454,images/NJO0454.jpg,NINJAGO,NINJAGO
7876,47205PB026A,images/47205PB026A.jpg,DUPLO,DUPLO
7877,47205PB038,images/47205PB038.jpg,DUPLO,DUPLO
7878,47205PB039A,images/47205PB039A.jpg,DUPLO,DUPLO
7879,47205PB037,images/47205PB037.jpg,DUPLO,DUPLO
7880,47205PB040,images/47205PB040.jpg,DUPLO,DUPLO
7881,47205PB046,images/47205PB046.jpg,DUPLO,DUPLO
7882,47205PB036,images/47205PB036.jpg,DUPLO,DUPLO
7883,47394PB217,images/47394PB217.jpg,DUPLO,DUPLO
7884,47394PB223,images/47394PB223.jpg,DUPLO,DUPLO
7885,47394PB203,images/47394PB203.jpg,DUPLO,DUPLO
7886,47394PB215,images/47394PB215.jpg,DUPLO,DUPLO
7887,47394PB218,images/47394PB218.jpg,DUPLO,DUPLO
7888,47394PB231,images/47394PB231.jpg,DUPLO,DUPLO
7889,47394PB200,images/47394PB200.jpg,DUPLO,DUPLO
7890,47394PB216,images/47394PB216.jpg,DUPLO,DUPLO
7891,47394PB219,images/47394PB219.jpg,DUPLO,DUPLO
7892,47394PB204,images/47394PB204.jpg,DUPLO,DUPLO
7893,47394PB198,images/47394PB198.jpg,DUPLO,DUPLO
7894,47394PB199,images/47394PB199.jpg,DUPLO,DUPLO
7895,47394PB202,images/47394PB202.jpg,DUPLO,DUPLO
7896,SW0689,images/SW0689.jpg,Star Wars,Star Wars
7897,SW0966,images/SW0966.jpg,Star Wars,Star Wars
7898,DIM030,images/DIM030.jpg,Dimensions,Other
7899,DP018,images/DP018.jpg,Disney,Disney
7900,ELF012,images/ELF012.jpg,Elves,Other
7901,ELF023,images/ELF023.jpg,Elves,Other
7902,SW0634A,images/SW0634A.jpg,Star Wars,Star Wars
7903,MIN024,images/MIN024.jpg,Minecraft,Minecraft
7904,MIN027,images/MIN027.jpg,Minecraft,Minecraft
7905,GB016,images/GB016.jpg,Ghostbusters,Other
7906,DIM025,images/DIM025.jpg,Dimensions,Other
7907,NJO0257,images/NJO0257.jpg,NINJAGO,NINJAGO
7908,SH0261,images/SH0261.jpg,Super Heroes,Super Heroes
7909,SH0277,images/SH0277.jpg,Super Heroes,Super Heroes
7910,COL228,images/COL228.jpg,Collectible Minifigures,Collectible Minifigures
7911,ELF018,images/ELF018.jpg,Elves,Other
7912,COL234,images/COL234.jpg,Collectible Minifigures,Collectible Minifigures
7913,CTY0661,images/CTY0661.jpg,Town,Town
7914,CTY0622,images/CTY0622.jpg,Town,Town
7915,DP026,images/DP026.jpg,Disney,Disney
7916,SW0716,images/SW0716.jpg,Star Wars,Star Wars
7917,DIM038,images/DIM038.jpg,Dimensions,Other
7918,CTY0653,images/CTY0653.jpg,Town,Town
7919,CTY0640,images/CTY0640.jpg,Town,Town
7920,CTY0649,images/CTY0649.jpg,Town,Town
7921,CTY0650,images/CTY0650.jpg,Town,Town
7922,CTY0635,images/CTY0635.jpg,Town,Town
7923,CTY0669,images/CTY0669.jpg,Town,Town
7924,CTY0627,images/CTY0627.jpg,Town,Town
7925,CTY0651,images/CTY0651.jpg,Town,Town
7926,CTY0652,images/CTY0652.jpg,Town,Town
7927,CTY0670,images/CTY0670.jpg,Town,Town
7928,GAME015,images/GAME015.jpg,LEGO Brand,LEGO Brand
7929,CTY0628,images/CTY0628.jpg,Town,Town
7930,CTY0629,images/CTY0629.jpg,Town,Town
7931,CTY0626,images/CTY0626.jpg,Town,Town
7932,CTY0638,images/CTY0638.jpg,Town,Town
7933,CTY0637,images/CTY0637.jpg,Town,Town
7934,CTY0639,images/CTY0639.jpg,Town,Town
7935,CTY0647,images/CTY0647.jpg,Town,Town
7936,CTY0648,images/CTY0648.jpg,Town,Town
7937,FST023,images/FST023.jpg,FIRST LEGO League,Other
7938,FST024,images/FST024.jpg,FIRST LEGO League,Other
7939,SW0694,images/SW0694.jpg,Star Wars,Star Wars
7940,SW0715,images/SW0715.jpg,Star Wars,Star Wars
7941,SW0695,images/SW0695.jpg,Star Wars,Star Wars
7942,SW0722,images/SW0722.jpg,Star Wars,Star Wars
7943,SW0701,images/SW0701.jpg,Star Wars,Star Wars
7944,NEX050,images/NEX050.jpg,NEXO KNIGHTS,NEXO KNIGHTS
7945,NEX054,images/NEX054.jpg,NEXO KNIGHTS,NEXO KNIGHTS
7946,NEX003,images/NEX003.jpg,NEXO KNIGHTS,NEXO KNIGHTS
7947,NEX052,images/NEX052.jpg,NEXO KNIGHTS,NEXO KNIGHTS
7948,NEX044,images/NEX044.jpg,NEXO KNIGHTS,NEXO KNIGHTS
7949,NJO0197,images/NJO0197.jpg,NINJAGO,NINJAGO
7950,NJO0239,images/NJO0239.jpg,NINJAGO,NINJAGO
7951,COL233,images/COL233.jpg,Collectible Minifigures,Collectible Minifigures
7952,COL272,images/COL272.jpg,Collectible Minifigures,Collectible Minifigures
7953,SC018,images/SC018.jpg,SPEED CHAMPIONS,SPEED CHAMPIONS
7954,SC019,images/SC019.jpg,SPEED CHAMPIONS,SPEED CHAMPIONS
7955,SC022,images/SC022.jpg,SPEED CHAMPIONS,SPEED CHAMPIONS
7956,ANG017,images/ANG017.jpg,The Angry Birds Movie,Other
7957,CTY0383A,images/CTY0383A.jpg,Town,Town
7958,NJO0244,images/NJO0244.jpg,NINJAGO,NINJAGO
7959,FRND0176,images/FRND0176.jpg,Friends,Friends
7960,FRND0165,images/FRND0165.jpg,Friends,Friends
7961,FRND0173,images/FRND0173.jpg,Friends,Friends
7962,FRND0145,images/FRND0145.jpg,Friends,Friends
7963,FRND0169,images/FRND0169.jpg,Friends,Friends
7964,FRND0160,images/FRND0160.jpg,Friends,Friends
7965,FRND0152,images/FRND0152.jpg,Friends,Friends
7966,FRND0188,images/FRND0188.jpg,Friends,Friends
7967,FRND0138,images/FRND0138.jpg,Friends,Friends
7968,FRND0172,images/FRND0172.jpg,Friends,Friends
7969,FRND0135,images/FRND0135.jpg,Friends,Friends
7970,FRND0149,images/FRND0149.jpg,Friends,Friends
7971,FRND0180,images/FRND0180.jpg,Friends,Friends
7972,FRND0156,images/FRND0156.jpg,Friends,Friends
7973,FRND0178,images/FRND0178.jpg,Friends,Friends
7974,FRND0150,images/FRND0150.jpg,Friends,Friends
7975,FRND0155,images/FRND0155.jpg,Friends,Friends
7976,FRND0192,images/FRND0192.jpg,Friends,Friends
7977,FRND0146,images/FRND0146.jpg,Friends,Friends
7978,FRND0140,images/FRND0140.jpg,Friends,Friends
7979,FRND0153,images/FRND0153.jpg,Friends,Friends
7980,FRND0170,images/FRND0170.jpg,Friends,Friends
7981,FRND0154,images/FRND0154.jpg,Friends,Friends
7982,FRND0166,images/FRND0166.jpg,Friends,Friends
7983,FRND0141,images/FRND0141.jpg,Friends,Friends
7984,FRND0167,images/FRND0167.jpg,Friends,Friends
7985,FRND0174,images/FRND0174.jpg,Friends,Friends
7986,FRND0139,images/FRND0139.jpg,Friends,Friends
7987,FRND0164,images/FRND0164.jpg,Friends,Friends
7988,FRND0181,images/FRND0181.jpg,Friends,Friends
7989,FRND0142,images/FRND0142.jpg,Friends,Friends
7990,FRND0162,images/FRND0162.jpg,Friends,Friends
7991,FRND0168,images/FRND0168.jpg,Friends,Friends
7992,FRND0177,images/FRND0177.jpg,Friends,Friends
7993,FRND0144,images/FRND0144.jpg,Friends,Friends
7994,FRND0187,images/FRND0187.jpg,Friends,Friends
7995,FRND0137,images/FRND0137.jpg,Friends,Friends
7996,FRND0151,images/FRND0151.jpg,Friends,Friends
7997,FRND0179,images/FRND0179.jpg,Friends,Friends
7998,FRND0175,images/FRND0175.jpg,Friends,Friends
7999,FRND0158,images/FRND0158.jpg,Friends,Friends
8000,FRND0159,images/FRND0159.jpg,Friends,Friends
8001,FRND0163,images/FRND0163.jpg,Friends,Friends
8002,FRND0161,images/FRND0161.jpg,Friends,Friends
8003,FRND0148,images/FRND0148.jpg,Friends,Friends
8004,FRND0136,images/FRND0136.jpg,Friends,Friends
8005,FRND0191,images/FRND0191.jpg,Friends,Friends
8006,FRND0171,images/FRND0171.jpg,Friends,Friends
8007,FRND0143,images/FRND0143.jpg,Friends,Friends
8008,FRND0157,images/FRND0157.jpg,Friends,Friends
8009,COL230,images/COL230.jpg,Collectible Minifigures,Collectible Minifigures
8010,DIM020,images/DIM020.jpg,Dimensions,Other
8011,NJO0221,images/NJO0221.jpg,NINJAGO,NINJAGO
8012,SW0718,images/SW0718.jpg,Star Wars,Star Wars
8013,NEX056,images/NEX056.jpg,NEXO KNIGHTS,NEXO KNIGHTS
8014,NEX051,images/NEX051.jpg,NEXO KNIGHTS,NEXO KNIGHTS
8015,DIS005,images/DIS005.jpg,Collectible Minifigures,Collectible Minifigures
8016,SH0267,images/SH0267.jpg,Super Heroes,Super Heroes
8017,NJO0255,images/NJO0255.jpg,NINJAGO,NINJAGO
8018,HOL115,images/HOL115.jpg,Holiday & Event,Holiday & Event
8019,CTY0665,images/CTY0665.jpg,Town,Town
8020,TWN254,images/TWN254.jpg,Town,Town
8021,TWN265,images/TWN265.jpg,Town,Town
8022,GEN077,images/GEN077.jpg,LEGO Brand,LEGO Brand
8023,DIM032,images/DIM032.jpg,Dimensions,Other
8024,SW0767,images/SW0767.jpg,Star Wars,Star Wars
8025,SW0770,images/SW0770.jpg,Star Wars,Star Wars
8026,SW0741,images/SW0741.jpg,Star Wars,Star Wars
8027,CTY0659,images/CTY0659.jpg,Town,Town
8028,CTY0660,images/CTY0660.jpg,Town,Town
8029,SH0249,images/SH0249.jpg,Super Heroes,Super Heroes
8030,SH0271,images/SH0271.jpg,Super Heroes,Super Heroes
8031,TWN256,images/TWN256.jpg,Holiday & Event,Holiday & Event
8032,SW0727,images/SW0727.jpg,Star Wars,Star Wars
8033,SW0771,images/SW0771.jpg,Star Wars,Star Wars
8034,SW0709,images/SW0709.jpg,Star Wars,Star Wars
8035,SW0772,images/SW0772.jpg,Star Wars,Star Wars
8036,SW0714,images/SW0714.jpg,Star Wars,Star Wars
8037,SH0260,images/SH0260.jpg,Super Heroes,Super Heroes
8038,DIM036,images/DIM036.jpg,Dimensions,Other
8039,SH0302,images/SH0302.jpg,Super Heroes,Super Heroes
8040,COL249,images/COL249.jpg,Collectible Minifigures,Collectible Minifigures
8041,SH0268,images/SH0268.jpg,Super Heroes,Super Heroes
8042,CTY0655,images/CTY0655.jpg,Town,Town
8043,SW0736,images/SW0736.jpg,Star Wars,Star Wars
8044,SW0735,images/SW0735.jpg,Star Wars,Star Wars
8045,SW0708,images/SW0708.jpg,Star Wars,Star Wars
8046,SW0734,images/SW0734.jpg,Star Wars,Star Wars
8047,SW0765,images/SW0765.jpg,Star Wars,Star Wars
8048,SH0252,images/SH0252.jpg,Super Heroes,Super Heroes
8049,SH0216,images/SH0216.jpg,Super Heroes,Super Heroes
8050,SH0227,images/SH0227.jpg,Super Heroes,Super Heroes
8051,HOL080,images/HOL080.jpg,Holiday & Event,Holiday & Event
8052,HOL081,images/HOL081.jpg,Holiday & Event,Holiday & Event
8053,COL244,images/COL244.jpg,Collectible Minifigures,Collectible Minifigures
8054,SW0797,images/SW0797.jpg,Star Wars,Star Wars
8055,SW0702,images/SW0702.jpg,Star Wars,Star Wars
8056,SW0693,images/SW0693.jpg,Star Wars,Star Wars
8057,SW0796,images/SW0796.jpg,Star Wars,Star Wars
8058,SW0785,images/SW0785.jpg,Star Wars,Star Wars
8059,SW0795,images/SW0795.jpg,Star Wars,Star Wars
8060,SW0747,images/SW0747.jpg,Star Wars,Star Wars
8061,SW0691,images/SW0691.jpg,Star Wars,Star Wars
8062,SW0774,images/SW0774.jpg,Star Wars,Star Wars
8063,SW0775,images/SW0775.jpg,Star Wars,Star Wars
8064,SW0712A,images/SW0712A.jpg,Star Wars,Star Wars
8065,SW0712,images/SW0712.jpg,Star Wars,Star Wars
8066,SW0521B,images/SW0521B.jpg,Star Wars,Star Wars
8067,SW0692,images/SW0692.jpg,Star Wars,Star Wars
8068,SW0788,images/SW0788.jpg,Star Wars,Star Wars
8069,SW0776,images/SW0776.jpg,Star Wars,Star Wars
8070,MIN093,images/MIN093.jpg,Minecraft,Minecraft
8071,SH0254,images/SH0254.jpg,Super Heroes,Super Heroes
8072,SH0231,images/SH0231.jpg,Super Heroes,Super Heroes
8073,SH0215,images/SH0215.jpg,Super Heroes,Super Heroes
8074,DIM026,images/DIM026.jpg,Dimensions,Other
8075,GB007,images/GB007.jpg,Ghostbusters,Other
8076,COL236,images/COL236.jpg,Collectible Minifigures,Collectible Minifigures
8077,NJO0258,images/NJO0258.jpg,NINJAGO,NINJAGO
8078,NJO0224,images/NJO0224.jpg,NINJAGO,NINJAGO
8079,NJO0272,images/NJO0272.jpg,NINJAGO,NINJAGO
8080,NJO0214,images/NJO0214.jpg,NINJAGO,NINJAGO
8081,NJO0210,images/NJO0210.jpg,NINJAGO,NINJAGO
8082,NJO0248,images/NJO0248.jpg,NINJAGO,NINJAGO
8083,NJO0192,images/NJO0192.jpg,NINJAGO,NINJAGO
8084,NJO0249,images/NJO0249.jpg,NINJAGO,NINJAGO
8085,DFB003,images/DFB003.jpg,Collectible Minifigures,Collectible Minifigures
8086,NEX013,images/NEX013.jpg,NEXO KNIGHTS,NEXO KNIGHTS
8087,COL242,images/COL242.jpg,Collectible Minifigures,Collectible Minifigures
8088,GB017,images/GB017.jpg,Ghostbusters,Other
8089,DFB001,images/DFB001.jpg,Collectible Minifigures,Collectible Minifigures
8090,SW0791,images/SW0791.jpg,Star Wars,Star Wars
8091,SW0782,images/SW0782.jpg,Star Wars,Star Wars
8092,SW0725,images/SW0725.jpg,Star Wars,Star Wars
8093,NJO0265,images/NJO0265.jpg,NINJAGO,NINJAGO
8094,NJO0205,images/NJO0205.jpg,NINJAGO,NINJAGO
8095,NJO0198,images/NJO0198.jpg,NINJAGO,NINJAGO
8096,NJO0194,images/NJO0194.jpg,NINJAGO,NINJAGO
8097,NJO0187,images/NJO0187.jpg,NINJAGO,NINJAGO
8098,SH0297,images/SH0297.jpg,Super Heroes,Super Heroes
8099,SH0283,images/SH0283.jpg,Super Heroes,Super Heroes
8100,COL239,images/COL239.jpg,Collectible Minifigures,Collectible Minifigures
8101,GB019,images/GB019.jpg,Ghostbusters,Other
8102,COL251,images/COL251.jpg,Collectible Minifigures,Collectible Minifigures
8103,SH0280,images/SH0280.jpg,Super Heroes,Super Heroes
8104,SH0276,images/SH0276.jpg,Super Heroes,Super Heroes
8105,NEX014,images/NEX014.jpg,NEXO KNIGHTS,NEXO KNIGHTS
8106,ANG019,images/ANG019.jpg,The Angry Birds Movie,Other
8107,NEX015,images/NEX015.jpg,NEXO KNIGHTS,NEXO KNIGHTS
8108,SW0755,images/SW0755.jpg,Star Wars,Star Wars
8109,NJO0223,images/NJO0223.jpg,NINJAGO,NINJAGO
8110,SH0270,images/SH0270.jpg,Super Heroes,Super Heroes
8111,NJO0247,images/NJO0247.jpg,NINJAGO,NINJAGO
8112,DP020,images/DP020.jpg,Disney,Disney
8113,SW0717,images/SW0717.jpg,Star Wars,Star Wars
8114,COL084A,images/COL084A.jpg,Collectible Minifigures,Collectible Minifigures
8115,NEX002,images/NEX002.jpg,NEXO KNIGHTS,NEXO KNIGHTS
8116,NEX001,images/NEX001.jpg,NEXO KNIGHTS,NEXO KNIGHTS
8117,NEX028,images/NEX028.jpg,NEXO KNIGHTS,NEXO KNIGHTS
8118,NEX037,images/NEX037.jpg,NEXO KNIGHTS,NEXO KNIGHTS
8119,NEX055,images/NEX055.jpg,NEXO KNIGHTS,NEXO KNIGHTS
8120,COL238,images/COL238.jpg,Collectible Minifigures,Collectible Minifigures
8121,NJO0206,images/NJO0206.jpg,NINJAGO,NINJAGO
8122,NEX047,images/NEX047.jpg,NEXO KNIGHTS,NEXO KNIGHTS
8123,NEX030,images/NEX030.jpg,NEXO KNIGHTS,NEXO KNIGHTS
8124,CTY0667,images/CTY0667.jpg,Town,Town
8125,TLS094,images/TLS094.jpg,LEGO Brand,LEGO Brand
8126,GEN084,images/GEN084.jpg,LEGO Brand,LEGO Brand
8127,GEN083,images/GEN083.jpg,LEGO Brand,LEGO Brand
8128,LLP004,images/LLP004.jpg,LEGOLAND Parks,Other
8129,LLP005,images/LLP005.jpg,LEGOLAND Parks,Other
8130,LLP003,images/LLP003.jpg,LEGOLAND Parks,Other
8131,LLP002,images/LLP002.jpg,LEGOLAND Parks,Other
8132,ANG015,images/ANG015.jpg,The Angry Birds Movie,Other
8133,SH0292,images/SH0292.jpg,Super Heroes,Super Heroes
8134,SH0222,images/SH0222.jpg,Super Heroes,Super Heroes
8135,SH0224,images/SH0224.jpg,Super Heroes,Super Heroes
8136,SH0223,images/SH0223.jpg,Super Heroes,Super Heroes
8137,GB010,images/GB010.jpg,Ghostbusters,Other
8138,CTY0654,images/CTY0654.jpg,Town,Town
8139,CTY0707,images/CTY0707.jpg,Town,Town
8140,TWN262,images/TWN262.jpg,Town,Town
8141,TWN263,images/TWN263.jpg,Town,Town
8142,NJO0263,images/NJO0263.jpg,NINJAGO,NINJAGO
8143,RAC061,images/RAC061.jpg,Town,Town
8144,CTY0692,images/CTY0692.jpg,Town,Town
8145,NJO0226,images/NJO0226.jpg,NINJAGO,NINJAGO
8146,NJO0253,images/NJO0253.jpg,NINJAGO,NINJAGO
8147,NJO0213,images/NJO0213.jpg,NINJAGO,NINJAGO
8148,NJO0209,images/NJO0209.jpg,NINJAGO,NINJAGO
8149,NJO0193,images/NJO0193.jpg,NINJAGO,NINJAGO
8150,NJO0241,images/NJO0241.jpg,NINJAGO,NINJAGO
8151,SH0225,images/SH0225.jpg,Super Heroes,Super Heroes
8152,SH0033A,images/SH0033A.jpg,Super Heroes,Super Heroes
8153,SW0738,images/SW0738.jpg,Star Wars,Star Wars
8154,DIM037,images/DIM037.jpg,Dimensions,Other
8155,GB008,images/GB008.jpg,Ghostbusters,Other
8156,SW0731,images/SW0731.jpg,Star Wars,Star Wars
8157,SW0778,images/SW0778.jpg,Star Wars,Star Wars
8158,SW0777,images/SW0777.jpg,Star Wars,Star Wars
8159,DP031,images/DP031.jpg,Disney,Disney
8160,SW0745,images/SW0745.jpg,Star Wars,Star Wars
8161,DIM027,images/DIM027.jpg,Dimensions,Other
8162,NEX049,images/NEX049.jpg,NEXO KNIGHTS,NEXO KNIGHTS
8163,NEX016,images/NEX016.jpg,NEXO KNIGHTS,NEXO KNIGHTS
8164,NEX031,images/NEX031.jpg,NEXO KNIGHTS,NEXO KNIGHTS
8165,CTY0664,images/CTY0664.jpg,Town,Town
8166,DIS006,images/DIS006.jpg,Collectible Minifigures,Collectible Minifigures
8167,DFB002,images/DFB002.jpg,Collectible Minifigures,Collectible Minifigures
8168,DIM039,images/DIM039.jpg,Dimensions,Other
8169,DFB013,images/DFB013.jpg,Collectible Minifigures,Collectible Minifigures
8170,COL256,images/COL256.jpg,Collectible Minifigures,Collectible Minifigures
8171,DFB015,images/DFB015.jpg,Collectible Minifigures,Collectible Minifigures
8172,NJO0254,images/NJO0254.jpg,NINJAGO,NINJAGO
8173,NJO0259,images/NJO0259.jpg,NINJAGO,NINJAGO
8174,ANG006,images/ANG006.jpg,The Angry Birds Movie,Other
8175,DFB004,images/DFB004.jpg,Collectible Minifigures,Collectible Minifigures
8176,DFB016,images/DFB016.jpg,Collectible Minifigures,Collectible Minifigures
8177,GB020,images/GB020.jpg,Ghostbusters,Other
8178,SW0703,images/SW0703.jpg,Star Wars,Star Wars
8179,SC020,images/SC020.jpg,SPEED CHAMPIONS,SPEED CHAMPIONS
8180,CTY0672,images/CTY0672.jpg,Town,Town
8181,CTY0673,images/CTY0673.jpg,Town,Town
8182,CTY0689,images/CTY0689.jpg,Town,Town
8183,CTY0679,images/CTY0679.jpg,Town,Town
8184,CTY0666,images/CTY0666.jpg,Town,Town
8185,DFB008,images/DFB008.jpg,Collectible Minifigures,Collectible Minifigures
8186,DIS019,images/DIS019.jpg,Disney,Disney
8187,DIS012,images/DIS012.jpg,Collectible Minifigures,Collectible Minifigures
8188,ANG020,images/ANG020.jpg,The Angry Birds Movie,Other
8189,MIN034,images/MIN034.jpg,Minecraft,Minecraft
8190,MIN035,images/MIN035.jpg,Minecraft,Minecraft
8191,MIN036,images/MIN036.jpg,Minecraft,Minecraft
8192,MIN037,images/MIN037.jpg,Minecraft,Minecraft
8193,MIN038,images/MIN038.jpg,Minecraft,Minecraft
8194,MIN039,images/MIN039.jpg,Minecraft,Minecraft
8195,MIN040,images/MIN040.jpg,Minecraft,Minecraft
8196,MIN041,images/MIN041.jpg,Minecraft,Minecraft
8197,DIS020,images/DIS020.jpg,Disney,Disney
8198,DIS011,images/DIS011.jpg,Collectible Minifigures,Collectible Minifigures
8199,NEX017,images/NEX017.jpg,NEXO KNIGHTS,NEXO KNIGHTS
8200,TWN249,images/TWN249.jpg,Town,Town
8201,CTY0614,images/CTY0614.jpg,Town,Town
8202,SH0266,images/SH0266.jpg,Super Heroes,Super Heroes
8203,DIS013,images/DIS013.jpg,Collectible Minifigures,Collectible Minifigures
8204,DP028,images/DP028.jpg,Disney,Disney
8205,COL265,images/COL265.jpg,Collectible Minifigures,Collectible Minifigures
8206,COL268,images/COL268.jpg,Collectible Minifigures,Collectible Minifigures
8207,COL266,images/COL266.jpg,Collectible Minifigures,Collectible Minifigures
8208,COL267,images/COL267.jpg,Collectible Minifigures,Collectible Minifigures
8209,SW0752,images/SW0752.jpg,Star Wars,Star Wars
8210,NJO0195,images/NJO0195.jpg,NINJAGO,NINJAGO
8211,ELF014,images/ELF014.jpg,Elves,Other
8212,ELF020,images/ELF020.jpg,Elves,Other
8213,TLS114,images/TLS114.jpg,LEGO Brand,LEGO Brand
8214,DIM034,images/DIM034.jpg,Dimensions,Other
8215,SH0294,images/SH0294.jpg,Super Heroes,Super Heroes
8216,NJO0267,images/NJO0267.jpg,NINJAGO,NINJAGO
8217,NJO0268,images/NJO0268.jpg,NINJAGO,NINJAGO
8218,NJO0212,images/NJO0212.jpg,NINJAGO,NINJAGO
8219,NJO0227,images/NJO0227.jpg,NINJAGO,NINJAGO
8220,NJO0252,images/NJO0252.jpg,NINJAGO,NINJAGO
8221,NJO0200,images/NJO0200.jpg,NINJAGO,NINJAGO
8222,NJO0245,images/NJO0245.jpg,NINJAGO,NINJAGO
8223,SW0704,images/SW0704.jpg,Star Wars,Star Wars
8224,GAME014,images/GAME014.jpg,LEGO Brand,LEGO Brand
8225,TWN267,images/TWN267.jpg,Town,Town
8226,GEN079,images/GEN079.jpg,LEGO Brand,LEGO Brand
8227,CTY0630,images/CTY0630.jpg,Town,Town
8228,CTY0704,images/CTY0704.jpg,Town,Town
8229,CTY0677,images/CTY0677.jpg,Town,Town
8230,CTY0688,images/CTY0688.jpg,Town,Town
8231,AIR050,images/AIR050.jpg,Town,Town
8232,GAME016,images/GAME016.jpg,LEGO Brand,LEGO Brand
8233,CTY0636,images/CTY0636.jpg,Town,Town
8234,CTY0609,images/CTY0609.jpg,Town,Town
8235,SW0798,images/SW0798.jpg,Star Wars,Star Wars
8236,CTY0607,images/CTY0607.jpg,Town,Town
8237,CTY0608,images/CTY0608.jpg,Town,Town
8238,GB018,images/GB018.jpg,Ghostbusters,Other
8239,COL253,images/COL253.jpg,Collectible Minifigures,Collectible Minifigures
8240,DIS015,images/DIS015.jpg,Collectible Minifigures,Collectible Minifigures
8241,ANG002,images/ANG002.jpg,The Angry Birds Movie,Other
8242,ANG010,images/ANG010.jpg,The Angry Birds Movie,Other
8243,ANG011,images/ANG011.jpg,The Angry Birds Movie,Other
8244,NEX063,images/NEX063.jpg,NEXO KNIGHTS,NEXO KNIGHTS
8245,ANG004,images/ANG004.jpg,The Angry Birds Movie,Other
8246,ANG014,images/ANG014.jpg,The Angry Birds Movie,Other
8247,TWN255,images/TWN255.jpg,Town,Town
8248,CTY0625,images/CTY0625.jpg,Town,Town
8249,EDU005,images/EDU005.jpg,Educational & Dacta,Other
8250,SW0737,images/SW0737.jpg,Star Wars,Star Wars
8251,CTY0631,images/CTY0631.jpg,Town,Town
8252,CTY0645,images/CTY0645.jpg,Town,Town
8253,CTY0642,images/CTY0642.jpg,Town,Town
8254,CTY0621,images/CTY0621.jpg,Town,Town
8255,CTY0632,images/CTY0632.jpg,Town,Town
8256,CTY0620,images/CTY0620.jpg,Town,Town
8257,CTY0616,images/CTY0616.jpg,Town,Town
8258,CTY0615,images/CTY0615.jpg,Town,Town
8259,CTY0644,images/CTY0644.jpg,Town,Town
8260,CTY0619,images/CTY0619.jpg,Town,Town
8261,CTY0633,images/CTY0633.jpg,Town,Town
8262,GAME013,images/GAME013.jpg,LEGO Brand,LEGO Brand
8263,CTY0643,images/CTY0643.jpg,Town,Town
8264,CTY0618,images/CTY0618.jpg,Town,Town
8265,GAME009,images/GAME009.jpg,LEGO Brand,LEGO Brand
8266,COL276,images/COL276.jpg,Collectible Minifigures,Collectible Minifigures
8267,JAIL006,images/JAIL006.jpg,Town,Town
8268,CTY0612,images/CTY0612.jpg,Town,Town
8269,CTY0613,images/CTY0613.jpg,Town,Town
8270,COL275,images/COL275.jpg,Collectible Minifigures,Collectible Minifigures
8271,COL273,images/COL273.jpg,Collectible Minifigures,Collectible Minifigures
8272,COP056,images/COP056.jpg,Town,Town
8273,SC033,images/SC033.jpg,SPEED CHAMPIONS,SPEED CHAMPIONS
8274,SC032,images/SC032.jpg,SPEED CHAMPIONS,SPEED CHAMPIONS
8275,SC031,images/SC031.jpg,SPEED CHAMPIONS,SPEED CHAMPIONS
8276,SC030,images/SC030.jpg,SPEED CHAMPIONS,SPEED CHAMPIONS
8277,CTY0676,images/CTY0676.jpg,Town,Town
8278,TWN259,images/TWN259.jpg,Town,Town
8279,GAME011,images/GAME011.jpg,LEGO Brand,LEGO Brand
8280,SW0779,images/SW0779.jpg,Star Wars,Star Wars
8281,NJO0234,images/NJO0234.jpg,NINJAGO,NINJAGO
8282,NJO0220,images/NJO0220.jpg,NINJAGO,NINJAGO
8283,NEX018,images/NEX018.jpg,NEXO KNIGHTS,NEXO KNIGHTS
8284,COL243,images/COL243.jpg,Collectible Minifigures,Collectible Minifigures
8285,SW0746,images/SW0746.jpg,Star Wars,Star Wars
8286,SW0756,images/SW0756.jpg,Star Wars,Star Wars
8287,SH0290,images/SH0290.jpg,Super Heroes,Super Heroes
8288,CTY0646,images/CTY0646.jpg,Town,Town
8289,COL270,images/COL270.jpg,Collectible Minifigures,Collectible Minifigures
8290,RAC059,images/RAC059.jpg,Town,Town
8291,RAC060,images/RAC060.jpg,Town,Town
8292,SC021,images/SC021.jpg,SPEED CHAMPIONS,SPEED CHAMPIONS
8293,SC026,images/SC026.jpg,SPEED CHAMPIONS,SPEED CHAMPIONS
8294,SC029,images/SC029.jpg,SPEED CHAMPIONS,SPEED CHAMPIONS
8295,ELF021,images/ELF021.jpg,Elves,Other
8296,CTY0611,images/CTY0611.jpg,Town,Town
8297,DP032,images/DP032.jpg,Disney,Disney
8298,SW0728,images/SW0728.jpg,Star Wars,Star Wars
8299,SW0761,images/SW0761.jpg,Star Wars,Star Wars
8300,SW0757,images/SW0757.jpg,Star Wars,Star Wars
8301,SW0743,images/SW0743.jpg,Star Wars,Star Wars
8302,SW0793,images/SW0793.jpg,Star Wars,Star Wars
8303,SW0792,images/SW0792.jpg,Star Wars,Star Wars
8304,SW0784,images/SW0784.jpg,Star Wars,Star Wars
8305,SW0786,images/SW0786.jpg,Star Wars,Star Wars
8306,SW0688,images/SW0688.jpg,Star Wars,Star Wars
8307,SW0690,images/SW0690.jpg,Star Wars,Star Wars
8308,ANG012,images/ANG012.jpg,The Angry Birds Movie,Other
8309,GAME010,images/GAME010.jpg,LEGO Brand,LEGO Brand
8310,SH0282,images/SH0282.jpg,Super Heroes,Super Heroes
8311,SH0251,images/SH0251.jpg,Super Heroes,Super Heroes
8312,ANG005,images/ANG005.jpg,The Angry Birds Movie,Other
8313,ANG016,images/ANG016.jpg,The Angry Birds Movie,Other
8314,ANG008,images/ANG008.jpg,The Angry Birds Movie,Other
8315,ANG003,images/ANG003.jpg,The Angry Birds Movie,Other
8316,SW0699,images/SW0699.jpg,Star Wars,Star Wars
8317,SW0705,images/SW0705.jpg,Star Wars,Star Wars
8318,SW0720,images/SW0720.jpg,Star Wars,Star Wars
8319,SW0697,images/SW0697.jpg,Star Wars,Star Wars
8320,SW0721,images/SW0721.jpg,Star Wars,Star Wars
8321,SW0698,images/SW0698.jpg,Star Wars,Star Wars
8322,SW0696,images/SW0696.jpg,Star Wars,Star Wars
8323,SH0234,images/SH0234.jpg,Super Heroes,Super Heroes
8324,SH0289,images/SH0289.jpg,Super Heroes,Super Heroes
8325,SH0244,images/SH0244.jpg,Super Heroes,Super Heroes
8326,NEX036,images/NEX036.jpg,NEXO KNIGHTS,NEXO KNIGHTS
8327,NEX032,images/NEX032.jpg,NEXO KNIGHTS,NEXO KNIGHTS
8328,NEX062,images/NEX062.jpg,NEXO KNIGHTS,NEXO KNIGHTS
8329,SW0687,images/SW0687.jpg,Star Wars,Star Wars
8330,COL254,images/COL254.jpg,Collectible Minifigures,Collectible Minifigures
8331,NJO0269,images/NJO0269.jpg,NINJAGO,NINJAGO
8332,NJO0246,images/NJO0246.jpg,NINJAGO,NINJAGO
8333,SW0753,images/SW0753.jpg,Star Wars,Star Wars
8334,NEX024,images/NEX024.jpg,NEXO KNIGHTS,NEXO KNIGHTS
8335,NEX019,images/NEX019.jpg,NEXO KNIGHTS,NEXO KNIGHTS
8336,NEX038,images/NEX038.jpg,NEXO KNIGHTS,NEXO KNIGHTS
8337,NEX039B,images/NEX039B.jpg,NEXO KNIGHTS,NEXO KNIGHTS
8338,NEX039,images/NEX039.jpg,NEXO KNIGHTS,NEXO KNIGHTS
8339,NEX075,images/NEX075.jpg,NEXO KNIGHTS,NEXO KNIGHTS
8340,NEX040,images/NEX040.jpg,NEXO KNIGHTS,NEXO KNIGHTS
8341,SW0742,images/SW0742.jpg,Star Wars,Star Wars
8342,DFB011,images/DFB011.jpg,Collectible Minifigures,Collectible Minifigures
8343,NJO0229,images/NJO0229.jpg,NINJAGO,NINJAGO
8344,NJO0271,images/NJO0271.jpg,NINJAGO,NINJAGO
8345,HOL082,images/HOL082.jpg,Holiday & Event,Holiday & Event
8346,COL252,images/COL252.jpg,Collectible Minifigures,Collectible Minifigures
8347,SH0275,images/SH0275.jpg,Super Heroes,Super Heroes
8348,SW0787,images/SW0787.jpg,Star Wars,Star Wars
8349,SH0274,images/SH0274.jpg,Super Heroes,Super Heroes
8350,SH0269,images/SH0269.jpg,Super Heroes,Super Heroes
8351,SH0214,images/SH0214.jpg,Super Heroes,Super Heroes
8352,SH0213,images/SH0213.jpg,Super Heroes,Super Heroes
8353,NEX020,images/NEX020.jpg,NEXO KNIGHTS,NEXO KNIGHTS
8354,NEX034,images/NEX034.jpg,NEXO KNIGHTS,NEXO KNIGHTS
8355,NEX033,images/NEX033.jpg,NEXO KNIGHTS,NEXO KNIGHTS
8356,NEX048,images/NEX048.jpg,NEXO KNIGHTS,NEXO KNIGHTS
8357,COL240,images/COL240.jpg,Collectible Minifigures,Collectible Minifigures
8358,DFB006,images/DFB006.jpg,Collectible Minifigures,Collectible Minifigures
8359,SH0232,images/SH0232.jpg,Super Heroes,Super Heroes
8360,SW0766,images/SW0766.jpg,Star Wars,Star Wars
8361,ELF017,images/ELF017.jpg,Elves,Other
8362,MIN033,images/MIN033.jpg,Minecraft,Minecraft
8363,MIN032,images/MIN032.jpg,Minecraft,Minecraft
8364,NJO0230,images/NJO0230.jpg,NINJAGO,NINJAGO
8365,NJO0231,images/NJO0231.jpg,NINJAGO,NINJAGO
8366,GB011,images/GB011.jpg,Ghostbusters,Other
8367,DIM021,images/DIM021.jpg,Dimensions,Other
8368,SW0763,images/SW0763.jpg,Star Wars,Star Wars
8369,DP021,images/DP021.jpg,Disney,Disney
8370,SW1133,images/SW1133.jpg,Star Wars,Star Wars
8371,SW0764,images/SW0764.jpg,Star Wars,Star Wars
8372,DIM031,images/DIM031.jpg,Dimensions,Other
8373,SH0228,images/SH0228.jpg,Super Heroes,Super Heroes
8374,SH0229,images/SH0229.jpg,Super Heroes,Super Heroes
8375,SH0273,images/SH0273.jpg,Super Heroes,Super Heroes
8376,SH0299,images/SH0299.jpg,Super Heroes,Super Heroes
8377,SH0248,images/SH0248.jpg,Super Heroes,Super Heroes
8378,COL248,images/COL248.jpg,Collectible Minifigures,Collectible Minifigures
8379,CTY0634,images/CTY0634.jpg,Town,Town
8380,COL257,images/COL257.jpg,Collectible Minifigures,Collectible Minifigures
8381,NJO0203,images/NJO0203.jpg,NINJAGO,NINJAGO
8382,NJO0215,images/NJO0215.jpg,NINJAGO,NINJAGO
8383,NEX041,images/NEX041.jpg,NEXO KNIGHTS,NEXO KNIGHTS
8384,DIS023,images/DIS023.jpg,Disney,Disney
8385,TWN258,images/TWN258.jpg,Town,Town
8386,DIM018,images/DIM018.jpg,Dimensions,Other
8387,ANG009,images/ANG009.jpg,The Angry Birds Movie,Other
8388,MIN031,images/MIN031.jpg,Minecraft,Minecraft
8389,SH0295,images/SH0295.jpg,Super Heroes,Super Heroes
8390,DIS001,images/DIS001.jpg,Collectible Minifigures,Collectible Minifigures
8391,NJO0264,images/NJO0264.jpg,NINJAGO,NINJAGO
8392,NJO0222,images/NJO0222.jpg,NINJAGO,NINJAGO
8393,NJO0235,images/NJO0235.jpg,NINJAGO,NINJAGO
8394,DIM033,images/DIM033.jpg,Dimensions,Other
8395,GEN080,images/GEN080.jpg,LEGO Brand,LEGO Brand
8396,DIM040,images/DIM040.jpg,Dimensions,Other
8397,DIM019,images/DIM019.jpg,Dimensions,Other
8398,SH0219,images/SH0219.jpg,Super Heroes,Super Heroes
8399,SH0220,images/SH0220.jpg,Super Heroes,Super Heroes
8400,COL274,images/COL274.jpg,Collectible Minifigures,Collectible Minifigures
8401,DIS014,images/DIS014.jpg,Collectible Minifigures,Collectible Minifigures
8402,NJO0240,images/NJO0240.jpg,NINJAGO,NINJAGO
8403,SH0291,images/SH0291.jpg,Super Heroes,Super Heroes
8404,SW0740,images/SW0740.jpg,Star Wars,Star Wars
8405,COL269,images/COL269.jpg,Collectible Minifigures,Collectible Minifigures
8406,SH0230,images/SH0230.jpg,Super Heroes,Super Heroes
8407,SH0298,images/SH0298.jpg,Super Heroes,Super Heroes
8408,IDEA027,images/IDEA027.jpg,LEGO Ideas,LEGO Ideas
8409,IDEA029,images/IDEA029.jpg,LEGO Ideas,LEGO Ideas
8410,IDEA025,images/IDEA025.jpg,LEGO Ideas,LEGO Ideas
8411,IDEA026,images/IDEA026.jpg,LEGO Ideas,LEGO Ideas
8412,IDEA028,images/IDEA028.jpg,LEGO Ideas,LEGO Ideas
8413,SH0246,images/SH0246.jpg,Super Heroes,Super Heroes
8414,SH0238,images/SH0238.jpg,Super Heroes,Super Heroes
8415,DIM017,images/DIM017.jpg,Dimensions,Other
8416,SH0239,images/SH0239.jpg,Super Heroes,Super Heroes
8417,SH0240,images/SH0240.jpg,Super Heroes,Super Heroes
8418,SH0256,images/SH0256.jpg,Super Heroes,Super Heroes
8419,DFB009,images/DFB009.jpg,Collectible Minifigures,Collectible Minifigures
8420,ELF013,images/ELF013.jpg,Elves,Other
8421,DIM029,images/DIM029.jpg,Dimensions,Other
8422,DIS022,images/DIS022.jpg,Disney,Disney
8423,DFB010,images/DFB010.jpg,Collectible Minifigures,Collectible Minifigures
8424,SW0726,images/SW0726.jpg,Star Wars,Star Wars
8425,CTY0674,images/CTY0674.jpg,Town,Town
8426,COL232,images/COL232.jpg,Collectible Minifigures,Collectible Minifigures
8427,SW0710,images/SW0710.jpg,Star Wars,Star Wars
8428,SH0253,images/SH0253.jpg,Super Heroes,Super Heroes
8429,SW0739,images/SW0739.jpg,Star Wars,Star Wars
8430,SW0723,images/SW0723.jpg,Star Wars,Star Wars
8431,DIS017,images/DIS017.jpg,Collectible Minifigures,Collectible Minifigures
8432,MIN028,images/MIN028.jpg,Minecraft,Minecraft
8433,MIN029,images/MIN029.jpg,Minecraft,Minecraft
8434,SH0303,images/SH0303.jpg,Super Heroes,Super Heroes
8435,CTY0680,images/CTY0680.jpg,Town,Town
8436,CTY0693,images/CTY0693.jpg,Town,Town
8437,CTY0681,images/CTY0681.jpg,Town,Town
8438,CTY0687,images/CTY0687.jpg,Town,Town
8439,CTY0690,images/CTY0690.jpg,Town,Town
8440,CTY0685,images/CTY0685.jpg,Town,Town
8441,CTY0686,images/CTY0686.jpg,Town,Town
8442,CTY0682,images/CTY0682.jpg,Town,Town
8443,CTY0697,images/CTY0697.jpg,Town,Town
8444,CTY0740,images/CTY0740.jpg,Town,Town
8445,CTY0695,images/CTY0695.jpg,Town,Town
8446,CTY0683,images/CTY0683.jpg,Town,Town
8447,CTY0694,images/CTY0694.jpg,Town,Town
8448,SH0285,images/SH0285.jpg,Super Heroes,Super Heroes
8449,SH0258,images/SH0258.jpg,Super Heroes,Super Heroes
8450,COL263,images/COL263.jpg,Collectible Minifigures,Collectible Minifigures
8451,COL261,images/COL261.jpg,Collectible Minifigures,Collectible Minifigures
8452,COL264,images/COL264.jpg,Collectible Minifigures,Collectible Minifigures
8453,COL262,images/COL262.jpg,Collectible Minifigures,Collectible Minifigures
8454,SW0730,images/SW0730.jpg,Star Wars,Star Wars
8455,SW0729,images/SW0729.jpg,Star Wars,Star Wars
8456,NEX061,images/NEX061.jpg,NEXO KNIGHTS,NEXO KNIGHTS
8457,SH0287,images/SH0287.jpg,Super Heroes,Super Heroes
8458,COL250,images/COL250.jpg,Collectible Minifigures,Collectible Minifigures
8459,COL271A,images/COL271A.jpg,Collectible Minifigures,Collectible Minifigures
8460,GB014B,images/GB014B.jpg,Ghostbusters,Other
8461,HOL076,images/HOL076.jpg,Holiday & Event,Holiday & Event
8462,HOL075,images/HOL075.jpg,Holiday & Event,Holiday & Event
8463,HOL077,images/HOL077.jpg,Holiday & Event,Holiday & Event
8464,HOL078,images/HOL078.jpg,Holiday & Event,Holiday & Event
8465,HOL079,images/HOL079.jpg,Holiday & Event,Holiday & Event
8466,SH0257,images/SH0257.jpg,Super Heroes,Super Heroes
8467,MIN154,images/MIN154.jpg,Minecraft,Minecraft
8468,MIN025,images/MIN025.jpg,Minecraft,Minecraft
8469,GEN082,images/GEN082.jpg,LEGO Brand,LEGO Brand
8470,GEN081,images/GEN081.jpg,LEGO Brand,LEGO Brand
8471,SH0221,images/SH0221.jpg,Super Heroes,Super Heroes
8472,SW0713,images/SW0713.jpg,Star Wars,Star Wars
8473,COL241,images/COL241.jpg,Collectible Minifigures,Collectible Minifigures
8474,NJO0225,images/NJO0225.jpg,NINJAGO,NINJAGO
8475,NJO0208,images/NJO0208.jpg,NINJAGO,NINJAGO
8476,SW0707,images/SW0707.jpg,Star Wars,Star Wars
8477,SW0754,images/SW0754.jpg,Star Wars,Star Wars
8478,NJO0260,images/NJO0260.jpg,NINJAGO,NINJAGO
8479,NJO0266,images/NJO0266.jpg,NINJAGO,NINJAGO
8480,NJO0228,images/NJO0228.jpg,NINJAGO,NINJAGO
8481,NJO0233,images/NJO0233.jpg,NINJAGO,NINJAGO
8482,NJO0189,images/NJO0189.jpg,NINJAGO,NINJAGO
8483,NJO0251,images/NJO0251.jpg,NINJAGO,NINJAGO
8484,NJO0237,images/NJO0237.jpg,NINJAGO,NINJAGO
8485,NJO0217,images/NJO0217.jpg,NINJAGO,NINJAGO
8486,GB009,images/GB009.jpg,Ghostbusters,Other
8487,MIN030,images/MIN030.jpg,Minecraft,Minecraft
8488,SC037,images/SC037.jpg,SPEED CHAMPIONS,SPEED CHAMPIONS
8489,SC038,images/SC038.jpg,SPEED CHAMPIONS,SPEED CHAMPIONS
8490,SW0830,images/SW0830.jpg,Star Wars,Star Wars
8491,NEX103,images/NEX103.jpg,NEXO KNIGHTS,NEXO KNIGHTS
8492,SH0339,images/SH0339.jpg,Super Heroes,Super Heroes
8493,NEX078,images/NEX078.jpg,NEXO KNIGHTS,NEXO KNIGHTS
8494,NEX115,images/NEX115.jpg,NEXO KNIGHTS,NEXO KNIGHTS
8495,NEX068,images/NEX068.jpg,NEXO KNIGHTS,NEXO KNIGHTS
8496,SW0833,images/SW0833.jpg,Star Wars,Star Wars
8497,NJO0292,images/NJO0292.jpg,NINJAGO,NINJAGO
8498,SW0816,images/SW0816.jpg,Star Wars,Star Wars
8499,SH0369,images/SH0369.jpg,Super Heroes,Super Heroes
8500,ELF037,images/ELF037.jpg,Elves,Other
8501,MIN051,images/MIN051.jpg,Minecraft,Minecraft
8502,MIN047,images/MIN047.jpg,Minecraft,Minecraft
8503,MIN045,images/MIN045.jpg,Minecraft,Minecraft
8504,MIN055,images/MIN055.jpg,Minecraft,Minecraft
8505,SH0424,images/SH0424.jpg,Super Heroes,Super Heroes
8506,SH0446,images/SH0446.jpg,Super Heroes,Super Heroes
8507,SH0313,images/SH0313.jpg,Super Heroes,Super Heroes
8508,SW0829,images/SW0829.jpg,Star Wars,Star Wars
8509,NJO0368,images/NJO0368.jpg,The LEGO NINJAGO Movie,Other
8510,CTY0713,images/CTY0713.jpg,Town,Town
8511,CTY0714,images/CTY0714.jpg,Town,Town
8512,DP033,images/DP033.jpg,Disney,Disney
8513,DP036,images/DP036.jpg,Disney,Disney
8514,DP041,images/DP041.jpg,Disney,Disney
8515,SH0429,images/SH0429.jpg,Super Heroes,Super Heroes
8516,CAS544,images/CAS544.jpg,Castle,Castle
8517,DP037,images/DP037.jpg,Disney,Disney
8518,COLTLBM08,images/COLTLBM08.jpg,Collectible Minifigures,Collectible Minifigures
8519,NJO0298,images/NJO0298.jpg,NINJAGO,NINJAGO
8520,SW0825,images/SW0825.jpg,Star Wars,Star Wars
8521,SW0809,images/SW0809.jpg,Star Wars,Star Wars
8522,CTY0727,images/CTY0727.jpg,Town,Town
8523,TWN303,images/TWN303.jpg,Town,Town
8524,SH0430,images/SH0430.jpg,Super Heroes,Super Heroes
8525,SH0432,images/SH0432.jpg,Super Heroes,Super Heroes
8526,CTY0729,images/CTY0729.jpg,Town,Town
8527,CTY0728,images/CTY0728.jpg,Town,Town
8528,NEX079,images/NEX079.jpg,NEXO KNIGHTS,NEXO KNIGHTS
8529,NEX069,images/NEX069.jpg,NEXO KNIGHTS,NEXO KNIGHTS
8530,NEX094,images/NEX094.jpg,NEXO KNIGHTS,NEXO KNIGHTS
8531,SH0378,images/SH0378.jpg,Super Heroes,Super Heroes
8532,ELF036,images/ELF036.jpg,Elves,Other
8533,FRND0279,images/FRND0279.jpg,Friends,Friends
8534,TWN269,images/TWN269.jpg,Town,Town
8535,SW0840,images/SW0840.jpg,Star Wars,Star Wars
8536,TWN273,images/TWN273.jpg,Town,Town
8537,SH0414,images/SH0414.jpg,Super Heroes,Super Heroes
8538,SH0337,images/SH0337.jpg,Super Heroes,Super Heroes
8539,SH0328,images/SH0328.jpg,Super Heroes,Super Heroes
8540,COLTLBM06,images/COLTLBM06.jpg,Collectible Minifigures,Collectible Minifigures
8541,TWN270,images/TWN270.jpg,Town,Town
8542,SHG026,images/SHG026.jpg,DC Super Hero Girls,Other
8543,SHG001,images/SHG001.jpg,DC Super Hero Girls,Other
8544,SHG012,images/SHG012.jpg,DC Super Hero Girls,Other
8545,SH0305,images/SH0305.jpg,Super Heroes,Super Heroes
8546,DIM044,images/DIM044.jpg,Dimensions,Other
8547,SH0419,images/SH0419.jpg,Super Heroes,Super Heroes
8548,SH0402,images/SH0402.jpg,Super Heroes,Super Heroes
8549,SH0437,images/SH0437.jpg,Super Heroes,Super Heroes
8550,SH0311,images/SH0311.jpg,Super Heroes,Super Heroes
8551,SH0309,images/SH0309.jpg,Super Heroes,Super Heroes
8552,SH0356,images/SH0356.jpg,Super Heroes,Super Heroes
8553,SH0435,images/SH0435.jpg,Super Heroes,Super Heroes
8554,SH0310,images/SH0310.jpg,Super Heroes,Super Heroes
8555,SH0312,images/SH0312.jpg,Super Heroes,Super Heroes
8556,SH0318,images/SH0318.jpg,Super Heroes,Super Heroes
8557,SH0329,images/SH0329.jpg,Super Heroes,Super Heroes
8558,SH0415,images/SH0415.jpg,Super Heroes,Super Heroes
8559,SH0376,images/SH0376.jpg,Super Heroes,Super Heroes
8560,SH0377,images/SH0377.jpg,Super Heroes,Super Heroes
8561,SH0390,images/SH0390.jpg,Super Heroes,Super Heroes
8562,COL295,images/COL295.jpg,Collectible Minifigures,Collectible Minifigures
8563,COLTLBM24,images/COLTLBM24.jpg,Collectible Minifigures,Collectible Minifigures
8564,SW0874,images/SW0874.jpg,Star Wars,Star Wars
8565,SW0855,images/SW0855.jpg,Star Wars,Star Wars
8566,CTY0765,images/CTY0765.jpg,Town,Town
8567,CTY0769,images/CTY0769.jpg,Town,Town
8568,CTY0760,images/CTY0760.jpg,Town,Town
8569,CTY0771,images/CTY0771.jpg,Town,Town
8570,CTY0770,images/CTY0770.jpg,Town,Town
8571,CTY0768,images/CTY0768.jpg,Town,Town
8572,CTY0766,images/CTY0766.jpg,Town,Town
8573,CTY0762,images/CTY0762.jpg,Town,Town
8574,CTY0763,images/CTY0763.jpg,Town,Town
8575,CTY0757,images/CTY0757.jpg,Town,Town
8576,CTY0759,images/CTY0759.jpg,Town,Town
8577,CTY0764,images/CTY0764.jpg,Town,Town
8578,CTY0758,images/CTY0758.jpg,Town,Town
8579,DIM049,images/DIM049.jpg,Dimensions,Other
8580,DIM050,images/DIM050.jpg,Dimensions,Other
8581,SH0425,images/SH0425.jpg,Super Heroes,Super Heroes
8582,SH0349,images/SH0349.jpg,Super Heroes,Super Heroes
8583,DIM052,images/DIM052.jpg,Dimensions,Other
8584,CTY0747,images/CTY0747.jpg,Town,Town
8585,CTY0807,images/CTY0807.jpg,Town,Town
8586,CON012,images/CON012.jpg,Town,Town
8587,SW0822,images/SW0822.jpg,Star Wars,Star Wars
8588,SW0844,images/SW0844.jpg,Star Wars,Star Wars
8589,SW0828,images/SW0828.jpg,Star Wars,Star Wars
8590,COL304,images/COL304.jpg,Collectible Minifigures,Collectible Minifigures
8591,TWN296,images/TWN296.jpg,Town,Town
8592,TWN302,images/TWN302.jpg,Town,Town
8593,TWN300,images/TWN300.jpg,Town,Town
8594,HOL084,images/HOL084.jpg,Holiday & Event,Holiday & Event
8595,TWN291,images/TWN291.jpg,Town,Town
8596,IDEA033,images/IDEA033.jpg,LEGO Ideas,LEGO Ideas
8597,NEX092,images/NEX092.jpg,NEXO KNIGHTS,NEXO KNIGHTS
8598,NEX112,images/NEX112.jpg,NEXO KNIGHTS,NEXO KNIGHTS
8599,NEX120,images/NEX120.jpg,NEXO KNIGHTS,NEXO KNIGHTS
8600,NEX113,images/NEX113.jpg,NEXO KNIGHTS,NEXO KNIGHTS
8601,NEX104,images/NEX104.jpg,NEXO KNIGHTS,NEXO KNIGHTS
8602,NEX118,images/NEX118.jpg,NEXO KNIGHTS,NEXO KNIGHTS
8603,NEX114,images/NEX114.jpg,NEXO KNIGHTS,NEXO KNIGHTS
8604,CRS010,images/CRS010.jpg,Cars,Other
8605,SH0408,images/SH0408.jpg,Super Heroes,Super Heroes
8606,SH0308,images/SH0308.jpg,Super Heroes,Super Heroes
8607,DIM053,images/DIM053.jpg,Dimensions,Other
8608,SC035,images/SC035.jpg,SPEED CHAMPIONS,SPEED CHAMPIONS
8609,CTY0712,images/CTY0712.jpg,Town,Town
8610,SHG007,images/SHG007.jpg,DC Super Hero Girls,Other
8611,TWN277,images/TWN277.jpg,Town,Town
8612,DIM051,images/DIM051.jpg,Dimensions,Other
8613,COL292,images/COL292.jpg,Collectible Minifigures,Collectible Minifigures
8614,COLTLBM18,images/COLTLBM18.jpg,Collectible Minifigures,Collectible Minifigures
8615,SH0335,images/SH0335.jpg,Super Heroes,Super Heroes
8616,SC041,images/SC041.jpg,SPEED CHAMPIONS,SPEED CHAMPIONS
8617,POC035,images/POC035.jpg,Pirates of the Caribbean,Other
8618,SW0868,images/SW0868.jpg,Star Wars,Star Wars
8619,POC039,images/POC039.jpg,Pirates of the Caribbean,Other
8620,CTY0798,images/CTY0798.jpg,Town,Town
8621,CTY0799,images/CTY0799.jpg,Town,Town
8622,CTY0801,images/CTY0801.jpg,Town,Town
8623,POC037,images/POC037.jpg,Pirates of the Caribbean,Other
8624,TWN292,images/TWN292.jpg,Town,Town
8625,SW0813,images/SW0813.jpg,Star Wars,Star Wars
8626,CAS543,images/CAS543.jpg,Castle,Castle
8627,CTY0731,images/CTY0731.jpg,Town,Town
8628,CTY0730,images/CTY0730.jpg,Town,Town
8629,COLTLBM16,images/COLTLBM16.jpg,Collectible Minifigures,Collectible Minifigures
8630,SH0330,images/SH0330.jpg,Super Heroes,Super Heroes
8631,SH0338,images/SH0338.jpg,Super Heroes,Super Heroes
8632,COL302,images/COL302.jpg,Collectible Minifigures,Collectible Minifigures
8633,COL303,images/COL303.jpg,Collectible Minifigures,Collectible Minifigures
8634,DIM047,images/DIM047.jpg,Dimensions,Other
8635,CHEF025,images/CHEF025.jpg,Town,Town
8636,CHEF024,images/CHEF024.jpg,Town,Town
8637,SH0399,images/SH0399.jpg,Super Heroes,Super Heroes
8638,HOL087,images/HOL087.jpg,Holiday & Event,Holiday & Event
8639,HOL088,images/HOL088.jpg,Holiday & Event,Holiday & Event
8640,HOL112,images/HOL112.jpg,Holiday & Event,Holiday & Event
8641,HOL104,images/HOL104.jpg,Holiday & Event,Holiday & Event
8642,TWN289,images/TWN289.jpg,Town,Town
8643,TWN293,images/TWN293.jpg,Town,Town
8644,CTY0767,images/CTY0767.jpg,Town,Town
8645,CTY0761,images/CTY0761.jpg,Town,Town
8646,HOL098,images/HOL098.jpg,Holiday & Event,Holiday & Event
8647,HOL096,images/HOL096.jpg,Holiday & Event,Holiday & Event
8648,HOL097,images/HOL097.jpg,Holiday & Event,Holiday & Event
8649,DP039,images/DP039.jpg,Disney,Disney
8650,COL287,images/COL287.jpg,Collectible Minifigures,Collectible Minifigures
8651,CTY0787,images/CTY0787.jpg,Town,Town
8652,CTY0782,images/CTY0782.jpg,Town,Town
8653,CTY0785,images/CTY0785.jpg,Town,Town
8654,CTY0783,images/CTY0783.jpg,Town,Town
8655,CTY0815,images/CTY0815.jpg,Town,Town
8656,CTY0802,images/CTY0802.jpg,Town,Town
8657,CTY0803,images/CTY0803.jpg,Town,Town
8658,CTY0821,images/CTY0821.jpg,Town,Town
8659,CTY0805,images/CTY0805.jpg,Town,Town
8660,HOL109,images/HOL109.jpg,Holiday & Event,Holiday & Event
8661,CTY0793,images/CTY0793.jpg,Town,Town
8662,CTY0795,images/CTY0795.jpg,Town,Town
8663,CTY0816,images/CTY0816.jpg,Town,Town
8664,COL311,images/COL311.jpg,Collectible Minifigures,Collectible Minifigures
8665,CTY0790,images/CTY0790.jpg,Town,Town
8666,CTY0820,images/CTY0820.jpg,Town,Town
8667,CTY0886,images/CTY0886.jpg,Town,Town
8668,CTY0792,images/CTY0792.jpg,Town,Town
8669,CTY0823,images/CTY0823.jpg,Town,Town
8670,CTY0806,images/CTY0806.jpg,Town,Town
8671,CTY0822,images/CTY0822.jpg,Town,Town
8672,CTY0796,images/CTY0796.jpg,Town,Town
8673,CTY0804,images/CTY0804.jpg,Town,Town
8674,CTY0808,images/CTY0808.jpg,Town,Town
8675,CTY0791,images/CTY0791.jpg,Town,Town
8676,COL308,images/COL308.jpg,Collectible Minifigures,Collectible Minifigures
8677,CTY0794,images/CTY0794.jpg,Town,Town
8678,COL310,images/COL310.jpg,Collectible Minifigures,Collectible Minifigures
8679,CTY0788,images/CTY0788.jpg,Town,Town
8680,CTY0789,images/CTY0789.jpg,Town,Town
8681,COL309,images/COL309.jpg,Collectible Minifigures,Collectible Minifigures
8682,CTY0814,images/CTY0814.jpg,Town,Town
8683,CTY0786,images/CTY0786.jpg,Town,Town
8684,COLTLBM04,images/COLTLBM04.jpg,Collectible Minifigures,Collectible Minifigures
8685,TWN304,images/TWN304.jpg,Town,Town
8686,NEX090,images/NEX090.jpg,NEXO KNIGHTS,NEXO KNIGHTS
8687,NEX073,images/NEX073.jpg,NEXO KNIGHTS,NEXO KNIGHTS
8688,NEX093,images/NEX093.jpg,NEXO KNIGHTS,NEXO KNIGHTS
8689,NEX083,images/NEX083.jpg,NEXO KNIGHTS,NEXO KNIGHTS
8690,NEX117,images/NEX117.jpg,NEXO KNIGHTS,NEXO KNIGHTS
8691,NEX125,images/NEX125.jpg,NEXO KNIGHTS,NEXO KNIGHTS
8692,NEX106,images/NEX106.jpg,NEXO KNIGHTS,NEXO KNIGHTS
8693,SW0837,images/SW0837.jpg,Star Wars,Star Wars
8694,CTY0813,images/CTY0813.jpg,Town,Town
8695,CTY0797,images/CTY0797.jpg,Town,Town
8696,CTY0809,images/CTY0809.jpg,Town,Town
8697,CTY0862,images/CTY0862.jpg,Town,Town
8698,CTY0812,images/CTY0812.jpg,Town,Town
8699,CTY0826,images/CTY0826.jpg,Town,Town
8700,CTY0863,images/CTY0863.jpg,Town,Town
8701,CTY0861,images/CTY0861.jpg,Town,Town
8702,CTY0827,images/CTY0827.jpg,Town,Town
8703,CTY0828,images/CTY0828.jpg,Town,Town
8704,CTY0865,images/CTY0865.jpg,Town,Town
8705,CTY0829,images/CTY0829.jpg,Town,Town
8706,CTY0817,images/CTY0817.jpg,Town,Town
8707,CTY0810,images/CTY0810.jpg,Town,Town
8708,CTY0824,images/CTY0824.jpg,Town,Town
8709,CTY0818,images/CTY0818.jpg,Town,Town
8710,CTY0866,images/CTY0866.jpg,Town,Town
8711,CTY0825,images/CTY0825.jpg,Town,Town
8712,CTY0864,images/CTY0864.jpg,Town,Town
8713,CTY0811,images/CTY0811.jpg,Town,Town
8714,CTY0860,images/CTY0860.jpg,Town,Town
8715,HOL107,images/HOL107.jpg,Holiday & Event,Holiday & Event
8716,HOL108,images/HOL108.jpg,Holiday & Event,Holiday & Event
8717,NJO0297,images/NJO0297.jpg,NINJAGO,NINJAGO
8718,NJO0304,images/NJO0304.jpg,NINJAGO,NINJAGO
8719,NJO0280,images/NJO0280.jpg,NINJAGO,NINJAGO
8720,NJO0363,images/NJO0363.jpg,The LEGO NINJAGO Movie,Other
8721,NJO0322,images/NJO0322.jpg,The LEGO NINJAGO Movie,Other
8722,NJO0323,images/NJO0323.jpg,The LEGO NINJAGO Movie,Other
8723,COLTLNM08,images/COLTLNM08.jpg,Collectible Minifigures,Collectible Minifigures
8724,NJO0293,images/NJO0293.jpg,NINJAGO,NINJAGO
8725,NJO0294,images/NJO0294.jpg,NINJAGO,NINJAGO
8726,SH0326,images/SH0326.jpg,Super Heroes,Super Heroes
8727,COLTLBM07,images/COLTLBM07.jpg,Collectible Minifigures,Collectible Minifigures
8728,COL294,images/COL294.jpg,Collectible Minifigures,Collectible Minifigures
8729,CTY0700,images/CTY0700.jpg,Town,Town
8730,CTY0699,images/CTY0699.jpg,Town,Town
8731,COL289,images/COL289.jpg,Collectible Minifigures,Collectible Minifigures
8732,MIN052,images/MIN052.jpg,Minecraft,Minecraft
8733,NJO0422,images/NJO0422.jpg,The LEGO NINJAGO Movie,Other
8734,NJO0369,images/NJO0369.jpg,The LEGO NINJAGO Movie,Other
8735,CRS017,images/CRS017.jpg,Cars,Other
8736,CRS002,images/CRS002.jpg,Cars,Other
8737,CRS008,images/CRS008.jpg,Cars,Other
8738,SH0436,images/SH0436.jpg,Super Heroes,Super Heroes
8739,TWN298,images/TWN298.jpg,Town,Town
8740,TWN295,images/TWN295.jpg,Town,Town
8741,COL299,images/COL299.jpg,Collectible Minifigures,Collectible Minifigures
8742,TWN287,images/TWN287.jpg,Town,Town
8743,TWN284,images/TWN284.jpg,Town,Town
8744,CAS550,images/CAS550.jpg,Castle,Castle
8745,SW0808,images/SW0808.jpg,Star Wars,Star Wars
8746,SW0834,images/SW0834.jpg,Star Wars,Star Wars
8747,SW0835,images/SW0835.jpg,Star Wars,Star Wars
8748,SH0427,images/SH0427.jpg,Super Heroes,Super Heroes
8749,TWN272,images/TWN272.jpg,Town,Town
8750,SH0325,images/SH0325.jpg,Super Heroes,Super Heroes
8751,COLTLBM09,images/COLTLBM09.jpg,Collectible Minifigures,Collectible Minifigures
8752,SH0443,images/SH0443.jpg,Super Heroes,Super Heroes
8753,SH0445,images/SH0445.jpg,Super Heroes,Super Heroes
8754,SH0444,images/SH0444.jpg,Super Heroes,Super Heroes
8755,SH0440,images/SH0440.jpg,Super Heroes,Super Heroes
8756,DOC037,images/DOC037.jpg,Town,Town
8757,COLTLBM21,images/COLTLBM21.jpg,Collectible Minifigures,Collectible Minifigures
8758,SH0359,images/SH0359.jpg,Super Heroes,Super Heroes
8759,SH0340,images/SH0340.jpg,Super Heroes,Super Heroes
8760,CTY0749,images/CTY0749.jpg,Town,Town
8761,CTY0750,images/CTY0750.jpg,Town,Town
8762,SH0387,images/SH0387.jpg,Super Heroes,Super Heroes
8763,SP126,images/SP126.jpg,Town,Town
8764,CRS024,images/CRS024.jpg,DUPLO,DUPLO
8765,47205PB051,images/47205PB051.jpg,DUPLO,DUPLO
8766,47205PB047,images/47205PB047.jpg,DUPLO,DUPLO
8767,47205PB043A,images/47205PB043A.jpg,DUPLO,DUPLO
8768,47205PB042A,images/47205PB042A.jpg,DUPLO,DUPLO
8769,47205PB050,images/47205PB050.jpg,DUPLO,DUPLO
8770,47205PB045,images/47205PB045.jpg,DUPLO,DUPLO
8771,47205PB041A,images/47205PB041A.jpg,DUPLO,DUPLO
8772,47205PB053,images/47205PB053.jpg,DUPLO,DUPLO
8773,47205PB030A,images/47205PB030A.jpg,DUPLO,DUPLO
8774,47205PB052,images/47205PB052.jpg,DUPLO,DUPLO
8775,47394PB236,images/47394PB236.jpg,DUPLO,DUPLO
8776,47394PB240,images/47394PB240.jpg,DUPLO,DUPLO
8777,47394PB241,images/47394PB241.jpg,DUPLO,DUPLO
8778,47394PB234,images/47394PB234.jpg,DUPLO,DUPLO
8779,47394PB226,images/47394PB226.jpg,DUPLO,DUPLO
8780,47394PB173A,images/47394PB173A.jpg,DUPLO,DUPLO
8781,47394PB221,images/47394PB221.jpg,DUPLO,DUPLO
8782,47394PB203A,images/47394PB203A.jpg,DUPLO,DUPLO
8783,47394PB214,images/47394PB214.jpg,DUPLO,DUPLO
8784,47394PB228,images/47394PB228.jpg,DUPLO,DUPLO
8785,47394PB227,images/47394PB227.jpg,DUPLO,DUPLO
8786,47394PB165A,images/47394PB165A.jpg,DUPLO,DUPLO
8787,47394PB220,images/47394PB220.jpg,DUPLO,DUPLO
8788,47394PB182,images/47394PB182.jpg,DUPLO,DUPLO
8789,47394PB166A,images/47394PB166A.jpg,DUPLO,DUPLO
8790,47394PB233,images/47394PB233.jpg,DUPLO,DUPLO
8791,47394PB232,images/47394PB232.jpg,DUPLO,DUPLO
8792,47394PB235,images/47394PB235.jpg,DUPLO,DUPLO
8793,47394PB224,images/47394PB224.jpg,DUPLO,DUPLO
8794,47394PB225,images/47394PB225.jpg,DUPLO,DUPLO
8795,47394PB229,images/47394PB229.jpg,DUPLO,DUPLO
8796,47394PB230,images/47394PB230.jpg,DUPLO,DUPLO
8797,CRS022,images/CRS022.jpg,DUPLO,DUPLO
8798,CRS021,images/CRS021.jpg,DUPLO,DUPLO
8799,CRS023,images/CRS023.jpg,DUPLO,DUPLO
8800,CRS020,images/CRS020.jpg,DUPLO,DUPLO
8801,CRS019,images/CRS019.jpg,DUPLO,DUPLO
8802,COLTLBM22,images/COLTLBM22.jpg,Collectible Minifigures,Collectible Minifigures
8803,SHG016,images/SHG016.jpg,DC Super Hero Girls,Other
8804,NJO0370,images/NJO0370.jpg,The LEGO NINJAGO Movie,Other
8805,NJO0371,images/NJO0371.jpg,The LEGO NINJAGO Movie,Other
8806,HOL085,images/HOL085.jpg,Holiday & Event,Holiday & Event
8807,COL300,images/COL300.jpg,Collectible Minifigures,Collectible Minifigures
8808,DP034,images/DP034.jpg,Disney,Disney
8809,DP035,images/DP035.jpg,Disney,Disney
8810,ELF034,images/ELF034.jpg,Elves,Other
8811,ELF034B,images/ELF034B.jpg,Elves,Other
8812,MIN049,images/MIN049.jpg,Minecraft,Minecraft
8813,COLTLBM12,images/COLTLBM12.jpg,Collectible Minifigures,Collectible Minifigures
8814,DIM043,images/DIM043.jpg,Dimensions,Other
8815,SH0392,images/SH0392.jpg,Super Heroes,Super Heroes
8816,COLTLBM03,images/COLTLBM03.jpg,Collectible Minifigures,Collectible Minifigures
8817,DP040,images/DP040.jpg,Disney,Disney
8818,NEX099,images/NEX099.jpg,NEXO KNIGHTS,NEXO KNIGHTS
8819,CTY0723,images/CTY0723.jpg,Town,Town
8820,HOL100,images/HOL100.jpg,Holiday & Event,Holiday & Event
8821,ELF035,images/ELF035.jpg,Elves,Other
8822,CTY0724,images/CTY0724.jpg,Town,Town
8823,TWN281,images/TWN281.jpg,Town,Town
8824,CTY0721,images/CTY0721.jpg,Town,Town
8825,HOL089,images/HOL089.jpg,Holiday & Event,Holiday & Event
8826,TWN288,images/TWN288.jpg,Town,Town
8827,SC049,images/SC049.jpg,SPEED CHAMPIONS,SPEED CHAMPIONS
8828,SC050,images/SC050.jpg,SPEED CHAMPIONS,SPEED CHAMPIONS
8829,SC051,images/SC051.jpg,SPEED CHAMPIONS,SPEED CHAMPIONS
8830,SC048,images/SC048.jpg,SPEED CHAMPIONS,SPEED CHAMPIONS
8831,SW0858,images/SW0858.jpg,Star Wars,Star Wars
8832,CTY0736,images/CTY0736.jpg,Town,Town
8833,CTY0737,images/CTY0737.jpg,Town,Town
8834,CTY0741,images/CTY0741.jpg,Town,Town
8835,CTY0717,images/CTY0717.jpg,Town,Town
8836,FST025,images/FST025.jpg,FIRST LEGO League,Other
8837,SW0842,images/SW0842.jpg,Star Wars,Star Wars
8838,SW0832,images/SW0832.jpg,Star Wars,Star Wars
8839,SW0870,images/SW0870.jpg,Star Wars,Star Wars
8840,SW0871,images/SW0871.jpg,Star Wars,Star Wars
8841,SW0875,images/SW0875.jpg,Star Wars,Star Wars
8842,SW0872,images/SW0872.jpg,Star Wars,Star Wars
8843,SW0860,images/SW0860.jpg,Star Wars,Star Wars
8844,SW0869,images/SW0869.jpg,Star Wars,Star Wars
8845,IDEA031,images/IDEA031.jpg,LEGO Ideas,LEGO Ideas
8846,IDEA030,images/IDEA030.jpg,LEGO Ideas,LEGO Ideas
8847,COLTLNM15,images/COLTLNM15.jpg,Collectible Minifigures,Collectible Minifigures
8848,TWN268,images/TWN268.jpg,Town,Town
8849,COL305,images/COL305.jpg,Collectible Minifigures,Collectible Minifigures
8850,SH0418B,images/SH0418B.jpg,Super Heroes,Super Heroes
8851,SH0418A,images/SH0418A.jpg,Super Heroes,Super Heroes
8852,SC039,images/SC039.jpg,SPEED CHAMPIONS,SPEED CHAMPIONS
8853,NJO0377,images/NJO0377.jpg,The LEGO NINJAGO Movie,Other
8854,NJO0421,images/NJO0421.jpg,The LEGO NINJAGO Movie,Other
8855,FRND0185,images/FRND0185.jpg,Friends,Friends
8856,FRND0213,images/FRND0213.jpg,Friends,Friends
8857,FRND0220,images/FRND0220.jpg,Friends,Friends
8858,FRND0208,images/FRND0208.jpg,Friends,Friends
8859,FRND0205,images/FRND0205.jpg,Friends,Friends
8860,FRND0190,images/FRND0190.jpg,Friends,Friends
8861,FRND0197,images/FRND0197.jpg,Friends,Friends
8862,FRND0198,images/FRND0198.jpg,Friends,Friends
8863,FRND0219,images/FRND0219.jpg,Friends,Friends
8864,FRND0227,images/FRND0227.jpg,Friends,Friends
8865,FRND0194,images/FRND0194.jpg,Friends,Friends
8866,FRND0204,images/FRND0204.jpg,Friends,Friends
8867,FRND0244,images/FRND0244.jpg,Friends,Friends
8868,FRND0216,images/FRND0216.jpg,Friends,Friends
8869,FRND0209,images/FRND0209.jpg,Friends,Friends
8870,FRND0183,images/FRND0183.jpg,Friends,Friends
8871,FRND0226,images/FRND0226.jpg,Friends,Friends
8872,FRND0186,images/FRND0186.jpg,Friends,Friends
8873,FRND0214,images/FRND0214.jpg,Friends,Friends
8874,FRND0231,images/FRND0231.jpg,Friends,Friends
8875,FRND0199,images/FRND0199.jpg,Friends,Friends
8876,FRND0221,images/FRND0221.jpg,Friends,Friends
8877,FRND0210,images/FRND0210.jpg,Friends,Friends
8878,FRND0207,images/FRND0207.jpg,Friends,Friends
8879,FRND0195,images/FRND0195.jpg,Friends,Friends
8880,FRND0189,images/FRND0189.jpg,Friends,Friends
8881,FRND0212,images/FRND0212.jpg,Friends,Friends
8882,FRND0224,images/FRND0224.jpg,Friends,Friends
8883,FRND0193,images/FRND0193.jpg,Friends,Friends
8884,FRND0218,images/FRND0218.jpg,Friends,Friends
8885,FRND0182,images/FRND0182.jpg,Friends,Friends
8886,FRND0230,images/FRND0230.jpg,Friends,Friends
8887,FRND0215,images/FRND0215.jpg,Friends,Friends
8888,FRND0222,images/FRND0222.jpg,Friends,Friends
8889,FRND0257,images/FRND0257.jpg,Friends,Friends
8890,FRND0228,images/FRND0228.jpg,Friends,Friends
8891,FRND0196,images/FRND0196.jpg,Friends,Friends
8892,FRND0223,images/FRND0223.jpg,Friends,Friends
8893,FRND0184,images/FRND0184.jpg,Friends,Friends
8894,FRND0225,images/FRND0225.jpg,Friends,Friends
8895,FRND0202,images/FRND0202.jpg,Friends,Friends
8896,FRND0217,images/FRND0217.jpg,Friends,Friends
8897,FRND0201,images/FRND0201.jpg,Friends,Friends
8898,FRND0206,images/FRND0206.jpg,Friends,Friends
8899,FRND0229,images/FRND0229.jpg,Friends,Friends
8900,FRND0211,images/FRND0211.jpg,Friends,Friends
8901,SW0873,images/SW0873.jpg,Star Wars,Star Wars
8902,SW0836,images/SW0836.jpg,Star Wars,Star Wars
8903,SH0388,images/SH0388.jpg,Super Heroes,Super Heroes
8904,NEX089,images/NEX089.jpg,NEXO KNIGHTS,NEXO KNIGHTS
8905,NEX081,images/NEX081.jpg,NEXO KNIGHTS,NEXO KNIGHTS
8906,COLTLNM05,images/COLTLNM05.jpg,Collectible Minifigures,Collectible Minifigures
8907,SH0346,images/SH0346.jpg,Super Heroes,Super Heroes
8908,SH0347,images/SH0347.jpg,Super Heroes,Super Heroes
8909,SH0400,images/SH0400.jpg,Super Heroes,Super Heroes
8910,SH0401,images/SH0401.jpg,Super Heroes,Super Heroes
8911,SH0416,images/SH0416.jpg,Super Heroes,Super Heroes
8912,SH0417,images/SH0417.jpg,Super Heroes,Super Heroes
8913,NJO0381,images/NJO0381.jpg,The LEGO NINJAGO Movie,Other
8914,NEX095,images/NEX095.jpg,NEXO KNIGHTS,NEXO KNIGHTS
8915,SW0854,images/SW0854.jpg,Star Wars,Star Wars
8916,NJO0301,images/NJO0301.jpg,NINJAGO,NINJAGO
8917,SH0448,images/SH0448.jpg,Super Heroes,Super Heroes
8918,TWN297,images/TWN297.jpg,Town,Town
8919,HOL103,images/HOL103.jpg,Holiday & Event,Holiday & Event
8920,HOL111,images/HOL111.jpg,Holiday & Event,Holiday & Event
8921,HOL083,images/HOL083.jpg,Holiday & Event,Holiday & Event
8922,COLTLBM02,images/COLTLBM02.jpg,Collectible Minifigures,Collectible Minifigures
8923,HOL086,images/HOL086.jpg,Holiday & Event,Holiday & Event
8924,ELF033,images/ELF033.jpg,Elves,Other
8925,ELF042,images/ELF042.jpg,Elves,Other
8926,ELF025,images/ELF025.jpg,Elves,Other
8927,ELF028,images/ELF028.jpg,Elves,Other
8928,ELF027,images/ELF027.jpg,Elves,Other
8929,ELF029,images/ELF029.jpg,Elves,Other
8930,ELF038,images/ELF038.jpg,Elves,Other
8931,ELF026,images/ELF026.jpg,Elves,Other
8932,ELF039,images/ELF039.jpg,Elves,Other
8933,ELF024,images/ELF024.jpg,Elves,Other
8934,ELF030,images/ELF030.jpg,Elves,Other
8935,ELF041,images/ELF041.jpg,Elves,Other
8936,EDU023,images/EDU023.jpg,Educational & Dacta,Other
8937,COLTLNM17,images/COLTLNM17.jpg,Collectible Minifigures,Collectible Minifigures
8938,COL288,images/COL288.jpg,Collectible Minifigures,Collectible Minifigures
8939,COLTLNM18,images/COLTLNM18.jpg,Collectible Minifigures,Collectible Minifigures
8940,SW0811,images/SW0811.jpg,Star Wars,Star Wars
8941,HOL102,images/HOL102.jpg,Holiday & Event,Holiday & Event
8942,TWN294,images/TWN294.jpg,Town,Town
8943,SH0410,images/SH0410.jpg,Super Heroes,Super Heroes
8944,HOL106,images/HOL106.jpg,Holiday & Event,Holiday & Event
8945,COL306,images/COL306.jpg,Collectible Minifigures,Collectible Minifigures
8946,SH0428,images/SH0428.jpg,Super Heroes,Super Heroes
8947,NJO0339,images/NJO0339.jpg,The LEGO NINJAGO Movie,Other
8948,SH0389,images/SH0389.jpg,Super Heroes,Super Heroes
8949,SH0381,images/SH0381.jpg,Super Heroes,Super Heroes
8950,SW0839,images/SW0839.jpg,Star Wars,Star Wars
8951,CRS005,images/CRS005.jpg,Cars,Other
8952,NJO0335,images/NJO0335.jpg,The LEGO NINJAGO Movie,Other
8953,NJO0358,images/NJO0358.jpg,The LEGO NINJAGO Movie,Other
8954,NJO0353,images/NJO0353.jpg,The LEGO NINJAGO Movie,Other
8955,NJO0366,images/NJO0366.jpg,The LEGO NINJAGO Movie,Other
8956,NJO0378,images/NJO0378.jpg,The LEGO NINJAGO Movie,Other
8957,SW0823,images/SW0823.jpg,Star Wars,Star Wars
8958,SW0879,images/SW0879.jpg,Star Wars,Star Wars
8959,SW0841,images/SW0841.jpg,Star Wars,Star Wars
8960,SHG010,images/SHG010.jpg,DC Super Hero Girls,Other
8961,SHG002,images/SHG002.jpg,DC Super Hero Girls,Other
8962,SH0398,images/SH0398.jpg,Super Heroes,Super Heroes
8963,SH0306,images/SH0306.jpg,Super Heroes,Super Heroes
8964,NEX097,images/NEX097.jpg,NEXO KNIGHTS,NEXO KNIGHTS
8965,SH0406,images/SH0406.jpg,Super Heroes,Super Heroes
8966,NJO0351,images/NJO0351.jpg,The LEGO NINJAGO Movie,Other
8967,POC036,images/POC036.jpg,Pirates of the Caribbean,Other
8968,DIM046,images/DIM046.jpg,Dimensions,Other
8969,SC040,images/SC040.jpg,SPEED CHAMPIONS,SPEED CHAMPIONS
8970,COL291,images/COL291.jpg,Collectible Minifigures,Collectible Minifigures
8971,SH0413,images/SH0413.jpg,Super Heroes,Super Heroes
8972,SH0371,images/SH0371.jpg,Super Heroes,Super Heroes
8973,CTY0725,images/CTY0725.jpg,Town,Town
8974,SW0831A,images/SW0831A.jpg,Star Wars,Star Wars
8975,SW0807,images/SW0807.jpg,Star Wars,Star Wars
8976,SW0877,images/SW0877.jpg,Star Wars,Star Wars
8977,SW0847,images/SW0847.jpg,Star Wars,Star Wars
8978,SW0802,images/SW0802.jpg,Star Wars,Star Wars
8979,PI181,images/PI181.jpg,Pirates,Pirates
8980,PI182,images/PI182.jpg,Pirates,Pirates
8981,SH0368,images/SH0368.jpg,Super Heroes,Super Heroes
8982,SH0405,images/SH0405.jpg,Super Heroes,Super Heroes
8983,SH0362,images/SH0362.jpg,Super Heroes,Super Heroes
8984,NJO0332,images/NJO0332.jpg,The LEGO NINJAGO Movie,Other
8985,CRS003,images/CRS003.jpg,Cars,Other
8986,NJO0329,images/NJO0329.jpg,The LEGO NINJAGO Movie,Other
8987,SW0845,images/SW0845.jpg,Star Wars,Star Wars
8988,TWN282,images/TWN282.jpg,Town,Town
8989,NJO0287,images/NJO0287.jpg,NINJAGO,NINJAGO
8990,NJO0281,images/NJO0281.jpg,NINJAGO,NINJAGO
8991,NJO0282,images/NJO0282.jpg,NINJAGO,NINJAGO
8992,NJO0313,images/NJO0313.jpg,The LEGO NINJAGO Movie,Other
8993,NJO0314,images/NJO0314.jpg,The LEGO NINJAGO Movie,Other
8994,NJO0348,images/NJO0348.jpg,NINJAGO,NINJAGO
8995,COLTLNM06,images/COLTLNM06.jpg,Collectible Minifigures,Collectible Minifigures
8996,NJO0367,images/NJO0367.jpg,The LEGO NINJAGO Movie,Other
8997,NJO0359,images/NJO0359.jpg,The LEGO NINJAGO Movie,Other
8998,NJO0352,images/NJO0352.jpg,The LEGO NINJAGO Movie,Other
8999,NEX087,images/NEX087.jpg,NEXO KNIGHTS,NEXO KNIGHTS
9000,NJO0310,images/NJO0310.jpg,The LEGO NINJAGO Movie,Other
9001,CRS013,images/CRS013.jpg,Cars,Other
9002,NJO0337,images/NJO0337.jpg,The LEGO NINJAGO Movie,Other
9003,SH0367,images/SH0367.jpg,Super Heroes,Super Heroes
9004,SW0814,images/SW0814.jpg,Star Wars,Star Wars
9005,SH0316,images/SH0316.jpg,Super Heroes,Super Heroes
9006,NJO0420,images/NJO0420.jpg,NINJAGO,NINJAGO
9007,NJO0305,images/NJO0305.jpg,NINJAGO,NINJAGO
9008,NJO0274,images/NJO0274.jpg,NINJAGO,NINJAGO
9009,NJO0277,images/NJO0277.jpg,NINJAGO,NINJAGO
9010,NJO0349,images/NJO0349.jpg,The LEGO NINJAGO Movie,Other
9011,NJO0317,images/NJO0317.jpg,The LEGO NINJAGO Movie,Other
9012,NJO0360,images/NJO0360.jpg,The LEGO NINJAGO Movie,Other
9013,NJO0327,images/NJO0327.jpg,The LEGO NINJAGO Movie,Other
9014,NJO0316,images/NJO0316.jpg,The LEGO NINJAGO Movie,Other
9015,NJO0346,images/NJO0346.jpg,NINJAGO,NINJAGO
9016,COLTLNM01,images/COLTLNM01.jpg,Collectible Minifigures,Collectible Minifigures
9017,SW0817,images/SW0817.jpg,Star Wars,Star Wars
9018,SH0321,images/SH0321.jpg,Super Heroes,Super Heroes
9019,SH0357,images/SH0357.jpg,Super Heroes,Super Heroes
9020,NEX100,images/NEX100.jpg,NEXO KNIGHTS,NEXO KNIGHTS
9021,COLTLBM19,images/COLTLBM19.jpg,Collectible Minifigures,Collectible Minifigures
9022,SH0336,images/SH0336.jpg,Super Heroes,Super Heroes
9023,NJO0328,images/NJO0328.jpg,The LEGO NINJAGO Movie,Other
9024,SW0848,images/SW0848.jpg,Star Wars,Star Wars
9025,NJO0291,images/NJO0291.jpg,NINJAGO,NINJAGO
9026,NJO0419,images/NJO0419.jpg,NINJAGO,NINJAGO
9027,SHG021,images/SHG021.jpg,DC Super Hero Girls,Other
9028,SHG023,images/SHG023.jpg,DC Super Hero Girls,Other
9029,SHG025,images/SHG025.jpg,DC Super Hero Girls,Other
9030,SHG022,images/SHG022.jpg,DC Super Hero Girls,Other
9031,SHG035,images/SHG035.jpg,DC Super Hero Girls,Other
9032,SHG033,images/SHG033.jpg,DC Super Hero Girls,Other
9033,SHG034,images/SHG034.jpg,DC Super Hero Girls,Other
9034,SHG029,images/SHG029.jpg,DC Super Hero Girls,Other
9035,SHG028,images/SHG028.jpg,DC Super Hero Girls,Other
9036,SHG027,images/SHG027.jpg,DC Super Hero Girls,Other
9037,SHG032,images/SHG032.jpg,DC Super Hero Girls,Other
9038,SHG019,images/SHG019.jpg,DC Super Hero Girls,Other
9039,SHG024,images/SHG024.jpg,DC Super Hero Girls,Other
9040,SHG020,images/SHG020.jpg,DC Super Hero Girls,Other
9041,SHG017,images/SHG017.jpg,DC Super Hero Girls,Other
9042,SHG018,images/SHG018.jpg,DC Super Hero Girls,Other
9043,SHG031,images/SHG031.jpg,DC Super Hero Girls,Other
9044,SHG030,images/SHG030.jpg,DC Super Hero Girls,Other
9045,SW0859,images/SW0859.jpg,Star Wars,Star Wars
9046,NEX091,images/NEX091.jpg,NEXO KNIGHTS,NEXO KNIGHTS
9047,NEX082,images/NEX082.jpg,NEXO KNIGHTS,NEXO KNIGHTS
9048,NEX076,images/NEX076.jpg,NEXO KNIGHTS,NEXO KNIGHTS
9049,SW0818,images/SW0818.jpg,Star Wars,Star Wars
9050,SHG009,images/SHG009.jpg,DC Super Hero Girls,Other
9051,NJO0350,images/NJO0350.jpg,The LEGO NINJAGO Movie,Other
9052,TWN275,images/TWN275.jpg,Town,Town
9053,GEN090,images/GEN090.jpg,LEGO Brand,LEGO Brand
9054,SHG004,images/SHG004.jpg,DC Super Hero Girls,Other
9055,POC038,images/POC038.jpg,Pirates of the Caribbean,Other
9056,CRS001,images/CRS001.jpg,Cars,Other
9057,CRS018,images/CRS018.jpg,Cars,Other
9058,CRS011,images/CRS011.jpg,Cars,Other
9059,CRS007,images/CRS007.jpg,Cars,Other
9060,CRS014,images/CRS014.jpg,Cars,Other
9061,NJO0307,images/NJO0307.jpg,NINJAGO,NINJAGO
9062,NJO0426,images/NJO0426.jpg,The LEGO NINJAGO Movie,Other
9063,NJO0283,images/NJO0283.jpg,NINJAGO,NINJAGO
9064,NJO0284,images/NJO0284.jpg,NINJAGO,NINJAGO
9065,NJO0311,images/NJO0311.jpg,The LEGO NINJAGO Movie,Other
9066,NJO0432,images/NJO0432.jpg,The LEGO NINJAGO Movie,Other
9067,NJO0312,images/NJO0312.jpg,The LEGO NINJAGO Movie,Other
9068,NJO0347,images/NJO0347.jpg,NINJAGO,NINJAGO
9069,NJO0374,images/NJO0374.jpg,The LEGO NINJAGO Movie,Other
9070,NJO0338,images/NJO0338.jpg,The LEGO NINJAGO Movie,Other
9071,COLTLNM07,images/COLTLNM07.jpg,Collectible Minifigures,Collectible Minifigures
9072,COLTLNM03,images/COLTLNM03.jpg,Collectible Minifigures,Collectible Minifigures
9073,COLTLBM01,images/COLTLBM01.jpg,Collectible Minifigures,Collectible Minifigures
9074,SH0411,images/SH0411.jpg,Super Heroes,Super Heroes
9075,NJO0364,images/NJO0364.jpg,The LEGO NINJAGO Movie,Other
9076,NJO0309,images/NJO0309.jpg,The LEGO NINJAGO Movie,Other
9077,NEX098,images/NEX098.jpg,NEXO KNIGHTS,NEXO KNIGHTS
9078,CRS006,images/CRS006.jpg,Cars,Other
9079,SW0852,images/SW0852.jpg,Star Wars,Star Wars
9080,CRS004,images/CRS004.jpg,Cars,Other
9081,NEX105,images/NEX105.jpg,NEXO KNIGHTS,NEXO KNIGHTS
9082,NEX084,images/NEX084.jpg,NEXO KNIGHTS,NEXO KNIGHTS
9083,NEX119,images/NEX119.jpg,NEXO KNIGHTS,NEXO KNIGHTS
9084,NEX086,images/NEX086.jpg,NEXO KNIGHTS,NEXO KNIGHTS
9085,SHG013,images/SHG013.jpg,DC Super Hero Girls,Other
9086,IDEA034,images/IDEA034.jpg,LEGO Ideas,LEGO Ideas
9087,CAS545,images/CAS545.jpg,Castle,Castle
9088,SH0365,images/SH0365.jpg,Super Heroes,Super Heroes
9089,SH0333,images/SH0333.jpg,Super Heroes,Super Heroes
9090,NJO0344,images/NJO0344.jpg,The LEGO NINJAGO Movie,Other
9091,NJO0343,images/NJO0343.jpg,The LEGO NINJAGO Movie,Other
9092,SH0383,images/SH0383.jpg,Super Heroes,Super Heroes
9093,COLTLBM17,images/COLTLBM17.jpg,Collectible Minifigures,Collectible Minifigures
9094,IDEA035,images/IDEA035.jpg,LEGO Ideas,LEGO Ideas
9095,SH0422,images/SH0422.jpg,Super Heroes,Super Heroes
9096,SH0421,images/SH0421.jpg,Super Heroes,Super Heroes
9097,COLTLNM04,images/COLTLNM04.jpg,Collectible Minifigures,Collectible Minifigures
9098,MOA003,images/MOA003.jpg,Disney,Disney
9099,NJO0288,images/NJO0288.jpg,NINJAGO,NINJAGO
9100,SH0350,images/SH0350.jpg,Super Heroes,Super Heroes
9101,SC052,images/SC052.jpg,SPEED CHAMPIONS,SPEED CHAMPIONS
9102,HOL099,images/HOL099.jpg,Holiday & Event,Holiday & Event
9103,TWN280,images/TWN280.jpg,Town,Town
9104,SC045,images/SC045.jpg,SPEED CHAMPIONS,SPEED CHAMPIONS
9105,SC044,images/SC044.jpg,SPEED CHAMPIONS,SPEED CHAMPIONS
9106,SC046,images/SC046.jpg,SPEED CHAMPIONS,SPEED CHAMPIONS
9107,SC042,images/SC042.jpg,SPEED CHAMPIONS,SPEED CHAMPIONS
9108,SC043,images/SC043.jpg,SPEED CHAMPIONS,SPEED CHAMPIONS
9109,SC034,images/SC034.jpg,SPEED CHAMPIONS,SPEED CHAMPIONS
9110,PI184,images/PI184.jpg,Pirates,Pirates
9111,PI183,images/PI183.jpg,Pirates,Pirates
9112,DIM042,images/DIM042.jpg,Dimensions,Other
9113,NJO0379,images/NJO0379.jpg,The LEGO NINJAGO Movie,Other
9114,COLTLBM20,images/COLTLBM20.jpg,Collectible Minifigures,Collectible Minifigures
9115,NJO0412,images/NJO0412.jpg,The LEGO NINJAGO Movie,Other
9116,NJO0340,images/NJO0340.jpg,The LEGO NINJAGO Movie,Other
9117,COLTLNM09,images/COLTLNM09.jpg,Collectible Minifigures,Collectible Minifigures
9118,CRS009,images/CRS009.jpg,Cars,Other
9119,MOA001,images/MOA001.jpg,Disney,Disney
9120,MOA002,images/MOA002.jpg,Disney,Disney
9121,TWN301,images/TWN301.jpg,Town,Town
9122,TWN299,images/TWN299.jpg,Town,Town
9123,TWN290,images/TWN290.jpg,Town,Town
9124,SW0824,images/SW0824.jpg,Star Wars,Star Wars
9125,NJO0334,images/NJO0334.jpg,The LEGO NINJAGO Movie,Other
9126,SH0319,images/SH0319.jpg,Super Heroes,Super Heroes
9127,SH0355,images/SH0355.jpg,Super Heroes,Super Heroes
9128,SH0375,images/SH0375.jpg,Super Heroes,Super Heroes
9129,TWN274,images/TWN274.jpg,Town,Town
9130,SH0396,images/SH0396.jpg,Super Heroes,Super Heroes
9131,COLTLNM20,images/COLTLNM20.jpg,Collectible Minifigures,Collectible Minifigures
9132,ELF031,images/ELF031.jpg,Elves,Other
9133,NJO0415,images/NJO0415.jpg,The LEGO NINJAGO Movie,Other
9134,IDEA036,images/IDEA036.jpg,LEGO Ideas,LEGO Ideas
9135,SH0386,images/SH0386.jpg,Super Heroes,Super Heroes
9136,NJO0417,images/NJO0417.jpg,NINJAGO,NINJAGO
9137,CTY0784,images/CTY0784.jpg,Town,Town
9138,SH0442,images/SH0442.jpg,Super Heroes,Super Heroes
9139,NJO0375,images/NJO0375.jpg,NINJAGO,NINJAGO
9140,NJO0418,images/NJO0418.jpg,NINJAGO,NINJAGO
9141,CAS548,images/CAS548.jpg,Ninja,Other
9142,CAS547,images/CAS547.jpg,Ninja,Other
9143,NJO0416,images/NJO0416.jpg,The LEGO NINJAGO Movie,Other
9144,COLTLBM13,images/COLTLBM13.jpg,Collectible Minifigures,Collectible Minifigures
9145,NJO0303,images/NJO0303.jpg,NINJAGO,NINJAGO
9146,NJO0355,images/NJO0355.jpg,The LEGO NINJAGO Movie,Other
9147,NJO0279,images/NJO0279.jpg,NINJAGO,NINJAGO
9148,NJO0278,images/NJO0278.jpg,NINJAGO,NINJAGO
9149,NJO0320,images/NJO0320.jpg,The LEGO NINJAGO Movie,Other
9150,NJO0321,images/NJO0321.jpg,The LEGO NINJAGO Movie,Other
9151,SW0846,images/SW0846.jpg,Star Wars,Star Wars
9152,SW0812,images/SW0812.jpg,Star Wars,Star Wars
9153,TWN278,images/TWN278.jpg,Town,Town
9154,POC041,images/POC041.jpg,Pirates of the Caribbean,Other
9155,NJO0342,images/NJO0342.jpg,The LEGO NINJAGO Movie,Other
9156,POC040,images/POC040.jpg,Pirates of the Caribbean,Other
9157,NJO0357,images/NJO0357.jpg,The LEGO NINJAGO Movie,Other
9158,DP042,images/DP042.jpg,Disney,Disney
9159,TWN279,images/TWN279.jpg,Town,Town
9160,TWN276,images/TWN276.jpg,Town,Town
9161,TRN240,images/TRN240.jpg,Train,Other
9162,COLTLBM14,images/COLTLBM14.jpg,Collectible Minifigures,Collectible Minifigures
9163,CON011,images/CON011.jpg,Town,Town
9164,CTY0718,images/CTY0718.jpg,Town,Town
9165,SH0431,images/SH0431.jpg,Super Heroes,Super Heroes
9166,SH0433,images/SH0433.jpg,Super Heroes,Super Heroes
9167,SH0439,images/SH0439.jpg,Super Heroes,Super Heroes
9168,NJO0409,images/NJO0409.jpg,The LEGO NINJAGO Movie,Other
9169,NJO0372,images/NJO0372.jpg,The LEGO NINJAGO Movie,Other
9170,TWN271,images/TWN271.jpg,Town,Town
9171,CTY0738,images/CTY0738.jpg,Town,Town
9172,SH0374,images/SH0374.jpg,Super Heroes,Super Heroes
9173,COLTLBM10,images/COLTLBM10.jpg,Collectible Minifigures,Collectible Minifigures
9174,PI179,images/PI179.jpg,Pirates,Pirates
9175,PI180,images/PI180.jpg,Pirates,Pirates
9176,CTY0711,images/CTY0711.jpg,Town,Town
9177,CTY0710,images/CTY0710.jpg,Town,Town
9178,CTY0726,images/CTY0726.jpg,Town,Town
9179,PLN180,images/PLN180.jpg,Town,Town
9180,GEN091,images/GEN091.jpg,LEGO Brand,LEGO Brand
9181,SW0865,images/SW0865.jpg,Star Wars,Star Wars
9182,SH0327,images/SH0327.jpg,Super Heroes,Super Heroes
9183,SH0342,images/SH0342.jpg,Super Heroes,Super Heroes
9184,SHG005,images/SHG005.jpg,DC Super Hero Girls,Other
9185,CTY0781,images/CTY0781.jpg,Town,Town
9186,CTY0779,images/CTY0779.jpg,Town,Town
9187,CTY0777,images/CTY0777.jpg,Town,Town
9188,CTY0755,images/CTY0755.jpg,Town,Town
9189,CTY0745,images/CTY0745.jpg,Town,Town
9190,CTY0753,images/CTY0753.jpg,Town,Town
9191,CTY0735,images/CTY0735.jpg,Town,Town
9192,CTY0754,images/CTY0754.jpg,Town,Town
9193,CTY0746,images/CTY0746.jpg,Town,Town
9194,CTY0709,images/CTY0709.jpg,Town,Town
9195,CTY0701,images/CTY0701.jpg,Town,Town
9196,CTY0780,images/CTY0780.jpg,Town,Town
9197,CTY0774,images/CTY0774.jpg,Town,Town
9198,CTY0733,images/CTY0733.jpg,Town,Town
9199,CTY0739,images/CTY0739.jpg,Town,Town
9200,CTY0702,images/CTY0702.jpg,Town,Town
9201,CTY0732,images/CTY0732.jpg,Town,Town
9202,CTY0744,images/CTY0744.jpg,Town,Town
9203,CTY0778,images/CTY0778.jpg,Town,Town
9204,CTY0772,images/CTY0772.jpg,Town,Town
9205,CTY0776,images/CTY0776.jpg,Town,Town
9206,CTY0734,images/CTY0734.jpg,Town,Town
9207,CTY0752,images/CTY0752.jpg,Town,Town
9208,CTY0748,images/CTY0748.jpg,Town,Town
9209,CTY0756,images/CTY0756.jpg,Town,Town
9210,CTY0708,images/CTY0708.jpg,Town,Town
9211,CTY0743,images/CTY0743.jpg,Town,Town
9212,CTY0703,images/CTY0703.jpg,Town,Town
9213,CTY0751,images/CTY0751.jpg,Town,Town
9214,CTY0775,images/CTY0775.jpg,Town,Town
9215,CTY0715,images/CTY0715.jpg,Town,Town
9216,CTY0773,images/CTY0773.jpg,Town,Town
9217,CTY0716,images/CTY0716.jpg,Town,Town
9218,SH0397,images/SH0397.jpg,Super Heroes,Super Heroes
9219,POST011,images/POST011.jpg,Town,Town
9220,SW0878,images/SW0878.jpg,Star Wars,Star Wars
9221,COL286,images/COL286.jpg,Collectible Minifigures,Collectible Minifigures
9222,SW0838,images/SW0838.jpg,Star Wars,Star Wars
9223,NJO0326,images/NJO0326.jpg,The LEGO NINJAGO Movie,Other
9224,SW0843,images/SW0843.jpg,Star Wars,Star Wars
9225,NEX066,images/NEX066.jpg,NEXO KNIGHTS,NEXO KNIGHTS
9226,SW0810,images/SW0810.jpg,Star Wars,Star Wars
9227,SC047,images/SC047.jpg,SPEED CHAMPIONS,SPEED CHAMPIONS
9228,DIM048,images/DIM048.jpg,Dimensions,Other
9229,NJO0289,images/NJO0289.jpg,NINJAGO,NINJAGO
9230,NJO0411,images/NJO0411.jpg,The LEGO NINJAGO Movie,Other
9231,SW0820,images/SW0820.jpg,Star Wars,Star Wars
9232,SW0819,images/SW0819.jpg,Star Wars,Star Wars
9233,SW0800,images/SW0800.jpg,Star Wars,Star Wars
9234,SW0801,images/SW0801.jpg,Star Wars,Star Wars
9235,SW0805,images/SW0805.jpg,Star Wars,Star Wars
9236,SW0806,images/SW0806.jpg,Star Wars,Star Wars
9237,SW0803,images/SW0803.jpg,Star Wars,Star Wars
9238,SW0804,images/SW0804.jpg,Star Wars,Star Wars
9239,COLTLBM11,images/COLTLBM11.jpg,Collectible Minifigures,Collectible Minifigures
9240,SH0370,images/SH0370.jpg,Super Heroes,Super Heroes
9241,TWN286,images/TWN286.jpg,Town,Town
9242,SH0372,images/SH0372.jpg,Super Heroes,Super Heroes
9243,NEX070,images/NEX070.jpg,NEXO KNIGHTS,NEXO KNIGHTS
9244,SW0862,images/SW0862.jpg,Star Wars,Star Wars
9245,SW0861,images/SW0861.jpg,Star Wars,Star Wars
9246,SW0864,images/SW0864.jpg,Star Wars,Star Wars
9247,SW0876,images/SW0876.jpg,Star Wars,Star Wars
9248,SW0853,images/SW0853.jpg,Star Wars,Star Wars
9249,SW0867,images/SW0867.jpg,Star Wars,Star Wars
9250,COL296,images/COL296.jpg,Collectible Minifigures,Collectible Minifigures
9251,SW0866,images/SW0866.jpg,Star Wars,Star Wars
9252,NJO0276,images/NJO0276.jpg,NINJAGO,NINJAGO
9253,SH0341,images/SH0341.jpg,Super Heroes,Super Heroes
9254,SH0315,images/SH0315.jpg,Super Heroes,Super Heroes
9255,DIM041,images/DIM041.jpg,Dimensions,Other
9256,NEX101,images/NEX101.jpg,NEXO KNIGHTS,NEXO KNIGHTS
9257,NEX085,images/NEX085.jpg,NEXO KNIGHTS,NEXO KNIGHTS
9258,NEX151,images/NEX151.jpg,NEXO KNIGHTS,NEXO KNIGHTS
9259,NEX107,images/NEX107.jpg,NEXO KNIGHTS,NEXO KNIGHTS
9260,COL298,images/COL298.jpg,Collectible Minifigures,Collectible Minifigures
9261,SH0384,images/SH0384.jpg,Super Heroes,Super Heroes
9262,NEX077,images/NEX077.jpg,NEXO KNIGHTS,NEXO KNIGHTS
9263,CTY0719,images/CTY0719.jpg,Town,Town
9264,COL293,images/COL293.jpg,Collectible Minifigures,Collectible Minifigures
9265,NEX071,images/NEX071.jpg,NEXO KNIGHTS,NEXO KNIGHTS
9266,ELF040,images/ELF040.jpg,Elves,Other
9267,SW0857,images/SW0857.jpg,Star Wars,Star Wars
9268,SW0851,images/SW0851.jpg,Star Wars,Star Wars
9269,NEX074,images/NEX074.jpg,NEXO KNIGHTS,NEXO KNIGHTS
9270,NEX109,images/NEX109.jpg,NEXO KNIGHTS,NEXO KNIGHTS
9271,NEX122,images/NEX122.jpg,NEXO KNIGHTS,NEXO KNIGHTS
9272,NEX111,images/NEX111.jpg,NEXO KNIGHTS,NEXO KNIGHTS
9273,NEX110,images/NEX110.jpg,NEXO KNIGHTS,NEXO KNIGHTS
9274,NEX067,images/NEX067.jpg,NEXO KNIGHTS,NEXO KNIGHTS
9275,IDEA032,images/IDEA032.jpg,LEGO Ideas,LEGO Ideas
9276,COL307,images/COL307.jpg,Collectible Minifigures,Collectible Minifigures
9277,SH0426,images/SH0426.jpg,Super Heroes,Super Heroes
9278,NJO0331,images/NJO0331.jpg,The LEGO NINJAGO Movie,Other
9279,IDEA037,images/IDEA037.jpg,LEGO Ideas,LEGO Ideas
9280,NJO0286,images/NJO0286.jpg,NINJAGO,NINJAGO
9281,HOL110,images/HOL110.jpg,Holiday & Event,Holiday & Event
9282,CTY0722,images/CTY0722.jpg,Town,Town
9283,SH0332,images/SH0332.jpg,Super Heroes,Super Heroes
9284,SH0391,images/SH0391.jpg,Super Heroes,Super Heroes
9285,SW0815,images/SW0815.jpg,Star Wars,Star Wars
9286,SW0850,images/SW0850.jpg,Star Wars,Star Wars
9287,SH0361,images/SH0361.jpg,Super Heroes,Super Heroes
9288,SC036,images/SC036.jpg,SPEED CHAMPIONS,SPEED CHAMPIONS
9289,SH0331,images/SH0331.jpg,Super Heroes,Super Heroes
9290,SH0320,images/SH0320.jpg,Super Heroes,Super Heroes
9291,NJO0315,images/NJO0315.jpg,The LEGO NINJAGO Movie,Other
9292,NJO0354,images/NJO0354.jpg,The LEGO NINJAGO Movie,Other
9293,NJO0333,images/NJO0333.jpg,The LEGO NINJAGO Movie,Other
9294,NJO0299,images/NJO0299.jpg,NINJAGO,NINJAGO
9295,COLTLNM13,images/COLTLNM13.jpg,Collectible Minifigures,Collectible Minifigures
9296,COLTLNM11,images/COLTLNM11.jpg,Collectible Minifigures,Collectible Minifigures
9297,NJO0362,images/NJO0362.jpg,The LEGO NINJAGO Movie,Other
9298,NJO0361,images/NJO0361.jpg,The LEGO NINJAGO Movie,Other
9299,COLTLNM14,images/COLTLNM14.jpg,Collectible Minifigures,Collectible Minifigures
9300,NJO0341,images/NJO0341.jpg,The LEGO NINJAGO Movie,Other
9301,COLTLNM12,images/COLTLNM12.jpg,Collectible Minifigures,Collectible Minifigures
9302,NJO0356,images/NJO0356.jpg,The LEGO NINJAGO Movie,Other
9303,NJO0325,images/NJO0325.jpg,The LEGO NINJAGO Movie,Other
9304,NJO0380,images/NJO0380.jpg,The LEGO NINJAGO Movie,Other
9305,SH0373,images/SH0373.jpg,Super Heroes,Super Heroes
9306,NJO0376,images/NJO0376.jpg,The LEGO NINJAGO Movie,Other
9307,CRS015,images/CRS015.jpg,Cars,Other
9308,POC042,images/POC042.jpg,Pirates of the Caribbean,Other
9309,CTY0720,images/CTY0720.jpg,Town,Town
9310,GEN103,images/GEN103.jpg,Friends,Friends
9311,MIN054,images/MIN054.jpg,Minecraft,Minecraft
9312,NJO0300,images/NJO0300.jpg,NINJAGO,NINJAGO
9313,NJO0275,images/NJO0275.jpg,NINJAGO,NINJAGO
9314,DIM045,images/DIM045.jpg,Dimensions,Other
9315,CRS012,images/CRS012.jpg,Cars,Other
9316,MIN043,images/MIN043.jpg,Minecraft,Minecraft
9317,CAS549,images/CAS549.jpg,Castle,Castle
9318,DP043,images/DP043.jpg,Disney,Disney
9319,SW0827,images/SW0827.jpg,Star Wars,Star Wars
9320,SW0826,images/SW0826.jpg,Star Wars,Star Wars
9321,SW0764B,images/SW0764B.jpg,Star Wars,Star Wars
9322,ELF043,images/ELF043.jpg,Elves,Other
9323,ELF032,images/ELF032.jpg,Elves,Other
9324,SH0420,images/SH0420.jpg,Super Heroes,Super Heroes
9325,SH0360,images/SH0360.jpg,Super Heroes,Super Heroes
9326,COLTLNM02,images/COLTLNM02.jpg,Collectible Minifigures,Collectible Minifigures
9327,SH0380,images/SH0380.jpg,Super Heroes,Super Heroes
9328,SH0385,images/SH0385.jpg,Super Heroes,Super Heroes
9329,DIM054,images/DIM054.jpg,Dimensions,Other
9330,SH0352,images/SH0352.jpg,Super Heroes,Super Heroes
9331,NJO0324,images/NJO0324.jpg,The LEGO NINJAGO Movie,Other
9332,NJO0413,images/NJO0413.jpg,The LEGO NINJAGO Movie,Other
9333,MIN056,images/MIN056.jpg,Minecraft,Minecraft
9334,MIN044,images/MIN044.jpg,Minecraft,Minecraft
9335,MIN048,images/MIN048.jpg,Minecraft,Minecraft
9336,MIN053,images/MIN053.jpg,Minecraft,Minecraft
9337,MIN042,images/MIN042.jpg,Minecraft,Minecraft
9338,SH0394,images/SH0394.jpg,Super Heroes,Super Heroes
9339,SHG003,images/SHG003.jpg,DC Super Hero Girls,Other
9340,NEX124,images/NEX124.jpg,NEXO KNIGHTS,NEXO KNIGHTS
9341,NEX108,images/NEX108.jpg,NEXO KNIGHTS,NEXO KNIGHTS
9342,NEX072,images/NEX072.jpg,NEXO KNIGHTS,NEXO KNIGHTS
9343,NEX102,images/NEX102.jpg,NEXO KNIGHTS,NEXO KNIGHTS
9344,NEX123,images/NEX123.jpg,NEXO KNIGHTS,NEXO KNIGHTS
9345,NEX096,images/NEX096.jpg,NEXO KNIGHTS,NEXO KNIGHTS
9346,NEX088,images/NEX088.jpg,NEXO KNIGHTS,NEXO KNIGHTS
9347,TWN283,images/TWN283.jpg,Town,Town
9348,SH0366,images/SH0366.jpg,Super Heroes,Super Heroes
9349,SHG011,images/SHG011.jpg,DC Super Hero Girls,Other
9350,SHG006,images/SHG006.jpg,DC Super Hero Girls,Other
9351,SH0348,images/SH0348.jpg,Super Heroes,Super Heroes
9352,SW0856,images/SW0856.jpg,Star Wars,Star Wars
9353,TWN285,images/TWN285.jpg,Town,Town
9354,COLTLNM19,images/COLTLNM19.jpg,Collectible Minifigures,Collectible Minifigures
9355,HOL101,images/HOL101.jpg,Holiday & Event,Holiday & Event
9356,NJO0330,images/NJO0330.jpg,The LEGO NINJAGO Movie,Other
9357,NJO0365,images/NJO0365.jpg,The LEGO NINJAGO Movie,Other
9358,NJO0295,images/NJO0295.jpg,NINJAGO,NINJAGO
9359,SH0322,images/SH0322.jpg,Super Heroes,Super Heroes
9360,SH0382,images/SH0382.jpg,Super Heroes,Super Heroes
9361,SH0363,images/SH0363.jpg,Super Heroes,Super Heroes
9362,SH0438,images/SH0438.jpg,Super Heroes,Super Heroes
9363,SHG015,images/SHG015.jpg,DC Super Hero Girls,Other
9364,SH0324,images/SH0324.jpg,Super Heroes,Super Heroes
9365,SH0354,images/SH0354.jpg,Super Heroes,Super Heroes
9366,SH0353,images/SH0353.jpg,Super Heroes,Super Heroes
9367,SH0343,images/SH0343.jpg,Super Heroes,Super Heroes
9368,SH0447,images/SH0447.jpg,Super Heroes,Super Heroes
9369,SH0307,images/SH0307.jpg,Super Heroes,Super Heroes
9370,COL301,images/COL301.jpg,Collectible Minifigures,Collectible Minifigures
9371,SH0351,images/SH0351.jpg,Super Heroes,Super Heroes
9372,SH0314,images/SH0314.jpg,Super Heroes,Super Heroes
9373,SH0344,images/SH0344.jpg,Super Heroes,Super Heroes
9374,SH0334,images/SH0334.jpg,Super Heroes,Super Heroes
9375,SH0404,images/SH0404.jpg,Super Heroes,Super Heroes
9376,SH0409,images/SH0409.jpg,Super Heroes,Super Heroes
9377,SH0412,images/SH0412.jpg,Super Heroes,Super Heroes
9378,NJO0336,images/NJO0336.jpg,The LEGO NINJAGO Movie,Other
9379,NJO0373,images/NJO0373.jpg,The LEGO NINJAGO Movie,Other
9380,CRS016,images/CRS016.jpg,Cars,Other
9381,CTY0800,images/CTY0800.jpg,Town,Town
9382,SH0395,images/SH0395.jpg,Super Heroes,Super Heroes
9383,SH0345,images/SH0345.jpg,Super Heroes,Super Heroes
9384,DP038,images/DP038.jpg,Disney,Disney
9385,COLTLBM05,images/COLTLBM05.jpg,Collectible Minifigures,Collectible Minifigures
9386,SH0407,images/SH0407.jpg,Super Heroes,Super Heroes
9387,HOL095,images/HOL095.jpg,Holiday & Event,Holiday & Event
9388,NJO0308,images/NJO0308.jpg,NINJAGO,NINJAGO
9389,NJO0296,images/NJO0296.jpg,NINJAGO,NINJAGO
9390,COL290,images/COL290.jpg,Collectible Minifigures,Collectible Minifigures
9391,SW0863,images/SW0863.jpg,Star Wars,Star Wars
9392,SH0434,images/SH0434.jpg,Super Heroes,Super Heroes
9393,COLTLNM16,images/COLTLNM16.jpg,Collectible Minifigures,Collectible Minifigures
9394,SH0403,images/SH0403.jpg,Super Heroes,Super Heroes
9395,SW0821,images/SW0821.jpg,Star Wars,Star Wars
9396,NEX121,images/NEX121.jpg,NEXO KNIGHTS,NEXO KNIGHTS
9397,HOL090,images/HOL090.jpg,Holiday & Event,Holiday & Event
9398,HOL093,images/HOL093.jpg,Holiday & Event,Holiday & Event
9399,HOL092,images/HOL092.jpg,Holiday & Event,Holiday & Event
9400,HOL091,images/HOL091.jpg,Holiday & Event,Holiday & Event
9401,HOL094,images/HOL094.jpg,Holiday & Event,Holiday & Event
9402,HOL105,images/HOL105.jpg,Holiday & Event,Holiday & Event
9403,MIN046,images/MIN046.jpg,Minecraft,Minecraft
9404,COLTLBM23,images/COLTLBM23.jpg,Collectible Minifigures,Collectible Minifigures
9405,SH0364,images/SH0364.jpg,Super Heroes,Super Heroes
9406,HOL283,images/HOL283.jpg,Holiday & Event,Holiday & Event
9407,SHG008,images/SHG008.jpg,DC Super Hero Girls,Other
9408,SHG014,images/SHG014.jpg,DC Super Hero Girls,Other
9409,SH0358,images/SH0358.jpg,Super Heroes,Super Heroes
9410,SH0393,images/SH0393.jpg,Super Heroes,Super Heroes
9411,NJO0290,images/NJO0290.jpg,NINJAGO,NINJAGO
9412,CTY0698,images/CTY0698.jpg,Town,Town
9413,SH0379,images/SH0379.jpg,Super Heroes,Super Heroes
9414,COL297,images/COL297.jpg,Collectible Minifigures,Collectible Minifigures
9415,SW0849,images/SW0849.jpg,Star Wars,Star Wars
9416,NJO0302,images/NJO0302.jpg,NINJAGO,NINJAGO
9417,NJO0306,images/NJO0306.jpg,NINJAGO,NINJAGO
9418,NJO0285,images/NJO0285.jpg,NINJAGO,NINJAGO
9419,NJO0318,images/NJO0318.jpg,The LEGO NINJAGO Movie,Other
9420,NJO0319,images/NJO0319.jpg,The LEGO NINJAGO Movie,Other
9421,COLTLNM10,images/COLTLNM10.jpg,Collectible Minifigures,Collectible Minifigures
9422,SH0323,images/SH0323.jpg,Super Heroes,Super Heroes
9423,COLTLBM15,images/COLTLBM15.jpg,Collectible Minifigures,Collectible Minifigures
9424,MIN050,images/MIN050.jpg,Minecraft,Minecraft
9425,SC053,images/SC053.jpg,SPEED CHAMPIONS,SPEED CHAMPIONS
9426,SW0936,images/SW0936.jpg,Star Wars,Star Wars
9427,SW0956,images/SW0956.jpg,Star Wars,Star Wars
9428,NEX144,images/NEX144.jpg,NEXO KNIGHTS,NEXO KNIGHTS
9429,NEX136,images/NEX136.jpg,NEXO KNIGHTS,NEXO KNIGHTS
9430,NEX152,images/NEX152.jpg,NEXO KNIGHTS,NEXO KNIGHTS
9431,JW034,images/JW034.jpg,Jurassic World,Jurassic World
9432,JW036,images/JW036.jpg,Jurassic World,Jurassic World
9433,JW033,images/JW033.jpg,Jurassic World,Jurassic World
9434,JW032,images/JW032.jpg,Jurassic World,Jurassic World
9435,JW040,images/JW040.jpg,Jurassic World,Jurassic World
9436,JW018,images/JW018.jpg,Jurassic World,Jurassic World
9437,JW038,images/JW038.jpg,Jurassic World,Jurassic World
9438,JW043,images/JW043.jpg,Jurassic World,Jurassic World
9439,JW042,images/JW042.jpg,Jurassic World,Jurassic World
9440,JW035,images/JW035.jpg,Jurassic World,Jurassic World
9441,JW037,images/JW037.jpg,Jurassic World,Jurassic World
9442,JW039,images/JW039.jpg,Jurassic World,Jurassic World
9443,SW0891,images/SW0891.jpg,Star Wars,Star Wars
9444,ELF050,images/ELF050.jpg,Elves,Other
9445,CTY0949,images/CTY0949.jpg,Town,Town
9446,CTY0950,images/CTY0950.jpg,Town,Town
9447,CTY0841,images/CTY0841.jpg,Town,Town
9448,HP147,images/HP147.jpg,Harry Potter,Harry Potter
9449,90398PB020,images/90398PB020.jpg,Harry Potter,Harry Potter
9450,COLHP16,images/COLHP16.jpg,Collectible Minifigures,Collectible Minifigures
9451,MIN062,images/MIN062.jpg,Minecraft,Minecraft
9452,MIN059,images/MIN059.jpg,Minecraft,Minecraft
9453,COLUNI09,images/COLUNI09.jpg,Unikitty!,Other
9454,SW0939,images/SW0939.jpg,Star Wars,Star Wars
9455,COLUNI02,images/COLUNI02.jpg,Unikitty!,Other
9456,SH0516,images/SH0516.jpg,Super Heroes,Super Heroes
9457,SW0963,images/SW0963.jpg,Star Wars,Star Wars
9458,COLTLBM39,images/COLTLBM39.jpg,Collectible Minifigures,Collectible Minifigures
9459,SH0533,images/SH0533.jpg,Super Heroes,Super Heroes
9460,SH0525,images/SH0525.jpg,Super Heroes,Super Heroes
9461,CTY0923,images/CTY0923.jpg,Town,Town
9462,CTY0929,images/CTY0929.jpg,Town,Town
9463,CTY0931,images/CTY0931.jpg,Town,Town
9464,CTY0906,images/CTY0906.jpg,Town,Town
9465,CTY0903,images/CTY0903.jpg,Town,Town
9466,CTY0928,images/CTY0928.jpg,Town,Town
9467,CTY0927,images/CTY0927.jpg,Town,Town
9468,CTY0926,images/CTY0926.jpg,Town,Town
9469,CTY0905,images/CTY0905.jpg,Town,Town
9470,CTY0924,images/CTY0924.jpg,Town,Town
9471,CTY0904,images/CTY0904.jpg,Town,Town
9472,HP140,images/HP140.jpg,Harry Potter,Harry Potter
9473,90398PB025,images/90398PB025.jpg,Harry Potter,Harry Potter
9474,DP048,images/DP048.jpg,Disney,Disney
9475,DP053,images/DP053.jpg,Disney,Disney
9476,DP057,images/DP057.jpg,Disney,Disney
9477,NJO0461,images/NJO0461.jpg,NINJAGO,NINJAGO
9478,SW0933,images/SW0933.jpg,Star Wars,Star Wars
9479,SW0908,images/SW0908.jpg,Star Wars,Star Wars
9480,SW0943,images/SW0943.jpg,Star Wars,Star Wars
9481,SW0895,images/SW0895.jpg,Star Wars,Star Wars
9482,SW0937,images/SW0937.jpg,Star Wars,Star Wars
9483,DP045,images/DP045.jpg,Disney,Disney
9484,NEX137,images/NEX137.jpg,NEXO KNIGHTS,NEXO KNIGHTS
9485,ELF048,images/ELF048.jpg,Elves,Other
9486,HOL121,images/HOL121.jpg,Holiday & Event,Holiday & Event
9487,CTY0894,images/CTY0894.jpg,Town,Town
9488,NJO0446,images/NJO0446.jpg,The LEGO NINJAGO Movie,Other
9489,CTY0918,images/CTY0918.jpg,Town,Town
9490,MIN057,images/MIN057.jpg,Minecraft,Minecraft
9491,MIN058,images/MIN058.jpg,Minecraft,Minecraft
9492,TRN249,images/TRN249.jpg,Town,Town
9493,TWN345,images/TWN345.jpg,Town,Town
9494,SW0909,images/SW0909.jpg,Star Wars,Star Wars
9495,COLTLBM35,images/COLTLBM35.jpg,Collectible Minifigures,Collectible Minifigures
9496,SH0528,images/SH0528.jpg,Super Heroes,Super Heroes
9497,SH0513,images/SH0513.jpg,Super Heroes,Super Heroes
9498,SH0492,images/SH0492.jpg,Super Heroes,Super Heroes
9499,SH0449,images/SH0449.jpg,Super Heroes,Super Heroes
9500,SH0532,images/SH0532.jpg,Super Heroes,Super Heroes
9501,SH0531,images/SH0531.jpg,Super Heroes,Super Heroes
9502,SH0458,images/SH0458.jpg,Super Heroes,Super Heroes
9503,SH0535,images/SH0535.jpg,Super Heroes,Super Heroes
9504,SH0450,images/SH0450.jpg,Super Heroes,Super Heroes
9505,SH0452,images/SH0452.jpg,Super Heroes,Super Heroes
9506,SH0534,images/SH0534.jpg,Super Heroes,Super Heroes
9507,SH0522,images/SH0522.jpg,Super Heroes,Super Heroes
9508,COL338,images/COL338.jpg,Collectible Minifigures,Collectible Minifigures
9509,TWN336,images/TWN336.jpg,Town,Town
9510,TWN335,images/TWN335.jpg,Town,Town
9511,UNI18,images/UNI18.jpg,Unikitty!,Other
9512,UNI19,images/UNI19.jpg,Unikitty!,Other
9513,90398PB026,images/90398PB026.jpg,Harry Potter,Harry Potter
9514,NEX130,images/NEX130.jpg,NEXO KNIGHTS,NEXO KNIGHTS
9515,SW0975,images/SW0975.jpg,Star Wars,Star Wars
9516,NJO0434,images/NJO0434.jpg,The LEGO NINJAGO Movie,Other
9517,SW0944,images/SW0944.jpg,Star Wars,Star Wars
9518,COL321,images/COL321.jpg,Collectible Minifigures,Collectible Minifigures
9519,COL327,images/COL327.jpg,Collectible Minifigures,Collectible Minifigures
9520,COL317,images/COL317.jpg,Collectible Minifigures,Collectible Minifigures
9521,COLTLBM43,images/COLTLBM43.jpg,Collectible Minifigures,Collectible Minifigures
9522,SH0521,images/SH0521.jpg,Super Heroes,Super Heroes
9523,SH0526,images/SH0526.jpg,Super Heroes,Super Heroes
9524,SH0478,images/SH0478.jpg,Super Heroes,Super Heroes
9525,SH0466,images/SH0466.jpg,Super Heroes,Super Heroes
9526,SW0985,images/SW0985.jpg,Star Wars,Star Wars
9527,COLTLBM44,images/COLTLBM44.jpg,Collectible Minifigures,Collectible Minifigures
9528,SH0494,images/SH0494.jpg,Super Heroes,Super Heroes
9529,PPG005,images/PPG005.jpg,The Powerpuff Girls,Other
9530,CTY0889,images/CTY0889.jpg,Town,Town
9531,SW0977,images/SW0977.jpg,Star Wars,Star Wars
9532,TWN308,images/TWN308.jpg,Town,Town
9533,TWN309,images/TWN309.jpg,Town,Town
9534,HOL118,images/HOL118.jpg,Holiday & Event,Holiday & Event
9535,TWN339,images/TWN339.jpg,Town,Town
9536,GEN112,images/GEN112.jpg,LEGO Brand,LEGO Brand
9537,TWN329,images/TWN329.jpg,Town,Town
9538,SH0484,images/SH0484.jpg,Super Heroes,Super Heroes
9539,INCR009,images/INCR009.jpg,The Incredibles,Other
9540,COL314,images/COL314.jpg,Collectible Minifigures,Collectible Minifigures
9541,COL313,images/COL313.jpg,Collectible Minifigures,Collectible Minifigures
9542,HOL113,images/HOL113.jpg,Holiday & Event,Holiday & Event
9543,UNI21,images/UNI21.jpg,Unikitty!,Other
9544,COL337,images/COL337.jpg,Collectible Minifigures,Collectible Minifigures
9545,NJO0445,images/NJO0445.jpg,NINJAGO,NINJAGO
9546,UNI12,images/UNI12.jpg,Unikitty!,Other
9547,CTY0944,images/CTY0944.jpg,Town,Town
9548,UNI16,images/UNI16.jpg,Unikitty!,Other
9549,COL322,images/COL322.jpg,Collectible Minifigures,Collectible Minifigures
9550,COLUNI08,images/COLUNI08.jpg,Unikitty!,Other
9551,CTY0919,images/CTY0919.jpg,Town,Town
9552,CTY0843,images/CTY0843.jpg,Town,Town
9553,CTY0844,images/CTY0844.jpg,Town,Town
9554,CTY0912,images/CTY0912.jpg,Town,Town
9555,TWN307,images/TWN307.jpg,Town,Town
9556,CTY0915,images/CTY0915.jpg,Town,Town
9557,SH0495,images/SH0495.jpg,Super Heroes,Super Heroes
9558,SH0491,images/SH0491.jpg,Super Heroes,Super Heroes
9559,SW0904,images/SW0904.jpg,Star Wars,Star Wars
9560,SW0890,images/SW0890.jpg,Star Wars,Star Wars
9561,DP056,images/DP056.jpg,Disney,Disney
9562,COL323,images/COL323.jpg,Collectible Minifigures,Collectible Minifigures
9563,COLHP12,images/COLHP12.jpg,Collectible Minifigures,Collectible Minifigures
9564,NEX142,images/NEX142.jpg,NEXO KNIGHTS,NEXO KNIGHTS
9565,NJO0435,images/NJO0435.jpg,The LEGO NINJAGO Movie,Other
9566,NJO0441,images/NJO0441.jpg,The LEGO NINJAGO Movie,Other
9567,TWN324,images/TWN324.jpg,Town,Town
9568,SH0460,images/SH0460.jpg,Super Heroes,Super Heroes
9569,HOL129,images/HOL129.jpg,Holiday & Event,Holiday & Event
9570,TWN310,images/TWN310.jpg,Town,Town
9571,NJO0463,images/NJO0463.jpg,NINJAGO,NINJAGO
9572,SW0922,images/SW0922.jpg,Star Wars,Star Wars
9573,SW0948,images/SW0948.jpg,Star Wars,Star Wars
9574,GEN108,images/GEN108.jpg,LEGO Brand,LEGO Brand
9575,CTY0845,images/CTY0845.jpg,Town,Town
9576,GEN106,images/GEN106.jpg,LEGO Brand,LEGO Brand
9577,TWN338,images/TWN338.jpg,Town,Town
9578,CTY0907,images/CTY0907.jpg,Town,Town
9579,CTY0908,images/CTY0908.jpg,Town,Town
9580,TWN337,images/TWN337.jpg,Town,Town
9581,HOL117,images/HOL117.jpg,Holiday & Event,Holiday & Event
9582,HOL127,images/HOL127.jpg,Holiday & Event,Holiday & Event
9583,TWN322,images/TWN322.jpg,Town,Town
9584,TWN343,images/TWN343.jpg,Town,Town
9585,TWN327,images/TWN327.jpg,Town,Town
9586,TWN328,images/TWN328.jpg,Town,Town
9587,COLHP07,images/COLHP07.jpg,Collectible Minifigures,Collectible Minifigures
9588,NJO0388,images/NJO0388.jpg,NINJAGO,NINJAGO
9589,NJO0399,images/NJO0399.jpg,NINJAGO,NINJAGO
9590,DP051,images/DP051.jpg,Disney,Disney
9591,JW021,images/JW021.jpg,Jurassic World,Jurassic World
9592,COL331,images/COL331.jpg,Collectible Minifigures,Collectible Minifigures
9593,COL329,images/COL329.jpg,Collectible Minifigures,Collectible Minifigures
9594,TWN323,images/TWN323.jpg,Town,Town
9595,NEX134,images/NEX134.jpg,NEXO KNIGHTS,NEXO KNIGHTS
9596,NEX147,images/NEX147.jpg,NEXO KNIGHTS,NEXO KNIGHTS
9597,COLTLBM27,images/COLTLBM27.jpg,Collectible Minifigures,Collectible Minifigures
9598,SW0910,images/SW0910.jpg,Star Wars,Star Wars
9599,UNI22,images/UNI22.jpg,Unikitty!,Other
9600,SW0969,images/SW0969.jpg,Star Wars,Star Wars
9601,TWN319,images/TWN319.jpg,Town,Town
9602,TWN318,images/TWN318.jpg,Town,Town
9603,DP058,images/DP058.jpg,Disney,Disney
9604,NJO0449,images/NJO0449.jpg,NINJAGO,NINJAGO
9605,NJO0408,images/NJO0408.jpg,NINJAGO,NINJAGO
9606,NJO0447,images/NJO0447.jpg,NINJAGO,NINJAGO
9607,NJO0472,images/NJO0472.jpg,NINJAGO,NINJAGO
9608,NJO0460,images/NJO0460.jpg,NINJAGO,NINJAGO
9609,NJO0455,images/NJO0455.jpg,NINJAGO,NINJAGO
9610,NJO0386,images/NJO0386.jpg,NINJAGO,NINJAGO
9611,NJO0436,images/NJO0436.jpg,The LEGO NINJAGO Movie,Other
9612,SH0488,images/SH0488.jpg,Super Heroes,Super Heroes
9613,TWN340,images/TWN340.jpg,Town,Town
9614,CTY0934,images/CTY0934.jpg,Town,Town
9615,CTY0935,images/CTY0935.jpg,Town,Town
9616,TWN321,images/TWN321.jpg,Town,Town
9617,SH0511,images/SH0511.jpg,Super Heroes,Super Heroes
9618,TWN320,images/TWN320.jpg,Town,Town
9619,COL326,images/COL326.jpg,Collectible Minifigures,Collectible Minifigures
9620,SH0454,images/SH0454.jpg,Super Heroes,Super Heroes
9621,COLHP21,images/COLHP21.jpg,Collectible Minifigures,Collectible Minifigures
9622,SH0507,images/SH0507.jpg,Super Heroes,Super Heroes
9623,NEX132,images/NEX132.jpg,NEXO KNIGHTS,NEXO KNIGHTS
9624,NEX143,images/NEX143.jpg,NEXO KNIGHTS,NEXO KNIGHTS
9625,SH0470,images/SH0470.jpg,Super Heroes,Super Heroes
9626,NJO0468,images/NJO0468.jpg,NINJAGO,NINJAGO
9627,COLUNI06,images/COLUNI06.jpg,Unikitty!,Other
9628,TWN306,images/TWN306.jpg,Town,Town
9629,NJO0444,images/NJO0444.jpg,The LEGO NINJAGO Movie,Other
9630,TRN248,images/TRN248.jpg,Town,Town
9631,INCR002,images/INCR002.jpg,The Incredibles,Other
9632,SW0928,images/SW0928.jpg,Star Wars,Star Wars
9633,COLHP08,images/COLHP08.jpg,Collectible Minifigures,Collectible Minifigures
9634,HP155,images/HP155.jpg,Harry Potter,Harry Potter
9635,COLUNI12,images/COLUNI12.jpg,Unikitty!,Other
9636,COLUNI07,images/COLUNI07.jpg,Unikitty!,Other
9637,SH0464,images/SH0464.jpg,Super Heroes,Super Heroes
9638,UNI15,images/UNI15.jpg,Unikitty!,Other
9639,COLUNI04,images/COLUNI04.jpg,Unikitty!,Other
9640,COLTLBM26,images/COLTLBM26.jpg,Collectible Minifigures,Collectible Minifigures
9641,COLTLBM25,images/COLTLBM25.jpg,Collectible Minifigures,Collectible Minifigures
9642,SW0903,images/SW0903.jpg,Star Wars,Star Wars
9643,COLHP10,images/COLHP10.jpg,Collectible Minifigures,Collectible Minifigures
9644,CTY0900,images/CTY0900.jpg,Town,Town
9645,TWN344,images/TWN344.jpg,Town,Town
9646,CTY0898,images/CTY0898.jpg,Town,Town
9647,CTY0899,images/CTY0899.jpg,Town,Town
9648,DOC016NEW,images/DOC016NEW.jpg,Town,Town
9649,COLTLBM42,images/COLTLBM42.jpg,Collectible Minifigures,Collectible Minifigures
9650,SH0509,images/SH0509.jpg,Super Heroes,Super Heroes
9651,PPG004,images/PPG004.jpg,The Powerpuff Girls,Other
9652,TWN312,images/TWN312.jpg,Town,Town
9653,JW019,images/JW019.jpg,Jurassic World,Jurassic World
9654,JW028,images/JW028.jpg,Jurassic World,Jurassic World
9655,UNI25,images/UNI25.jpg,Unikitty!,Other
9656,JW017,images/JW017.jpg,Jurassic World,Jurassic World
9657,COL333,images/COL333.jpg,Collectible Minifigures,Collectible Minifigures
9658,HP148,images/HP148.jpg,Harry Potter,Harry Potter
9659,90398PB015,images/90398PB015.jpg,Harry Potter,Harry Potter
9660,COLHP04,images/COLHP04.jpg,Collectible Minifigures,Collectible Minifigures
9661,NJO0488,images/NJO0488.jpg,NINJAGO,NINJAGO
9662,COL318,images/COL318.jpg,Collectible Minifigures,Collectible Minifigures
9663,TWN333,images/TWN333.jpg,Town,Town
9664,SW0967,images/SW0967.jpg,Star Wars,Star Wars
9665,SW0954,images/SW0954.jpg,Star Wars,Star Wars
9666,SW0945,images/SW0945.jpg,Star Wars,Star Wars
9667,47205PB044A,images/47205PB044A.jpg,DUPLO,DUPLO
9668,47205PB056,images/47205PB056.jpg,DUPLO,DUPLO
9669,47205PB062,images/47205PB062.jpg,DUPLO,DUPLO
9670,47205PB055,images/47205PB055.jpg,DUPLO,DUPLO
9671,47205PB058,images/47205PB058.jpg,DUPLO,DUPLO
9672,47205PB059,images/47205PB059.jpg,DUPLO,DUPLO
9673,47205PB063,images/47205PB063.jpg,DUPLO,DUPLO
9674,47205PB057,images/47205PB057.jpg,DUPLO,DUPLO
9675,47394PB239,images/47394PB239.jpg,DUPLO,DUPLO
9676,47394PB242,images/47394PB242.jpg,DUPLO,DUPLO
9677,47394PB249,images/47394PB249.jpg,DUPLO,DUPLO
9678,47394PB256,images/47394PB256.jpg,DUPLO,DUPLO
9679,47394PB248,images/47394PB248.jpg,DUPLO,DUPLO
9680,47394PB247,images/47394PB247.jpg,DUPLO,DUPLO
9681,47394PB253,images/47394PB253.jpg,DUPLO,DUPLO
9682,47394PB251,images/47394PB251.jpg,DUPLO,DUPLO
9683,47394PB254,images/47394PB254.jpg,DUPLO,DUPLO
9684,47394PB252,images/47394PB252.jpg,DUPLO,DUPLO
9685,47394PB255,images/47394PB255.jpg,DUPLO,DUPLO
9686,47394PB246,images/47394PB246.jpg,DUPLO,DUPLO
9687,47394PB250,images/47394PB250.jpg,DUPLO,DUPLO
9688,47394PB245,images/47394PB245.jpg,DUPLO,DUPLO
9689,47394PB257,images/47394PB257.jpg,DUPLO,DUPLO
9690,47394PB259,images/47394PB259.jpg,DUPLO,DUPLO
9691,47394PB258,images/47394PB258.jpg,DUPLO,DUPLO
9692,47394PB243,images/47394PB243.jpg,DUPLO,DUPLO
9693,27383PB01,images/27383PB01.jpg,DUPLO,DUPLO
9694,DUPCLOCK01,images/DUPCLOCK01.jpg,DUPLO,DUPLO
9695,35735PB01,images/35735PB01.jpg,DUPLO,DUPLO
9696,SW0930,images/SW0930.jpg,Star Wars,Star Wars
9697,HOL116,images/HOL116.jpg,Holiday & Event,Holiday & Event
9698,SH0508,images/SH0508.jpg,Super Heroes,Super Heroes
9699,INCR010,images/INCR010.jpg,The Incredibles,Other
9700,SH0487,images/SH0487.jpg,Super Heroes,Super Heroes
9701,SH0462,images/SH0462.jpg,Super Heroes,Super Heroes
9702,INCR001,images/INCR001.jpg,The Incredibles,Other
9703,COL312,images/COL312.jpg,Collectible Minifigures,Collectible Minifigures
9704,JW027,images/JW027.jpg,Jurassic World,Jurassic World
9705,SW0947,images/SW0947.jpg,Star Wars,Star Wars
9706,DP050,images/DP050.jpg,Disney,Disney
9707,ELF044,images/ELF044.jpg,Elves,Other
9708,SW0940,images/SW0940.jpg,Star Wars,Star Wars
9709,SH0469,images/SH0469.jpg,Super Heroes,Super Heroes
9710,SH0477,images/SH0477.jpg,Super Heroes,Super Heroes
9711,CTY0892,images/CTY0892.jpg,Town,Town
9712,SH0503,images/SH0503.jpg,Super Heroes,Super Heroes
9713,ELF053,images/ELF053.jpg,Elves,Other
9714,UNI05,images/UNI05.jpg,Unikitty!,Other
9715,HOL126,images/HOL126.jpg,Holiday & Event,Holiday & Event
9716,TWN367,images/TWN367.jpg,Town,Town
9717,SC067,images/SC067.jpg,SPEED CHAMPIONS,SPEED CHAMPIONS
9718,SC065,images/SC065.jpg,SPEED CHAMPIONS,SPEED CHAMPIONS
9719,SC056,images/SC056.jpg,SPEED CHAMPIONS,SPEED CHAMPIONS
9720,SC066,images/SC066.jpg,SPEED CHAMPIONS,SPEED CHAMPIONS
9721,SC060,images/SC060.jpg,SPEED CHAMPIONS,SPEED CHAMPIONS
9722,SC063,images/SC063.jpg,SPEED CHAMPIONS,SPEED CHAMPIONS
9723,SW0900,images/SW0900.jpg,Star Wars,Star Wars
9724,HOL119,images/HOL119.jpg,Holiday & Event,Holiday & Event
9725,HOL123,images/HOL123.jpg,Holiday & Event,Holiday & Event
9726,HOL120,images/HOL120.jpg,Holiday & Event,Holiday & Event
9727,SH0457,images/SH0457.jpg,Super Heroes,Super Heroes
9728,COL316,images/COL316.jpg,Collectible Minifigures,Collectible Minifigures
9729,FST027,images/FST027.jpg,FIRST LEGO League,Other
9730,FST026,images/FST026.jpg,FIRST LEGO League,Other
9731,SW0886,images/SW0886.jpg,Star Wars,Star Wars
9732,SW0902,images/SW0902.jpg,Star Wars,Star Wars
9733,COL325,images/COL325.jpg,Collectible Minifigures,Collectible Minifigures
9734,SC055,images/SC055.jpg,SPEED CHAMPIONS,SPEED CHAMPIONS
9735,CTY0840,images/CTY0840.jpg,Town,Town
9736,TRN242,images/TRN242.jpg,Train,Other
9737,JW022,images/JW022.jpg,Jurassic World,Jurassic World
9738,NEX145,images/NEX145.jpg,NEXO KNIGHTS,NEXO KNIGHTS
9739,FRND0242,images/FRND0242.jpg,Friends,Friends
9740,FRND0260,images/FRND0260.jpg,Friends,Friends
9741,FRND0249,images/FRND0249.jpg,Friends,Friends
9742,FRND0264,images/FRND0264.jpg,Friends,Friends
9743,FRND0271,images/FRND0271.jpg,Friends,Friends
9744,FRND0253,images/FRND0253.jpg,Friends,Friends
9745,FRND0237,images/FRND0237.jpg,Friends,Friends
9746,FRND0262,images/FRND0262.jpg,Friends,Friends
9747,FRND0254,images/FRND0254.jpg,Friends,Friends
9748,FRND0270,images/FRND0270.jpg,Friends,Friends
9749,FRND0248,images/FRND0248.jpg,Friends,Friends
9750,FRND0259,images/FRND0259.jpg,Friends,Friends
9751,FRND0245,images/FRND0245.jpg,Friends,Friends
9752,FRND0239,images/FRND0239.jpg,Friends,Friends
9753,FRND0238,images/FRND0238.jpg,Friends,Friends
9754,FRND0261,images/FRND0261.jpg,Friends,Friends
9755,FRND0240,images/FRND0240.jpg,Friends,Friends
9756,FRND0275,images/FRND0275.jpg,Friends,Friends
9757,FRND0265,images/FRND0265.jpg,Friends,Friends
9758,FRND0274,images/FRND0274.jpg,Friends,Friends
9759,FRND0255,images/FRND0255.jpg,Friends,Friends
9760,FRND0247,images/FRND0247.jpg,Friends,Friends
9761,FRND0233,images/FRND0233.jpg,Friends,Friends
9762,FRND0236,images/FRND0236.jpg,Friends,Friends
9763,FRND0273,images/FRND0273.jpg,Friends,Friends
9764,FRND0266,images/FRND0266.jpg,Friends,Friends
9765,FRND0235,images/FRND0235.jpg,Friends,Friends
9766,FRND0263,images/FRND0263.jpg,Friends,Friends
9767,FRND0241,images/FRND0241.jpg,Friends,Friends
9768,FRND0269,images/FRND0269.jpg,Friends,Friends
9769,FRND0268,images/FRND0268.jpg,Friends,Friends
9770,FRND0267,images/FRND0267.jpg,Friends,Friends
9771,FRND0256,images/FRND0256.jpg,Friends,Friends
9772,FRND0246,images/FRND0246.jpg,Friends,Friends
9773,FRND0258,images/FRND0258.jpg,Friends,Friends
9774,FRND0234,images/FRND0234.jpg,Friends,Friends
9775,FRND0276,images/FRND0276.jpg,Friends,Friends
9776,FRND0250,images/FRND0250.jpg,Friends,Friends
9777,FRND0232,images/FRND0232.jpg,Friends,Friends
9778,FRND0251,images/FRND0251.jpg,Friends,Friends
9779,FRND0277,images/FRND0277.jpg,Friends,Friends
9780,FRND0243,images/FRND0243.jpg,Friends,Friends
9781,FRND0252,images/FRND0252.jpg,Friends,Friends
9782,FRND0278,images/FRND0278.jpg,Friends,Friends
9783,FRND0272,images/FRND0272.jpg,Friends,Friends
9784,FRND0339,images/FRND0339.jpg,Friends,Friends
9785,SW0959,images/SW0959.jpg,Star Wars,Star Wars
9786,SH0506,images/SH0506.jpg,Super Heroes,Super Heroes
9787,TWN341,images/TWN341.jpg,Town,Town
9788,HP169,images/HP169.jpg,Harry Potter,Harry Potter
9789,HP168,images/HP168.jpg,Harry Potter,Harry Potter
9790,COLTLBM41,images/COLTLBM41.jpg,Collectible Minifigures,Collectible Minifigures
9791,SH0455,images/SH0455.jpg,Super Heroes,Super Heroes
9792,SH0518,images/SH0518.jpg,Super Heroes,Super Heroes
9793,HOL132,images/HOL132.jpg,Holiday & Event,Holiday & Event
9794,HP159,images/HP159.jpg,Harry Potter,Harry Potter
9795,DP047,images/DP047.jpg,Disney,Disney
9796,IDEA041,images/IDEA041.jpg,LEGO Ideas,LEGO Ideas
9797,SW0898,images/SW0898.jpg,Star Wars,Star Wars
9798,SH0465,images/SH0465.jpg,Super Heroes,Super Heroes
9799,SH0527,images/SH0527.jpg,Super Heroes,Super Heroes
9800,CTY0893,images/CTY0893.jpg,Town,Town
9801,HOL114,images/HOL114.jpg,Holiday & Event,Holiday & Event
9802,SH0501,images/SH0501.jpg,Super Heroes,Super Heroes
9803,90398PB027,images/90398PB027.jpg,Harry Potter,Harry Potter
9804,90398PB028,images/90398PB028.jpg,Harry Potter,Harry Potter
9805,90398PB029,images/90398PB029.jpg,Harry Potter,Harry Potter
9806,JW026,images/JW026.jpg,Jurassic World,Jurassic World
9807,SW0976,images/SW0976.jpg,Star Wars,Star Wars
9808,SW0949,images/SW0949.jpg,Star Wars,Star Wars
9809,SW0925,images/SW0925.jpg,Star Wars,Star Wars
9810,SW0934,images/SW0934.jpg,Star Wars,Star Wars
9811,SW0921,images/SW0921.jpg,Star Wars,Star Wars
9812,SW0915,images/SW0915.jpg,Star Wars,Star Wars
9813,GEN107,images/GEN107.jpg,LEGO Brand,LEGO Brand
9814,SH0453,images/SH0453.jpg,Super Heroes,Super Heroes
9815,SH0493,images/SH0493.jpg,Super Heroes,Super Heroes
9816,HP153,images/HP153.jpg,Harry Potter,Harry Potter
9817,HP143,images/HP143.jpg,Harry Potter,Harry Potter
9818,HP138,images/HP138.jpg,Harry Potter,Harry Potter
9819,HP150,images/HP150.jpg,Harry Potter,Harry Potter
9820,COLHP15,images/COLHP15.jpg,Collectible Minifigures,Collectible Minifigures
9821,COLHP01,images/COLHP01.jpg,Collectible Minifigures,Collectible Minifigures
9822,90398PB016,images/90398PB016.jpg,Harry Potter,Harry Potter
9823,NJO0476,images/NJO0476.jpg,NINJAGO,NINJAGO
9824,NJO0484,images/NJO0484.jpg,NINJAGO,NINJAGO
9825,NJO0383,images/NJO0383.jpg,NINJAGO,NINJAGO
9826,SH0461,images/SH0461.jpg,Super Heroes,Super Heroes
9827,UNI09,images/UNI09.jpg,Unikitty!,Other
9828,NJO0462,images/NJO0462.jpg,NINJAGO,NINJAGO
9829,HP160,images/HP160.jpg,Harry Potter,Harry Potter
9830,CTY0859,images/CTY0859.jpg,Town,Town
9831,CTY0858,images/CTY0858.jpg,Town,Town
9832,CTY0839,images/CTY0839.jpg,Town,Town
9833,HP139,images/HP139.jpg,Harry Potter,Harry Potter
9834,HP156,images/HP156.jpg,Harry Potter,Harry Potter
9835,COLHP02,images/COLHP02.jpg,Collectible Minifigures,Collectible Minifigures
9836,90398PB017,images/90398PB017.jpg,Harry Potter,Harry Potter
9837,CTY0910,images/CTY0910.jpg,Town,Town
9838,CTY0911,images/CTY0911.jpg,Town,Town
9839,CTY0909,images/CTY0909.jpg,Town,Town
9840,CTY0920,images/CTY0920.jpg,Town,Town
9841,HP171,images/HP171.jpg,Harry Potter,Harry Potter
9842,CTY0878,images/CTY0878.jpg,Town,Town
9843,CTY0933,images/CTY0933.jpg,Town,Town
9844,90398PB030,images/90398PB030.jpg,Harry Potter,Harry Potter
9845,90398PB031,images/90398PB031.jpg,Harry Potter,Harry Potter
9846,90398PB032,images/90398PB032.jpg,Harry Potter,Harry Potter
9847,COLTLBM28,images/COLTLBM28.jpg,Collectible Minifigures,Collectible Minifigures
9848,NJO0384,images/NJO0384.jpg,NINJAGO,NINJAGO
9849,CTY0938,images/CTY0938.jpg,Town,Town
9850,SW0968,images/SW0968.jpg,Star Wars,Star Wars
9851,SW0912,images/SW0912.jpg,Star Wars,Star Wars
9852,SW0951,images/SW0951.jpg,Star Wars,Star Wars
9853,SW0914,images/SW0914.jpg,Star Wars,Star Wars
9854,SW0847A,images/SW0847A.jpg,Star Wars,Star Wars
9855,SW0913,images/SW0913.jpg,Star Wars,Star Wars
9856,SW0926,images/SW0926.jpg,Star Wars,Star Wars
9857,NEX129,images/NEX129.jpg,NEXO KNIGHTS,NEXO KNIGHTS
9858,NJO0464,images/NJO0464.jpg,NINJAGO,NINJAGO
9859,SH0498,images/SH0498.jpg,Super Heroes,Super Heroes
9860,SH0496,images/SH0496.jpg,Super Heroes,Super Heroes
9861,SH0497A,images/SH0497A.jpg,Super Heroes,Super Heroes
9862,SH0510,images/SH0510.jpg,Super Heroes,Super Heroes
9863,CTY0937,images/CTY0937.jpg,Town,Town
9864,90398PB039,images/90398PB039.jpg,LEGO Ideas,LEGO Ideas
9865,INCR003,images/INCR003.jpg,The Incredibles,Other
9866,HP166,images/HP166.jpg,Harry Potter,Harry Potter
9867,COLHP19,images/COLHP19.jpg,Collectible Minifigures,Collectible Minifigures
9868,SW0896,images/SW0896.jpg,Star Wars,Star Wars
9869,SW0897,images/SW0897.jpg,Star Wars,Star Wars
9870,NJO0451,images/NJO0451.jpg,NINJAGO,NINJAGO
9871,NJO0407,images/NJO0407.jpg,NINJAGO,NINJAGO
9872,NJO0448,images/NJO0448.jpg,NINJAGO,NINJAGO
9873,NJO0486,images/NJO0486.jpg,NINJAGO,NINJAGO
9874,NJO0389,images/NJO0389.jpg,NINJAGO,NINJAGO
9875,NJO0459,images/NJO0459.jpg,NINJAGO,NINJAGO
9876,NEX138,images/NEX138.jpg,NEXO KNIGHTS,NEXO KNIGHTS
9877,NJO0470,images/NJO0470.jpg,NINJAGO,NINJAGO
9878,NJO0478,images/NJO0478.jpg,NINJAGO,NINJAGO
9879,COLTLBM40,images/COLTLBM40.jpg,Collectible Minifigures,Collectible Minifigures
9880,NJO0452,images/NJO0452.jpg,NINJAGO,NINJAGO
9881,NJO0406,images/NJO0406.jpg,NINJAGO,NINJAGO
9882,NJO0469,images/NJO0469.jpg,NINJAGO,NINJAGO
9883,NJO0457,images/NJO0457.jpg,NINJAGO,NINJAGO
9884,NJO0473,images/NJO0473.jpg,NINJAGO,NINJAGO
9885,NJO0391,images/NJO0391.jpg,NINJAGO,NINJAGO
9886,NJO0391A,images/NJO0391A.jpg,NINJAGO,NINJAGO
9887,JW025,images/JW025.jpg,Jurassic World,Jurassic World
9888,SW0935,images/SW0935.jpg,Star Wars,Star Wars
9889,SW0929,images/SW0929.jpg,Star Wars,Star Wars
9890,SW0911,images/SW0911.jpg,Star Wars,Star Wars
9891,UNI17,images/UNI17.jpg,Unikitty!,Other
9892,SH0472,images/SH0472.jpg,Super Heroes,Super Heroes
9893,COLTLBM36,images/COLTLBM36.jpg,Collectible Minifigures,Collectible Minifigures
9894,NJO0402,images/NJO0402.jpg,NINJAGO,NINJAGO
9895,CTY0941,images/CTY0941.jpg,Town,Town
9896,SW0885,images/SW0885.jpg,Star Wars,Star Wars
9897,NEX146,images/NEX146.jpg,NEXO KNIGHTS,NEXO KNIGHTS
9898,NEX141,images/NEX141.jpg,NEXO KNIGHTS,NEXO KNIGHTS
9899,SW0973,images/SW0973.jpg,Star Wars,Star Wars
9900,SW0923,images/SW0923.jpg,Star Wars,Star Wars
9901,TLS091,images/TLS091.jpg,LEGO Brand,LEGO Brand
9902,TLS090,images/TLS090.jpg,LEGO Brand,LEGO Brand
9903,TLS089,images/TLS089.jpg,LEGO Brand,LEGO Brand
9904,TLS097,images/TLS097.jpg,LEGO Brand,LEGO Brand
9905,GEN133,images/GEN133.jpg,LEGO Brand,LEGO Brand
9906,GEN105,images/GEN105.jpg,LEGO Brand,LEGO Brand
9907,SH0459,images/SH0459.jpg,Super Heroes,Super Heroes
9908,SH0519,images/SH0519.jpg,Super Heroes,Super Heroes
9909,JW029,images/JW029.jpg,Jurassic World,Jurassic World
9910,NJO0438,images/NJO0438.jpg,The LEGO NINJAGO Movie,Other
9911,IDEA045,images/IDEA045.jpg,LEGO Ideas,LEGO Ideas
9912,NJO0403,images/NJO0403.jpg,NINJAGO,NINJAGO
9913,NJO0424,images/NJO0424.jpg,NINJAGO,NINJAGO
9914,NJO0425,images/NJO0425.jpg,NINJAGO,NINJAGO
9915,NJO0474,images/NJO0474.jpg,NINJAGO,NINJAGO
9916,NJO0481,images/NJO0481.jpg,NINJAGO,NINJAGO
9917,NJO0387,images/NJO0387.jpg,NINJAGO,NINJAGO
9918,NJO0401,images/NJO0401.jpg,NINJAGO,NINJAGO
9919,NJO0429,images/NJO0429.jpg,NINJAGO,NINJAGO
9920,SH0490,images/SH0490.jpg,Super Heroes,Super Heroes
9921,SW0974,images/SW0974.jpg,Star Wars,Star Wars
9922,SH0486,images/SH0486.jpg,Super Heroes,Super Heroes
9923,NJO0382,images/NJO0382.jpg,NINJAGO,NINJAGO
9924,90398PB018,images/90398PB018.jpg,Harry Potter,Harry Potter
9925,COLHP09,images/COLHP09.jpg,Collectible Minifigures,Collectible Minifigures
9926,HP135,images/HP135.jpg,Harry Potter,Harry Potter
9927,TWN348,images/TWN348.jpg,LEGO Brand,LEGO Brand
9928,TWN349,images/TWN349.jpg,LEGO Brand,LEGO Brand
9929,TWN350,images/TWN350.jpg,LEGO Brand,LEGO Brand
9930,TWN351,images/TWN351.jpg,LEGO Brand,LEGO Brand
9931,TWN354,images/TWN354.jpg,LEGO Brand,LEGO Brand
9932,TWN355,images/TWN355.jpg,LEGO Brand,LEGO Brand
9933,TWN352,images/TWN352.jpg,LEGO Brand,LEGO Brand
9934,TWN353,images/TWN353.jpg,LEGO Brand,LEGO Brand
9935,NJO0392,images/NJO0392.jpg,NINJAGO,NINJAGO
9936,SW0957,images/SW0957.jpg,Star Wars,Star Wars
9937,SW0971,images/SW0971.jpg,Star Wars,Star Wars
9938,SW0907,images/SW0907.jpg,Star Wars,Star Wars
9939,SW0952,images/SW0952.jpg,Star Wars,Star Wars
9940,SW0887,images/SW0887.jpg,Star Wars,Star Wars
9941,ELF051,images/ELF051.jpg,Elves,Other
9942,COLHP05,images/COLHP05.jpg,Collectible Minifigures,Collectible Minifigures
9943,SW0889,images/SW0889.jpg,Star Wars,Star Wars
9944,NEX149,images/NEX149.jpg,NEXO KNIGHTS,NEXO KNIGHTS
9945,NEX133,images/NEX133.jpg,NEXO KNIGHTS,NEXO KNIGHTS
9946,COLHP14,images/COLHP14.jpg,Collectible Minifigures,Collectible Minifigures
9947,HP170,images/HP170.jpg,Harry Potter,Harry Potter
9948,JW024,images/JW024.jpg,Jurassic World,Jurassic World
9949,TWN365,images/TWN365.jpg,Town,Town
9950,TWN366,images/TWN366.jpg,Town,Town
9951,DP046,images/DP046.jpg,Disney,Disney
9952,TRN247,images/TRN247.jpg,Town,Town
9953,TWN331,images/TWN331.jpg,Town,Town
9954,CTY0913,images/CTY0913.jpg,Town,Town
9955,TWN311,images/TWN311.jpg,Town,Town
9956,HP136,images/HP136.jpg,Harry Potter,Harry Potter
9957,UNI10,images/UNI10.jpg,Unikitty!,Other
9958,TWN334,images/TWN334.jpg,Town,Town
9959,CTY0896,images/CTY0896.jpg,Town,Town
9960,CTY0902,images/CTY0902.jpg,Town,Town
9961,NEX126,images/NEX126.jpg,NEXO KNIGHTS,NEXO KNIGHTS
9962,SH0524,images/SH0524.jpg,Super Heroes,Super Heroes
9963,COLTLBM29,images/COLTLBM29.jpg,Collectible Minifigures,Collectible Minifigures
9964,SW0927,images/SW0927.jpg,Star Wars,Star Wars
9965,CTY0849,images/CTY0849.jpg,Town,Town
9966,CTY0875,images/CTY0875.jpg,Town,Town
9967,CTY0895,images/CTY0895.jpg,Town,Town
9968,CTY0877,images/CTY0877.jpg,Town,Town
9969,CTY0885,images/CTY0885.jpg,Town,Town
9970,CTY0848,images/CTY0848.jpg,Town,Town
9971,CTY0876,images/CTY0876.jpg,Town,Town
9972,CTY0884,images/CTY0884.jpg,Town,Town
9973,CTY0846,images/CTY0846.jpg,Town,Town
9974,CTY0847,images/CTY0847.jpg,Town,Town
9975,NJO0483,images/NJO0483.jpg,NINJAGO,NINJAGO
9976,PPG001,images/PPG001.jpg,The Powerpuff Girls,Other
9977,SW0917,images/SW0917.jpg,Star Wars,Star Wars
9978,CTY0856,images/CTY0856.jpg,Town,Town
9979,CTY0836,images/CTY0836.jpg,Town,Town
9980,CTY0851,images/CTY0851.jpg,Town,Town
9981,CTY0867,images/CTY0867.jpg,Town,Town
9982,CTY0850,images/CTY0850.jpg,Town,Town
9983,CTY0872,images/CTY0872.jpg,Town,Town
9984,CTY0879,images/CTY0879.jpg,Town,Town
9985,CTY0834,images/CTY0834.jpg,Town,Town
9986,CTY0831,images/CTY0831.jpg,Town,Town
9987,CTY0835,images/CTY0835.jpg,Town,Town
9988,CTY0871,images/CTY0871.jpg,Town,Town
9989,CTY0890A,images/CTY0890A.jpg,Town,Town
9990,CTY0833,images/CTY0833.jpg,Town,Town
9991,CTY0869,images/CTY0869.jpg,Town,Town
9992,CTY0854,images/CTY0854.jpg,Town,Town
9993,CTY0852,images/CTY0852.jpg,Town,Town
9994,CTY0832,images/CTY0832.jpg,Town,Town
9995,CTY0855,images/CTY0855.jpg,Town,Town
9996,CTY0887,images/CTY0887.jpg,Town,Town
9997,CTY0883,images/CTY0883.jpg,Town,Town
9998,CTY0830,images/CTY0830.jpg,Town,Town
9999,CTY0853,images/CTY0853.jpg,Town,Town
10000,CTY0946,images/CTY0946.jpg,Town,Town
10001,CTY0837,images/CTY0837.jpg,Town,Town
10002,CTY0868,images/CTY0868.jpg,Town,Town
10003,CTY0870,images/CTY0870.jpg,Town,Town
10004,NJO0385,images/NJO0385.jpg,NINJAGO,NINJAGO
10005,INCR005,images/INCR005.jpg,The Incredibles,Other
10006,INCR006,images/INCR006.jpg,The Incredibles,Other
10007,DP077,images/DP077.jpg,Disney,Disney
10008,DP044,images/DP044.jpg,Disney,Disney
10009,CTY0932,images/CTY0932.jpg,Town,Town
10010,HOL122,images/HOL122.jpg,Holiday & Event,Holiday & Event
10011,NJO0466,images/NJO0466.jpg,NINJAGO,NINJAGO
10012,NJO0437,images/NJO0437.jpg,The LEGO NINJAGO Movie,Other
10013,ELF046,images/ELF046.jpg,Elves,Other
10014,NJO0394,images/NJO0394.jpg,NINJAGO,NINJAGO
10015,SH0467,images/SH0467.jpg,Super Heroes,Super Heroes
10016,CTY0921,images/CTY0921.jpg,Town,Town
10017,HP145,images/HP145.jpg,Harry Potter,Harry Potter
10018,SH0475,images/SH0475.jpg,Super Heroes,Super Heroes
10019,COLHP06,images/COLHP06.jpg,Collectible Minifigures,Collectible Minifigures
10020,HP165,images/HP165.jpg,Harry Potter,Harry Potter
10021,COLHP17,images/COLHP17.jpg,Collectible Minifigures,Collectible Minifigures
10022,SH0481,images/SH0481.jpg,Super Heroes,Super Heroes
10023,NJO0487,images/NJO0487.jpg,NINJAGO,NINJAGO
10024,ELF059,images/ELF059.jpg,Elves,Other
10025,ELF054,images/ELF054.jpg,Elves,Other
10026,NJO0404,images/NJO0404.jpg,NINJAGO,NINJAGO
10027,NJO0433,images/NJO0433.jpg,NINJAGO,NINJAGO
10028,NJO0482,images/NJO0482.jpg,NINJAGO,NINJAGO
10029,NJO0475,images/NJO0475.jpg,NINJAGO,NINJAGO
10030,NJO0485,images/NJO0485.jpg,NINJAGO,NINJAGO
10031,NJO0594,images/NJO0594.jpg,NINJAGO,NINJAGO
10032,NJO0398,images/NJO0398.jpg,NINJAGO,NINJAGO
10033,NJO0430,images/NJO0430.jpg,NINJAGO,NINJAGO
10034,PPG003,images/PPG003.jpg,The Powerpuff Girls,Other
10035,SH0476,images/SH0476.jpg,Super Heroes,Super Heroes
10036,DP054A,images/DP054A.jpg,Disney,Disney
10037,HP137,images/HP137.jpg,Harry Potter,Harry Potter
10038,SH0523,images/SH0523.jpg,Super Heroes,Super Heroes
10039,TWN305,images/TWN305.jpg,Town,Town
10040,TWN346,images/TWN346.jpg,Town,Town
10041,TRN241,images/TRN241.jpg,Town,Town
10042,SH0505,images/SH0505.jpg,Super Heroes,Super Heroes
10043,CTY0945,images/CTY0945.jpg,Town,Town
10044,JW023,images/JW023.jpg,Jurassic World,Jurassic World
10045,JW044,images/JW044.jpg,Jurassic World,Jurassic World
10046,JW020,images/JW020.jpg,Jurassic World,Jurassic World
10047,COL332,images/COL332.jpg,Collectible Minifigures,Collectible Minifigures
10048,CTY0897,images/CTY0897.jpg,Town,Town
10049,COL330,images/COL330.jpg,Collectible Minifigures,Collectible Minifigures
10050,COL315,images/COL315.jpg,Collectible Minifigures,Collectible Minifigures
10051,COL340,images/COL340.jpg,Collectible Minifigures,Collectible Minifigures
10052,UNI20,images/UNI20.jpg,Unikitty!,Other
10053,COLHP22,images/COLHP22.jpg,Collectible Minifigures,Collectible Minifigures
10054,CTY0947,images/CTY0947.jpg,Town,Town
10055,PI006NEW,images/PI006NEW.jpg,Pirates,Pirates
10056,TWN342,images/TWN342.jpg,Town,Town
10057,TWN332,images/TWN332.jpg,Town,Town
10058,PLN188,images/PLN188.jpg,Building Bigger Thinking,Other
10059,PLN186,images/PLN186.jpg,Building Bigger Thinking,Other
10060,PLN185,images/PLN185.jpg,Building Bigger Thinking,Other
10061,PLN184,images/PLN184.jpg,Town,Town
10062,PLN183,images/PLN183.jpg,Town,Town
10063,PLN182,images/PLN182.jpg,Building Bigger Thinking,Other
10064,PLN187,images/PLN187.jpg,Building Bigger Thinking,Other
10065,PLN189,images/PLN189.jpg,Building Bigger Thinking,Other
10066,CTY0948,images/CTY0948.jpg,Town,Town
10067,NEX131,images/NEX131.jpg,NEXO KNIGHTS,NEXO KNIGHTS
10068,CTY0930,images/CTY0930.jpg,Town,Town
10069,CTY0888,images/CTY0888.jpg,Town,Town
10070,CTY0936,images/CTY0936.jpg,Town,Town
10071,SC058,images/SC058.jpg,SPEED CHAMPIONS,SPEED CHAMPIONS
10072,SC059,images/SC059.jpg,SPEED CHAMPIONS,SPEED CHAMPIONS
10073,SC057,images/SC057.jpg,SPEED CHAMPIONS,SPEED CHAMPIONS
10074,SC054,images/SC054.jpg,SPEED CHAMPIONS,SPEED CHAMPIONS
10075,DP052,images/DP052.jpg,Disney,Disney
10076,DP049,images/DP049.jpg,Disney,Disney
10077,SW0972,images/SW0972.jpg,Star Wars,Star Wars
10078,SW0958,images/SW0958.jpg,Star Wars,Star Wars
10079,PPG002,images/PPG002.jpg,The Powerpuff Girls,Other
10080,NJO0439,images/NJO0439.jpg,The LEGO NINJAGO Movie,Other
10081,HP172,images/HP172.jpg,Harry Potter,Harry Potter
10082,90398PB021,images/90398PB021.jpg,Harry Potter,Harry Potter
10083,COLHP13,images/COLHP13.jpg,Collectible Minifigures,Collectible Minifigures
10084,HP152,images/HP152.jpg,Harry Potter,Harry Potter
10085,90398PB022,images/90398PB022.jpg,Harry Potter,Harry Potter
10086,HP146,images/HP146.jpg,Harry Potter,Harry Potter
10087,HP157,images/HP157.jpg,Harry Potter,Harry Potter
10088,90398PB024,images/90398PB024.jpg,Harry Potter,Harry Potter
10089,HP134A,images/HP134A.jpg,Harry Potter,Harry Potter
10090,HP173,images/HP173.jpg,Harry Potter,Harry Potter
10091,90398PB023,images/90398PB023.jpg,Harry Potter,Harry Potter
10092,COLHP11,images/COLHP11.jpg,Collectible Minifigures,Collectible Minifigures
10093,SH0500,images/SH0500.jpg,Super Heroes,Super Heroes
10094,UNI23,images/UNI23.jpg,Unikitty!,Other
10095,UNI04,images/UNI04.jpg,Unikitty!,Other
10096,UNI08,images/UNI08.jpg,Unikitty!,Other
10097,UNI24,images/UNI24.jpg,Unikitty!,Other
10098,SW0946,images/SW0946.jpg,Star Wars,Star Wars
10099,SW0916,images/SW0916.jpg,Star Wars,Star Wars
10100,SW0920,images/SW0920.jpg,Star Wars,Star Wars
10101,SW0924,images/SW0924.jpg,Star Wars,Star Wars
10102,TWN326,images/TWN326.jpg,Town,Town
10103,COLUNI11,images/COLUNI11.jpg,Unikitty!,Other
10104,HP164,images/HP164.jpg,Harry Potter,Harry Potter
10105,COLHP20,images/COLHP20.jpg,Collectible Minifigures,Collectible Minifigures
10106,IDEA038,images/IDEA038.jpg,LEGO Ideas,LEGO Ideas
10107,SW0938,images/SW0938.jpg,Star Wars,Star Wars
10108,CTY0922,images/CTY0922.jpg,Town,Town
10109,CTY0874,images/CTY0874.jpg,Town,Town
10110,COL324,images/COL324.jpg,Collectible Minifigures,Collectible Minifigures
10111,SC061,images/SC061.jpg,SPEED CHAMPIONS,SPEED CHAMPIONS
10112,SC062,images/SC062.jpg,SPEED CHAMPIONS,SPEED CHAMPIONS
10113,CTY0914,images/CTY0914.jpg,Town,Town
10114,COLUNI01,images/COLUNI01.jpg,Unikitty!,Other
10115,SW0950,images/SW0950.jpg,Star Wars,Star Wars
10116,DP059,images/DP059.jpg,Disney,Disney
10117,DP055,images/DP055.jpg,Disney,Disney
10118,90398PB033,images/90398PB033.jpg,Harry Potter,Harry Potter
10119,90398PB034,images/90398PB034.jpg,Harry Potter,Harry Potter
10120,90398PB035,images/90398PB035.jpg,Harry Potter,Harry Potter
10121,SW0932,images/SW0932.jpg,Star Wars,Star Wars
10122,SW0918,images/SW0918.jpg,Star Wars,Star Wars
10123,HOL131,images/HOL131.jpg,Holiday & Event,Holiday & Event
10124,SW1005,images/SW1005.jpg,Star Wars,Star Wars
10125,SW0884,images/SW0884.jpg,Star Wars,Star Wars
10126,SW0883,images/SW0883.jpg,Star Wars,Star Wars
10127,SW0892,images/SW0892.jpg,Star Wars,Star Wars
10128,SH0471,images/SH0471.jpg,Super Heroes,Super Heroes
10129,SW0888,images/SW0888.jpg,Star Wars,Star Wars
10130,UNI11,images/UNI11.jpg,Unikitty!,Other
10131,UNI26,images/UNI26.jpg,Unikitty!,Other
10132,IDEA040,images/IDEA040.jpg,LEGO Ideas,LEGO Ideas
10133,SW0955,images/SW0955.jpg,Star Wars,Star Wars
10134,SH0514,images/SH0514.jpg,Super Heroes,Super Heroes
10135,NEX139,images/NEX139.jpg,NEXO KNIGHTS,NEXO KNIGHTS
10136,NEX135,images/NEX135.jpg,NEXO KNIGHTS,NEXO KNIGHTS
10137,CTY0917,images/CTY0917.jpg,Town,Town
10138,TWN313,images/TWN313.jpg,Town,Town
10139,TWN325,images/TWN325.jpg,Town,Town
10140,HP142,images/HP142.jpg,Harry Potter,Harry Potter
10141,HP151,images/HP151.jpg,Harry Potter,Harry Potter
10142,HP154,images/HP154.jpg,Harry Potter,Harry Potter
10143,COLHP03,images/COLHP03.jpg,Collectible Minifigures,Collectible Minifigures
10144,90398PB019,images/90398PB019.jpg,Harry Potter,Harry Potter
10145,SW0901,images/SW0901.jpg,Star Wars,Star Wars
10146,HP162,images/HP162.jpg,Harry Potter,Harry Potter
10147,GEN098,images/GEN098.jpg,Collectible Minifigures,Collectible Minifigures
10148,NEX148,images/NEX148.jpg,NEXO KNIGHTS,NEXO KNIGHTS
10149,HP144,images/HP144.jpg,Harry Potter,Harry Potter
10150,NJO0443,images/NJO0443.jpg,The LEGO NINJAGO Movie,Other
10151,NJO0440,images/NJO0440.jpg,The LEGO NINJAGO Movie,Other
10152,NJO0442,images/NJO0442.jpg,The LEGO NINJAGO Movie,Other
10153,HP161,images/HP161.jpg,Harry Potter,Harry Potter
10154,IDEA039,images/IDEA039.jpg,LEGO Ideas,LEGO Ideas
10155,NJO0390,images/NJO0390.jpg,NINJAGO,NINJAGO
10156,SH0480,images/SH0480.jpg,Super Heroes,Super Heroes
10157,SW0881,images/SW0881.jpg,Star Wars,Star Wars
10158,SW0882,images/SW0882.jpg,Star Wars,Star Wars
10159,SW0960,images/SW0960.jpg,Star Wars,Star Wars
10160,SW0894,images/SW0894.jpg,Star Wars,Star Wars
10161,SW0961,images/SW0961.jpg,Star Wars,Star Wars
10162,HOL125,images/HOL125.jpg,Holiday & Event,Holiday & Event
10163,NJO0427,images/NJO0427.jpg,NINJAGO,NINJAGO
10164,SH0479,images/SH0479.jpg,Super Heroes,Super Heroes
10165,JW041,images/JW041.jpg,Jurassic World,Jurassic World
10166,NJO0431,images/NJO0431.jpg,NINJAGO,NINJAGO
10167,INCR007,images/INCR007.jpg,The Incredibles,Other
10168,HP141,images/HP141.jpg,Harry Potter,Harry Potter
10169,TRN243,images/TRN243.jpg,Train,Other
10170,HP167,images/HP167.jpg,Harry Potter,Harry Potter
10171,COLUNI03,images/COLUNI03.jpg,Unikitty!,Other
10172,COLUNI05,images/COLUNI05.jpg,Unikitty!,Other
10173,ELF057,images/ELF057.jpg,Elves,Other
10174,ELF047,images/ELF047.jpg,Elves,Other
10175,ELF055,images/ELF055.jpg,Elves,Other
10176,ELF049,images/ELF049.jpg,Elves,Other
10177,ELF058,images/ELF058.jpg,Elves,Other
10178,ELF052,images/ELF052.jpg,Elves,Other
10179,ELF045,images/ELF045.jpg,Elves,Other
10180,SH0520,images/SH0520.jpg,Super Heroes,Super Heroes
10181,CTY0819,images/CTY0819.jpg,Town,Town
10182,SH0512,images/SH0512.jpg,Super Heroes,Super Heroes
10183,CTY0940,images/CTY0940.jpg,Town,Town
10184,GEN099,images/GEN099.jpg,Town,Town
10185,GEN094,images/GEN094.jpg,NINJAGO,NINJAGO
10186,MIN065,images/MIN065.jpg,Minecraft,Minecraft
10187,CTY0857,images/CTY0857.jpg,Town,Town
10188,NJO0395,images/NJO0395.jpg,NINJAGO,NINJAGO
10189,MIN064,images/MIN064.jpg,Minecraft,Minecraft
10190,MIN063,images/MIN063.jpg,Minecraft,Minecraft
10191,NJO0465,images/NJO0465.jpg,NINJAGO,NINJAGO
10192,NJO0477,images/NJO0477.jpg,NINJAGO,NINJAGO
10193,COLUNI10,images/COLUNI10.jpg,Unikitty!,Other
10194,90398PB036,images/90398PB036.jpg,Harry Potter,Harry Potter
10195,90398PB037,images/90398PB037.jpg,Harry Potter,Harry Potter
10196,90398PB038,images/90398PB038.jpg,Harry Potter,Harry Potter
10197,SW1134,images/SW1134.jpg,Star Wars,Star Wars
10198,HOL130,images/HOL130.jpg,Holiday & Event,Holiday & Event
10199,NJO0414,images/NJO0414.jpg,NINJAGO,NINJAGO
10200,CTY0842,images/CTY0842.jpg,Town,Town
10201,COL320,images/COL320.jpg,Collectible Minifigures,Collectible Minifigures
10202,CTY0943,images/CTY0943.jpg,Town,Town
10203,UNI06,images/UNI06.jpg,Unikitty!,Other
10204,UNI13,images/UNI13.jpg,Unikitty!,Other
10205,SH0499,images/SH0499.jpg,Super Heroes,Super Heroes
10206,SH0474,images/SH0474.jpg,Super Heroes,Super Heroes
10207,HOL124,images/HOL124.jpg,Holiday & Event,Holiday & Event
10208,MIN060,images/MIN060.jpg,Minecraft,Minecraft
10209,UNI14,images/UNI14.jpg,Unikitty!,Other
10210,MIN061,images/MIN061.jpg,Minecraft,Minecraft
10211,CTY0939,images/CTY0939.jpg,Town,Town
10212,TWN347,images/TWN347.jpg,Town,Town
10213,SH0483,images/SH0483.jpg,Super Heroes,Super Heroes
10214,SH0463,images/SH0463.jpg,Super Heroes,Super Heroes
10215,SH0489,images/SH0489.jpg,Super Heroes,Super Heroes
10216,TWN315,images/TWN315.jpg,Town,Town
10217,TWN314,images/TWN314.jpg,Town,Town
10218,HP149A,images/HP149A.jpg,Harry Potter,Harry Potter
10219,COLTLBM30,images/COLTLBM30.jpg,Collectible Minifigures,Collectible Minifigures
10220,SH0529,images/SH0529.jpg,Super Heroes,Super Heroes
10221,NJO0479,images/NJO0479.jpg,NINJAGO,NINJAGO
10222,SH0530,images/SH0530.jpg,Super Heroes,Super Heroes
10223,SH0504,images/SH0504.jpg,Super Heroes,Super Heroes
10224,SH0473,images/SH0473.jpg,Super Heroes,Super Heroes
10225,IDEA043,images/IDEA043.jpg,LEGO Ideas,LEGO Ideas
10226,SH0515,images/SH0515.jpg,Super Heroes,Super Heroes
10227,SH0482,images/SH0482.jpg,Super Heroes,Super Heroes
10228,SH0517,images/SH0517.jpg,Super Heroes,Super Heroes
10229,IDEA042,images/IDEA042.jpg,LEGO Ideas,LEGO Ideas
10230,SH0502,images/SH0502.jpg,Super Heroes,Super Heroes
10231,SH0485,images/SH0485.jpg,Super Heroes,Super Heroes
10232,JW030,images/JW030.jpg,Jurassic World,Jurassic World
10233,HP163,images/HP163.jpg,Harry Potter,Harry Potter
10234,COLHP18,images/COLHP18.jpg,Collectible Minifigures,Collectible Minifigures
10235,SW0941,images/SW0941.jpg,Star Wars,Star Wars
10236,SW0919,images/SW0919.jpg,Star Wars,Star Wars
10237,COL336,images/COL336.jpg,Collectible Minifigures,Collectible Minifigures
10238,CTY0942,images/CTY0942.jpg,Town,Town
10239,CTY0916,images/CTY0916.jpg,Town,Town
10240,TRN244,images/TRN244.jpg,Train,Other
10241,TRN250,images/TRN250.jpg,Town,Town
10242,TRN245,images/TRN245.jpg,Train,Other
10243,TRN246,images/TRN246.jpg,Train,Other
10244,HP158,images/HP158.jpg,Harry Potter,Harry Potter
10245,CTY0838,images/CTY0838.jpg,Town,Town
10246,SW0970,images/SW0970.jpg,Star Wars,Star Wars
10247,NJO0400,images/NJO0400.jpg,NINJAGO,NINJAGO
10248,NJO0397,images/NJO0397.jpg,NINJAGO,NINJAGO
10249,SH0468,images/SH0468.jpg,Super Heroes,Super Heroes
10250,INCR008,images/INCR008.jpg,The Incredibles,Other
10251,COL328,images/COL328.jpg,Collectible Minifigures,Collectible Minifigures
10252,UNI01,images/UNI01.jpg,Unikitty!,Other
10253,UNI07,images/UNI07.jpg,Unikitty!,Other
10254,UNI02,images/UNI02.jpg,Unikitty!,Other
10255,TLM101,images/TLM101.jpg,The LEGO Movie 2,Other
10256,UNI03,images/UNI03.jpg,Unikitty!,Other
10257,COLTLBM34,images/COLTLBM34.jpg,Collectible Minifigures,Collectible Minifigures
10258,COLTLBM33,images/COLTLBM33.jpg,Collectible Minifigures,Collectible Minifigures
10259,COLTLBM32,images/COLTLBM32.jpg,Collectible Minifigures,Collectible Minifigures
10260,COLTLBM31,images/COLTLBM31.jpg,Collectible Minifigures,Collectible Minifigures
10261,SW0953,images/SW0953.jpg,Star Wars,Star Wars
10262,NEX150,images/NEX150.jpg,NEXO KNIGHTS,NEXO KNIGHTS
10263,NEX128,images/NEX128.jpg,NEXO KNIGHTS,NEXO KNIGHTS
10264,NEX127,images/NEX127.jpg,NEXO KNIGHTS,NEXO KNIGHTS
10265,INCR004,images/INCR004.jpg,The Incredibles,Other
10266,COL334,images/COL334.jpg,Collectible Minifigures,Collectible Minifigures
10267,SW0942,images/SW0942.jpg,Star Wars,Star Wars
10268,CTY0901,images/CTY0901.jpg,Town,Town
10269,HOL128,images/HOL128.jpg,Holiday & Event,Holiday & Event
10270,TWN317,images/TWN317.jpg,Town,Town
10271,TWN316,images/TWN316.jpg,Town,Town
10272,TWN330,images/TWN330.jpg,Town,Town
10273,COLTLBM37,images/COLTLBM37.jpg,Collectible Minifigures,Collectible Minifigures
10274,COLTLBM38,images/COLTLBM38.jpg,Collectible Minifigures,Collectible Minifigures
10275,SH0456,images/SH0456.jpg,Super Heroes,Super Heroes
10276,COL335,images/COL335.jpg,Collectible Minifigures,Collectible Minifigures
10277,NJO0632,images/NJO0632.jpg,NINJAGO,NINJAGO
10278,NJO0456,images/NJO0456.jpg,NINJAGO,NINJAGO
10279,NJO0450,images/NJO0450.jpg,NINJAGO,NINJAGO
10280,NJO0467,images/NJO0467.jpg,NINJAGO,NINJAGO
10281,SW0893,images/SW0893.jpg,Star Wars,Star Wars
10282,SW0906,images/SW0906.jpg,Star Wars,Star Wars
10283,NJO0453,images/NJO0453.jpg,NINJAGO,NINJAGO
10284,NJO0396,images/NJO0396.jpg,NINJAGO,NINJAGO
10285,NJO0405,images/NJO0405.jpg,NINJAGO,NINJAGO
10286,NJO0458,images/NJO0458.jpg,NINJAGO,NINJAGO
10287,NJO0393,images/NJO0393.jpg,NINJAGO,NINJAGO
10288,NJO0410,images/NJO0410.jpg,NINJAGO,NINJAGO
10289,NJO0423,images/NJO0423.jpg,NINJAGO,NINJAGO
10290,JW031,images/JW031.jpg,Jurassic World,Jurassic World
10291,TLM139,images/TLM139.jpg,The LEGO Movie 2,Other
10292,SC071,images/SC071.jpg,SPEED CHAMPIONS,SPEED CHAMPIONS
10293,SC072,images/SC072.jpg,SPEED CHAMPIONS,SPEED CHAMPIONS
10294,SC078,images/SC078.jpg,SPEED CHAMPIONS,SPEED CHAMPIONS
10295,SC076,images/SC076.jpg,SPEED CHAMPIONS,SPEED CHAMPIONS
10296,SC070,images/SC070.jpg,SPEED CHAMPIONS,SPEED CHAMPIONS
10297,NJO0521,images/NJO0521.jpg,NINJAGO,NINJAGO
10298,DP067,images/DP067.jpg,Disney,Disney
10299,HP190,images/HP190.jpg,Harry Potter,Harry Potter
10300,MIN070,images/MIN070.jpg,Minecraft,Minecraft
10301,TOY017,images/TOY017.jpg,Toy Story,Other
10302,JW049,images/JW049.jpg,Jurassic World,Jurassic World
10303,SW1001,images/SW1001.jpg,Star Wars,Star Wars
10304,DP073,images/DP073.jpg,Disney,Disney
10305,DP070,images/DP070.jpg,Disney,Disney
10306,DIS033,images/DIS033.jpg,Collectible Minifigures,Collectible Minifigures
10307,SH0563,images/SH0563.jpg,Super Heroes,Super Heroes
10308,90398PB040,images/90398PB040.jpg,Super Heroes,Super Heroes
10309,TLM175,images/TLM175.jpg,The LEGO Movie 2,Other
10310,TLM150,images/TLM150.jpg,Collectible Minifigures,Collectible Minifigures
10311,TLM160,images/TLM160.jpg,Collectible Minifigures,Collectible Minifigures
10312,SH0557,images/SH0557.jpg,Super Heroes,Super Heroes
10313,TLM187,images/TLM187.jpg,The LEGO Movie 2,Other
10314,DP062,images/DP062.jpg,Disney,Disney
10315,DP063,images/DP063.jpg,Disney,Disney
10316,TLM169,images/TLM169.jpg,The LEGO Movie 2,Other
10317,NJO0540,images/NJO0540.jpg,NINJAGO,NINJAGO
10318,SW1052,images/SW1052.jpg,Star Wars,Star Wars
10319,SW1013,images/SW1013.jpg,Star Wars,Star Wars
10320,CTY1036,images/CTY1036.jpg,Town,Town
10321,CTY1067,images/CTY1067.jpg,Town,Town
10322,CTY1008,images/CTY1008.jpg,Town,Town
10323,CTY1065,images/CTY1065.jpg,Town,Town
10324,CTY1064,images/CTY1064.jpg,Town,Town
10325,CTY1039,images/CTY1039.jpg,Town,Town
10326,CTY1040,images/CTY1040.jpg,Town,Town
10327,CTY1068,images/CTY1068.jpg,Town,Town
10328,CTY1041,images/CTY1041.jpg,Town,Town
10329,CTY1028,images/CTY1028.jpg,Town,Town
10330,CTY1063,images/CTY1063.jpg,Town,Town
10331,CTY1034,images/CTY1034.jpg,Town,Town
10332,CTY1059,images/CTY1059.jpg,Town,Town
10333,CTY1061,images/CTY1061.jpg,Town,Town
10334,CTY1009,images/CTY1009.jpg,Town,Town
10335,CTY1027,images/CTY1027.jpg,Town,Town
10336,CTY1055,images/CTY1055.jpg,Town,Town
10337,CTY1076,images/CTY1076.jpg,Town,Town
10338,SH0544,images/SH0544.jpg,Super Heroes,Super Heroes
10339,DP064,images/DP064.jpg,Disney,Disney
10340,TLM148,images/TLM148.jpg,Collectible Minifigures,Collectible Minifigures
10341,HP194,images/HP194.jpg,Harry Potter,Harry Potter
10342,TLM192,images/TLM192.jpg,The LEGO Movie 2,Other
10343,SW1037,images/SW1037.jpg,Star Wars,Star Wars
10344,TLM183,images/TLM183.jpg,The LEGO Movie 2,Other
10345,TLM184,images/TLM184.jpg,The LEGO Movie 2,Other
10346,TLM178,images/TLM178.jpg,The LEGO Movie 2,Other
10347,ST009,images/ST009.jpg,Stranger Things,Other
10348,CTY1049,images/CTY1049.jpg,Town,Town
10349,CTY1048,images/CTY1048.jpg,Town,Town
10350,IDEA048,images/IDEA048.jpg,LEGO Ideas,LEGO Ideas
10351,TLM118,images/TLM118.jpg,The LEGO Movie 2,Other
10352,TLM130,images/TLM130.jpg,The LEGO Movie 2,Other
10353,SH0016B,images/SH0016B.jpg,Super Heroes,Super Heroes
10354,SH0589,images/SH0589.jpg,Super Heroes,Super Heroes
10355,SH0552,images/SH0552.jpg,Super Heroes,Super Heroes
10356,SH0607,images/SH0607.jpg,Super Heroes,Super Heroes
10357,SH0559,images/SH0559.jpg,Super Heroes,Super Heroes
10358,TLM149,images/TLM149.jpg,Collectible Minifigures,Collectible Minifigures
10359,SW1034,images/SW1034.jpg,Star Wars,Star Wars
10360,CTY1054,images/CTY1054.jpg,Town,Town
10361,COL356,images/COL356.jpg,Collectible Minifigures,Collectible Minifigures
10362,TLM185,images/TLM185.jpg,The LEGO Movie 2,Other
10363,TLM107,images/TLM107.jpg,The LEGO Movie 2,Other
10364,IDEA047,images/IDEA047.jpg,LEGO Ideas,LEGO Ideas
10365,BDP004,images/BDP004.jpg,BrickLink Designer Program,BrickLink Designer Program
10366,BDP005,images/BDP005.jpg,BrickLink Designer Program,BrickLink Designer Program
10367,HS013,images/HS013.jpg,Hidden Side,Other
10368,HOL182,images/HOL182.jpg,Holiday & Event,Holiday & Event
10369,SH0571,images/SH0571.jpg,Super Heroes,Super Heroes
10370,MIN072,images/MIN072.jpg,Minecraft,Minecraft
10371,MIN071,images/MIN071.jpg,Minecraft,Minecraft
10372,NJO0524,images/NJO0524.jpg,NINJAGO,NINJAGO
10373,NJO0528,images/NJO0528.jpg,NINJAGO,NINJAGO
10374,NJO0556,images/NJO0556.jpg,NINJAGO,NINJAGO
10375,NJO0549,images/NJO0549.jpg,NINJAGO,NINJAGO
10376,NJO0525,images/NJO0525.jpg,NINJAGO,NINJAGO
10377,NJO0518,images/NJO0518.jpg,NINJAGO,NINJAGO
10378,TOY019,images/TOY019.jpg,Toy Story,Other
10379,SW1068,images/SW1068.jpg,Star Wars,Star Wars
10380,CTY1081,images/CTY1081.jpg,Town,Town
10381,HOL163,images/HOL163.jpg,Holiday & Event,Holiday & Event
10382,IDEA051,images/IDEA051.jpg,LEGO Ideas,LEGO Ideas
10383,CTY1015,images/CTY1015.jpg,Town,Town
10384,CTY1023,images/CTY1023.jpg,Town,Town
10385,GEN148,images/GEN148.jpg,LEGO Brand,LEGO Brand
10386,SH0596,images/SH0596.jpg,Super Heroes,Super Heroes
10387,TOY020,images/TOY020.jpg,Toy Story,Other
10388,CTY0964,images/CTY0964.jpg,Town,Town
10389,TOY018,images/TOY018.jpg,Toy Story,Other
10390,CTY1033,images/CTY1033.jpg,Town,Town
10391,CTY1044,images/CTY1044.jpg,Town,Town
10392,TLM158,images/TLM158.jpg,Collectible Minifigures,Collectible Minifigures
10393,SH0560,images/SH0560.jpg,Super Heroes,Super Heroes
10394,SW1035,images/SW1035.jpg,Star Wars,Star Wars
10395,HS007,images/HS007.jpg,Hidden Side,Other
10396,SH0605,images/SH0605.jpg,Super Heroes,Super Heroes
10397,SH0555,images/SH0555.jpg,Super Heroes,Super Heroes
10398,SW1058,images/SW1058.jpg,Star Wars,Star Wars
10399,SH0541,images/SH0541.jpg,Super Heroes,Super Heroes
10400,BDP006,images/BDP006.jpg,BrickLink Designer Program,BrickLink Designer Program
10401,BDP007,images/BDP007.jpg,BrickLink Designer Program,BrickLink Designer Program
10402,BDP008,images/BDP008.jpg,BrickLink Designer Program,BrickLink Designer Program
10403,SH0595,images/SH0595.jpg,Super Heroes,Super Heroes
10404,HP179A,images/HP179A.jpg,Harry Potter,Harry Potter
10405,HP188,images/HP188.jpg,Harry Potter,Harry Potter
10406,TLM195,images/TLM195.jpg,The LEGO Movie 2,Other
10407,TLM131,images/TLM131.jpg,The LEGO Movie 2,Other
10408,IDEA058,images/IDEA058.jpg,LEGO Ideas,LEGO Ideas
10409,NJO0541,images/NJO0541.jpg,NINJAGO,NINJAGO
10410,CHEF026,images/CHEF026.jpg,Town,Town
10411,HS027,images/HS027.jpg,Hidden Side,Other
10412,SC068,images/SC068.jpg,SPEED CHAMPIONS,SPEED CHAMPIONS
10413,HOL144,images/HOL144.jpg,Holiday & Event,Holiday & Event
10414,ST007,images/ST007.jpg,Stranger Things,Other
10415,CTY1046,images/CTY1046.jpg,Town,Town
10416,IDEA055,images/IDEA055.jpg,LEGO Ideas,LEGO Ideas
10417,TWN372,images/TWN372.jpg,Town,Town
10418,HOL146,images/HOL146.jpg,Holiday & Event,Holiday & Event
10419,TWN356,images/TWN356.jpg,Town,Town
10420,LLP010,images/LLP010.jpg,LEGOLAND Parks,Other
10421,TWN362,images/TWN362.jpg,Town,Town
10422,IDEA054,images/IDEA054.jpg,LEGO Ideas,LEGO Ideas
10423,TWN376A,images/TWN376A.jpg,Town,Town
10424,LLP024,images/LLP024.jpg,LEGOLAND Parks,Other
10425,TWN370,images/TWN370.jpg,Town,Town
10426,CTY1019,images/CTY1019.jpg,Town,Town
10427,DIS045,images/DIS045.jpg,Disney,Disney
10428,DIS030,images/DIS030.jpg,Collectible Minifigures,Collectible Minifigures
10429,SH0568,images/SH0568.jpg,Super Heroes,Super Heroes
10430,TLM128,images/TLM128.jpg,The LEGO Movie 2,Other
10431,HS022,images/HS022.jpg,Hidden Side,Other
10432,CTY1031,images/CTY1031.jpg,Town,Town
10433,CTY1066,images/CTY1066.jpg,Town,Town
10434,CTY1056,images/CTY1056.jpg,Town,Town
10435,CTY1071,images/CTY1071.jpg,Town,Town
10436,CTY1077,images/CTY1077.jpg,Town,Town
10437,JW052,images/JW052.jpg,Jurassic World,Jurassic World
10438,TLM108,images/TLM108.jpg,The LEGO Movie 2,Other
10439,TLM110,images/TLM110.jpg,The LEGO Movie 2,Other
10440,TLM109,images/TLM109.jpg,The LEGO Movie 2,Other
10441,SW1002,images/SW1002.jpg,Star Wars,Star Wars
10442,SW1003,images/SW1003.jpg,Star Wars,Star Wars
10443,NJO0527,images/NJO0527.jpg,NINJAGO,NINJAGO
10444,NJO0493,images/NJO0493.jpg,NINJAGO,NINJAGO
10445,NJO0551,images/NJO0551.jpg,NINJAGO,NINJAGO
10446,NJO0532,images/NJO0532.jpg,NINJAGO,NINJAGO
10447,NJO0546,images/NJO0546.jpg,NINJAGO,NINJAGO
10448,SH0591,images/SH0591.jpg,Super Heroes,Super Heroes
10449,CTY0969,images/CTY0969.jpg,Town,Town
10450,CTY0971,images/CTY0971.jpg,Town,Town
10451,CTY0955,images/CTY0955.jpg,Town,Town
10452,TLM164,images/TLM164.jpg,Collectible Minifigures,Collectible Minifigures
10453,TLM152,images/TLM152.jpg,Collectible Minifigures,Collectible Minifigures
10454,CTY1085,images/CTY1085.jpg,Town,Town
10455,SW1051,images/SW1051.jpg,Star Wars,Star Wars
10456,OW009,images/OW009.jpg,Overwatch,Other
10457,CTY1017,images/CTY1017.jpg,Town,Town
10458,IDEA052,images/IDEA052.jpg,LEGO Ideas,LEGO Ideas
10459,NJO0468A,images/NJO0468A.jpg,NINJAGO,NINJAGO
10460,SW1025,images/SW1025.jpg,Star Wars,Star Wars
10461,DIS046,images/DIS046.jpg,Disney,Disney
10462,DIS031,images/DIS031.jpg,Collectible Minifigures,Collectible Minifigures
10463,JW053,images/JW053.jpg,Jurassic World,Jurassic World
10464,JW047,images/JW047.jpg,Jurassic World,Jurassic World
10465,SW1029,images/SW1029.jpg,Star Wars,Star Wars
10466,SW0981,images/SW0981.jpg,Star Wars,Star Wars
10467,HOL139,images/HOL139.jpg,Holiday & Event,Holiday & Event
10468,HP198,images/HP198.jpg,Harry Potter,Harry Potter
10469,ST008,images/ST008.jpg,Stranger Things,Other
10470,JW059,images/JW059.jpg,Jurassic World,Jurassic World
10471,CTY0983,images/CTY0983.jpg,Town,Town
10472,DIS027,images/DIS027.jpg,Collectible Minifigures,Collectible Minifigures
10473,CTY0959,images/CTY0959.jpg,Town,Town
10474,CTY0958,images/CTY0958.jpg,Town,Town
10475,CTY1052,images/CTY1052.jpg,Town,Town
10476,CTY1062,images/CTY1062.jpg,Town,Town
10477,SH0547,images/SH0547.jpg,Super Heroes,Super Heroes
10478,CTY0996,images/CTY0996.jpg,Town,Town
10479,COL350,images/COL350.jpg,Collectible Minifigures,Collectible Minifigures
10480,TLM163,images/TLM163.jpg,Collectible Minifigures,Collectible Minifigures
10481,HS005,images/HS005.jpg,Hidden Side,Other
10482,HS010,images/HS010.jpg,Hidden Side,Other
10483,JW056,images/JW056.jpg,Jurassic World,Jurassic World
10484,JW060,images/JW060.jpg,Jurassic World,Jurassic World
10485,SH0548,images/SH0548.jpg,Super Heroes,Super Heroes
10486,HOL152,images/HOL152.jpg,Holiday & Event,Holiday & Event
10487,HOL145,images/HOL145.jpg,Holiday & Event,Holiday & Event
10488,HOL158,images/HOL158.jpg,Holiday & Event,Holiday & Event
10489,HOL159,images/HOL159.jpg,Holiday & Event,Holiday & Event
10490,HOL153,images/HOL153.jpg,Holiday & Event,Holiday & Event
10491,HOL154,images/HOL154.jpg,Holiday & Event,Holiday & Event
10492,HOL155,images/HOL155.jpg,Holiday & Event,Holiday & Event
10493,HOL156,images/HOL156.jpg,Holiday & Event,Holiday & Event
10494,HOL157,images/HOL157.jpg,Holiday & Event,Holiday & Event
10495,HOL147,images/HOL147.jpg,Holiday & Event,Holiday & Event
10496,HOL148,images/HOL148.jpg,Holiday & Event,Holiday & Event
10497,HOL149,images/HOL149.jpg,Holiday & Event,Holiday & Event
10498,HOL150,images/HOL150.jpg,Holiday & Event,Holiday & Event
10499,HOL151,images/HOL151.jpg,Holiday & Event,Holiday & Event
10500,HOL137,images/HOL137.jpg,Holiday & Event,Holiday & Event
10501,HOL136,images/HOL136.jpg,Holiday & Event,Holiday & Event
10502,HOL134,images/HOL134.jpg,Holiday & Event,Holiday & Event
10503,HOL133,images/HOL133.jpg,Holiday & Event,Holiday & Event
10504,HOL135,images/HOL135.jpg,Holiday & Event,Holiday & Event
10505,MIN067,images/MIN067.jpg,Minecraft,Minecraft
10506,CTY1029,images/CTY1029.jpg,Town,Town
10507,TOY021,images/TOY021.jpg,Toy Story,Other
10508,TOY026,images/TOY026.jpg,Toy Story,Other
10509,47205PB066,images/47205PB066.jpg,DUPLO,DUPLO
10510,47205PB090,images/47205PB090.jpg,DUPLO,DUPLO
10511,47205PB067,images/47205PB067.jpg,DUPLO,DUPLO
10512,47394PB276,images/47394PB276.jpg,DUPLO,DUPLO
10513,47394PB277,images/47394PB277.jpg,DUPLO,DUPLO
10514,47394PB270,images/47394PB270.jpg,DUPLO,DUPLO
10515,47205PB064,images/47205PB064.jpg,DUPLO,DUPLO
10516,47394PB273,images/47394PB273.jpg,DUPLO,DUPLO
10517,47394PB262,images/47394PB262.jpg,DUPLO,DUPLO
10518,47394PB266,images/47394PB266.jpg,DUPLO,DUPLO
10519,47394PB269,images/47394PB269.jpg,DUPLO,DUPLO
10520,47394PB271,images/47394PB271.jpg,DUPLO,DUPLO
10521,47394PB279,images/47394PB279.jpg,DUPLO,DUPLO
10522,47205PB065,images/47205PB065.jpg,DUPLO,DUPLO
10523,47394PB272,images/47394PB272.jpg,DUPLO,DUPLO
10524,47394PB265,images/47394PB265.jpg,DUPLO,DUPLO
10525,47394PB261,images/47394PB261.jpg,DUPLO,DUPLO
10526,47394PB263,images/47394PB263.jpg,DUPLO,DUPLO
10527,47394PB264,images/47394PB264.jpg,DUPLO,DUPLO
10528,47394PB267,images/47394PB267.jpg,DUPLO,DUPLO
10529,47394PB274,images/47394PB274.jpg,DUPLO,DUPLO
10530,47394PB268,images/47394PB268.jpg,DUPLO,DUPLO
10531,47394PB260,images/47394PB260.jpg,DUPLO,DUPLO
10532,47394PB275,images/47394PB275.jpg,DUPLO,DUPLO
10533,47394PB278,images/47394PB278.jpg,DUPLO,DUPLO
10534,DUPSNOWMAN01,images/DUPSNOWMAN01.jpg,DUPLO,DUPLO
10535,ST005,images/ST005.jpg,Stranger Things,Other
10536,SW1030,images/SW1030.jpg,Star Wars,Star Wars
10537,HS025,images/HS025.jpg,Hidden Side,Other
10538,DIS040,images/DIS040.jpg,Collectible Minifigures,Collectible Minifigures
10539,TLM189,images/TLM189.jpg,The LEGO Movie 2,Other
10540,BDP010,images/BDP010.jpg,BrickLink Designer Program,BrickLink Designer Program
10541,BDP009,images/BDP009.jpg,BrickLink Designer Program,BrickLink Designer Program
10542,ST001,images/ST001.jpg,Stranger Things,Other
10543,SW0989,images/SW0989.jpg,Star Wars,Star Wars
10544,SW0990,images/SW0990.jpg,Star Wars,Star Wars
10545,DP069,images/DP069.jpg,Disney,Disney
10546,DP071,images/DP071.jpg,Disney,Disney
10547,DP076,images/DP076.jpg,Disney,Disney
10548,DIS032,images/DIS032.jpg,Collectible Minifigures,Collectible Minifigures
10549,TLM180,images/TLM180.jpg,The LEGO Movie 2,Other
10550,TLM142,images/TLM142.jpg,The LEGO Movie 2,Other
10551,TLM208,images/TLM208.jpg,The LEGO Movie 2,Other
10552,TLM202,images/TLM202.jpg,The LEGO Movie 2,Other
10553,TLM125,images/TLM125.jpg,The LEGO Movie 2,Other
10554,TLM113,images/TLM113.jpg,The LEGO Movie 2,Other
10555,TLM105,images/TLM105.jpg,The LEGO Movie 2,Other
10556,TLM120,images/TLM120.jpg,The LEGO Movie 2,Other
10557,90398PB041,images/90398PB041.jpg,The LEGO Movie 2,Other
10558,MIN066,images/MIN066.jpg,Minecraft,Minecraft
10559,HP193,images/HP193.jpg,Harry Potter,Harry Potter
10560,HP183,images/HP183.jpg,Harry Potter,Harry Potter
10561,CTY1013,images/CTY1013.jpg,Town,Town
10562,TWN377,images/TWN377.jpg,Town,Town
10563,CTY0984,images/CTY0984.jpg,Town,Town
10564,HOL142,images/HOL142.jpg,Holiday & Event,Holiday & Event
10565,SC077,images/SC077.jpg,SPEED CHAMPIONS,SPEED CHAMPIONS
10566,SW1040,images/SW1040.jpg,Star Wars,Star Wars
10567,SW1033,images/SW1033.jpg,Star Wars,Star Wars
10568,SW1066,images/SW1066.jpg,Star Wars,Star Wars
10569,CTY0970,images/CTY0970.jpg,Town,Town
10570,CTY0966,images/CTY0966.jpg,Town,Town
10571,CTY0965,images/CTY0965.jpg,Town,Town
10572,CTY0975,images/CTY0975.jpg,Town,Town
10573,CTY0963,images/CTY0963.jpg,Town,Town
10574,CTY0972,images/CTY0972.jpg,Town,Town
10575,CTY0974,images/CTY0974.jpg,Town,Town
10576,CTY0961,images/CTY0961.jpg,Town,Town
10577,CTY0968,images/CTY0968.jpg,Town,Town
10578,CTY0962,images/CTY0962.jpg,Town,Town
10579,CTY0967,images/CTY0967.jpg,Town,Town
10580,CTY0960,images/CTY0960.jpg,Town,Town
10581,CTY0951,images/CTY0951.jpg,Town,Town
10582,CTY1004,images/CTY1004.jpg,Town,Town
10583,CTY0973,images/CTY0973.jpg,Town,Town
10584,CTY1012,images/CTY1012.jpg,Town,Town
10585,COL349,images/COL349.jpg,Collectible Minifigures,Collectible Minifigures
10586,SH0579,images/SH0579.jpg,Super Heroes,Super Heroes
10587,SH0551,images/SH0551.jpg,Super Heroes,Super Heroes
10588,FST032,images/FST032.jpg,FIRST LEGO League,Other
10589,SW1055,images/SW1055.jpg,Star Wars,Star Wars
10590,SW1053,images/SW1053.jpg,Star Wars,Star Wars
10591,SW0905,images/SW0905.jpg,Star Wars,Star Wars
10592,SW1056,images/SW1056.jpg,Star Wars,Star Wars
10593,TLM188,images/TLM188.jpg,The LEGO Movie 2,Other
10594,TLM156,images/TLM156.jpg,Collectible Minifigures,Collectible Minifigures
10595,HP178,images/HP178.jpg,Harry Potter,Harry Potter
10596,HP202,images/HP202.jpg,Harry Potter,Harry Potter
10597,HP187,images/HP187.jpg,Harry Potter,Harry Potter
10598,TOY022,images/TOY022.jpg,Toy Story,Other
10599,COL355,images/COL355.jpg,Collectible Minifigures,Collectible Minifigures
10600,IDEA044,images/IDEA044.jpg,LEGO Ideas,LEGO Ideas
10601,FRND0292,images/FRND0292.jpg,Friends,Friends
10602,FRND0338,images/FRND0338.jpg,Friends,Friends
10603,FRND0296,images/FRND0296.jpg,Friends,Friends
10604,FRND0312,images/FRND0312.jpg,Friends,Friends
10605,FRND0308,images/FRND0308.jpg,Friends,Friends
10606,FRND0282,images/FRND0282.jpg,Friends,Friends
10607,FRND0331,images/FRND0331.jpg,Friends,Friends
10608,FRND0288,images/FRND0288.jpg,Friends,Friends
10609,FRND0287,images/FRND0287.jpg,Friends,Friends
10610,FRND0297,images/FRND0297.jpg,Friends,Friends
10611,FRND0335,images/FRND0335.jpg,Friends,Friends
10612,FRND0293,images/FRND0293.jpg,Friends,Friends
10613,FRND0303,images/FRND0303.jpg,Friends,Friends
10614,FRND0294,images/FRND0294.jpg,Friends,Friends
10615,FRND0283,images/FRND0283.jpg,Friends,Friends
10616,FRND0302,images/FRND0302.jpg,Friends,Friends
10617,FRND0305,images/FRND0305.jpg,Friends,Friends
10618,FRND0333,images/FRND0333.jpg,Friends,Friends
10619,FRND0309,images/FRND0309.jpg,Friends,Friends
10620,FRND0329,images/FRND0329.jpg,Friends,Friends
10621,FRND0313,images/FRND0313.jpg,Friends,Friends
10622,FRND0322,images/FRND0322.jpg,Friends,Friends
10623,FRND0310,images/FRND0310.jpg,Friends,Friends
10624,FRND0284,images/FRND0284.jpg,Friends,Friends
10625,FRND0328,images/FRND0328.jpg,Friends,Friends
10626,FRND0342,images/FRND0342.jpg,Friends,Friends
10627,FRND0280,images/FRND0280.jpg,Friends,Friends
10628,FRND0315,images/FRND0315.jpg,Friends,Friends
10629,FRND0324,images/FRND0324.jpg,Friends,Friends
10630,FRND0304,images/FRND0304.jpg,Friends,Friends
10631,FRND0337,images/FRND0337.jpg,Friends,Friends
10632,FRND0326,images/FRND0326.jpg,Friends,Friends
10633,FRND0306,images/FRND0306.jpg,Friends,Friends
10634,FRND0291,images/FRND0291.jpg,Friends,Friends
10635,FRND0289,images/FRND0289.jpg,Friends,Friends
10636,FRND0298,images/FRND0298.jpg,Friends,Friends
10637,FRND0281,images/FRND0281.jpg,Friends,Friends
10638,FRND0290,images/FRND0290.jpg,Friends,Friends
10639,FRND0332,images/FRND0332.jpg,Friends,Friends
10640,FRND0295,images/FRND0295.jpg,Friends,Friends
10641,FRND0318,images/FRND0318.jpg,Friends,Friends
10642,FRND0316,images/FRND0316.jpg,Friends,Friends
10643,FRND0307,images/FRND0307.jpg,Friends,Friends
10644,FRND0285,images/FRND0285.jpg,Friends,Friends
10645,FRND0330,images/FRND0330.jpg,Friends,Friends
10646,FRND0300,images/FRND0300.jpg,Friends,Friends
10647,FRND0301,images/FRND0301.jpg,Friends,Friends
10648,FRND0323,images/FRND0323.jpg,Friends,Friends
10649,FRND0321,images/FRND0321.jpg,Friends,Friends
10650,FRND0314,images/FRND0314.jpg,Friends,Friends
10651,FRND0334,images/FRND0334.jpg,Friends,Friends
10652,FRND0299,images/FRND0299.jpg,Friends,Friends
10653,FRND0327,images/FRND0327.jpg,Friends,Friends
10654,FRND0336,images/FRND0336.jpg,Friends,Friends
10655,FRND0286,images/FRND0286.jpg,Friends,Friends
10656,FRND0341,images/FRND0341.jpg,Friends,Friends
10657,FRND0319,images/FRND0319.jpg,Friends,Friends
10658,FRND0311,images/FRND0311.jpg,Friends,Friends
10659,FRND0320,images/FRND0320.jpg,Friends,Friends
10660,FRND0317,images/FRND0317.jpg,Friends,Friends
10661,FRND0325,images/FRND0325.jpg,Friends,Friends
10662,FRND0340,images/FRND0340.jpg,Friends,Friends
10663,COL343,images/COL343.jpg,Collectible Minifigures,Collectible Minifigures
10664,DIS041,images/DIS041.jpg,Collectible Minifigures,Collectible Minifigures
10665,TLM132,images/TLM132.jpg,The LEGO Movie 2,Other
10666,TOY024,images/TOY024.jpg,Toy Story,Other
10667,HP203,images/HP203.jpg,Harry Potter,Harry Potter
10668,COL352,images/COL352.jpg,Collectible Minifigures,Collectible Minifigures
10669,CTY0957,images/CTY0957.jpg,Town,Town
10670,CTY0956,images/CTY0956.jpg,Town,Town
10671,CTY1006,images/CTY1006.jpg,Town,Town
10672,COL353,images/COL353.jpg,Collectible Minifigures,Collectible Minifigures
10673,CTY1075,images/CTY1075.jpg,Town,Town
10674,SW1011,images/SW1011.jpg,Star Wars,Star Wars
10675,SW1062,images/SW1062.jpg,Star Wars,Star Wars
10676,NJO0523,images/NJO0523.jpg,NINJAGO,NINJAGO
10677,OW004,images/OW004.jpg,Overwatch,Other
10678,SH0543,images/SH0543.jpg,Super Heroes,Super Heroes
10679,HOL169,images/HOL169.jpg,Holiday & Event,Holiday & Event
10680,HOL168,images/HOL168.jpg,Holiday & Event,Holiday & Event
10681,TLM151,images/TLM151.jpg,Collectible Minifigures,Collectible Minifigures
10682,CTY1080,images/CTY1080.jpg,Town,Town
10683,CTY1014,images/CTY1014.jpg,Town,Town
10684,TLM159,images/TLM159.jpg,Collectible Minifigures,Collectible Minifigures
10685,SW1041,images/SW1041.jpg,Star Wars,Star Wars
10686,DIS044,images/DIS044.jpg,Disney,Disney
10687,TWN368,images/TWN368.jpg,Town,Town
10688,CTY1025,images/CTY1025.jpg,Town,Town
10689,HOL140,images/HOL140.jpg,Holiday & Event,Holiday & Event
10690,CTY1024,images/CTY1024.jpg,Town,Town
10691,HOL165,images/HOL165.jpg,Holiday & Event,Holiday & Event
10692,HOL141,images/HOL141.jpg,Holiday & Event,Holiday & Event
10693,SH0545,images/SH0545.jpg,Super Heroes,Super Heroes
10694,TLM133,images/TLM133.jpg,The LEGO Movie 2,Other
10695,SW1018,images/SW1018.jpg,Star Wars,Star Wars
10696,CTY1060,images/CTY1060.jpg,Town,Town
10697,CTY1010,images/CTY1010.jpg,Town,Town
10698,IDEA062,images/IDEA062.jpg,LEGO Ideas,LEGO Ideas
10699,DIS036,images/DIS036.jpg,Collectible Minifigures,Collectible Minifigures
10700,OW015,images/OW015.jpg,Overwatch,Other
10701,SW1032,images/SW1032.jpg,Star Wars,Star Wars
10702,SW1021,images/SW1021.jpg,Star Wars,Star Wars
10703,OW003,images/OW003.jpg,Overwatch,Other
10704,SH0606,images/SH0606.jpg,Super Heroes,Super Heroes
10705,CTY1074,images/CTY1074.jpg,Town,Town
10706,TLM134,images/TLM134.jpg,The LEGO Movie 2,Other
10707,SH0599,images/SH0599.jpg,Super Heroes,Super Heroes
10708,HP176,images/HP176.jpg,Harry Potter,Harry Potter
10709,HP184,images/HP184.jpg,Harry Potter,Harry Potter
10710,HP175,images/HP175.jpg,Harry Potter,Harry Potter
10711,HP206,images/HP206.jpg,Harry Potter,Harry Potter
10712,HP195,images/HP195.jpg,Harry Potter,Harry Potter
10713,SH0570,images/SH0570.jpg,Super Heroes,Super Heroes
10714,NJO0515,images/NJO0515.jpg,NINJAGO,NINJAGO
10715,TWN375,images/TWN375.jpg,Town,Town
10716,CTY1082,images/CTY1082.jpg,Town,Town
10717,DIS037,images/DIS037.jpg,Collectible Minifigures,Collectible Minifigures
10718,HP181,images/HP181.jpg,Harry Potter,Harry Potter
10719,HP208,images/HP208.jpg,Harry Potter,Harry Potter
10720,HP186,images/HP186.jpg,Harry Potter,Harry Potter
10721,CTY1084,images/CTY1084.jpg,Town,Town
10722,SW1008,images/SW1008.jpg,Star Wars,Star Wars
10723,SW1015,images/SW1015.jpg,Star Wars,Star Wars
10724,SW1016,images/SW1016.jpg,Star Wars,Star Wars
10725,SW1014,images/SW1014.jpg,Star Wars,Star Wars
10726,SW1026,images/SW1026.jpg,Star Wars,Star Wars
10727,JW046,images/JW046.jpg,Jurassic World,Jurassic World
10728,DIS026,images/DIS026.jpg,Collectible Minifigures,Collectible Minifigures
10729,TLM154,images/TLM154.jpg,Collectible Minifigures,Collectible Minifigures
10730,SH0577,images/SH0577.jpg,Super Heroes,Super Heroes
10731,SH0611,images/SH0611.jpg,Super Heroes,Super Heroes
10732,MIN073,images/MIN073.jpg,Minecraft,Minecraft
10733,SH0581,images/SH0581.jpg,Super Heroes,Super Heroes
10734,TLM127,images/TLM127.jpg,The LEGO Movie 2,Other
10735,TLM199,images/TLM199.jpg,The LEGO Movie 2,Other
10736,CTY1026,images/CTY1026.jpg,Town,Town
10737,SW1000,images/SW1000.jpg,Star Wars,Star Wars
10738,BDP030,images/BDP030.jpg,BrickLink Designer Program,BrickLink Designer Program
10739,BDP029,images/BDP029.jpg,BrickLink Designer Program,BrickLink Designer Program
10740,SW1044,images/SW1044.jpg,Star Wars,Star Wars
10741,SW1045,images/SW1045.jpg,Star Wars,Star Wars
10742,SW1043,images/SW1043.jpg,Star Wars,Star Wars
10743,SW1017,images/SW1017.jpg,Star Wars,Star Wars
10744,SW1007,images/SW1007.jpg,Star Wars,Star Wars
10745,SW1031,images/SW1031.jpg,Star Wars,Star Wars
10746,SW0997B,images/SW0997B.jpg,Star Wars,Star Wars
10747,SW0982,images/SW0982.jpg,Star Wars,Star Wars
10748,SW0987,images/SW0987.jpg,Star Wars,Star Wars
10749,SW0988,images/SW0988.jpg,Star Wars,Star Wars
10750,SW0986,images/SW0986.jpg,Star Wars,Star Wars
10751,SH0565,images/SH0565.jpg,Super Heroes,Super Heroes
10752,SH0567,images/SH0567.jpg,Super Heroes,Super Heroes
10753,SH0566,images/SH0566.jpg,Super Heroes,Super Heroes
10754,SH0573,images/SH0573.jpg,Super Heroes,Super Heroes
10755,SH0575,images/SH0575.jpg,Super Heroes,Super Heroes
10756,HS002,images/HS002.jpg,Hidden Side,Other
10757,HS001,images/HS001.jpg,Hidden Side,Other
10758,HS018,images/HS018.jpg,Hidden Side,Other
10759,HS004,images/HS004.jpg,Hidden Side,Other
10760,HS009,images/HS009.jpg,Hidden Side,Other
10761,DIS039,images/DIS039.jpg,Collectible Minifigures,Collectible Minifigures
10762,DIS034,images/DIS034.jpg,Collectible Minifigures,Collectible Minifigures
10763,DP066,images/DP066.jpg,Disney,Disney
10764,DP068,images/DP068.jpg,Disney,Disney
10765,DIS035,images/DIS035.jpg,Collectible Minifigures,Collectible Minifigures
10766,NJO0509,images/NJO0509.jpg,NINJAGO,NINJAGO
10767,NJO0489,images/NJO0489.jpg,NINJAGO,NINJAGO
10768,NJO0548,images/NJO0548.jpg,NINJAGO,NINJAGO
10769,NJO0536,images/NJO0536.jpg,NINJAGO,NINJAGO
10770,NJO0534,images/NJO0534.jpg,NINJAGO,NINJAGO
10771,OW007,images/OW007.jpg,Overwatch,Other
10772,TOY023,images/TOY023.jpg,Toy Story,Other
10773,CTY1002,images/CTY1002.jpg,Town,Town
10774,HS026,images/HS026.jpg,Hidden Side,Other
10775,IDEA060,images/IDEA060.jpg,LEGO Ideas,LEGO Ideas
10776,JW057,images/JW057.jpg,Jurassic World,Jurassic World
10777,HS008,images/HS008.jpg,Hidden Side,Other
10778,ST002,images/ST002.jpg,Stranger Things,Other
10779,COL348,images/COL348.jpg,Collectible Minifigures,Collectible Minifigures
10780,OW016,images/OW016.jpg,Overwatch,Other
10781,NJO0492,images/NJO0492.jpg,NINJAGO,NINJAGO
10782,NJO0513,images/NJO0513.jpg,NINJAGO,NINJAGO
10783,NJO0531,images/NJO0531.jpg,NINJAGO,NINJAGO
10784,NJO0526,images/NJO0526.jpg,NINJAGO,NINJAGO
10785,NJO0538,images/NJO0538.jpg,NINJAGO,NINJAGO
10786,NJO0530,images/NJO0530.jpg,NINJAGO,NINJAGO
10787,SW0996,images/SW0996.jpg,Star Wars,Star Wars
10788,CTY0987,images/CTY0987.jpg,Town,Town
10789,SW1012,images/SW1012.jpg,Star Wars,Star Wars
10790,TLM162,images/TLM162.jpg,Collectible Minifigures,Collectible Minifigures
10791,SW1059,images/SW1059.jpg,Star Wars,Star Wars
10792,SW1060,images/SW1060.jpg,Star Wars,Star Wars
10793,SW1063,images/SW1063.jpg,Star Wars,Star Wars
10794,SW1064,images/SW1064.jpg,Star Wars,Star Wars
10795,DP072,images/DP072.jpg,Disney,Disney
10796,NJO0504,images/NJO0504.jpg,NINJAGO,NINJAGO
10797,SW1006,images/SW1006.jpg,Star Wars,Star Wars
10798,SW1027,images/SW1027.jpg,Star Wars,Star Wars
10799,SW1067,images/SW1067.jpg,Star Wars,Star Wars
10800,TLM135,images/TLM135.jpg,The LEGO Movie 2,Other
10801,NJO0497,images/NJO0497.jpg,NINJAGO,NINJAGO
10802,CTY1070,images/CTY1070.jpg,Town,Town
10803,CTY1057,images/CTY1057.jpg,Town,Town
10804,TLS099,images/TLS099.jpg,LEGO Brand,LEGO Brand
10805,IDEA064,images/IDEA064.jpg,LEGO Ideas,LEGO Ideas
10806,LLP023,images/LLP023.jpg,LEGOLAND Parks,Other
10807,LLP007,images/LLP007.jpg,LEGOLAND Parks,Other
10808,LLP008,images/LLP008.jpg,LEGOLAND Parks,Other
10809,LLP012,images/LLP012.jpg,LEGOLAND Parks,Other
10810,LLP013,images/LLP013.jpg,LEGOLAND Parks,Other
10811,LLP021,images/LLP021.jpg,LEGOLAND Parks,Other
10812,LLP009,images/LLP009.jpg,LEGOLAND Parks,Other
10813,LLP015,images/LLP015.jpg,LEGOLAND Parks,Other
10814,LLP022,images/LLP022.jpg,LEGOLAND Parks,Other
10815,LLP014,images/LLP014.jpg,LEGOLAND Parks,Other
10816,LLP011,images/LLP011.jpg,LEGOLAND Parks,Other
10817,LLP016,images/LLP016.jpg,LEGOLAND Parks,Other
10818,SW1048,images/SW1048.jpg,Star Wars,Star Wars
10819,DP075,images/DP075.jpg,Disney,Disney
10820,NJO0499,images/NJO0499.jpg,NINJAGO,NINJAGO
10821,NJO0516,images/NJO0516.jpg,NINJAGO,NINJAGO
10822,NJO0490,images/NJO0490.jpg,NINJAGO,NINJAGO
10823,NJO0514,images/NJO0514.jpg,NINJAGO,NINJAGO
10824,NJO0544,images/NJO0544.jpg,NINJAGO,NINJAGO
10825,NJO0517,images/NJO0517.jpg,NINJAGO,NINJAGO
10826,NJO0519,images/NJO0519.jpg,NINJAGO,NINJAGO
10827,NJO0533,images/NJO0533.jpg,NINJAGO,NINJAGO
10828,NJO0505,images/NJO0505.jpg,NINJAGO,NINJAGO
10829,HP197,images/HP197.jpg,Harry Potter,Harry Potter
10830,DIS028,images/DIS028.jpg,Collectible Minifigures,Collectible Minifigures
10831,BDP003,images/BDP003.jpg,BrickLink Designer Program,BrickLink Designer Program
10832,BDP002,images/BDP002.jpg,BrickLink Designer Program,BrickLink Designer Program
10833,BDP001,images/BDP001.jpg,BrickLink Designer Program,BrickLink Designer Program
10834,ST006,images/ST006.jpg,Stranger Things,Other
10835,TLM117,images/TLM117.jpg,The LEGO Movie 2,Other
10836,TLM129,images/TLM129.jpg,The LEGO Movie 2,Other
10837,TLM207,images/TLM207.jpg,The LEGO Movie 2,Other
10838,TLM103,images/TLM103.jpg,The LEGO Movie 2,Other
10839,TLM201,images/TLM201.jpg,The LEGO Movie 2,Other
10840,TLM115,images/TLM115.jpg,The LEGO Movie 2,Other
10841,SW1024,images/SW1024.jpg,Star Wars,Star Wars
10842,SW0991,images/SW0991.jpg,Star Wars,Star Wars
10843,SW0999,images/SW0999.jpg,Star Wars,Star Wars
10844,SW1039,images/SW1039.jpg,Star Wars,Star Wars
10845,CTY1093,images/CTY1093.jpg,Town,Town
10846,HP201,images/HP201.jpg,Harry Potter,Harry Potter
10847,HP191,images/HP191.jpg,Harry Potter,Harry Potter
10848,TLM119,images/TLM119.jpg,The LEGO Movie 2,Other
10849,SW1010,images/SW1010.jpg,Star Wars,Star Wars
10850,TWN378,images/TWN378.jpg,Town,Town
10851,TWN359,images/TWN359.jpg,Town,Town
10852,TWN369,images/TWN369.jpg,Town,Town
10853,TWN371,images/TWN371.jpg,Town,Town
10854,CTY1043,images/CTY1043.jpg,Town,Town
10855,CTY0985,images/CTY0985.jpg,Town,Town
10856,TWN363,images/TWN363.jpg,Town,Town
10857,SH0601,images/SH0601.jpg,Super Heroes,Super Heroes
10858,SH0597A,images/SH0597A.jpg,Super Heroes,Super Heroes
10859,SC069,images/SC069.jpg,SPEED CHAMPIONS,SPEED CHAMPIONS
10860,TWN358,images/TWN358.jpg,Town,Town
10861,TWN361,images/TWN361.jpg,Town,Town
10862,CTY1072,images/CTY1072.jpg,Town,Town
10863,CTY1030,images/CTY1030.jpg,Town,Town
10864,TLM121,images/TLM121.jpg,The LEGO Movie 2,Other
10865,OW012,images/OW012.jpg,Overwatch,Other
10866,TLM177,images/TLM177.jpg,The LEGO Movie 2,Other
10867,TLM106,images/TLM106.jpg,The LEGO Movie 2,Other
10868,DIS042,images/DIS042.jpg,Disney,Disney
10869,IDEA049,images/IDEA049.jpg,LEGO Ideas,LEGO Ideas
10870,ST004,images/ST004.jpg,Stranger Things,Other
10871,SC074,images/SC074.jpg,SPEED CHAMPIONS,SPEED CHAMPIONS
10872,HP182A,images/HP182A.jpg,Harry Potter,Harry Potter
10873,DIS043,images/DIS043.jpg,Disney,Disney
10874,IDEA050,images/IDEA050.jpg,LEGO Ideas,LEGO Ideas
10875,SH0583,images/SH0583.jpg,Super Heroes,Super Heroes
10876,TLM136,images/TLM136.jpg,The LEGO Movie 2,Other
10877,CTY1018,images/CTY1018.jpg,Town,Town
10878,IDEA053,images/IDEA053.jpg,LEGO Ideas,LEGO Ideas
10879,IDEA057,images/IDEA057.jpg,LEGO Ideas,LEGO Ideas
10880,COL344,images/COL344.jpg,Collectible Minifigures,Collectible Minifigures
10881,HOL138,images/HOL138.jpg,Holiday & Event,Holiday & Event
10882,COL357,images/COL357.jpg,Collectible Minifigures,Collectible Minifigures
10883,SW1004,images/SW1004.jpg,Star Wars,Star Wars
10884,SW1042,images/SW1042.jpg,Star Wars,Star Wars
10885,SW0983,images/SW0983.jpg,Star Wars,Star Wars
10886,HS006,images/HS006.jpg,Hidden Side,Other
10887,HS016,images/HS016.jpg,Hidden Side,Other
10888,SH0587,images/SH0587.jpg,Super Heroes,Super Heroes
10889,HS021,images/HS021.jpg,Hidden Side,Other
10890,COL347,images/COL347.jpg,Collectible Minifigures,Collectible Minifigures
10891,SH0580,images/SH0580.jpg,Super Heroes,Super Heroes
10892,HS012,images/HS012.jpg,Hidden Side,Other
10893,TWN373,images/TWN373.jpg,Town,Town
10894,TWN374,images/TWN374.jpg,Town,Town
10895,CTY1020,images/CTY1020.jpg,Town,Town
10896,SH0574,images/SH0574.jpg,Super Heroes,Super Heroes
10897,SH0602,images/SH0602.jpg,Super Heroes,Super Heroes
10898,SH0554,images/SH0554.jpg,Super Heroes,Super Heroes
10899,SH0585A,images/SH0585A.jpg,Super Heroes,Super Heroes
10900,NJO0503,images/NJO0503.jpg,NINJAGO,NINJAGO
10901,NJO0475B,images/NJO0475B.jpg,NINJAGO,NINJAGO
10902,NJO0491,images/NJO0491.jpg,NINJAGO,NINJAGO
10903,NJO0547,images/NJO0547.jpg,NINJAGO,NINJAGO
10904,NJO0542,images/NJO0542.jpg,NINJAGO,NINJAGO
10905,SW1069,images/SW1069.jpg,Star Wars,Star Wars
10906,SW1046,images/SW1046.jpg,Star Wars,Star Wars
10907,SH0556,images/SH0556.jpg,Super Heroes,Super Heroes
10908,DP074,images/DP074.jpg,Disney,Disney
10909,NJO0511,images/NJO0511.jpg,NINJAGO,NINJAGO
10910,NJO0512,images/NJO0512.jpg,NINJAGO,NINJAGO
10911,NJO0510,images/NJO0510.jpg,NINJAGO,NINJAGO
10912,SH0561,images/SH0561.jpg,Super Heroes,Super Heroes
10913,SH0562,images/SH0562.jpg,Super Heroes,Super Heroes
10914,NJO0501,images/NJO0501.jpg,NINJAGO,NINJAGO
10915,JW048,images/JW048.jpg,Jurassic World,Jurassic World
10916,SW1023,images/SW1023.jpg,Star Wars,Star Wars
10917,IDEA063,images/IDEA063.jpg,LEGO Ideas,LEGO Ideas
10918,HS023,images/HS023.jpg,Hidden Side,Other
10919,CTY0952,images/CTY0952.jpg,Town,Town
10920,JW045,images/JW045.jpg,Jurassic World,Jurassic World
10921,HS003,images/HS003.jpg,Hidden Side,Other
10922,HS019,images/HS019.jpg,Hidden Side,Other
10923,HS014,images/HS014.jpg,Hidden Side,Other
10924,HS011,images/HS011.jpg,Hidden Side,Other
10925,HS020,images/HS020.jpg,Hidden Side,Other
10926,CTY1418,images/CTY1418.jpg,Town,Town
10927,SH0582,images/SH0582.jpg,Super Heroes,Super Heroes
10928,HP196,images/HP196.jpg,Harry Potter,Harry Potter
10929,OW013,images/OW013.jpg,Overwatch,Other
10930,IDEA061,images/IDEA061.jpg,LEGO Ideas,LEGO Ideas
10931,TWN364,images/TWN364.jpg,Town,Town
10932,MIN068,images/MIN068.jpg,Minecraft,Minecraft
10933,COL351,images/COL351.jpg,Collectible Minifigures,Collectible Minifigures
10934,CTY1089,images/CTY1089.jpg,Town,Town
10935,GEN142,images/GEN142.jpg,LEGO Brand,LEGO Brand
10936,GEN145,images/GEN145.jpg,LEGO Brand,LEGO Brand
10937,GEN146,images/GEN146.jpg,LEGO Brand,LEGO Brand
10938,GEN144,images/GEN144.jpg,LEGO Brand,LEGO Brand
10939,GEN143,images/GEN143.jpg,LEGO Brand,LEGO Brand
10940,SW1019,images/SW1019.jpg,Star Wars,Star Wars
10941,SW1049,images/SW1049.jpg,Star Wars,Star Wars
10942,SH0550,images/SH0550.jpg,Super Heroes,Super Heroes
10943,CTY0976,images/CTY0976.jpg,Town,Town
10944,CTY0992,images/CTY0992.jpg,Town,Town
10945,CTY1090,images/CTY1090.jpg,Town,Town
10946,CTY0981,images/CTY0981.jpg,Town,Town
10947,CTY1007,images/CTY1007.jpg,Town,Town
10948,CTY1001,images/CTY1001.jpg,Town,Town
10949,CTY1042,images/CTY1042.jpg,Town,Town
10950,CTY0982,images/CTY0982.jpg,Town,Town
10951,HS030,images/HS030.jpg,Hidden Side,Other
10952,SW0998,images/SW0998.jpg,Star Wars,Star Wars
10953,SW1036,images/SW1036.jpg,Star Wars,Star Wars
10954,SW0994,images/SW0994.jpg,Star Wars,Star Wars
10955,SW1022,images/SW1022.jpg,Star Wars,Star Wars
10956,SH0600,images/SH0600.jpg,Super Heroes,Super Heroes
10957,HP205,images/HP205.jpg,Harry Potter,Harry Potter
10958,HP152A,images/HP152A.jpg,Harry Potter,Harry Potter
10959,COL345,images/COL345.jpg,Collectible Minifigures,Collectible Minifigures
10960,SH0603,images/SH0603.jpg,Super Heroes,Super Heroes
10961,NJO0529,images/NJO0529.jpg,NINJAGO,NINJAGO
10962,NJO0539,images/NJO0539.jpg,NINJAGO,NINJAGO
10963,NJO0552,images/NJO0552.jpg,NINJAGO,NINJAGO
10964,NJO0553,images/NJO0553.jpg,NINJAGO,NINJAGO
10965,NJO0543,images/NJO0543.jpg,NINJAGO,NINJAGO
10966,NJO0506,images/NJO0506.jpg,NINJAGO,NINJAGO
10967,TLM182,images/TLM182.jpg,The LEGO Movie 2,Other
10968,TLM200,images/TLM200.jpg,The LEGO Movie 2,Other
10969,SC075,images/SC075.jpg,SPEED CHAMPIONS,SPEED CHAMPIONS
10970,SC073,images/SC073.jpg,SPEED CHAMPIONS,SPEED CHAMPIONS
10971,IDEA059,images/IDEA059.jpg,LEGO Ideas,LEGO Ideas
10972,DP061,images/DP061.jpg,Disney,Disney
10973,JW058,images/JW058.jpg,Jurassic World,Jurassic World
10974,OW008,images/OW008.jpg,Overwatch,Other
10975,SW0995,images/SW0995.jpg,Star Wars,Star Wars
10976,OW010,images/OW010.jpg,Overwatch,Other
10977,CTY1045,images/CTY1045.jpg,Town,Town
10978,CTY1032,images/CTY1032.jpg,Town,Town
10979,SH0610,images/SH0610.jpg,Super Heroes,Super Heroes
10980,TLM209,images/TLM209.jpg,The LEGO Movie 2,Other
10981,TLM197,images/TLM197.jpg,The LEGO Movie 2,Other
10982,TLM181,images/TLM181.jpg,The LEGO Movie 2,Other
10983,TLM144,images/TLM144.jpg,The LEGO Movie 2,Other
10984,TLM112,images/TLM112.jpg,The LEGO Movie 2,Other
10985,TLM174,images/TLM174.jpg,The LEGO Movie 2,Other
10986,TLM145,images/TLM145.jpg,The LEGO Movie 2,Other
10987,90398PB042,images/90398PB042.jpg,The LEGO Movie 2,Other
10988,SW1054,images/SW1054.jpg,Star Wars,Star Wars
10989,OW017,images/OW017.jpg,Overwatch,Other
10990,SH0588,images/SH0588.jpg,Super Heroes,Super Heroes
10991,CTY1038,images/CTY1038.jpg,Town,Town
10992,SH0569,images/SH0569.jpg,Super Heroes,Super Heroes
10993,HS024,images/HS024.jpg,Hidden Side,Other
10994,HP207,images/HP207.jpg,Harry Potter,Harry Potter
10995,HP180,images/HP180.jpg,Harry Potter,Harry Potter
10996,HP185,images/HP185.jpg,Harry Potter,Harry Potter
10997,HS028,images/HS028.jpg,Hidden Side,Other
10998,HS015,images/HS015.jpg,Hidden Side,Other
10999,IDEA056,images/IDEA056.jpg,LEGO Ideas,LEGO Ideas
11000,TLM137,images/TLM137.jpg,The LEGO Movie 2,Other
11001,TLM198,images/TLM198.jpg,The LEGO Movie 2,Other
11002,HP200,images/HP200.jpg,Harry Potter,Harry Potter
11003,COL354,images/COL354.jpg,Collectible Minifigures,Collectible Minifigures
11004,HS029,images/HS029.jpg,Hidden Side,Other
11005,DIS038,images/DIS038.jpg,Collectible Minifigures,Collectible Minifigures
11006,NJO0502,images/NJO0502.jpg,NINJAGO,NINJAGO
11007,SH0537,images/SH0537.jpg,Super Heroes,Super Heroes
11008,SW0992,images/SW0992.jpg,Star Wars,Star Wars
11009,CTY0986,images/CTY0986.jpg,Town,Town
11010,TLM165,images/TLM165.jpg,Collectible Minifigures,Collectible Minifigures
11011,BDP023,images/BDP023.jpg,BrickLink Designer Program,BrickLink Designer Program
11012,BDP024,images/BDP024.jpg,BrickLink Designer Program,BrickLink Designer Program
11013,CTY1011,images/CTY1011.jpg,Town,Town
11014,CTY1058,images/CTY1058.jpg,Town,Town
11015,CTY1069,images/CTY1069.jpg,Town,Town
11016,CTY1035,images/CTY1035.jpg,Town,Town
11017,TLM138,images/TLM138.jpg,The LEGO Movie 2,Other
11018,DIS029,images/DIS029.jpg,Collectible Minifigures,Collectible Minifigures
11019,TLM171,images/TLM171.jpg,The LEGO Movie 2,Other
11020,TLM172,images/TLM172.jpg,The LEGO Movie 2,Other
11021,TLM170,images/TLM170.jpg,The LEGO Movie 2,Other
11022,TLM176,images/TLM176.jpg,The LEGO Movie 2,Other
11023,SH0586,images/SH0586.jpg,Super Heroes,Super Heroes
11024,SH0592,images/SH0592.jpg,Super Heroes,Super Heroes
11025,TLM153,images/TLM153.jpg,Collectible Minifigures,Collectible Minifigures
11026,OW005,images/OW005.jpg,Overwatch,Other
11027,COL342,images/COL342.jpg,Collectible Minifigures,Collectible Minifigures
11028,JW050,images/JW050.jpg,Jurassic World,Jurassic World
11029,JW054,images/JW054.jpg,Jurassic World,Jurassic World
11030,HP174,images/HP174.jpg,Harry Potter,Harry Potter
11031,SW1065,images/SW1065.jpg,Star Wars,Star Wars
11032,GEN135,images/GEN135.jpg,Friends,Friends
11033,GEN134,images/GEN134.jpg,Friends,Friends
11034,CTY1079,images/CTY1079.jpg,Town,Town
11035,CTY1083,images/CTY1083.jpg,Town,Town
11036,CTY1078,images/CTY1078.jpg,Town,Town
11037,CTY1086,images/CTY1086.jpg,Town,Town
11038,CTY1088,images/CTY1088.jpg,Town,Town
11039,CTY0991,images/CTY0991.jpg,Town,Town
11040,CTY0978,images/CTY0978.jpg,Town,Town
11041,CTY0954,images/CTY0954.jpg,Town,Town
11042,CTY0979,images/CTY0979.jpg,Town,Town
11043,CTY0998,images/CTY0998.jpg,Town,Town
11044,CTY0988,images/CTY0988.jpg,Town,Town
11045,CTY0993,images/CTY0993.jpg,Town,Town
11046,CTY0994,images/CTY0994.jpg,Town,Town
11047,CTY0999,images/CTY0999.jpg,Town,Town
11048,CTY0953,images/CTY0953.jpg,Town,Town
11049,CTY0995,images/CTY0995.jpg,Town,Town
11050,CTY0980,images/CTY0980.jpg,Town,Town
11051,CTY0997,images/CTY0997.jpg,Town,Town
11052,CTY1003,images/CTY1003.jpg,Town,Town
11053,CTY1000,images/CTY1000.jpg,Town,Town
11054,BDP020,images/BDP020.jpg,BrickLink Designer Program,BrickLink Designer Program
11055,BDP022,images/BDP022.jpg,BrickLink Designer Program,BrickLink Designer Program
11056,BDP021,images/BDP021.jpg,BrickLink Designer Program,BrickLink Designer Program
11057,BDP018,images/BDP018.jpg,BrickLink Designer Program,BrickLink Designer Program
11058,BDP019,images/BDP019.jpg,BrickLink Designer Program,BrickLink Designer Program
11059,BDP017,images/BDP017.jpg,BrickLink Designer Program,BrickLink Designer Program
11060,CTY0990,images/CTY0990.jpg,Town,Town
11061,CTY1087,images/CTY1087.jpg,Town,Town
11062,HOL161,images/HOL161.jpg,Holiday & Event,Holiday & Event
11063,HOL160,images/HOL160.jpg,Holiday & Event,Holiday & Event
11064,HOL170,images/HOL170.jpg,Holiday & Event,Holiday & Event
11065,HOL166,images/HOL166.jpg,Holiday & Event,Holiday & Event
11066,SW1009,images/SW1009.jpg,Star Wars,Star Wars
11067,OW006,images/OW006.jpg,Overwatch,Other
11068,HOL143,images/HOL143.jpg,Holiday & Event,Holiday & Event
11069,TLM204,images/TLM204.jpg,The LEGO Movie 2,Other
11070,TLM203,images/TLM203.jpg,The LEGO Movie 2,Other
11071,TLM186,images/TLM186.jpg,The LEGO Movie 2,Other
11072,SH0540,images/SH0540.jpg,Super Heroes,Super Heroes
11073,SH0578,images/SH0578.jpg,Super Heroes,Super Heroes
11074,SH0546,images/SH0546.jpg,Super Heroes,Super Heroes
11075,SH0536,images/SH0536.jpg,Super Heroes,Super Heroes
11076,SH0539,images/SH0539.jpg,Super Heroes,Super Heroes
11077,NJO0498,images/NJO0498.jpg,NINJAGO,NINJAGO
11078,CTY1073,images/CTY1073.jpg,Town,Town
11079,HP192,images/HP192.jpg,Harry Potter,Harry Potter
11080,TLM205,images/TLM205.jpg,The LEGO Movie 2,Other
11081,HP204,images/HP204.jpg,Harry Potter,Harry Potter
11082,CTY0989,images/CTY0989.jpg,Town,Town
11083,HP199,images/HP199.jpg,Harry Potter,Harry Potter
11084,CTY1016,images/CTY1016.jpg,Town,Town
11085,NJO0500,images/NJO0500.jpg,NINJAGO,NINJAGO
11086,NJO0507,images/NJO0507.jpg,NINJAGO,NINJAGO
11087,NJO0508,images/NJO0508.jpg,NINJAGO,NINJAGO
11088,GEN132,images/GEN132.jpg,LEGO Brand,LEGO Brand
11089,TLM196,images/TLM196.jpg,The LEGO Movie 2,Other
11090,SW1061,images/SW1061.jpg,Star Wars,Star Wars
11091,CTY1051,images/CTY1051.jpg,Town,Town
11092,GEN139A,images/GEN139A.jpg,Town,Town
11093,TLM114,images/TLM114.jpg,The LEGO Movie 2,Other
11094,TLM157,images/TLM157.jpg,Collectible Minifigures,Collectible Minifigures
11095,HOL162,images/HOL162.jpg,Holiday & Event,Holiday & Event
11096,TLM124,images/TLM124.jpg,The LEGO Movie 2,Other
11097,TLM206,images/TLM206.jpg,The LEGO Movie 2,Other
11098,TLM116,images/TLM116.jpg,The LEGO Movie 2,Other
11099,TLM143,images/TLM143.jpg,The LEGO Movie 2,Other
11100,TLM123,images/TLM123.jpg,The LEGO Movie 2,Other
11101,TLM173,images/TLM173.jpg,The LEGO Movie 2,Other
11102,CTY1053,images/CTY1053.jpg,Town,Town
11103,SH0553,images/SH0553.jpg,Super Heroes,Super Heroes
11104,CTY1021,images/CTY1021.jpg,Town,Town
11105,CTY1022,images/CTY1022.jpg,Town,Town
11106,SW1047,images/SW1047.jpg,Star Wars,Star Wars
11107,TLM122,images/TLM122.jpg,The LEGO Movie 2,Other
11108,SH0576,images/SH0576.jpg,Super Heroes,Super Heroes
11109,SH0549,images/SH0549.jpg,Super Heroes,Super Heroes
11110,SH0608,images/SH0608.jpg,Super Heroes,Super Heroes
11111,SH0590,images/SH0590.jpg,Super Heroes,Super Heroes
11112,SH0598,images/SH0598.jpg,Super Heroes,Super Heroes
11113,BDP027,images/BDP027.jpg,BrickLink Designer Program,BrickLink Designer Program
11114,BDP025,images/BDP025.jpg,BrickLink Designer Program,BrickLink Designer Program
11115,BDP028,images/BDP028.jpg,BrickLink Designer Program,BrickLink Designer Program
11116,BDP026,images/BDP026.jpg,BrickLink Designer Program,BrickLink Designer Program
11117,SW1057,images/SW1057.jpg,Star Wars,Star Wars
11118,SH0593,images/SH0593.jpg,Super Heroes,Super Heroes
11119,SH0572,images/SH0572.jpg,Super Heroes,Super Heroes
11120,DP065,images/DP065.jpg,Disney,Disney
11121,TLM166,images/TLM166.jpg,Collectible Minifigures,Collectible Minifigures
11122,SH0584,images/SH0584.jpg,Super Heroes,Super Heroes
11123,JW051,images/JW051.jpg,Jurassic World,Jurassic World
11124,CTY1047,images/CTY1047.jpg,Town,Town
11125,OW001,images/OW001.jpg,Overwatch,Other
11126,CTY1050,images/CTY1050.jpg,Town,Town
11127,SH0594,images/SH0594.jpg,Super Heroes,Super Heroes
11128,TLM190,images/TLM190.jpg,The LEGO Movie 2,Other
11129,TLM140,images/TLM140.jpg,The LEGO Movie 2,Other
11130,TLM126,images/TLM126.jpg,The LEGO Movie 2,Other
11131,TLM191,images/TLM191.jpg,The LEGO Movie 2,Other
11132,TLM104,images/TLM104.jpg,The LEGO Movie 2,Other
11133,TLM179,images/TLM179.jpg,The LEGO Movie 2,Other
11134,TLM147,images/TLM147.jpg,The LEGO Movie 2,Other
11135,TLM167,images/TLM167.jpg,Collectible Minifigures,Collectible Minifigures
11136,SH0542,images/SH0542.jpg,Super Heroes,Super Heroes
11137,TLM161,images/TLM161.jpg,Collectible Minifigures,Collectible Minifigures
11138,TWN357,images/TWN357.jpg,Town,Town
11139,JW055,images/JW055.jpg,Jurassic World,Jurassic World
11140,SH0609,images/SH0609.jpg,Super Heroes,Super Heroes
11141,COL341,images/COL341.jpg,Collectible Minifigures,Collectible Minifigures
11142,HP189,images/HP189.jpg,Harry Potter,Harry Potter
11143,HP177,images/HP177.jpg,Harry Potter,Harry Potter
11144,DIS024,images/DIS024.jpg,Collectible Minifigures,Collectible Minifigures
11145,DIS025,images/DIS025.jpg,Collectible Minifigures,Collectible Minifigures
11146,SH0538,images/SH0538.jpg,Super Heroes,Super Heroes
11147,HS017,images/HS017.jpg,Hidden Side,Other
11148,SH0564,images/SH0564.jpg,Super Heroes,Super Heroes
11149,TLM155,images/TLM155.jpg,Collectible Minifigures,Collectible Minifigures
11150,OW002,images/OW002.jpg,Overwatch,Other
11151,ST003,images/ST003.jpg,Stranger Things,Other
11152,IDEA046,images/IDEA046.jpg,LEGO Ideas,LEGO Ideas
11153,OW011,images/OW011.jpg,Overwatch,Other
11154,TWN360,images/TWN360.jpg,Town,Town
11155,TOY016,images/TOY016.jpg,Toy Story,Other
11156,TOY025,images/TOY025.jpg,Toy Story,Other
11157,SW1028,images/SW1028.jpg,Star Wars,Star Wars
11158,NJO0550,images/NJO0550.jpg,NINJAGO,NINJAGO
11159,NJO0495,images/NJO0495.jpg,NINJAGO,NINJAGO
11160,NJO0555,images/NJO0555.jpg,NINJAGO,NINJAGO
11161,NJO0496,images/NJO0496.jpg,NINJAGO,NINJAGO
11162,NJO0554,images/NJO0554.jpg,NINJAGO,NINJAGO
11163,SW1071,images/SW1071.jpg,Star Wars,Star Wars
11164,SW1070,images/SW1070.jpg,Star Wars,Star Wars
11165,NJO0494,images/NJO0494.jpg,NINJAGO,NINJAGO
11166,NJO0557,images/NJO0557.jpg,NINJAGO,NINJAGO
11167,NJO0537,images/NJO0537.jpg,NINJAGO,NINJAGO
11168,NJO0545,images/NJO0545.jpg,NINJAGO,NINJAGO
11169,NJO0535,images/NJO0535.jpg,NINJAGO,NINJAGO
11170,NJO0522,images/NJO0522.jpg,NINJAGO,NINJAGO
11171,TLM141,images/TLM141.jpg,The LEGO Movie 2,Other
11172,MIN069,images/MIN069.jpg,Minecraft,Minecraft
11173,SW1050,images/SW1050.jpg,Star Wars,Star Wars
11174,SW1020,images/SW1020.jpg,Star Wars,Star Wars
11175,SC083,images/SC083.jpg,SPEED CHAMPIONS,SPEED CHAMPIONS
11176,COL371,images/COL371.jpg,Collectible Minifigures,Collectible Minifigures
11177,JW067,images/JW067.jpg,Jurassic World,Jurassic World
11178,SW1096,images/SW1096.jpg,Star Wars,Star Wars
11179,MK005,images/MK005.jpg,Monkie Kid,Monkie Kid
11180,SH0624,images/SH0624.jpg,Super Heroes,Super Heroes
11181,SH0669,images/SH0669.jpg,Super Heroes,Super Heroes
11182,SH0628,images/SH0628.jpg,Super Heroes,Super Heroes
11183,SH0627,images/SH0627.jpg,Super Heroes,Super Heroes
11184,SH0653,images/SH0653.jpg,Super Heroes,Super Heroes
11185,SH0668,images/SH0668.jpg,Super Heroes,Super Heroes
11186,SH0657,images/SH0657.jpg,Super Heroes,Super Heroes
11187,CTY1187,images/CTY1187.jpg,Town,Town
11188,CTY1183,images/CTY1183.jpg,Town,Town
11189,MK016,images/MK016.jpg,Monkie Kid,Monkie Kid
11190,SW1083,images/SW1083.jpg,Star Wars,Star Wars
11191,SW1095,images/SW1095.jpg,Star Wars,Star Wars
11192,CTY1216,images/CTY1216.jpg,Town,Town
11193,DP084,images/DP084.jpg,Disney,Disney
11194,COLSH03,images/COLSH03.jpg,Collectible Minifigures,Collectible Minifigures
11195,DP089,images/DP089.jpg,Disney,Disney
11196,DP088,images/DP088.jpg,Disney,Disney
11197,SH0617,images/SH0617.jpg,Super Heroes,Super Heroes
11198,HP211,images/HP211.jpg,Harry Potter,Harry Potter
11199,SW1085,images/SW1085.jpg,Star Wars,Star Wars
11200,SW1110,images/SW1110.jpg,Star Wars,Star Wars
11201,TWN400,images/TWN400.jpg,Town,Town
11202,SW1104,images/SW1104.jpg,Star Wars,Star Wars
11203,SW1105,images/SW1105.jpg,Star Wars,Star Wars
11204,COL368,images/COL368.jpg,Collectible Minifigures,Collectible Minifigures
11205,CTY1096,images/CTY1096.jpg,Town,Town
11206,DP105,images/DP105.jpg,Disney,Disney
11207,DP078A,images/DP078A.jpg,Disney,Disney
11208,DP078,images/DP078.jpg,Disney,Disney
11209,CTY1101,images/CTY1101.jpg,Town,Town
11210,NJO0608,images/NJO0608.jpg,NINJAGO,NINJAGO
11211,HS032,images/HS032.jpg,Hidden Side,Other
11212,CTY1186,images/CTY1186.jpg,Town,Town
11213,TWT021,images/TWT021.jpg,Trolls World Tour,Other
11214,COLSH16,images/COLSH16.jpg,Collectible Minifigures,Collectible Minifigures
11215,SH0658,images/SH0658.jpg,Super Heroes,Super Heroes
11216,SH0663,images/SH0663.jpg,Super Heroes,Super Heroes
11217,SH0648,images/SH0648.jpg,Super Heroes,Super Heroes
11218,SH0589A,images/SH0589A.jpg,Super Heroes,Super Heroes
11219,COLSH10,images/COLSH10.jpg,Collectible Minifigures,Collectible Minifigures
11220,DP091,images/DP091.jpg,Disney,Disney
11221,DP097,images/DP097.jpg,Disney,Disney
11222,HP218,images/HP218.jpg,Harry Potter,Harry Potter
11223,COLHP34,images/COLHP34.jpg,Collectible Minifigures,Collectible Minifigures
11224,DP096,images/DP096.jpg,Disney,Disney
11225,DP090,images/DP090.jpg,Disney,Disney
11226,IDEA076,images/IDEA076.jpg,LEGO Ideas,LEGO Ideas
11227,IDEA073,images/IDEA073.jpg,LEGO Ideas,LEGO Ideas
11228,TWT003,images/TWT003.jpg,Trolls World Tour,Other
11229,HOL197,images/HOL197.jpg,Holiday & Event,Holiday & Event
11230,SH0622,images/SH0622.jpg,Super Heroes,Super Heroes
11231,SH0629,images/SH0629.jpg,Super Heroes,Super Heroes
11232,SH0637,images/SH0637.jpg,Super Heroes,Super Heroes
11233,SH0675,images/SH0675.jpg,Super Heroes,Super Heroes
11234,MAR0013,images/MAR0013.jpg,Super Mario,Super Mario
11235,CTY1161,images/CTY1161.jpg,Town,Town
11236,HOL213,images/HOL213.jpg,Holiday & Event,Holiday & Event
11237,MAR0014,images/MAR0014.jpg,Super Mario,Super Mario
11238,MAR0001,images/MAR0001.jpg,Super Mario,Super Mario
11239,MAR0015,images/MAR0015.jpg,Super Mario,Super Mario
11240,MAR0002,images/MAR0002.jpg,Super Mario,Super Mario
11241,MAR0003,images/MAR0003.jpg,Super Mario,Super Mario
11242,HOL214,images/HOL214.jpg,Holiday & Event,Holiday & Event
11243,TWN397,images/TWN397.jpg,Town,Town
11244,TWT014,images/TWT014.jpg,Trolls World Tour,Other
11245,TWT020,images/TWT020.jpg,Trolls World Tour,Other
11246,TWT023,images/TWT023.jpg,Trolls World Tour,Other
11247,TWT004,images/TWT004.jpg,Trolls World Tour,Other
11248,TWT007,images/TWT007.jpg,Trolls World Tour,Other
11249,COL359,images/COL359.jpg,Collectible Minifigures,Collectible Minifigures
11250,COL370,images/COL370.jpg,Collectible Minifigures,Collectible Minifigures
11251,SH0661,images/SH0661.jpg,Super Heroes,Super Heroes
11252,MAR0016,images/MAR0016.jpg,Super Mario,Super Mario
11253,COLSH14,images/COLSH14.jpg,Collectible Minifigures,Collectible Minifigures
11254,MAR0017,images/MAR0017.jpg,Super Mario,Super Mario
11255,SH0625,images/SH0625.jpg,Super Heroes,Super Heroes
11256,SH0639,images/SH0639.jpg,Super Heroes,Super Heroes
11257,SH0641,images/SH0641.jpg,Super Heroes,Super Heroes
11258,IDEA065,images/IDEA065.jpg,LEGO Ideas,LEGO Ideas
11259,SH0632,images/SH0632.jpg,Super Heroes,Super Heroes
11260,HP236A,images/HP236A.jpg,Harry Potter,Harry Potter
11261,MAR0018,images/MAR0018.jpg,Super Mario,Super Mario
11262,SH0635,images/SH0635.jpg,Super Heroes,Super Heroes
11263,COLSH06,images/COLSH06.jpg,Collectible Minifigures,Collectible Minifigures
11264,CHEF027,images/CHEF027.jpg,Town,Town
11265,HS057,images/HS057.jpg,Hidden Side,Other
11266,MK023,images/MK023.jpg,Monkie Kid,Monkie Kid
11267,CTY1214,images/CTY1214.jpg,Town,Town
11268,LLP029,images/LLP029.jpg,LEGOLAND Parks,Other
11269,HOL194,images/HOL194.jpg,Holiday & Event,Holiday & Event
11270,TWN382,images/TWN382.jpg,Town,Town
11271,TWN383,images/TWN383.jpg,Town,Town
11272,HOL189,images/HOL189.jpg,Holiday & Event,Holiday & Event
11273,CTY1153,images/CTY1153.jpg,Town,Town
11274,LLP018,images/LLP018.jpg,LEGOLAND Parks,Other
11275,38014PB01,images/38014PB01.jpg,Disney,Disney
11276,HP223,images/HP223.jpg,Harry Potter,Harry Potter
11277,HP259,images/HP259.jpg,Harry Potter,Harry Potter
11278,DP102,images/DP102.jpg,Disney,Disney
11279,DP095A,images/DP095A.jpg,Disney,Disney
11280,JW062,images/JW062.jpg,Jurassic World,Jurassic World
11281,SP130,images/SP130.jpg,Space,Space
11282,HS054,images/HS054.jpg,Hidden Side,Other
11283,SW1100,images/SW1100.jpg,Star Wars,Star Wars
11284,SW1093,images/SW1093.jpg,Star Wars,Star Wars
11285,SW1094,images/SW1094.jpg,Star Wars,Star Wars
11286,SW1097,images/SW1097.jpg,Star Wars,Star Wars
11287,DP092,images/DP092.jpg,Disney,Disney
11288,DP098,images/DP098.jpg,Disney,Disney
11289,NJO0559,images/NJO0559.jpg,NINJAGO,NINJAGO
11290,NJO0579,images/NJO0579.jpg,NINJAGO,NINJAGO
11291,NJO0588,images/NJO0588.jpg,NINJAGO,NINJAGO
11292,NJO0618,images/NJO0618.jpg,NINJAGO,NINJAGO
11293,NJO0575,images/NJO0575.jpg,NINJAGO,NINJAGO
11294,NJO0612,images/NJO0612.jpg,NINJAGO,NINJAGO
11295,NJO0625,images/NJO0625.jpg,NINJAGO,NINJAGO
11296,NJO0606,images/NJO0606.jpg,NINJAGO,NINJAGO
11297,CTY1154,images/CTY1154.jpg,Town,Town
11298,CTY1162,images/CTY1162.jpg,Town,Town
11299,IDEA077,images/IDEA077.jpg,LEGO Ideas,LEGO Ideas
11300,TWT024,images/TWT024.jpg,Trolls World Tour,Other
11301,TWT011,images/TWT011.jpg,Trolls World Tour,Other
11302,TWT015,images/TWT015.jpg,Trolls World Tour,Other
11303,COLSH09,images/COLSH09.jpg,Collectible Minifigures,Collectible Minifigures
11304,SW1118,images/SW1118.jpg,Star Wars,Star Wars
11305,CTY1152,images/CTY1152.jpg,Town,Town
11306,HP245,images/HP245.jpg,Harry Potter,Harry Potter
11307,SW1091,images/SW1091.jpg,Star Wars,Star Wars
11308,SW1121,images/SW1121.jpg,Star Wars,Star Wars
11309,SW1106,images/SW1106.jpg,Star Wars,Star Wars
11310,SW1112,images/SW1112.jpg,Star Wars,Star Wars
11311,CTY1178,images/CTY1178.jpg,Town,Town
11312,CTY1169,images/CTY1169.jpg,Town,Town
11313,CTY1164,images/CTY1164.jpg,Town,Town
11314,CTY1224,images/CTY1224.jpg,Town,Town
11315,CTY1170,images/CTY1170.jpg,Town,Town
11316,CTY1177,images/CTY1177.jpg,Town,Town
11317,CTY1223,images/CTY1223.jpg,Town,Town
11318,SW1113,images/SW1113.jpg,Star Wars,Star Wars
11319,CTY1213,images/CTY1213.jpg,Town,Town
11320,CTY1191,images/CTY1191.jpg,Town,Town
11321,HP224,images/HP224.jpg,Harry Potter,Harry Potter
11322,HS041,images/HS041.jpg,Hidden Side,Other
11323,SW1125,images/SW1125.jpg,Star Wars,Star Wars
11324,JW068,images/JW068.jpg,Jurassic World,Jurassic World
11325,SH0616,images/SH0616.jpg,Super Heroes,Super Heroes
11326,HP254,images/HP254.jpg,Harry Potter,Harry Potter
11327,HP229,images/HP229.jpg,Harry Potter,Harry Potter
11328,HP221,images/HP221.jpg,Harry Potter,Harry Potter
11329,HP262,images/HP262.jpg,Harry Potter,Harry Potter
11330,COL373,images/COL373.jpg,Collectible Minifigures,Collectible Minifigures
11331,MAR0004,images/MAR0004.jpg,Super Mario,Super Mario
11332,HP216,images/HP216.jpg,Harry Potter,Harry Potter
11333,NJO0610,images/NJO0610.jpg,NINJAGO,NINJAGO
11334,47394PB287,images/47394PB287.jpg,DUPLO,DUPLO
11335,47394PB281,images/47394PB281.jpg,DUPLO,DUPLO
11336,47205PB068,images/47205PB068.jpg,DUPLO,DUPLO
11337,47205PB074,images/47205PB074.jpg,DUPLO,DUPLO
11338,47205PB076,images/47205PB076.jpg,DUPLO,DUPLO
11339,47205PB073,images/47205PB073.jpg,DUPLO,DUPLO
11340,47205PB069,images/47205PB069.jpg,DUPLO,DUPLO
11341,47205PB072,images/47205PB072.jpg,DUPLO,DUPLO
11342,47205PB071,images/47205PB071.jpg,DUPLO,DUPLO
11343,47205PB075,images/47205PB075.jpg,DUPLO,DUPLO
11344,47205PB070,images/47205PB070.jpg,DUPLO,DUPLO
11345,47394PB299,images/47394PB299.jpg,DUPLO,DUPLO
11346,47394PB296,images/47394PB296.jpg,DUPLO,DUPLO
11347,47394PB291,images/47394PB291.jpg,DUPLO,DUPLO
11348,47394PB284,images/47394PB284.jpg,DUPLO,DUPLO
11349,47394PB283,images/47394PB283.jpg,DUPLO,DUPLO
11350,47394PB300,images/47394PB300.jpg,DUPLO,DUPLO
11351,47394PB292,images/47394PB292.jpg,DUPLO,DUPLO
11352,47394PB282,images/47394PB282.jpg,DUPLO,DUPLO
11353,47394PB295,images/47394PB295.jpg,DUPLO,DUPLO
11354,47394PB289,images/47394PB289.jpg,DUPLO,DUPLO
11355,47394PB288,images/47394PB288.jpg,DUPLO,DUPLO
11356,47394PB280,images/47394PB280.jpg,DUPLO,DUPLO
11357,47394PB290,images/47394PB290.jpg,DUPLO,DUPLO
11358,47394PB294,images/47394PB294.jpg,DUPLO,DUPLO
11359,47394PB301,images/47394PB301.jpg,DUPLO,DUPLO
11360,47394PB285,images/47394PB285.jpg,DUPLO,DUPLO
11361,47394PB286,images/47394PB286.jpg,DUPLO,DUPLO
11362,DUPMERMAID02,images/DUPMERMAID02.jpg,DUPLO,DUPLO
11363,CRS044,images/CRS044.jpg,DUPLO,DUPLO
11364,HS040,images/HS040.jpg,Hidden Side,Other
11365,HOL196,images/HOL196.jpg,Holiday & Event,Holiday & Event
11366,HOL211,images/HOL211.jpg,Holiday & Event,Holiday & Event
11367,MAR0020,images/MAR0020.jpg,Super Mario,Super Mario
11368,HOL204,images/HOL204.jpg,Holiday & Event,Holiday & Event
11369,HOL205,images/HOL205.jpg,Holiday & Event,Holiday & Event
11370,HOL203,images/HOL203.jpg,Holiday & Event,Holiday & Event
11371,HOL219,images/HOL219.jpg,Holiday & Event,Holiday & Event
11372,HOL206,images/HOL206.jpg,Holiday & Event,Holiday & Event
11373,IDEA074,images/IDEA074.jpg,LEGO Ideas,LEGO Ideas
11374,DP083,images/DP083.jpg,Disney,Disney
11375,SW1107,images/SW1107.jpg,Star Wars,Star Wars
11376,IDEA075,images/IDEA075.jpg,LEGO Ideas,LEGO Ideas
11377,SH0677,images/SH0677.jpg,Super Heroes,Super Heroes
11378,CTY1172,images/CTY1172.jpg,Town,Town
11379,CTY1175,images/CTY1175.jpg,Town,Town
11380,CTY1151,images/CTY1151.jpg,Town,Town
11381,CTY1150,images/CTY1150.jpg,Town,Town
11382,SH0642,images/SH0642.jpg,Super Heroes,Super Heroes
11383,TWN395,images/TWN395.jpg,Town,Town
11384,TWN399,images/TWN399.jpg,Town,Town
11385,EDU008,images/EDU008.jpg,Educational & Dacta,Other
11386,TWN394,images/TWN394.jpg,Town,Town
11387,TWN393,images/TWN393.jpg,Town,Town
11388,TWN391,images/TWN391.jpg,Town,Town
11389,CTY1116,images/CTY1116.jpg,Town,Town
11390,TWN385,images/TWN385.jpg,Town,Town
11391,TWN384,images/TWN384.jpg,Town,Town
11392,TWN381,images/TWN381.jpg,Town,Town
11393,HP209,images/HP209.jpg,Harry Potter,Harry Potter
11394,SC082,images/SC082.jpg,SPEED CHAMPIONS,SPEED CHAMPIONS
11395,CTY1157,images/CTY1157.jpg,Town,Town
11396,CTY1114,images/CTY1114.jpg,Town,Town
11397,CTY1211,images/CTY1211.jpg,Town,Town
11398,CTY1105,images/CTY1105.jpg,Town,Town
11399,CTY1113,images/CTY1113.jpg,Town,Town
11400,FST033,images/FST033.jpg,FIRST LEGO League,Other
11401,COLSH15,images/COLSH15.jpg,Collectible Minifigures,Collectible Minifigures
11402,HP244,images/HP244.jpg,Harry Potter,Harry Potter
11403,DP104,images/DP104.jpg,Disney,Disney
11404,HOL183,images/HOL183.jpg,Holiday & Event,Holiday & Event
11405,HOL183,,Holiday & Event,Holiday & Event
11406,SC079,images/SC079.jpg,SPEED CHAMPIONS,SPEED CHAMPIONS
11407,HP252,images/HP252.jpg,Harry Potter,Harry Potter
11408,COLHP32,images/COLHP32.jpg,Collectible Minifigures,Collectible Minifigures
11409,FRND0372,images/FRND0372.jpg,Friends,Friends
11410,FRND0348,images/FRND0348.jpg,Friends,Friends
11411,FRND0346,images/FRND0346.jpg,Friends,Friends
11412,FRND0365,images/FRND0365.jpg,Friends,Friends
11413,FRND0386,images/FRND0386.jpg,Friends,Friends
11414,FRND0368,images/FRND0368.jpg,Friends,Friends
11415,FRND0392,images/FRND0392.jpg,Friends,Friends
11416,FRND0394,images/FRND0394.jpg,Friends,Friends
11417,FRND0383,images/FRND0383.jpg,Friends,Friends
11418,FRND0403,images/FRND0403.jpg,Friends,Friends
11419,FRND0356,images/FRND0356.jpg,Friends,Friends
11420,FRND0358,images/FRND0358.jpg,Friends,Friends
11421,FRND0400,images/FRND0400.jpg,Friends,Friends
11422,FRND0399,images/FRND0399.jpg,Friends,Friends
11423,FRND0357,images/FRND0357.jpg,Friends,Friends
11424,FRND0407,images/FRND0407.jpg,Friends,Friends
11425,FRND0387,images/FRND0387.jpg,Friends,Friends
11426,FRND0360,images/FRND0360.jpg,Friends,Friends
11427,FRND0366,images/FRND0366.jpg,Friends,Friends
11428,FRND0374,images/FRND0374.jpg,Friends,Friends
11429,FRND0343,images/FRND0343.jpg,Friends,Friends
11430,FRND0382,images/FRND0382.jpg,Friends,Friends
11431,FRND0376,images/FRND0376.jpg,Friends,Friends
11432,FRND0406,images/FRND0406.jpg,Friends,Friends
11433,FRND0385,images/FRND0385.jpg,Friends,Friends
11434,FRND0373,images/FRND0373.jpg,Friends,Friends
11435,FRND0354,images/FRND0354.jpg,Friends,Friends
11436,FRND0379,images/FRND0379.jpg,Friends,Friends
11437,FRND0363,images/FRND0363.jpg,Friends,Friends
11438,FRND0349,images/FRND0349.jpg,Friends,Friends
11439,FRND0362,images/FRND0362.jpg,Friends,Friends
11440,FRND0384,images/FRND0384.jpg,Friends,Friends
11441,FRND0402,images/FRND0402.jpg,Friends,Friends
11442,FRND0367,images/FRND0367.jpg,Friends,Friends
11443,FRND0377,images/FRND0377.jpg,Friends,Friends
11444,FRND0393,images/FRND0393.jpg,Friends,Friends
11445,FRND0397,images/FRND0397.jpg,Friends,Friends
11446,FRND0352,images/FRND0352.jpg,Friends,Friends
11447,FRND0369,images/FRND0369.jpg,Friends,Friends
11448,FRND0388,images/FRND0388.jpg,Friends,Friends
11449,FRND0401,images/FRND0401.jpg,Friends,Friends
11450,FRND0344,images/FRND0344.jpg,Friends,Friends
11451,FRND0350,images/FRND0350.jpg,Friends,Friends
11452,FRND0359,images/FRND0359.jpg,Friends,Friends
11453,FRND0391,images/FRND0391.jpg,Friends,Friends
11454,FRND0364,images/FRND0364.jpg,Friends,Friends
11455,FRND0351,images/FRND0351.jpg,Friends,Friends
11456,FRND0404,images/FRND0404.jpg,Friends,Friends
11457,FRND0380,images/FRND0380.jpg,Friends,Friends
11458,FRND0370,images/FRND0370.jpg,Friends,Friends
11459,FRND0408,images/FRND0408.jpg,Friends,Friends
11460,FRND0378,images/FRND0378.jpg,Friends,Friends
11461,FRND0396,images/FRND0396.jpg,Friends,Friends
11462,FRND0347,images/FRND0347.jpg,Friends,Friends
11463,FRND0398,images/FRND0398.jpg,Friends,Friends
11464,FRND0381,images/FRND0381.jpg,Friends,Friends
11465,FRND0345,images/FRND0345.jpg,Friends,Friends
11466,FRND0371,images/FRND0371.jpg,Friends,Friends
11467,FRND0389,images/FRND0389.jpg,Friends,Friends
11468,FRND0361,images/FRND0361.jpg,Friends,Friends
11469,FRND0405,images/FRND0405.jpg,Friends,Friends
11470,FRND0353,images/FRND0353.jpg,Friends,Friends
11471,FRND0375,images/FRND0375.jpg,Friends,Friends
11472,FRND0395,images/FRND0395.jpg,Friends,Friends
11473,FRND0355,images/FRND0355.jpg,Friends,Friends
11474,FRND0390,images/FRND0390.jpg,Friends,Friends
11475,TWT026,images/TWT026.jpg,Trolls World Tour,Other
11476,MAR0021,images/MAR0021.jpg,Super Mario,Super Mario
11477,SW1127,images/SW1127.jpg,Star Wars,Star Wars
11478,HP246,images/HP246.jpg,Harry Potter,Harry Potter
11479,CTY1119,images/CTY1119.jpg,Town,Town
11480,MK017,images/MK017.jpg,Monkie Kid,Monkie Kid
11481,SW1101,images/SW1101.jpg,Star Wars,Star Wars
11482,HP251,images/HP251.jpg,Harry Potter,Harry Potter
11483,COLHP33,images/COLHP33.jpg,Collectible Minifigures,Collectible Minifigures
11484,TWN392,images/TWN392.jpg,Town,Town
11485,HP243,images/HP243.jpg,Harry Potter,Harry Potter
11486,NJO0621,images/NJO0621.jpg,NINJAGO,NINJAGO
11487,HP249,images/HP249.jpg,Harry Potter,Harry Potter
11488,HP219,images/HP219.jpg,Harry Potter,Harry Potter
11489,COLHP31,images/COLHP31.jpg,Collectible Minifigures,Collectible Minifigures
11490,HOL207,images/HOL207.jpg,Holiday & Event,Holiday & Event
11491,HOL215,images/HOL215.jpg,Holiday & Event,Holiday & Event
11492,NJO0600,images/NJO0600.jpg,NINJAGO,NINJAGO
11493,MK026,images/MK026.jpg,Monkie Kid,Monkie Kid
11494,SW1111,images/SW1111.jpg,Star Wars,Star Wars
11495,MAR0034,images/MAR0034.jpg,Super Mario,Super Mario
11496,MAR0024,images/MAR0024.jpg,Super Mario,Super Mario
11497,MAR0022,images/MAR0022.jpg,Super Mario,Super Mario
11498,MAR0035,images/MAR0035.jpg,Super Mario,Super Mario
11499,MAR0023,images/MAR0023.jpg,Super Mario,Super Mario
11500,JW064,images/JW064.jpg,Jurassic World,Jurassic World
11501,SW1114,images/SW1114.jpg,Star Wars,Star Wars
11502,COLSH08,images/COLSH08.jpg,Collectible Minifigures,Collectible Minifigures
11503,COLHP28,images/COLHP28.jpg,Collectible Minifigures,Collectible Minifigures
11504,CTY1194,images/CTY1194.jpg,Town,Town
11505,CTY1193,images/CTY1193.jpg,Town,Town
11506,MNN004,images/MNN004.jpg,Despicable Me and Minions,Other
11507,TWT012,images/TWT012.jpg,Trolls World Tour,Other
11508,MIN083,images/MIN083.jpg,Minecraft,Minecraft
11509,HP222,images/HP222.jpg,Harry Potter,Harry Potter
11510,CTY1174,images/CTY1174.jpg,Town,Town
11511,CTY1095,images/CTY1095.jpg,Town,Town
11512,SH0650,images/SH0650.jpg,Super Heroes,Super Heroes
11513,HP237,images/HP237.jpg,Harry Potter,Harry Potter
11514,HP247,images/HP247.jpg,Harry Potter,Harry Potter
11515,HP233,images/HP233.jpg,Harry Potter,Harry Potter
11516,HP232,images/HP232.jpg,Harry Potter,Harry Potter
11517,HP238,images/HP238.jpg,Harry Potter,Harry Potter
11518,HP220,images/HP220.jpg,Harry Potter,Harry Potter
11519,HP213,images/HP213.jpg,Harry Potter,Harry Potter
11520,HP256,images/HP256.jpg,Harry Potter,Harry Potter
11521,COLHP39,images/COLHP39.jpg,Collectible Minifigures,Collectible Minifigures
11522,COLHP23,images/COLHP23.jpg,Collectible Minifigures,Collectible Minifigures
11523,NJO0565,images/NJO0565.jpg,NINJAGO,NINJAGO
11524,TWN389,images/TWN389.jpg,Town,Town
11525,NJO0578,images/NJO0578.jpg,NINJAGO,NINJAGO
11526,NJO0573,images/NJO0573.jpg,NINJAGO,NINJAGO
11527,SH0626,images/SH0626.jpg,Super Heroes,Super Heroes
11528,COLHP24,images/COLHP24.jpg,Collectible Minifigures,Collectible Minifigures
11529,MIN084,images/MIN084.jpg,Minecraft,Minecraft
11530,CTY1198,images/CTY1198.jpg,Town,Town
11531,CTY1197,images/CTY1197.jpg,Town,Town
11532,HP253,images/HP253.jpg,Harry Potter,Harry Potter
11533,HP225,images/HP225.jpg,Harry Potter,Harry Potter
11534,HP240,images/HP240.jpg,Harry Potter,Harry Potter
11535,HP234,images/HP234.jpg,Harry Potter,Harry Potter
11536,COLHP25,images/COLHP25.jpg,Collectible Minifigures,Collectible Minifigures
11537,MIN085,images/MIN085.jpg,Minecraft,Minecraft
11538,TWT025,images/TWT025.jpg,Trolls World Tour,Other
11539,TWT008,images/TWT008.jpg,Trolls World Tour,Other
11540,HP230,images/HP230.jpg,Harry Potter,Harry Potter
11541,SW1130,images/SW1130.jpg,Star Wars,Star Wars
11542,SH0643,images/SH0643.jpg,Super Heroes,Super Heroes
11543,COLSH11,images/COLSH11.jpg,Collectible Minifigures,Collectible Minifigures
11544,CTY1139,images/CTY1139.jpg,Town,Town
11545,SW1115,images/SW1115.jpg,Star Wars,Star Wars
11546,MIN081,images/MIN081.jpg,Minecraft,Minecraft
11547,MIN079,images/MIN079.jpg,Minecraft,Minecraft
11548,MIN078,images/MIN078.jpg,Minecraft,Minecraft
11549,SW1116,images/SW1116.jpg,Star Wars,Star Wars
11550,MIN082,images/MIN082.jpg,Minecraft,Minecraft
11551,SH0654,images/SH0654.jpg,Super Heroes,Super Heroes
11552,SH0667,images/SH0667.jpg,Super Heroes,Super Heroes
11553,SH0612,images/SH0612.jpg,Super Heroes,Super Heroes
11554,SH0649,images/SH0649.jpg,Super Heroes,Super Heroes
11555,SH0673,images/SH0673.jpg,Super Heroes,Super Heroes
11556,SH0655,images/SH0655.jpg,Super Heroes,Super Heroes
11557,SH0640,images/SH0640.jpg,Super Heroes,Super Heroes
11558,SH0633,images/SH0633.jpg,Super Heroes,Super Heroes
11559,MK002,images/MK002.jpg,Monkie Kid,Monkie Kid
11560,MK020,images/MK020.jpg,Monkie Kid,Monkie Kid
11561,HS036,images/HS036.jpg,Hidden Side,Other
11562,IDEA071,images/IDEA071.jpg,LEGO Ideas,LEGO Ideas
11563,HS031,images/HS031.jpg,Hidden Side,Other
11564,HS067,images/HS067.jpg,Hidden Side,Other
11565,HS052,images/HS052.jpg,Hidden Side,Other
11566,HS047,images/HS047.jpg,Hidden Side,Other
11567,HS043,images/HS043.jpg,Hidden Side,Other
11568,HS037,images/HS037.jpg,Hidden Side,Other
11569,HS050,images/HS050.jpg,Hidden Side,Other
11570,SC080,images/SC080.jpg,SPEED CHAMPIONS,SPEED CHAMPIONS
11571,COLHP30,images/COLHP30.jpg,Collectible Minifigures,Collectible Minifigures
11572,SW1088,images/SW1088.jpg,Star Wars,Star Wars
11573,NJO0569,images/NJO0569.jpg,NINJAGO,NINJAGO
11574,NJO0633,images/NJO0633.jpg,NINJAGO,NINJAGO
11575,NJO0563,images/NJO0563.jpg,NINJAGO,NINJAGO
11576,NJO0615,images/NJO0615.jpg,NINJAGO,NINJAGO
11577,NJO0576,images/NJO0576.jpg,NINJAGO,NINJAGO
11578,NJO0595,images/NJO0595.jpg,NINJAGO,NINJAGO
11579,NJO0601,images/NJO0601.jpg,NINJAGO,NINJAGO
11580,HS055,images/HS055.jpg,Hidden Side,Other
11581,CTY1171,images/CTY1171.jpg,Town,Town
11582,MK018,images/MK018.jpg,Monkie Kid,Monkie Kid
11583,HS038,images/HS038.jpg,Hidden Side,Other
11584,HS056,images/HS056.jpg,Hidden Side,Other
11585,COLSH13,images/COLSH13.jpg,Collectible Minifigures,Collectible Minifigures
11586,SW1129,images/SW1129.jpg,Star Wars,Star Wars
11587,NJO0567,images/NJO0567.jpg,NINJAGO,NINJAGO
11588,NJO0628,images/NJO0628.jpg,NINJAGO,NINJAGO
11589,NJO0568,images/NJO0568.jpg,NINJAGO,NINJAGO
11590,NJO0613,images/NJO0613.jpg,NINJAGO,NINJAGO
11591,NJO0630,images/NJO0630.jpg,NINJAGO,NINJAGO
11592,MIN077,images/MIN077.jpg,Minecraft,Minecraft
11593,NJO0620,images/NJO0620.jpg,NINJAGO,NINJAGO
11594,NJO0605,images/NJO0605.jpg,NINJAGO,NINJAGO
11595,MAR0005,images/MAR0005.jpg,Super Mario,Super Mario
11596,COLHP35,images/COLHP35.jpg,Collectible Minifigures,Collectible Minifigures
11597,MIN080,images/MIN080.jpg,Minecraft,Minecraft
11598,SW1099,images/SW1099.jpg,Star Wars,Star Wars
11599,SW1098,images/SW1098.jpg,Star Wars,Star Wars
11600,SW1087,images/SW1087.jpg,Star Wars,Star Wars
11601,SW1089,images/SW1089.jpg,Star Wars,Star Wars
11602,MAR0006,images/MAR0006.jpg,Super Mario,Super Mario
11603,MAR0037,images/MAR0037.jpg,Super Mario,Super Mario
11604,NJO0581,images/NJO0581.jpg,NINJAGO,NINJAGO
11605,DP085,images/DP085.jpg,Disney,Disney
11606,SW1126,images/SW1126.jpg,Star Wars,Star Wars
11607,IDEA067,images/IDEA067.jpg,LEGO Ideas,LEGO Ideas
11608,SC085,images/SC085.jpg,SPEED CHAMPIONS,SPEED CHAMPIONS
11609,SC084,images/SC084.jpg,SPEED CHAMPIONS,SPEED CHAMPIONS
11610,MAR0038,images/MAR0038.jpg,Super Mario,Super Mario
11611,MAR0040,images/MAR0040.jpg,Super Mario,Super Mario
11612,HP226,images/HP226.jpg,Harry Potter,Harry Potter
11613,SH0672,images/SH0672.jpg,Super Heroes,Super Heroes
11614,MK014,images/MK014.jpg,Monkie Kid,Monkie Kid
11615,LLP017,images/LLP017.jpg,LEGOLAND Parks,Other
11616,LLP031,images/LLP031.jpg,LEGOLAND Parks,Other
11617,LLP020,images/LLP020.jpg,LEGOLAND Parks,Other
11618,LLP030,images/LLP030.jpg,LEGOLAND Parks,Other
11619,LLP019,images/LLP019.jpg,LEGOLAND Parks,Other
11620,DP081,images/DP081.jpg,Disney,Disney
11621,SW1109,images/SW1109.jpg,Star Wars,Star Wars
11622,COLHP29,images/COLHP29.jpg,Collectible Minifigures,Collectible Minifigures
11623,CTY1212,images/CTY1212.jpg,Town,Town
11624,HOL180,images/HOL180.jpg,Holiday & Event,Holiday & Event
11625,HOL181,images/HOL181.jpg,Holiday & Event,Holiday & Event
11626,HOL179,images/HOL179.jpg,Holiday & Event,Holiday & Event
11627,COL364,images/COL364.jpg,Collectible Minifigures,Collectible Minifigures
11628,NJO0584,images/NJO0584.jpg,NINJAGO,NINJAGO
11629,NJO0571,images/NJO0571.jpg,NINJAGO,NINJAGO
11630,NJO0627,images/NJO0627.jpg,NINJAGO,NINJAGO
11631,NJO0570,images/NJO0570.jpg,NINJAGO,NINJAGO
11632,NJO0574,images/NJO0574.jpg,NINJAGO,NINJAGO
11633,NJO0574A,images/NJO0574A.jpg,NINJAGO,NINJAGO
11634,NJO0619,images/NJO0619.jpg,NINJAGO,NINJAGO
11635,NJO0602,images/NJO0602.jpg,NINJAGO,NINJAGO
11636,NJO0617,images/NJO0617.jpg,NINJAGO,NINJAGO
11637,SH0644,images/SH0644.jpg,Super Heroes,Super Heroes
11638,NJO0596,images/NJO0596.jpg,NINJAGO,NINJAGO
11639,HP255,images/HP255.jpg,Harry Potter,Harry Potter
11640,SW1086,images/SW1086.jpg,Star Wars,Star Wars
11641,DP099,images/DP099.jpg,Disney,Disney
11642,HP227,images/HP227.jpg,Harry Potter,Harry Potter
11643,HP239,images/HP239.jpg,Harry Potter,Harry Potter
11644,COLHP27,images/COLHP27.jpg,Collectible Minifigures,Collectible Minifigures
11645,CTY1215,images/CTY1215.jpg,Town,Town
11646,TWN396,images/TWN396.jpg,Town,Town
11647,EDU007,images/EDU007.jpg,Educational & Dacta,Other
11648,TWN398,images/TWN398.jpg,Town,Town
11649,TWN390,images/TWN390.jpg,Town,Town
11650,TWN388,images/TWN388.jpg,Town,Town
11651,TWN386,images/TWN386.jpg,Town,Town
11652,TWN387,images/TWN387.jpg,Town,Town
11653,DP106,images/DP106.jpg,Disney,Disney
11654,HOL184,images/HOL184.jpg,Holiday & Event,Holiday & Event
11655,HOL190,images/HOL190.jpg,Holiday & Event,Holiday & Event
11656,HOL185,images/HOL185.jpg,Holiday & Event,Holiday & Event
11657,TWN380,images/TWN380.jpg,Town,Town
11658,CTY1176,images/CTY1176.jpg,Town,Town
11659,HOL187,images/HOL187.jpg,Holiday & Event,Holiday & Event
11660,HOL178,images/HOL178.jpg,Holiday & Event,Holiday & Event
11661,HOL217,images/HOL217.jpg,Holiday & Event,Holiday & Event
11662,TWN379,images/TWN379.jpg,Town,Town
11663,SH0660,images/SH0660.jpg,Super Heroes,Super Heroes
11664,SW1077,images/SW1077.jpg,Star Wars,Star Wars
11665,SW1078,images/SW1078.jpg,Star Wars,Star Wars
11666,SW1079,images/SW1079.jpg,Star Wars,Star Wars
11667,SW1080,images/SW1080.jpg,Star Wars,Star Wars
11668,HP257,images/HP257.jpg,Harry Potter,Harry Potter
11669,HP258,images/HP258.jpg,Harry Potter,Harry Potter
11670,MAR0007,images/MAR0007.jpg,Super Mario,Super Mario
11671,MAR0036,images/MAR0036.jpg,Super Mario,Super Mario
11672,CTY1217,images/CTY1217.jpg,Town,Town
11673,COL367,images/COL367.jpg,Collectible Minifigures,Collectible Minifigures
11674,HS045,images/HS045.jpg,Hidden Side,Other
11675,SH0636,images/SH0636.jpg,Super Heroes,Super Heroes
11676,CTY1222,images/CTY1222.jpg,Town,Town
11677,HOL175,images/HOL175.jpg,Holiday & Event,Holiday & Event
11678,HP241,images/HP241.jpg,Harry Potter,Harry Potter
11679,MK013,images/MK013.jpg,Monkie Kid,Monkie Kid
11680,MK003,images/MK003.jpg,Monkie Kid,Monkie Kid
11681,TWT001,images/TWT001.jpg,Trolls World Tour,Other
11682,COLSH12,images/COLSH12.jpg,Collectible Minifigures,Collectible Minifigures
11683,MNN006,images/MNN006.jpg,Despicable Me and Minions,Other
11684,MNN002,images/MNN002.jpg,Despicable Me and Minions,Other
11685,MNN003,images/MNN003.jpg,Despicable Me and Minions,Other
11686,MNN005,images/MNN005.jpg,Despicable Me and Minions,Other
11687,MNN001,images/MNN001.jpg,Despicable Me and Minions,Other
11688,COLSH01,images/COLSH01.jpg,Collectible Minifigures,Collectible Minifigures
11689,MOA004,images/MOA004.jpg,Disney,Disney
11690,COLHP36,images/COLHP36.jpg,Collectible Minifigures,Collectible Minifigures
11691,SH0656,images/SH0656.jpg,Super Heroes,Super Heroes
11692,NJO0609,images/NJO0609.jpg,NINJAGO,NINJAGO
11693,HP250,images/HP250.jpg,Harry Potter,Harry Potter
11694,HP212,images/HP212.jpg,Harry Potter,Harry Potter
11695,SW1128,images/SW1128.jpg,Star Wars,Star Wars
11696,MK015,images/MK015.jpg,Monkie Kid,Monkie Kid
11697,MK021,images/MK021.jpg,Monkie Kid,Monkie Kid
11698,MK019,images/MK019.jpg,Monkie Kid,Monkie Kid
11699,MK001,images/MK001.jpg,Monkie Kid,Monkie Kid
11700,MK007,images/MK007.jpg,Monkie Kid,Monkie Kid
11701,CTY1107,images/CTY1107.jpg,Town,Town
11702,MAR0008,images/MAR0008.jpg,Super Mario,Super Mario
11703,CTY1097,images/CTY1097.jpg,Town,Town
11704,SH0662,images/SH0662.jpg,Super Heroes,Super Heroes
11705,SH0621,images/SH0621.jpg,Super Heroes,Super Heroes
11706,DP079,images/DP079.jpg,Disney,Disney
11707,DP080,images/DP080.jpg,Disney,Disney
11708,NJO0603,images/NJO0603.jpg,NINJAGO,NINJAGO
11709,SH0620,images/SH0620.jpg,Super Heroes,Super Heroes
11710,HS062,images/HS062.jpg,Hidden Side,Other
11711,CTY1098,images/CTY1098.jpg,Town,Town
11712,HS066,images/HS066.jpg,Hidden Side,Other
11713,HS073,images/HS073.jpg,Hidden Side,Other
11714,HP228,images/HP228.jpg,Harry Potter,Harry Potter
11715,COLHP38,images/COLHP38.jpg,Collectible Minifigures,Collectible Minifigures
11716,SH0585B,images/SH0585B.jpg,Super Heroes,Super Heroes
11717,SH0659,images/SH0659.jpg,Super Heroes,Super Heroes
11718,NJO0582,images/NJO0582.jpg,NINJAGO,NINJAGO
11719,NJO0629,images/NJO0629.jpg,NINJAGO,NINJAGO
11720,NJO0577,images/NJO0577.jpg,NINJAGO,NINJAGO
11721,NJO0591,images/NJO0591.jpg,NINJAGO,NINJAGO
11722,NJO0590,images/NJO0590.jpg,NINJAGO,NINJAGO
11723,NJO0592,images/NJO0592.jpg,NINJAGO,NINJAGO
11724,SC081,images/SC081.jpg,SPEED CHAMPIONS,SPEED CHAMPIONS
11725,NJO0560,images/NJO0560.jpg,NINJAGO,NINJAGO
11726,NJO0586,images/NJO0586.jpg,NINJAGO,NINJAGO
11727,NJO0604,images/NJO0604.jpg,NINJAGO,NINJAGO
11728,HP210,images/HP210.jpg,Harry Potter,Harry Potter
11729,SW1082,images/SW1082.jpg,Star Wars,Star Wars
11730,SW1084,images/SW1084.jpg,Star Wars,Star Wars
11731,CTY1163,images/CTY1163.jpg,Town,Town
11732,CTY1181,images/CTY1181.jpg,Town,Town
11733,CTY1167,images/CTY1167.jpg,Town,Town
11734,CTY1168,images/CTY1168.jpg,Town,Town
11735,NJO0562,images/NJO0562.jpg,NINJAGO,NINJAGO
11736,DP086,images/DP086.jpg,Disney,Disney
11737,IDEA078,images/IDEA078.jpg,LEGO Ideas,LEGO Ideas
11738,JW066,images/JW066.jpg,Jurassic World,Jurassic World
11739,HP260,images/HP260.jpg,Harry Potter,Harry Potter
11740,COL372,images/COL372.jpg,Collectible Minifigures,Collectible Minifigures
11741,MAR0025,images/MAR0025.jpg,Super Mario,Super Mario
11742,JW065,images/JW065.jpg,Jurassic World,Jurassic World
11743,HS046,images/HS046.jpg,Hidden Side,Other
11744,HS049,images/HS049.jpg,Hidden Side,Other
11745,HS072,images/HS072.jpg,Hidden Side,Other
11746,HS053,images/HS053.jpg,Hidden Side,Other
11747,HS035,images/HS035.jpg,Hidden Side,Other
11748,HS058,images/HS058.jpg,Hidden Side,Other
11749,HP261,images/HP261.jpg,Harry Potter,Harry Potter
11750,COL360,images/COL360.jpg,Collectible Minifigures,Collectible Minifigures
11751,MAR0026,images/MAR0026.jpg,Super Mario,Super Mario
11752,HS051,images/HS051.jpg,Hidden Side,Other
11753,HS064,images/HS064.jpg,Hidden Side,Other
11754,HP217,images/HP217.jpg,Harry Potter,Harry Potter
11755,MK011,images/MK011.jpg,Monkie Kid,Monkie Kid
11756,MK008,images/MK008.jpg,Monkie Kid,Monkie Kid
11757,CTY1189,images/CTY1189.jpg,Town,Town
11758,CTY1199,images/CTY1199.jpg,Town,Town
11759,COL358,images/COL358.jpg,Collectible Minifigures,Collectible Minifigures
11760,DP082,images/DP082.jpg,Disney,Disney
11761,MAR0027,images/MAR0027.jpg,Super Mario,Super Mario
11762,MAR0039,images/MAR0039.jpg,Super Mario,Super Mario
11763,PI186,images/PI186.jpg,Pirates,Pirates
11764,PI187,images/PI187.jpg,Pirates,Pirates
11765,PI185,images/PI185.jpg,Pirates,Pirates
11766,COL362,images/COL362.jpg,Collectible Minifigures,Collectible Minifigures
11767,SW1119,images/SW1119.jpg,Star Wars,Star Wars
11768,CTY1188,images/CTY1188.jpg,Town,Town
11769,CTY1195,images/CTY1195.jpg,Town,Town
11770,CTY1184,images/CTY1184.jpg,Town,Town
11771,CTY1185,images/CTY1185.jpg,Town,Town
11772,CTY1192,images/CTY1192.jpg,Town,Town
11773,CTY1196,images/CTY1196.jpg,Town,Town
11774,SW0931,images/SW0931.jpg,Star Wars,Star Wars
11775,SW1117,images/SW1117.jpg,Star Wars,Star Wars
11776,MAR0019,images/MAR0019.jpg,Super Mario,Super Mario
11777,CTY1132,images/CTY1132.jpg,Town,Town
11778,CTY1108,images/CTY1108.jpg,Town,Town
11779,CTY1133,images/CTY1133.jpg,Town,Town
11780,CTY1147,images/CTY1147.jpg,Town,Town
11781,CTY1134,images/CTY1134.jpg,Town,Town
11782,CTY1121,images/CTY1121.jpg,Town,Town
11783,CTY1143,images/CTY1143.jpg,Town,Town
11784,CTY1125,images/CTY1125.jpg,Town,Town
11785,CTY1146,images/CTY1146.jpg,Town,Town
11786,CTY1120,images/CTY1120.jpg,Town,Town
11787,CTY1155,images/CTY1155.jpg,Town,Town
11788,CTY1126,images/CTY1126.jpg,Town,Town
11789,CTY1158,images/CTY1158.jpg,Town,Town
11790,CTY1201,images/CTY1201.jpg,Town,Town
11791,CTY1136,images/CTY1136.jpg,Town,Town
11792,CTY1144,images/CTY1144.jpg,Town,Town
11793,CTY1203,images/CTY1203.jpg,Town,Town
11794,CTY1130,images/CTY1130.jpg,Town,Town
11795,CTY1205,images/CTY1205.jpg,Town,Town
11796,CTY1148,images/CTY1148.jpg,Town,Town
11797,CTY1127,images/CTY1127.jpg,Town,Town
11798,CTY1122,images/CTY1122.jpg,Town,Town
11799,CTY1129,images/CTY1129.jpg,Town,Town
11800,CTY1156,images/CTY1156.jpg,Town,Town
11801,CTY1145,images/CTY1145.jpg,Town,Town
11802,CTY1159,images/CTY1159.jpg,Town,Town
11803,CTY1128,images/CTY1128.jpg,Town,Town
11804,CTY1142,images/CTY1142.jpg,Town,Town
11805,CTY1141,images/CTY1141.jpg,Town,Town
11806,CTY1206,images/CTY1206.jpg,Town,Town
11807,CTY1204,images/CTY1204.jpg,Town,Town
11808,CTY1137,images/CTY1137.jpg,Town,Town
11809,CTY1131,images/CTY1131.jpg,Town,Town
11810,CTY1135,images/CTY1135.jpg,Town,Town
11811,CTY1124,images/CTY1124.jpg,Town,Town
11812,CTY1209,images/CTY1209.jpg,Town,Town
11813,CTY1123,images/CTY1123.jpg,Town,Town
11814,CTY1207,images/CTY1207.jpg,Town,Town
11815,CTY1210,images/CTY1210.jpg,Town,Town
11816,CTY1202,images/CTY1202.jpg,Town,Town
11817,CTY1208,images/CTY1208.jpg,Town,Town
11818,SW1124,images/SW1124.jpg,Star Wars,Star Wars
11819,TWT002,images/TWT002.jpg,Trolls World Tour,Other
11820,TWT019,images/TWT019.jpg,Trolls World Tour,Other
11821,TWT005,images/TWT005.jpg,Trolls World Tour,Other
11822,TWT009,images/TWT009.jpg,Trolls World Tour,Other
11823,TWT006,images/TWT006.jpg,Trolls World Tour,Other
11824,TWT016,images/TWT016.jpg,Trolls World Tour,Other
11825,TWT022,images/TWT022.jpg,Trolls World Tour,Other
11826,CTY1182,images/CTY1182.jpg,Town,Town
11827,CTY1219,images/CTY1219.jpg,Town,Town
11828,HOL192,images/HOL192.jpg,Holiday & Event,Holiday & Event
11829,IDEA069,images/IDEA069.jpg,LEGO Ideas,LEGO Ideas
11830,CTY1106,images/CTY1106.jpg,Town,Town
11831,DP087,images/DP087.jpg,Disney,Disney
11832,MK010,images/MK010.jpg,Monkie Kid,Monkie Kid
11833,NJO0611,images/NJO0611.jpg,NINJAGO,NINJAGO
11834,HP235,images/HP235.jpg,Harry Potter,Harry Potter
11835,COLHP37,images/COLHP37.jpg,Collectible Minifigures,Collectible Minifigures
11836,IDEA066,images/IDEA066.jpg,LEGO Ideas,LEGO Ideas
11837,CTY1112,images/CTY1112.jpg,Town,Town
11838,CTY1111,images/CTY1111.jpg,Town,Town
11839,CTY1160,images/CTY1160.jpg,Town,Town
11840,CTY1109,images/CTY1109.jpg,Town,Town
11841,CTY1110,images/CTY1110.jpg,Town,Town
11842,HS061,images/HS061.jpg,Hidden Side,Other
11843,DP103,images/DP103.jpg,Disney,Disney
11844,SW1092,images/SW1092.jpg,Star Wars,Star Wars
11845,SH0676,images/SH0676.jpg,Super Heroes,Super Heroes
11846,SH0652,images/SH0652.jpg,Super Heroes,Super Heroes
11847,MK006,images/MK006.jpg,Monkie Kid,Monkie Kid
11848,MK012,images/MK012.jpg,Monkie Kid,Monkie Kid
11849,NJO0566,images/NJO0566.jpg,NINJAGO,NINJAGO
11850,SH0665,images/SH0665.jpg,Super Heroes,Super Heroes
11851,NJO0631,images/NJO0631.jpg,NINJAGO,NINJAGO
11852,NJO0564,images/NJO0564.jpg,NINJAGO,NINJAGO
11853,SH0651,images/SH0651.jpg,Super Heroes,Super Heroes
11854,IDEA070,images/IDEA070.jpg,LEGO Ideas,LEGO Ideas
11855,GEN187,images/GEN187.jpg,Promotional,Other
11856,HP248,images/HP248.jpg,Harry Potter,Harry Potter
11857,HP214,images/HP214.jpg,Harry Potter,Harry Potter
11858,HP231,images/HP231.jpg,Harry Potter,Harry Potter
11859,COLHP26,images/COLHP26.jpg,Collectible Minifigures,Collectible Minifigures
11860,CTY1099,images/CTY1099.jpg,Town,Town
11861,NJO0614,images/NJO0614.jpg,NINJAGO,NINJAGO
11862,SW1131,images/SW1131.jpg,Star Wars,Star Wars
11863,SW1132,images/SW1132.jpg,Star Wars,Star Wars
11864,MK004,images/MK004.jpg,Monkie Kid,Monkie Kid
11865,NJO0558,images/NJO0558.jpg,NINJAGO,NINJAGO
11866,HS048,images/HS048.jpg,Hidden Side,Other
11867,HS068,images/HS068.jpg,Hidden Side,Other
11868,NJO0585,images/NJO0585.jpg,NINJAGO,NINJAGO
11869,HS033,images/HS033.jpg,Hidden Side,Other
11870,CTY1179,images/CTY1179.jpg,Town,Town
11871,CTY1165,images/CTY1165.jpg,Town,Town
11872,CTY1173,images/CTY1173.jpg,Town,Town
11873,CTY1225,images/CTY1225.jpg,Town,Town
11874,CTY1180,images/CTY1180.jpg,Town,Town
11875,CTY1166,images/CTY1166.jpg,Town,Town
11876,COL369,images/COL369.jpg,Collectible Minifigures,Collectible Minifigures
11877,HOL195,images/HOL195.jpg,Holiday & Event,Holiday & Event
11878,HS065,images/HS065.jpg,Hidden Side,Other
11879,HS071,images/HS071.jpg,Hidden Side,Other
11880,HS069,images/HS069.jpg,Hidden Side,Other
11881,SH0592A,images/SH0592A.jpg,Super Heroes,Super Heroes
11882,TRN252,images/TRN252.jpg,Train,Other
11883,MAR0009,images/MAR0009.jpg,Super Mario,Super Mario
11884,MK025,images/MK025.jpg,Monkie Kid,Monkie Kid
11885,COLSH05,images/COLSH05.jpg,Collectible Minifigures,Collectible Minifigures
11886,SW1076,images/SW1076.jpg,Star Wars,Star Wars
11887,SW1075,images/SW1075.jpg,Star Wars,Star Wars
11888,CTY1138,images/CTY1138.jpg,Town,Town
11889,HS063,images/HS063.jpg,Hidden Side,Other
11890,HS044,images/HS044.jpg,Hidden Side,Other
11891,HS042,images/HS042.jpg,Hidden Side,Other
11892,GEN141,images/GEN141.jpg,LEGO Ideas,LEGO Ideas
11893,GEN147,images/GEN147.jpg,Town,Town
11894,NJO0624,images/NJO0624.jpg,NINJAGO,NINJAGO
11895,NJO0607,images/NJO0607.jpg,NINJAGO,NINJAGO
11896,CTY1100,images/CTY1100.jpg,Town,Town
11897,HOL202,images/HOL202.jpg,Holiday & Event,Holiday & Event
11898,DP101,images/DP101.jpg,Disney,Disney
11899,SW1120,images/SW1120.jpg,Star Wars,Star Wars
11900,SW1103,images/SW1103.jpg,Star Wars,Star Wars
11901,SW1102,images/SW1102.jpg,Star Wars,Star Wars
11902,COL363,images/COL363.jpg,Collectible Minifigures,Collectible Minifigures
11903,MK022,images/MK022.jpg,Monkie Kid,Monkie Kid
11904,SH0615,images/SH0615.jpg,Super Heroes,Super Heroes
11905,SH0638,images/SH0638.jpg,Super Heroes,Super Heroes
11906,SH0614A,images/SH0614A.jpg,Super Heroes,Super Heroes
11907,MAR0028,images/MAR0028.jpg,Super Mario,Super Mario
11908,IDEA068,images/IDEA068.jpg,LEGO Ideas,LEGO Ideas
11909,COLSH04,images/COLSH04.jpg,Collectible Minifigures,Collectible Minifigures
11910,CTY1218,images/CTY1218.jpg,Town,Town
11911,HS060,images/HS060.jpg,Hidden Side,Other
11912,MIN074,images/MIN074.jpg,Minecraft,Minecraft
11913,CTY1190,images/CTY1190.jpg,Town,Town
11914,NJO0580,images/NJO0580.jpg,NINJAGO,NINJAGO
11915,MAR0029,images/MAR0029.jpg,Super Mario,Super Mario
11916,CTY1104,images/CTY1104.jpg,Town,Town
11917,CTY1140,images/CTY1140.jpg,Town,Town
11918,MAR0061,images/MAR0061.jpg,Super Mario,Super Mario
11919,COL366,images/COL366.jpg,Collectible Minifigures,Collectible Minifigures
11920,SH0670,images/SH0670.jpg,Super Heroes,Super Heroes
11921,COLSH07,images/COLSH07.jpg,Collectible Minifigures,Collectible Minifigures
11922,SW1072,images/SW1072.jpg,Star Wars,Star Wars
11923,CTY1149,images/CTY1149.jpg,Town,Town
11924,NJO0587,images/NJO0587.jpg,NINJAGO,NINJAGO
11925,MAR0030,images/MAR0030.jpg,Super Mario,Super Mario
11926,SW1073,images/SW1073.jpg,Star Wars,Star Wars
11927,CTY1200,images/CTY1200.jpg,Town,Town
11928,SH0631,images/SH0631.jpg,Super Heroes,Super Heroes
11929,SH0674,images/SH0674.jpg,Super Heroes,Super Heroes
11930,IDEA072,images/IDEA072.jpg,LEGO Ideas,LEGO Ideas
11931,HS070,images/HS070.jpg,Hidden Side,Other
11932,HS039,images/HS039.jpg,Hidden Side,Other
11933,SH0613,images/SH0613.jpg,Super Heroes,Super Heroes
11934,SH0671,images/SH0671.jpg,Super Heroes,Super Heroes
11935,SH0647,images/SH0647.jpg,Super Heroes,Super Heroes
11936,SH0618,images/SH0618.jpg,Super Heroes,Super Heroes
11937,SH0645,images/SH0645.jpg,Super Heroes,Super Heroes
11938,SH0623,images/SH0623.jpg,Super Heroes,Super Heroes
11939,MAR0031,images/MAR0031.jpg,Super Mario,Super Mario
11940,TWT013,images/TWT013.jpg,Trolls World Tour,Other
11941,HOL212,images/HOL212.jpg,Holiday & Event,Holiday & Event
11942,MAR0010,images/MAR0010.jpg,Super Mario,Super Mario
11943,MAR0011,images/MAR0011.jpg,Super Mario,Super Mario
11944,HP242,images/HP242.jpg,Harry Potter,Harry Potter
11945,SH0666,images/SH0666.jpg,Super Heroes,Super Heroes
11946,CTY1118,images/CTY1118.jpg,Town,Town
11947,CTY1117,images/CTY1117.jpg,Town,Town
11948,COL361,images/COL361.jpg,Collectible Minifigures,Collectible Minifigures
11949,CTY1103,images/CTY1103.jpg,Town,Town
11950,HOL186,images/HOL186.jpg,Holiday & Event,Holiday & Event
11951,HOL208,images/HOL208.jpg,Holiday & Event,Holiday & Event
11952,TRN253,images/TRN253.jpg,Train,Other
11953,TRN254,images/TRN254.jpg,Train,Other
11954,CTY1220,images/CTY1220.jpg,Town,Town
11955,CTY1094,images/CTY1094.jpg,Town,Town
11956,SW1074,images/SW1074.jpg,Star Wars,Star Wars
11957,NJO0572,images/NJO0572.jpg,NINJAGO,NINJAGO
11958,NJO0593,images/NJO0593.jpg,NINJAGO,NINJAGO
11959,MK009,images/MK009.jpg,Monkie Kid,Monkie Kid
11960,MK027,images/MK027.jpg,Monkie Kid,Monkie Kid
11961,MAR0032,images/MAR0032.jpg,Super Mario,Super Mario
11962,MIN086,images/MIN086.jpg,Minecraft,Minecraft
11963,HS075,images/HS075.jpg,Hidden Side,Other
11964,HS074,images/HS074.jpg,Hidden Side,Other
11965,SH0664,images/SH0664.jpg,Super Heroes,Super Heroes
11966,HP215,images/HP215.jpg,Harry Potter,Harry Potter
11967,SW1108,images/SW1108.jpg,Star Wars,Star Wars
11968,COL365,images/COL365.jpg,Collectible Minifigures,Collectible Minifigures
11969,MIN076,images/MIN076.jpg,Minecraft,Minecraft
11970,MIN075,images/MIN075.jpg,Minecraft,Minecraft
11971,MK024,images/MK024.jpg,Monkie Kid,Monkie Kid
11972,SH0646,images/SH0646.jpg,Super Heroes,Super Heroes
11973,DP093,images/DP093.jpg,Disney,Disney
11974,DP100,images/DP100.jpg,Disney,Disney
11975,HS034,images/HS034.jpg,Hidden Side,Other
11976,SW1081,images/SW1081.jpg,Star Wars,Star Wars
11977,CTY1115,images/CTY1115.jpg,Town,Town
11978,CTY1102,images/CTY1102.jpg,Town,Town
11979,MAR0033,images/MAR0033.jpg,Super Mario,Super Mario
11980,CTY1221,images/CTY1221.jpg,Town,Town
11981,HOL188,images/HOL188.jpg,Holiday & Event,Holiday & Event
11982,HOL193,images/HOL193.jpg,Holiday & Event,Holiday & Event
11983,HOL176,images/HOL176.jpg,Holiday & Event,Holiday & Event
11984,HOL177,images/HOL177.jpg,Holiday & Event,Holiday & Event
11985,HOL191,images/HOL191.jpg,Holiday & Event,Holiday & Event
11986,HOL216,images/HOL216.jpg,Holiday & Event,Holiday & Event
11987,SH0634,images/SH0634.jpg,Super Heroes,Super Heroes
11988,COLSH02,images/COLSH02.jpg,Collectible Minifigures,Collectible Minifigures
11989,NJO0599,images/NJO0599.jpg,NINJAGO,NINJAGO
11990,HOL174,images/HOL174.jpg,Holiday & Event,Holiday & Event
11991,SH0630,images/SH0630.jpg,Super Heroes,Super Heroes
11992,MAR0012,images/MAR0012.jpg,Super Mario,Super Mario
11993,JW063,images/JW063.jpg,Jurassic World,Jurassic World
11994,NJO0589,images/NJO0589.jpg,NINJAGO,NINJAGO
11995,NJO0561,images/NJO0561.jpg,NINJAGO,NINJAGO
11996,NJO0616,images/NJO0616.jpg,NINJAGO,NINJAGO
11997,NJO0623,images/NJO0623.jpg,NINJAGO,NINJAGO
11998,NJO0622,images/NJO0622.jpg,NINJAGO,NINJAGO
11999,NJO0626,images/NJO0626.jpg,NINJAGO,NINJAGO
12000,MAR0066,images/MAR0066.jpg,Super Mario,Super Mario
12001,SC089,images/SC089.jpg,SPEED CHAMPIONS,SPEED CHAMPIONS
12002,SC091,images/SC091.jpg,SPEED CHAMPIONS,SPEED CHAMPIONS
12003,DIS064,images/DIS064.jpg,Disney,Disney
12004,GEN156,images/GEN156.jpg,Sports,Sports
12005,COL382,images/COL382.jpg,Collectible Minifigures,Collectible Minifigures
12006,CTY1266,images/CTY1266.jpg,Town,Town
12007,SH0762,images/SH0762.jpg,Super Heroes,Super Heroes
12008,HP322,images/HP322.jpg,Harry Potter,Harry Potter
12009,HP313,images/HP313.jpg,Harry Potter,Harry Potter
12010,HP303,images/HP303.jpg,Harry Potter,Harry Potter
12011,MIN089,images/MIN089.jpg,Minecraft,Minecraft
12012,CTY1326,images/CTY1326.jpg,Town,Town
12013,VID035,images/VID035.jpg,Vidiyo,Other
12014,VID003,images/VID003.jpg,Vidiyo,Other
12015,VID008,images/VID008.jpg,Vidiyo,Other
12016,VID031,images/VID031.jpg,Vidiyo,Other
12017,COL384,images/COL384.jpg,Collectible Minifigures,Collectible Minifigures
12018,SH0725,images/SH0725.jpg,Super Heroes,Super Heroes
12019,GEN152,images/GEN152.jpg,LEGO Brand,LEGO Brand
12020,MAR0067,images/MAR0067.jpg,Super Mario,Super Mario
12021,COL381,images/COL381.jpg,Collectible Minifigures,Collectible Minifigures
12022,CTY1320,images/CTY1320.jpg,Town,Town
12023,DP135,images/DP135.jpg,Disney,Disney
12024,DP141,images/DP141.jpg,Disney,Disney
12025,90398PB044,images/90398PB044.jpg,Super Heroes,Super Heroes
12026,QUE002,images/QUE002.jpg,Queer Eye,Other
12027,DIS058,images/DIS058.jpg,Disney,Disney
12028,MK034,images/MK034.jpg,Monkie Kid,Monkie Kid
12029,MIN101,images/MIN101.jpg,Minecraft,Minecraft
12030,IDEA083,images/IDEA083.jpg,LEGO Ideas,LEGO Ideas
12031,DP125,images/DP125.jpg,Disney,Disney
12032,DP154,images/DP154.jpg,Disney,Disney
12033,DP108,images/DP108.jpg,Disney,Disney
12034,TWN411,images/TWN411.jpg,Town,Town
12035,SW1176,images/SW1176.jpg,Star Wars,Star Wars
12036,SH0721,images/SH0721.jpg,Super Heroes,Super Heroes
12037,FRND0430,images/FRND0430.jpg,Friends,Friends
12038,MK032,images/MK032.jpg,Monkie Kid,Monkie Kid
12039,CTY1268,images/CTY1268.jpg,Town,Town
12040,VID009,images/VID009.jpg,Vidiyo,Other
12041,TWN446,images/TWN446.jpg,Town,Town
12042,VID024,images/VID024.jpg,Vidiyo,Other
12043,SH0791,images/SH0791.jpg,Super Heroes,Super Heroes
12044,SH0781,images/SH0781.jpg,Super Heroes,Super Heroes
12045,SH0703,images/SH0703.jpg,Super Heroes,Super Heroes
12046,SH0689,images/SH0689.jpg,Super Heroes,Super Heroes
12047,SH0688,images/SH0688.jpg,Super Heroes,Super Heroes
12048,MK035,images/MK035.jpg,Monkie Kid,Monkie Kid
12049,CTY1273,images/CTY1273.jpg,Town,Town
12050,DP126,images/DP126.jpg,Disney,Disney
12051,MIN091,images/MIN091.jpg,Minecraft,Minecraft
12052,COL380,images/COL380.jpg,Collectible Minifigures,Collectible Minifigures
12053,DP127,images/DP127.jpg,Disney,Disney
12054,DP155,images/DP155.jpg,Disney,Disney
12055,DP128,images/DP128.jpg,Disney,Disney
12056,DP132,images/DP132.jpg,Disney,Disney
12057,DP122,images/DP122.jpg,Disney,Disney
12058,MNN012,images/MNN012.jpg,Despicable Me and Minions,Other
12059,SH0719,images/SH0719.jpg,Super Heroes,Super Heroes
12060,JW070,images/JW070.jpg,Jurassic World,Jurassic World
12061,SH0720,images/SH0720.jpg,Super Heroes,Super Heroes
12062,SH0726,images/SH0726.jpg,Super Heroes,Super Heroes
12063,SH0715,images/SH0715.jpg,Super Heroes,Super Heroes
12064,CAS555,images/CAS555.jpg,Castle,Castle
12065,IDEA084,images/IDEA084.jpg,LEGO Ideas,LEGO Ideas
12066,CAS554,images/CAS554.jpg,Castle,Castle
12067,IDEA085,images/IDEA085.jpg,LEGO Ideas,LEGO Ideas
12068,SH0728,images/SH0728.jpg,Super Heroes,Super Heroes
12069,IDEA082,images/IDEA082.jpg,LEGO Ideas,LEGO Ideas
12070,CAS556,images/CAS556.jpg,Castle,Castle
12071,SH0713,images/SH0713.jpg,Super Heroes,Super Heroes
12072,MAR0080,images/MAR0080.jpg,Super Mario,Super Mario
12073,VID022,images/VID022.jpg,Vidiyo,Other
12074,CTY1229,images/CTY1229.jpg,Town,Town
12075,SW1163,images/SW1163.jpg,Star Wars,Star Wars
12076,MAR0041,images/MAR0041.jpg,Super Mario,Super Mario
12077,SW1158,images/SW1158.jpg,Star Wars,Star Wars
12078,QUE004,images/QUE004.jpg,Queer Eye,Other
12079,NJO0638,images/NJO0638.jpg,NINJAGO,NINJAGO
12080,MAR0063,images/MAR0063.jpg,Super Mario,Super Mario
12081,MAR0053,images/MAR0053.jpg,Super Mario,Super Mario
12082,MK051,images/MK051.jpg,Monkie Kid,Monkie Kid
12083,MAR0074,images/MAR0074.jpg,Super Mario,Super Mario
12084,MAR0075,images/MAR0075.jpg,Super Mario,Super Mario
12085,MAR0065,images/MAR0065.jpg,Super Mario,Super Mario
12086,MAR0081,images/MAR0081.jpg,Super Mario,Super Mario
12087,DP120,images/DP120.jpg,Disney,Disney
12088,CTY1233,images/CTY1233.jpg,Town,Town
12089,MAR0057,images/MAR0057.jpg,Super Mario,Super Mario
12090,SH0753,images/SH0753.jpg,Super Heroes,Super Heroes
12091,SC093,images/SC093.jpg,SPEED CHAMPIONS,SPEED CHAMPIONS
12092,JW069,images/JW069.jpg,Jurassic World,Jurassic World
12093,MK030,images/MK030.jpg,Monkie Kid,Monkie Kid
12094,COLLT02,images/COLLT02.jpg,Collectible Minifigures,Collectible Minifigures
12095,MK046,images/MK046.jpg,Monkie Kid,Monkie Kid
12096,MK048,images/MK048.jpg,Monkie Kid,Monkie Kid
12097,VID010,images/VID010.jpg,Vidiyo,Other
12098,VID025,images/VID025.jpg,Vidiyo,Other
12099,COL385,images/COL385.jpg,Collectible Minifigures,Collectible Minifigures
12100,CTY1261,images/CTY1261.jpg,Town,Town
12101,VID021,images/VID021.jpg,Vidiyo,Other
12102,VID001,images/VID001.jpg,Vidiyo,Other
12103,SH0729,images/SH0729.jpg,Super Heroes,Super Heroes
12104,SH0736,images/SH0736.jpg,Super Heroes,Super Heroes
12105,SH0741,images/SH0741.jpg,Super Heroes,Super Heroes
12106,SH0686,images/SH0686.jpg,Super Heroes,Super Heroes
12107,COLMAR05,images/COLMAR05.jpg,Collectible Minifigures,Collectible Minifigures
12108,COLMAR10,images/COLMAR10.jpg,Collectible Minifigures,Collectible Minifigures
12109,SH0772,images/SH0772.jpg,Super Heroes,Super Heroes
12110,SH0749,images/SH0749.jpg,Super Heroes,Super Heroes
12111,CTY1283,images/CTY1283.jpg,Town,Town
12112,CTY1267,images/CTY1267.jpg,Town,Town
12113,SH0723,images/SH0723.jpg,Super Heroes,Super Heroes
12114,SH0683,images/SH0683.jpg,Super Heroes,Super Heroes
12115,VID041,images/VID041.jpg,Vidiyo,Other
12116,BDP014,images/BDP014.jpg,BrickLink Designer Program,BrickLink Designer Program
12117,BDP013,images/BDP013.jpg,BrickLink Designer Program,BrickLink Designer Program
12118,BDP012,images/BDP012.jpg,BrickLink Designer Program,BrickLink Designer Program
12119,BDP011,images/BDP011.jpg,BrickLink Designer Program,BrickLink Designer Program
12120,BDP015,images/BDP015.jpg,BrickLink Designer Program,BrickLink Designer Program
12121,BDP016,images/BDP016.jpg,BrickLink Designer Program,BrickLink Designer Program
12122,NJO0671,images/NJO0671.jpg,NINJAGO,NINJAGO
12123,HP269,images/HP269.jpg,Harry Potter,Harry Potter
12124,COL379,images/COL379.jpg,Collectible Minifigures,Collectible Minifigures
12125,MAR0058,images/MAR0058.jpg,Super Mario,Super Mario
12126,FTV002,images/FTV002.jpg,Friends TV Series,Other
12127,CTY1247,images/CTY1247.jpg,Town,Town
12128,DP131,images/DP131.jpg,Disney,Disney
12129,SC088,images/SC088.jpg,SPEED CHAMPIONS,SPEED CHAMPIONS
12130,NJO0677,images/NJO0677.jpg,NINJAGO,NINJAGO
12131,CTY1271,images/CTY1271.jpg,Town,Town
12132,TWN410,images/TWN410.jpg,Town,Town
12133,CTY1323,images/CTY1323.jpg,Town,Town
12134,PLN191,images/PLN191.jpg,Educational & Dacta,Other
12135,HOL223,images/HOL223.jpg,Holiday & Event,Holiday & Event
12136,HOL230,images/HOL230.jpg,Holiday & Event,Holiday & Event
12137,TWN415,images/TWN415.jpg,Town,Town
12138,CTY1226,images/CTY1226.jpg,Town,Town
12139,CTY1230,images/CTY1230.jpg,Town,Town
12140,HOL222,images/HOL222.jpg,Holiday & Event,Holiday & Event
12141,HOL232,images/HOL232.jpg,Holiday & Event,Holiday & Event
12142,SH0730,images/SH0730.jpg,Super Heroes,Super Heroes
12143,HP263A,images/HP263A.jpg,Harry Potter,Harry Potter
12144,NJO0662,images/NJO0662.jpg,NINJAGO,NINJAGO
12145,DP095B,images/DP095B.jpg,Disney,Disney
12146,DP123,images/DP123.jpg,Disney,Disney
12147,CTY1316,images/CTY1316.jpg,Town,Town
12148,CTY1398,images/CTY1398.jpg,Town,Town
12149,SW1151,images/SW1151.jpg,Star Wars,Star Wars
12150,SW1152,images/SW1152.jpg,Star Wars,Star Wars
12151,SW1148,images/SW1148.jpg,Star Wars,Star Wars
12152,SW1150,images/SW1150.jpg,Star Wars,Star Wars
12153,SW1149,images/SW1149.jpg,Star Wars,Star Wars
12154,SW1146,images/SW1146.jpg,Star Wars,Star Wars
12155,NJO0667,images/NJO0667.jpg,NINJAGO,NINJAGO
12156,DP156,images/DP156.jpg,Disney,Disney
12157,DP129,images/DP129.jpg,Disney,Disney
12158,NJO0651,images/NJO0651.jpg,NINJAGO,NINJAGO
12159,NJO0645,images/NJO0645.jpg,NINJAGO,NINJAGO
12160,NJO0575A,images/NJO0575A.jpg,NINJAGO,NINJAGO
12161,NJO0700,images/NJO0700.jpg,NINJAGO,NINJAGO
12162,NJO0678,images/NJO0678.jpg,NINJAGO,NINJAGO
12163,NJO0672,images/NJO0672.jpg,NINJAGO,NINJAGO
12164,HP304,images/HP304.jpg,Harry Potter,Harry Potter
12165,CTY1272,images/CTY1272.jpg,Town,Town
12166,CTY1286,images/CTY1286.jpg,Town,Town
12167,CTY1281,images/CTY1281.jpg,Town,Town
12168,CTY1317,images/CTY1317.jpg,Town,Town
12169,IDEA094,images/IDEA094.jpg,LEGO Ideas,LEGO Ideas
12170,VID011,images/VID011.jpg,Vidiyo,Other
12171,MIN100,images/MIN100.jpg,Minecraft,Minecraft
12172,MAR0072,images/MAR0072.jpg,Super Mario,Super Mario
12173,TWN401,images/TWN401.jpg,Town,Town
12174,TWN412,images/TWN412.jpg,Town,Town
12175,CTY1232,images/CTY1232.jpg,Town,Town
12176,HOL254,images/HOL254.jpg,Holiday & Event,Holiday & Event
12177,COLLT07,images/COLLT07.jpg,Collectible Minifigures,Collectible Minifigures
12178,DIS055,images/DIS055.jpg,Disney,Disney
12179,SH0724,images/SH0724.jpg,Super Heroes,Super Heroes
12180,JW075,images/JW075.jpg,Jurassic World,Jurassic World
12181,JW073,images/JW073.jpg,Jurassic World,Jurassic World
12182,SW1161,images/SW1161.jpg,Star Wars,Star Wars
12183,SW1155,images/SW1155.jpg,Star Wars,Star Wars
12184,SW1141,images/SW1141.jpg,Star Wars,Star Wars
12185,HP289,images/HP289.jpg,Harry Potter,Harry Potter
12186,SH0705,images/SH0705.jpg,Super Heroes,Super Heroes
12187,SW1173,images/SW1173.jpg,Star Wars,Star Wars
12188,VID012,images/VID012.jpg,Vidiyo,Other
12189,VID039,images/VID039.jpg,Vidiyo,Other
12190,CTY1293,images/CTY1293.jpg,Town,Town
12191,VID042,images/VID042.jpg,Vidiyo,Other
12192,VID037,images/VID037.jpg,Vidiyo,Other
12193,VID007,images/VID007.jpg,Vidiyo,Other
12194,VID043,images/VID043.jpg,Vidiyo,Other
12195,CTY1289,images/CTY1289.jpg,Town,Town
12196,SH0777,images/SH0777.jpg,Super Heroes,Super Heroes
12197,DIS053,images/DIS053.jpg,Disney,Disney
12198,TWN403,images/TWN403.jpg,Town,Town
12199,SH0707,images/SH0707.jpg,Super Heroes,Super Heroes
12200,SH0727,images/SH0727.jpg,Super Heroes,Super Heroes
12201,SH0687,images/SH0687.jpg,Super Heroes,Super Heroes
12202,HP321,images/HP321.jpg,Harry Potter,Harry Potter
12203,HP267,images/HP267.jpg,Harry Potter,Harry Potter
12204,VID046,images/VID046.jpg,Vidiyo,Other
12205,MIN088,images/MIN088.jpg,Minecraft,Minecraft
12206,SH0771,images/SH0771.jpg,Super Heroes,Super Heroes
12207,HP317,images/HP317.jpg,Harry Potter,Harry Potter
12208,CTY1329,images/CTY1329.jpg,Town,Town
12209,47394PB310,images/47394PB310.jpg,DUPLO,DUPLO
12210,47394PB309,images/47394PB309.jpg,DUPLO,DUPLO
12211,47205PB086,images/47205PB086.jpg,DUPLO,DUPLO
12212,47205PB080,images/47205PB080.jpg,DUPLO,DUPLO
12213,47205PB081,images/47205PB081.jpg,DUPLO,DUPLO
12214,47205PB087,images/47205PB087.jpg,DUPLO,DUPLO
12215,47205PB089,images/47205PB089.jpg,DUPLO,DUPLO
12216,47205PB077,images/47205PB077.jpg,DUPLO,DUPLO
12217,47205PB083,images/47205PB083.jpg,DUPLO,DUPLO
12218,47205PB088,images/47205PB088.jpg,DUPLO,DUPLO
12219,47205PB079,images/47205PB079.jpg,DUPLO,DUPLO
12220,47205PB084,images/47205PB084.jpg,DUPLO,DUPLO
12221,47205PB082,images/47205PB082.jpg,DUPLO,DUPLO
12222,47205PB078,images/47205PB078.jpg,DUPLO,DUPLO
12223,47394PB313,images/47394PB313.jpg,DUPLO,DUPLO
12224,47394PB320,images/47394PB320.jpg,DUPLO,DUPLO
12225,47394PB307,images/47394PB307.jpg,DUPLO,DUPLO
12226,47394PB323,images/47394PB323.jpg,DUPLO,DUPLO
12227,47394PB316,images/47394PB316.jpg,DUPLO,DUPLO
12228,47394PB303,images/47394PB303.jpg,DUPLO,DUPLO
12229,47394PB304,images/47394PB304.jpg,DUPLO,DUPLO
12230,47394PB312,images/47394PB312.jpg,DUPLO,DUPLO
12231,47394PB318,images/47394PB318.jpg,DUPLO,DUPLO
12232,47394PB306,images/47394PB306.jpg,DUPLO,DUPLO
12233,47394PB322,images/47394PB322.jpg,DUPLO,DUPLO
12234,47394PB305,images/47394PB305.jpg,DUPLO,DUPLO
12235,47394PB321,images/47394PB321.jpg,DUPLO,DUPLO
12236,47394PB317,images/47394PB317.jpg,DUPLO,DUPLO
12237,47394PB314,images/47394PB314.jpg,DUPLO,DUPLO
12238,47394PB315,images/47394PB315.jpg,DUPLO,DUPLO
12239,47394PB308,images/47394PB308.jpg,DUPLO,DUPLO
12240,47394PB319,images/47394PB319.jpg,DUPLO,DUPLO
12241,47394PB311,images/47394PB311.jpg,DUPLO,DUPLO
12242,47394PB324,images/47394PB324.jpg,DUPLO,DUPLO
12243,CTY1325,images/CTY1325.jpg,Town,Town
12244,DP113,images/DP113.jpg,Disney,Disney
12245,IDEA090,images/IDEA090.jpg,LEGO Ideas,LEGO Ideas
12246,NJO0664,images/NJO0664.jpg,NINJAGO,NINJAGO
12247,IDEA095,images/IDEA095.jpg,LEGO Ideas,LEGO Ideas
12248,HOL257,images/HOL257.jpg,Holiday & Event,Holiday & Event
12249,DP140,images/DP140.jpg,Disney,Disney
12250,DP136,images/DP136.jpg,Disney,Disney
12251,DP110,images/DP110.jpg,Disney,Disney
12252,DP111,images/DP111.jpg,Disney,Disney
12253,DP134,images/DP134.jpg,Disney,Disney
12254,TLS100,images/TLS100.jpg,LEGO Brand,LEGO Brand
12255,TLS106,images/TLS106.jpg,LEGO Brand,LEGO Brand
12256,TLS105,images/TLS105.jpg,LEGO Brand,LEGO Brand
12257,TLS108,images/TLS108.jpg,LEGO Brand,LEGO Brand
12258,TLS110,images/TLS110.jpg,LEGO Brand,LEGO Brand
12259,TLS107,images/TLS107.jpg,LEGO Brand,LEGO Brand
12260,TLS103,images/TLS103.jpg,LEGO Brand,LEGO Brand
12261,TLS102,images/TLS102.jpg,LEGO Brand,LEGO Brand
12262,TLS101,images/TLS101.jpg,LEGO Brand,LEGO Brand
12263,TLS109,images/TLS109.jpg,LEGO Brand,LEGO Brand
12264,TLS104,images/TLS104.jpg,LEGO Brand,LEGO Brand
12265,MK029,images/MK029.jpg,Monkie Kid,Monkie Kid
12266,MIN103,images/MIN103.jpg,Minecraft,Minecraft
12267,NJO0639,images/NJO0639.jpg,NINJAGO,NINJAGO
12268,TWN414,images/TWN414.jpg,Town,Town
12269,TWN413,images/TWN413.jpg,Town,Town
12270,DP114,images/DP114.jpg,Disney,Disney
12271,VID034,images/VID034.jpg,Vidiyo,Other
12272,CTY1227,images/CTY1227.jpg,Town,Town
12273,MIN099,images/MIN099.jpg,Minecraft,Minecraft
12274,HOL225,images/HOL225.jpg,Holiday & Event,Holiday & Event
12275,MK055,images/MK055.jpg,Monkie Kid,Monkie Kid
12276,CTY1228,images/CTY1228.jpg,Town,Town
12277,EDU009,images/EDU009.jpg,Educational & Dacta,Other
12278,HOL251,images/HOL251.jpg,Holiday & Event,Holiday & Event
12279,SW1159,images/SW1159.jpg,Star Wars,Star Wars
12280,CTY1417,images/CTY1417.jpg,Town,Town
12281,CTY1309,images/CTY1309.jpg,Town,Town
12282,CTY1250,images/CTY1250.jpg,Town,Town
12283,CTY1240,images/CTY1240.jpg,Town,Town
12284,CTY1596,images/CTY1596.jpg,Town,Town
12285,CTY1252,images/CTY1252.jpg,Town,Town
12286,CTY1599,images/CTY1599.jpg,Town,Town
12287,CTY1251,images/CTY1251.jpg,Town,Town
12288,CTY1264,images/CTY1264.jpg,Town,Town
12289,CTY1598,images/CTY1598.jpg,Town,Town
12290,CTY1597,images/CTY1597.jpg,Town,Town
12291,CTY1255,images/CTY1255.jpg,Town,Town
12292,CTY1355,images/CTY1355.jpg,Town,Town
12293,CTY1416,images/CTY1416.jpg,Town,Town
12294,CTY1237,images/CTY1237.jpg,Town,Town
12295,CTY1282,images/CTY1282.jpg,Town,Town
12296,CTY1253,images/CTY1253.jpg,Town,Town
12297,HOL248,images/HOL248.jpg,Holiday & Event,Holiday & Event
12298,CTY1280,images/CTY1280.jpg,Town,Town
12299,CTY1254,images/CTY1254.jpg,Town,Town
12300,CTY1287,images/CTY1287.jpg,Town,Town
12301,SH0712,images/SH0712.jpg,Super Heroes,Super Heroes
12302,BDP050,images/BDP050.jpg,BrickLink Designer Program,BrickLink Designer Program
12303,BDP051,images/BDP051.jpg,BrickLink Designer Program,BrickLink Designer Program
12304,BDP052,images/BDP052.jpg,BrickLink Designer Program,BrickLink Designer Program
12305,MAR0047,images/MAR0047.jpg,Super Mario,Super Mario
12306,VID026,images/VID026.jpg,Vidiyo,Other
12307,VID020,images/VID020.jpg,Vidiyo,Other
12308,MAR0056,images/MAR0056.jpg,Super Mario,Super Mario
12309,SC092,images/SC092.jpg,SPEED CHAMPIONS,SPEED CHAMPIONS
12310,CTY1351,images/CTY1351.jpg,Town,Town
12311,FRND0451,images/FRND0451.jpg,Friends,Friends
12312,FRND0413,images/FRND0413.jpg,Friends,Friends
12313,FRND0415,images/FRND0415.jpg,Friends,Friends
12314,FRND0456,images/FRND0456.jpg,Friends,Friends
12315,FRND0444,images/FRND0444.jpg,Friends,Friends
12316,FRND0434,images/FRND0434.jpg,Friends,Friends
12317,FRND0412,images/FRND0412.jpg,Friends,Friends
12318,FRND0467,images/FRND0467.jpg,Friends,Friends
12319,FRND0475,images/FRND0475.jpg,Friends,Friends
12320,FRND0480,images/FRND0480.jpg,Friends,Friends
12321,FRND0441,images/FRND0441.jpg,Friends,Friends
12322,FRND0411,images/FRND0411.jpg,Friends,Friends
12323,FRND0466,images/FRND0466.jpg,Friends,Friends
12324,FRND0450,images/FRND0450.jpg,Friends,Friends
12325,FRND0457,images/FRND0457.jpg,Friends,Friends
12326,FRND0416,images/FRND0416.jpg,Friends,Friends
12327,FRND0437,images/FRND0437.jpg,Friends,Friends
12328,FRND0479,images/FRND0479.jpg,Friends,Friends
12329,FRND0465,images/FRND0465.jpg,Friends,Friends
12330,FRND0423,images/FRND0423.jpg,Friends,Friends
12331,FRND0442,images/FRND0442.jpg,Friends,Friends
12332,FRND0453,images/FRND0453.jpg,Friends,Friends
12333,FRND0463,images/FRND0463.jpg,Friends,Friends
12334,FRND0382A,images/FRND0382A.jpg,Friends,Friends
12335,FRND0449,images/FRND0449.jpg,Friends,Friends
12336,FRND0427,images/FRND0427.jpg,Friends,Friends
12337,FRND0474,images/FRND0474.jpg,Friends,Friends
12338,FRND0438,images/FRND0438.jpg,Friends,Friends
12339,FRND0425,images/FRND0425.jpg,Friends,Friends
12340,FRND0426,images/FRND0426.jpg,Friends,Friends
12341,FRND0459,images/FRND0459.jpg,Friends,Friends
12342,FRND0414,images/FRND0414.jpg,Friends,Friends
12343,FRND0428,images/FRND0428.jpg,Friends,Friends
12344,FRND0470,images/FRND0470.jpg,Friends,Friends
12345,FRND0418,images/FRND0418.jpg,Friends,Friends
12346,FRND0410,images/FRND0410.jpg,Friends,Friends
12347,FRND0461,images/FRND0461.jpg,Friends,Friends
12348,FRND0417,images/FRND0417.jpg,Friends,Friends
12349,FRND0446,images/FRND0446.jpg,Friends,Friends
12350,FRND0469,images/FRND0469.jpg,Friends,Friends
12351,FRND0462,images/FRND0462.jpg,Friends,Friends
12352,FRND0435,images/FRND0435.jpg,Friends,Friends
12353,FRND0431,images/FRND0431.jpg,Friends,Friends
12354,FRND0471,images/FRND0471.jpg,Friends,Friends
12355,FRND0464,images/FRND0464.jpg,Friends,Friends
12356,FRND0477,images/FRND0477.jpg,Friends,Friends
12357,FRND0421,images/FRND0421.jpg,Friends,Friends
12358,FRND0409,images/FRND0409.jpg,Friends,Friends
12359,FRND0445,images/FRND0445.jpg,Friends,Friends
12360,FRND0460,images/FRND0460.jpg,Friends,Friends
12361,FRND0481,images/FRND0481.jpg,Friends,Friends
12362,FRND0439,images/FRND0439.jpg,Friends,Friends
12363,FRND0424,images/FRND0424.jpg,Friends,Friends
12364,FRND0455,images/FRND0455.jpg,Friends,Friends
12365,FRND0447,images/FRND0447.jpg,Friends,Friends
12366,FRND0476,images/FRND0476.jpg,Friends,Friends
12367,FRND0454,images/FRND0454.jpg,Friends,Friends
12368,FRND0473,images/FRND0473.jpg,Friends,Friends
12369,FRND0429,images/FRND0429.jpg,Friends,Friends
12370,FRND0422,images/FRND0422.jpg,Friends,Friends
12371,FRND0468,images/FRND0468.jpg,Friends,Friends
12372,FRND0436,images/FRND0436.jpg,Friends,Friends
12373,FRND0448,images/FRND0448.jpg,Friends,Friends
12374,FRND0256A,images/FRND0256A.jpg,Friends,Friends
12375,FRND0440,images/FRND0440.jpg,Friends,Friends
12376,FRND0452,images/FRND0452.jpg,Friends,Friends
12377,FRND0433,images/FRND0433.jpg,Friends,Friends
12378,FRND0420,images/FRND0420.jpg,Friends,Friends
12379,FRND0443,images/FRND0443.jpg,Friends,Friends
12380,FRND0478,images/FRND0478.jpg,Friends,Friends
12381,FRND0472,images/FRND0472.jpg,Friends,Friends
12382,FRND0432,images/FRND0432.jpg,Friends,Friends
12383,FRND0458,images/FRND0458.jpg,Friends,Friends
12384,MAR0071,images/MAR0071.jpg,Super Mario,Super Mario
12385,COLMAR12,images/COLMAR12.jpg,Collectible Minifigures,Collectible Minifigures
12386,SW1162,images/SW1162.jpg,Star Wars,Star Wars
12387,SW1140,images/SW1140.jpg,Star Wars,Star Wars
12388,SW1175,images/SW1175.jpg,Star Wars,Star Wars
12389,SW1154,images/SW1154.jpg,Star Wars,Star Wars
12390,VID013,images/VID013.jpg,Vidiyo,Other
12391,IDEA092,images/IDEA092.jpg,LEGO Ideas,LEGO Ideas
12392,NJO0644,images/NJO0644.jpg,NINJAGO,NINJAGO
12393,SH0678,images/SH0678.jpg,Super Heroes,Super Heroes
12394,SH0682,images/SH0682.jpg,Super Heroes,Super Heroes
12395,NJO0646,images/NJO0646.jpg,NINJAGO,NINJAGO
12396,SH0768,images/SH0768.jpg,Super Heroes,Super Heroes
12397,HP305,images/HP305.jpg,Harry Potter,Harry Potter
12398,CTY1235,images/CTY1235.jpg,Town,Town
12399,HOL256,images/HOL256.jpg,Holiday & Event,Holiday & Event
12400,NJO0694,images/NJO0694.jpg,NINJAGO,NINJAGO
12401,SW1153,images/SW1153.jpg,Star Wars,Star Wars
12402,DIS052,images/DIS052.jpg,Disney,Disney
12403,MAR0051,images/MAR0051.jpg,Super Mario,Super Mario
12404,HOL221,images/HOL221.jpg,Holiday & Event,Holiday & Event
12405,HOL220,images/HOL220.jpg,Holiday & Event,Holiday & Event
12406,NJO0637,images/NJO0637.jpg,NINJAGO,NINJAGO
12407,SW1156,images/SW1156.jpg,Star Wars,Star Wars
12408,SH0695,images/SH0695.jpg,Super Heroes,Super Heroes
12409,HP318,images/HP318.jpg,Harry Potter,Harry Potter
12410,SH0743,images/SH0743.jpg,Super Heroes,Super Heroes
12411,CTY1265,images/CTY1265.jpg,Town,Town
12412,MAR0079,images/MAR0079.jpg,Super Mario,Super Mario
12413,SH0718,images/SH0718.jpg,Super Heroes,Super Heroes
12414,NJO0663,images/NJO0663.jpg,NINJAGO,NINJAGO
12415,IDEA101,images/IDEA101.jpg,LEGO Ideas,LEGO Ideas
12416,HP284,images/HP284.jpg,Harry Potter,Harry Potter
12417,HP285,images/HP285.jpg,Harry Potter,Harry Potter
12418,HP288,images/HP288.jpg,Harry Potter,Harry Potter
12419,HP278,images/HP278.jpg,Harry Potter,Harry Potter
12420,HP300,images/HP300.jpg,Harry Potter,Harry Potter
12421,HP281,images/HP281.jpg,Harry Potter,Harry Potter
12422,HP314,images/HP314.jpg,Harry Potter,Harry Potter
12423,HP265,images/HP265.jpg,Harry Potter,Harry Potter
12424,HP316,images/HP316.jpg,Harry Potter,Harry Potter
12425,HP276,images/HP276.jpg,Harry Potter,Harry Potter
12426,HP279,images/HP279.jpg,Harry Potter,Harry Potter
12427,HP282,images/HP282.jpg,Harry Potter,Harry Potter
12428,HP315,images/HP315.jpg,Harry Potter,Harry Potter
12429,HP272,images/HP272.jpg,Harry Potter,Harry Potter
12430,HP320,images/HP320.jpg,Harry Potter,Harry Potter
12431,HP286,images/HP286.jpg,Harry Potter,Harry Potter
12432,VID014,images/VID014.jpg,Vidiyo,Other
12433,CTY1262,images/CTY1262.jpg,Town,Town
12434,MAR0050,images/MAR0050.jpg,Super Mario,Super Mario
12435,MIN095,images/MIN095.jpg,Minecraft,Minecraft
12436,MK043,images/MK043.jpg,Monkie Kid,Monkie Kid
12437,SH0737,images/SH0737.jpg,Super Heroes,Super Heroes
12438,VID015,images/VID015.jpg,Vidiyo,Other
12439,SH0764,images/SH0764.jpg,Super Heroes,Super Heroes
12440,SW1157,images/SW1157.jpg,Star Wars,Star Wars
12441,SW1142,images/SW1142.jpg,Star Wars,Star Wars
12442,SW1168,images/SW1168.jpg,Star Wars,Star Wars
12443,SW1137,images/SW1137.jpg,Star Wars,Star Wars
12444,SW1167,images/SW1167.jpg,Star Wars,Star Wars
12445,SW1138,images/SW1138.jpg,Star Wars,Star Wars
12446,CTY1315,images/CTY1315.jpg,Town,Town
12447,MIN105,images/MIN105.jpg,Minecraft,Minecraft
12448,SH0739,images/SH0739.jpg,Super Heroes,Super Heroes
12449,SH0731,images/SH0731.jpg,Super Heroes,Super Heroes
12450,SH0692,images/SH0692.jpg,Super Heroes,Super Heroes
12451,SH0697,images/SH0697.jpg,Super Heroes,Super Heroes
12452,DIS062,images/DIS062.jpg,Disney,Disney
12453,SW1174,images/SW1174.jpg,Star Wars,Star Wars
12454,SH0710,images/SH0710.jpg,Super Heroes,Super Heroes
12455,NJO0636,images/NJO0636.jpg,NINJAGO,NINJAGO
12456,FTV006,images/FTV006.jpg,Friends TV Series,Other
12457,NJO0634,images/NJO0634.jpg,NINJAGO,NINJAGO
12458,NJO0669,images/NJO0669.jpg,NINJAGO,NINJAGO
12459,NJO0576A,images/NJO0576A.jpg,NINJAGO,NINJAGO
12460,NJO0688,images/NJO0688.jpg,NINJAGO,NINJAGO
12461,NJO0648,images/NJO0648.jpg,NINJAGO,NINJAGO
12462,NJO0701,images/NJO0701.jpg,NINJAGO,NINJAGO
12463,NJO0692,images/NJO0692.jpg,NINJAGO,NINJAGO
12464,NJO0679,images/NJO0679.jpg,NINJAGO,NINJAGO
12465,NJO0655,images/NJO0655.jpg,NINJAGO,NINJAGO
12466,IDEA096,images/IDEA096.jpg,LEGO Ideas,LEGO Ideas
12467,CTY1302,images/CTY1302.jpg,Town,Town
12468,FTV003,images/FTV003.jpg,Friends TV Series,Other
12469,QUE005,images/QUE005.jpg,Queer Eye,Other
12470,HP306,images/HP306.jpg,Harry Potter,Harry Potter
12471,NJO0650,images/NJO0650.jpg,NINJAGO,NINJAGO
12472,NJO0643,images/NJO0643.jpg,NINJAGO,NINJAGO
12473,NJO0695,images/NJO0695.jpg,NINJAGO,NINJAGO
12474,NJO0680,images/NJO0680.jpg,NINJAGO,NINJAGO
12475,NJO0706,images/NJO0706.jpg,NINJAGO,NINJAGO
12476,NJO0660,images/NJO0660.jpg,NINJAGO,NINJAGO
12477,MAR0084,images/MAR0084.jpg,Super Mario,Super Mario
12478,QUE003,images/QUE003.jpg,Queer Eye,Other
12479,VID040,images/VID040.jpg,Vidiyo,Other
12480,IDEA100,images/IDEA100.jpg,LEGO Ideas,LEGO Ideas
12481,QUE007,images/QUE007.jpg,Queer Eye,Other
12482,QUE006,images/QUE006.jpg,Queer Eye,Other
12483,SH0699,images/SH0699.jpg,Super Heroes,Super Heroes
12484,CTY1241,images/CTY1241.jpg,Town,Town
12485,JW071,images/JW071.jpg,Jurassic World,Jurassic World
12486,IDEA099,images/IDEA099.jpg,LEGO Ideas,LEGO Ideas
12487,SH0763,images/SH0763.jpg,Super Heroes,Super Heroes
12488,VID027,images/VID027.jpg,Vidiyo,Other
12489,SC094,images/SC094.jpg,SPEED CHAMPIONS,SPEED CHAMPIONS
12490,MAR0042,images/MAR0042.jpg,Super Mario,Super Mario
12491,MAR0043,images/MAR0043.jpg,Super Mario,Super Mario
12492,SH0752,images/SH0752.jpg,Super Heroes,Super Heroes
12493,DP137,images/DP137.jpg,Disney,Disney
12494,COL377,images/COL377.jpg,Collectible Minifigures,Collectible Minifigures
12495,MAR0076,images/MAR0076.jpg,Super Mario,Super Mario
12496,MAR0045,images/MAR0045.jpg,Super Mario,Super Mario
12497,MK061,images/MK061.jpg,Monkie Kid,Monkie Kid
12498,CTY1239,images/CTY1239.jpg,Town,Town
12499,LLP025,images/LLP025.jpg,LEGOLAND Parks,Other
12500,LLP027,images/LLP027.jpg,LEGOLAND Parks,Other
12501,LLP028,images/LLP028.jpg,LEGOLAND Parks,Other
12502,LLP026,images/LLP026.jpg,LEGOLAND Parks,Other
12503,VID032,images/VID032.jpg,Vidiyo,Other
12504,NJO0654,images/NJO0654.jpg,NINJAGO,NINJAGO
12505,NJO0640,images/NJO0640.jpg,NINJAGO,NINJAGO
12506,NJO0708,images/NJO0708.jpg,NINJAGO,NINJAGO
12507,NJO0702,images/NJO0702.jpg,NINJAGO,NINJAGO
12508,NJO0681,images/NJO0681.jpg,NINJAGO,NINJAGO
12509,NJO0711,images/NJO0711.jpg,NINJAGO,NINJAGO
12510,NJO0682,images/NJO0682.jpg,NINJAGO,NINJAGO
12511,NJO0674,images/NJO0674.jpg,NINJAGO,NINJAGO
12512,COLMAR06,images/COLMAR06.jpg,Collectible Minifigures,Collectible Minifigures
12513,COLLT01,images/COLLT01.jpg,Collectible Minifigures,Collectible Minifigures
12514,HP312,images/HP312.jpg,Harry Potter,Harry Potter
12515,MK058,images/MK058.jpg,Monkie Kid,Monkie Kid
12516,MAR0062,images/MAR0062.jpg,Super Mario,Super Mario
12517,DIS061,images/DIS061.jpg,Disney,Disney
12518,SW1143,images/SW1143.jpg,Star Wars,Star Wars
12519,SW1139,images/SW1139.jpg,Star Wars,Star Wars
12520,DP157,images/DP157.jpg,Disney,Disney
12521,DP121,images/DP121.jpg,Disney,Disney
12522,HP307,images/HP307.jpg,Harry Potter,Harry Potter
12523,NJO0696,images/NJO0696.jpg,NINJAGO,NINJAGO
12524,SW1165,images/SW1165.jpg,Star Wars,Star Wars
12525,HP296,images/HP296.jpg,Harry Potter,Harry Potter
12526,HP290,images/HP290.jpg,Harry Potter,Harry Potter
12527,CTY1248,images/CTY1248.jpg,Town,Town
12528,SH0767,images/SH0767.jpg,Super Heroes,Super Heroes
12529,EDU010,images/EDU010.jpg,Educational & Dacta,Other
12530,IDEA080,images/IDEA080.jpg,LEGO Ideas,LEGO Ideas
12531,CTY1270,images/CTY1270.jpg,Town,Town
12532,CTY1246,images/CTY1246.jpg,Town,Town
12533,HOL231,images/HOL231.jpg,Holiday & Event,Holiday & Event
12534,HOL228,images/HOL228.jpg,Holiday & Event,Holiday & Event
12535,CTY1313,images/CTY1313.jpg,Town,Town
12536,CTY1236,images/CTY1236.jpg,Town,Town
12537,HOL226,images/HOL226.jpg,Holiday & Event,Holiday & Event
12538,SW1164,images/SW1164.jpg,Star Wars,Star Wars
12539,SH0745,images/SH0745.jpg,Super Heroes,Super Heroes
12540,IDEA102,images/IDEA102.jpg,LEGO Ideas,LEGO Ideas
12541,COLLT10,images/COLLT10.jpg,Collectible Minifigures,Collectible Minifigures
12542,SC086,images/SC086.jpg,SPEED CHAMPIONS,SPEED CHAMPIONS
12543,MK059,images/MK059.jpg,Monkie Kid,Monkie Kid
12544,MK042,images/MK042.jpg,Monkie Kid,Monkie Kid
12545,NJO0659,images/NJO0659.jpg,NINJAGO,NINJAGO
12546,VID030,images/VID030.jpg,Vidiyo,Other
12547,VID019,images/VID019.jpg,Vidiyo,Other
12548,NJO0709,images/NJO0709.jpg,NINJAGO,NINJAGO
12549,NJO0732,images/NJO0732.jpg,NINJAGO,NINJAGO
12550,DIS054,images/DIS054.jpg,Disney,Disney
12551,DIS050,images/DIS050.jpg,Disney,Disney
12552,DIS049,images/DIS049.jpg,Disney,Disney
12553,DIS047,images/DIS047.jpg,Disney,Disney
12554,DIS057,images/DIS057.jpg,Disney,Disney
12555,SH0754,images/SH0754.jpg,Super Heroes,Super Heroes
12556,MNN013,images/MNN013.jpg,Despicable Me and Minions,Other
12557,MNN015,images/MNN015.jpg,Despicable Me and Minions,Other
12558,MNN011,images/MNN011.jpg,Despicable Me and Minions,Other
12559,MNN008,images/MNN008.jpg,Despicable Me and Minions,Other
12560,MNN010,images/MNN010.jpg,Despicable Me and Minions,Other
12561,MNN007,images/MNN007.jpg,Despicable Me and Minions,Other
12562,MNN014,images/MNN014.jpg,Despicable Me and Minions,Other
12563,MNN009,images/MNN009.jpg,Despicable Me and Minions,Other
12564,DIS051,images/DIS051.jpg,Disney,Disney
12565,DIS048,images/DIS048.jpg,Disney,Disney
12566,DIS056,images/DIS056.jpg,Disney,Disney
12567,DIS063,images/DIS063.jpg,Disney,Disney
12568,DIS059,images/DIS059.jpg,Disney,Disney
12569,DIS060,images/DIS060.jpg,Disney,Disney
12570,NJO0734,images/NJO0734.jpg,NINJAGO,NINJAGO
12571,NJO0665,images/NJO0665.jpg,NINJAGO,NINJAGO
12572,SH0776,images/SH0776.jpg,Super Heroes,Super Heroes
12573,SW1160,images/SW1160.jpg,Star Wars,Star Wars
12574,TWN416,images/TWN416.jpg,Town,Town
12575,HOL255,images/HOL255.jpg,Holiday & Event,Holiday & Event
12576,CTY1234,images/CTY1234.jpg,Town,Town
12577,FTV004,images/FTV004.jpg,Friends TV Series,Other
12578,COLMAR03,images/COLMAR03.jpg,Collectible Minifigures,Collectible Minifigures
12579,MK033,images/MK033.jpg,Monkie Kid,Monkie Kid
12580,MK052,images/MK052.jpg,Monkie Kid,Monkie Kid
12581,MK028,images/MK028.jpg,Monkie Kid,Monkie Kid
12582,MK053,images/MK053.jpg,Monkie Kid,Monkie Kid
12583,MK041,images/MK041.jpg,Monkie Kid,Monkie Kid
12584,MK047,images/MK047.jpg,Monkie Kid,Monkie Kid
12585,MK038,images/MK038.jpg,Monkie Kid,Monkie Kid
12586,MK045,images/MK045.jpg,Monkie Kid,Monkie Kid
12587,SC090,images/SC090.jpg,SPEED CHAMPIONS,SPEED CHAMPIONS
12588,HP297,images/HP297.jpg,Harry Potter,Harry Potter
12589,HP291,images/HP291.jpg,Harry Potter,Harry Potter
12590,MK062,images/MK062.jpg,Monkie Kid,Monkie Kid
12591,MK054,images/MK054.jpg,Monkie Kid,Monkie Kid
12592,HP292,images/HP292.jpg,Harry Potter,Harry Potter
12593,SH0709,images/SH0709.jpg,Super Heroes,Super Heroes
12594,SH0681,images/SH0681.jpg,Super Heroes,Super Heroes
12595,SH0783,images/SH0783.jpg,Super Heroes,Super Heroes
12596,DP117,images/DP117.jpg,Disney,Disney
12597,HP308,images/HP308.jpg,Harry Potter,Harry Potter
12598,HP271,images/HP271.jpg,Harry Potter,Harry Potter
12599,HP299,images/HP299.jpg,Harry Potter,Harry Potter
12600,IDEA093,images/IDEA093.jpg,LEGO Ideas,LEGO Ideas
12601,TWN402,images/TWN402.jpg,Town,Town
12602,SW1136,images/SW1136.jpg,Star Wars,Star Wars
12603,SH0758,images/SH0758.jpg,Super Heroes,Super Heroes
12604,NJO0653,images/NJO0653.jpg,NINJAGO,NINJAGO
12605,NJO0652,images/NJO0652.jpg,NINJAGO,NINJAGO
12606,MAR0049,images/MAR0049.jpg,Super Mario,Super Mario
12607,NJO0707,images/NJO0707.jpg,NINJAGO,NINJAGO
12608,NJO0689,images/NJO0689.jpg,NINJAGO,NINJAGO
12609,NJO0714,images/NJO0714.jpg,NINJAGO,NINJAGO
12610,NJO0703,images/NJO0703.jpg,NINJAGO,NINJAGO
12611,NJO0683,images/NJO0683.jpg,NINJAGO,NINJAGO
12612,NJO0656,images/NJO0656.jpg,NINJAGO,NINJAGO
12613,NJO0705,images/NJO0705.jpg,NINJAGO,NINJAGO
12614,SH0738,images/SH0738.jpg,Super Heroes,Super Heroes
12615,MIN107,images/MIN107.jpg,Minecraft,Minecraft
12616,DP138,images/DP138.jpg,Disney,Disney
12617,IDEA103,images/IDEA103.jpg,LEGO Ideas,LEGO Ideas
12618,NJO0676,images/NJO0676.jpg,NINJAGO,NINJAGO
12619,COL374,images/COL374.jpg,Collectible Minifigures,Collectible Minifigures
12620,MK063,images/MK063.jpg,Monkie Kid,Monkie Kid
12621,MIN106,images/MIN106.jpg,Minecraft,Minecraft
12622,MAR0054,images/MAR0054.jpg,Super Mario,Super Mario
12623,MAR0069,images/MAR0069.jpg,Super Mario,Super Mario
12624,MAR0048,images/MAR0048.jpg,Super Mario,Super Mario
12625,VID004A,images/VID004A.jpg,Vidiyo,Other
12626,CTY1290,images/CTY1290.jpg,Town,Town
12627,SW1172,images/SW1172.jpg,Star Wars,Star Wars
12628,SH0740,images/SH0740.jpg,Super Heroes,Super Heroes
12629,SH0714,images/SH0714.jpg,Super Heroes,Super Heroes
12630,COLLT11,images/COLLT11.jpg,Collectible Minifigures,Collectible Minifigures
12631,SH0770,images/SH0770.jpg,Super Heroes,Super Heroes
12632,FTV007,images/FTV007.jpg,Friends TV Series,Other
12633,IDEA088,images/IDEA088.jpg,LEGO Ideas,LEGO Ideas
12634,MIN096,images/MIN096.jpg,Minecraft,Minecraft
12635,MIN097,images/MIN097.jpg,Minecraft,Minecraft
12636,MK064,images/MK064.jpg,Monkie Kid,Monkie Kid
12637,MK040,images/MK040.jpg,Monkie Kid,Monkie Kid
12638,MIN104,images/MIN104.jpg,Minecraft,Minecraft
12639,MAR0064,images/MAR0064.jpg,Super Mario,Super Mario
12640,MAR0046,images/MAR0046.jpg,Super Mario,Super Mario
12641,MAR0083,images/MAR0083.jpg,Super Mario,Super Mario
12642,PLN194,images/PLN194.jpg,Educational & Dacta,Other
12643,PLN193,images/PLN193.jpg,Educational & Dacta,Other
12644,PLN192,images/PLN192.jpg,Educational & Dacta,Other
12645,SW1145,images/SW1145.jpg,Star Wars,Star Wars
12646,MAR0060,images/MAR0060.jpg,Super Mario,Super Mario
12647,CTY1311,images/CTY1311.jpg,Town,Town
12648,CTY1243,images/CTY1243.jpg,Town,Town
12649,CTY1277,images/CTY1277.jpg,Town,Town
12650,CTY1263,images/CTY1263.jpg,Town,Town
12651,CTY1258,images/CTY1258.jpg,Town,Town
12652,CTY1279,images/CTY1279.jpg,Town,Town
12653,CTY1249,images/CTY1249.jpg,Town,Town
12654,CTY1256,images/CTY1256.jpg,Town,Town
12655,HOL250,images/HOL250.jpg,Holiday & Event,Holiday & Event
12656,CTY1276,images/CTY1276.jpg,Town,Town
12657,CTY1275,images/CTY1275.jpg,Town,Town
12658,CTY1310,images/CTY1310.jpg,Town,Town
12659,CTY1242,images/CTY1242.jpg,Town,Town
12660,CTY1278,images/CTY1278.jpg,Town,Town
12661,CTY1257,images/CTY1257.jpg,Town,Town
12662,CTY1312,images/CTY1312.jpg,Town,Town
12663,CTY1285,images/CTY1285.jpg,Town,Town
12664,TWN406,images/TWN406.jpg,Town,Town
12665,TWN404,images/TWN404.jpg,Town,Town
12666,TWN405,images/TWN405.jpg,Town,Town
12667,SH0698,images/SH0698.jpg,Super Heroes,Super Heroes
12668,COLLT12,images/COLLT12.jpg,Collectible Minifigures,Collectible Minifigures
12669,NJO0684,images/NJO0684.jpg,NINJAGO,NINJAGO
12670,NJO0693,images/NJO0693.jpg,NINJAGO,NINJAGO
12671,DP109,images/DP109.jpg,Disney,Disney
12672,NJO0697,images/NJO0697.jpg,NINJAGO,NINJAGO
12673,HP264,images/HP264.jpg,Harry Potter,Harry Potter
12674,HP309,images/HP309.jpg,Harry Potter,Harry Potter
12675,HP323,images/HP323.jpg,Harry Potter,Harry Potter
12676,HP274,images/HP274.jpg,Harry Potter,Harry Potter
12677,HP293,images/HP293.jpg,Harry Potter,Harry Potter
12678,HP270,images/HP270.jpg,Harry Potter,Harry Potter
12679,HP295,images/HP295.jpg,Harry Potter,Harry Potter
12680,HP277,images/HP277.jpg,Harry Potter,Harry Potter
12681,HP266,images/HP266.jpg,Harry Potter,Harry Potter
12682,HP310,images/HP310.jpg,Harry Potter,Harry Potter
12683,COL378,images/COL378.jpg,Collectible Minifigures,Collectible Minifigures
12684,VID016,images/VID016.jpg,Vidiyo,Other
12685,VID036,images/VID036.jpg,Vidiyo,Other
12686,DP112,images/DP112.jpg,Disney,Disney
12687,IDEA089,images/IDEA089.jpg,LEGO Ideas,LEGO Ideas
12688,CTY1260,images/CTY1260.jpg,Town,Town
12689,CTY1259,images/CTY1259.jpg,Town,Town
12690,FTV005,images/FTV005.jpg,Friends TV Series,Other
12691,DP107,images/DP107.jpg,Disney,Disney
12692,DP103A,images/DP103A.jpg,Disney,Disney
12693,DP133,images/DP133.jpg,Disney,Disney
12694,NJO0649,images/NJO0649.jpg,NINJAGO,NINJAGO
12695,DP116,images/DP116.jpg,Disney,Disney
12696,DP118,images/DP118.jpg,Disney,Disney
12697,CTY1328,images/CTY1328.jpg,Town,Town
12698,SH0702,images/SH0702.jpg,Super Heroes,Super Heroes
12699,VID017,images/VID017.jpg,Vidiyo,Other
12700,SH0750,images/SH0750.jpg,Super Heroes,Super Heroes
12701,MK057,images/MK057.jpg,Monkie Kid,Monkie Kid
12702,MAR0077,images/MAR0077.jpg,Super Mario,Super Mario
12703,MAR0078,images/MAR0078.jpg,Super Mario,Super Mario
12704,TWN425,images/TWN425.jpg,Town,Town
12705,COLLT04,images/COLLT04.jpg,Collectible Minifigures,Collectible Minifigures
12706,CTY1274,images/CTY1274.jpg,Town,Town
12707,SH0716,images/SH0716.jpg,Super Heroes,Super Heroes
12708,SH0742,images/SH0742.jpg,Super Heroes,Super Heroes
12709,CTY1319,images/CTY1319.jpg,Town,Town
12710,MAR0082,images/MAR0082.jpg,Super Mario,Super Mario
12711,SH0717,images/SH0717.jpg,Super Heroes,Super Heroes
12712,HP294,images/HP294.jpg,Harry Potter,Harry Potter
12713,HP287,images/HP287.jpg,Harry Potter,Harry Potter
12714,HP283,images/HP283.jpg,Harry Potter,Harry Potter
12715,HP273,images/HP273.jpg,Harry Potter,Harry Potter
12716,HP319,images/HP319.jpg,Harry Potter,Harry Potter
12717,HP280,images/HP280.jpg,Harry Potter,Harry Potter
12718,NJO0657,images/NJO0657.jpg,NINJAGO,NINJAGO
12719,FTV001,images/FTV001.jpg,Friends TV Series,Other
12720,HP324,images/HP324.jpg,Harry Potter,Harry Potter
12721,MK037,images/MK037.jpg,Monkie Kid,Monkie Kid
12722,NJO0685,images/NJO0685.jpg,NINJAGO,NINJAGO
12723,IDEA098,images/IDEA098.jpg,LEGO Ideas,LEGO Ideas
12724,IDEA097,images/IDEA097.jpg,LEGO Ideas,LEGO Ideas
12725,HOL247,images/HOL247.jpg,Holiday & Event,Holiday & Event
12726,JW072,images/JW072.jpg,Jurassic World,Jurassic World
12727,VID006,images/VID006.jpg,Vidiyo,Other
12728,SH0685,images/SH0685.jpg,Super Heroes,Super Heroes
12729,HOL368,images/HOL368.jpg,Holiday & Event,Holiday & Event
12730,HOL246A,images/HOL246A.jpg,Holiday & Event,Holiday & Event
12731,NJO0733,images/NJO0733.jpg,NINJAGO,NINJAGO
12732,SH0780,images/SH0780.jpg,Super Heroes,Super Heroes
12733,NJO0673,images/NJO0673.jpg,NINJAGO,NINJAGO
12734,MAR0068,images/MAR0068.jpg,Super Mario,Super Mario
12735,HP268,images/HP268.jpg,Harry Potter,Harry Potter
12736,SH0765,images/SH0765.jpg,Super Heroes,Super Heroes
12737,SH0700,images/SH0700.jpg,Super Heroes,Super Heroes
12738,VID029,images/VID029.jpg,Vidiyo,Other
12739,VID002,images/VID002.jpg,Vidiyo,Other
12740,COL376,images/COL376.jpg,Collectible Minifigures,Collectible Minifigures
12741,CTY1244,images/CTY1244.jpg,Town,Town
12742,SH0735,images/SH0735.jpg,Super Heroes,Super Heroes
12743,MK044,images/MK044.jpg,Monkie Kid,Monkie Kid
12744,VID023,images/VID023.jpg,Vidiyo,Other
12745,JW076,images/JW076.jpg,Jurassic World,Jurassic World
12746,MK031,images/MK031.jpg,Monkie Kid,Monkie Kid
12747,DP119,images/DP119.jpg,Disney,Disney
12748,CTY1238,images/CTY1238.jpg,Town,Town
12749,MIN102,images/MIN102.jpg,Minecraft,Minecraft
12750,NJO0691,images/NJO0691.jpg,NINJAGO,NINJAGO
12751,VID044,images/VID044.jpg,Vidiyo,Other
12752,DP139,images/DP139.jpg,Disney,Disney
12753,DP142,images/DP142.jpg,Disney,Disney
12754,HOL252,images/HOL252.jpg,Holiday & Event,Holiday & Event
12755,NJO0730,images/NJO0730.jpg,NINJAGO,NINJAGO
12756,HOL234,images/HOL234.jpg,Holiday & Event,Holiday & Event
12757,SH0759,images/SH0759.jpg,Super Heroes,Super Heroes
12758,SW1178,images/SW1178.jpg,Star Wars,Star Wars
12759,SW1180,images/SW1180.jpg,Star Wars,Star Wars
12760,SW1179,images/SW1179.jpg,Star Wars,Star Wars
12761,SW1177,images/SW1177.jpg,Star Wars,Star Wars
12762,SW1181,images/SW1181.jpg,Star Wars,Star Wars
12763,SOC147,images/SOC147.jpg,Sports,Sports
12764,SOC146,images/SOC146.jpg,Sports,Sports
12765,SOC145,images/SOC145.jpg,Sports,Sports
12766,SOC144,images/SOC144.jpg,Sports,Sports
12767,SOC148,images/SOC148.jpg,Sports,Sports
12768,COL383,images/COL383.jpg,Collectible Minifigures,Collectible Minifigures
12769,COLLT08,images/COLLT08.jpg,Collectible Minifigures,Collectible Minifigures
12770,MK039,images/MK039.jpg,Monkie Kid,Monkie Kid
12771,SH0679,images/SH0679.jpg,Super Heroes,Super Heroes
12772,SH0774,images/SH0774.jpg,Super Heroes,Super Heroes
12773,SH0778,images/SH0778.jpg,Super Heroes,Super Heroes
12774,SH0782,images/SH0782.jpg,Super Heroes,Super Heroes
12775,SH0757,images/SH0757.jpg,Super Heroes,Super Heroes
12776,SH0693,images/SH0693.jpg,Super Heroes,Super Heroes
12777,SH0684,images/SH0684.jpg,Super Heroes,Super Heroes
12778,SH0708,images/SH0708.jpg,Super Heroes,Super Heroes
12779,SH0691,images/SH0691.jpg,Super Heroes,Super Heroes
12780,MK036,images/MK036.jpg,Monkie Kid,Monkie Kid
12781,MAR0044,images/MAR0044.jpg,Super Mario,Super Mario
12782,MAR0055,images/MAR0055.jpg,Super Mario,Super Mario
12783,CTY1327,images/CTY1327.jpg,Town,Town
12784,SH0769,images/SH0769.jpg,Super Heroes,Super Heroes
12785,VID028,images/VID028.jpg,Vidiyo,Other
12786,SH0744,images/SH0744.jpg,Super Heroes,Super Heroes
12787,NJO0668,images/NJO0668.jpg,NINJAGO,NINJAGO
12788,HOL233,images/HOL233.jpg,Holiday & Event,Holiday & Event
12789,HP298,images/HP298.jpg,Harry Potter,Harry Potter
12790,NJO0675,images/NJO0675.jpg,NINJAGO,NINJAGO
12791,MIN098,images/MIN098.jpg,Minecraft,Minecraft
12792,SH0751,images/SH0751.jpg,Super Heroes,Super Heroes
12793,CTY1291,images/CTY1291.jpg,Town,Town
12794,CTY1308,images/CTY1308.jpg,Town,Town
12795,CTY1314,images/CTY1314.jpg,Town,Town
12796,CTY1331,images/CTY1331.jpg,Town,Town
12797,CTY1330,images/CTY1330.jpg,Town,Town
12798,CTY1322,images/CTY1322.jpg,Town,Town
12799,CTY1321,images/CTY1321.jpg,Town,Town
12800,CTY1324,images/CTY1324.jpg,Town,Town
12801,TWN407,images/TWN407.jpg,Town,Town
12802,MAR0070,images/MAR0070.jpg,Super Mario,Super Mario
12803,COLLT06,images/COLLT06.jpg,Collectible Minifigures,Collectible Minifigures
12804,COLMAR07,images/COLMAR07.jpg,Collectible Minifigures,Collectible Minifigures
12805,MK049,images/MK049.jpg,Monkie Kid,Monkie Kid
12806,MK056,images/MK056.jpg,Monkie Kid,Monkie Kid
12807,MK060,images/MK060.jpg,Monkie Kid,Monkie Kid
12808,COLMAR11,images/COLMAR11.jpg,Collectible Minifigures,Collectible Minifigures
12809,QUE001,images/QUE001.jpg,Queer Eye,Other
12810,COLLT09,images/COLLT09.jpg,Collectible Minifigures,Collectible Minifigures
12811,SH0733,images/SH0733.jpg,Super Heroes,Super Heroes
12812,SH0761,images/SH0761.jpg,Super Heroes,Super Heroes
12813,SH0696,images/SH0696.jpg,Super Heroes,Super Heroes
12814,SH0773,images/SH0773.jpg,Super Heroes,Super Heroes
12815,SW1171,images/SW1171.jpg,Star Wars,Star Wars
12816,SH0704,images/SH0704.jpg,Super Heroes,Super Heroes
12817,SH0792,images/SH0792.jpg,Super Heroes,Super Heroes
12818,SW1170,images/SW1170.jpg,Star Wars,Star Wars
12819,SW1135,images/SW1135.jpg,Star Wars,Star Wars
12820,SW1166,images/SW1166.jpg,Star Wars,Star Wars
12821,NJO0666,images/NJO0666.jpg,NINJAGO,NINJAGO
12822,SH0722,images/SH0722.jpg,Super Heroes,Super Heroes
12823,SH0732,images/SH0732.jpg,Super Heroes,Super Heroes
12824,COLMAR01,images/COLMAR01.jpg,Collectible Minifigures,Collectible Minifigures
12825,COLMAR02,images/COLMAR02.jpg,Collectible Minifigures,Collectible Minifigures
12826,SH0746,images/SH0746.jpg,Super Heroes,Super Heroes
12827,SH0766,images/SH0766.jpg,Super Heroes,Super Heroes
12828,SH0680,images/SH0680.jpg,Super Heroes,Super Heroes
12829,SH0734,images/SH0734.jpg,Super Heroes,Super Heroes
12830,SH0756,images/SH0756.jpg,Super Heroes,Super Heroes
12831,NJO0686,images/NJO0686.jpg,NINJAGO,NINJAGO
12832,MAR0059,images/MAR0059.jpg,Super Mario,Super Mario
12833,DP124,images/DP124.jpg,Disney,Disney
12834,IDEA087,images/IDEA087.jpg,LEGO Ideas,LEGO Ideas
12835,NJO0661,images/NJO0661.jpg,NINJAGO,NINJAGO
12836,GEN162,images/GEN162.jpg,LEGO Brand,LEGO Brand
12837,GEN163,images/GEN163.jpg,LEGO Brand,LEGO Brand
12838,HP311,images/HP311.jpg,Harry Potter,Harry Potter
12839,SH0747,images/SH0747.jpg,Super Heroes,Super Heroes
12840,SH0760,images/SH0760.jpg,Super Heroes,Super Heroes
12841,HOL249,images/HOL249.jpg,Holiday & Event,Holiday & Event
12842,MAR0073,images/MAR0073.jpg,Super Mario,Super Mario
12843,TWN408,images/TWN408.jpg,Town,Town
12844,SC087,images/SC087.jpg,SPEED CHAMPIONS,SPEED CHAMPIONS
12845,CTY1284,images/CTY1284.jpg,Town,Town
12846,COLLT05,images/COLLT05.jpg,Collectible Minifigures,Collectible Minifigures
12847,VID005,images/VID005.jpg,Vidiyo,Other
12848,SH0748,images/SH0748.jpg,Super Heroes,Super Heroes
12849,VID045,images/VID045.jpg,Vidiyo,Other
12850,VID033,images/VID033.jpg,Vidiyo,Other
12851,SH0690,images/SH0690.jpg,Super Heroes,Super Heroes
12852,SH0711,images/SH0711.jpg,Super Heroes,Super Heroes
12853,MIN092,images/MIN092.jpg,Minecraft,Minecraft
12854,COL375,images/COL375.jpg,Collectible Minifigures,Collectible Minifigures
12855,SH0775,images/SH0775.jpg,Super Heroes,Super Heroes
12856,CTY1318,images/CTY1318.jpg,Town,Town
12857,MIN087,images/MIN087.jpg,Minecraft,Minecraft
12858,SH0755,images/SH0755.jpg,Super Heroes,Super Heroes
12859,DP130,images/DP130.jpg,Disney,Disney
12860,SH0701,images/SH0701.jpg,Super Heroes,Super Heroes
12861,VID018,images/VID018.jpg,Vidiyo,Other
12862,CTY1299,images/CTY1299.jpg,Town,Town
12863,CTY1231,images/CTY1231.jpg,Town,Town
12864,MK050,images/MK050.jpg,Monkie Kid,Monkie Kid
12865,MAR0052,images/MAR0052.jpg,Super Mario,Super Mario
12866,CTY1305,images/CTY1305.jpg,Town,Town
12867,CTY1294,images/CTY1294.jpg,Town,Town
12868,CTY1295,images/CTY1295.jpg,Town,Town
12869,CTY1301,images/CTY1301.jpg,Town,Town
12870,CTY1296,images/CTY1296.jpg,Town,Town
12871,CTY1307,images/CTY1307.jpg,Town,Town
12872,CTY1303,images/CTY1303.jpg,Town,Town
12873,CTY1297,images/CTY1297.jpg,Town,Town
12874,CTY1304,images/CTY1304.jpg,Town,Town
12875,CTY1300,images/CTY1300.jpg,Town,Town
12876,CTY1306,images/CTY1306.jpg,Town,Town
12877,CTY1292,images/CTY1292.jpg,Town,Town
12878,CTY1298,images/CTY1298.jpg,Town,Town
12879,COLLT03,images/COLLT03.jpg,Collectible Minifigures,Collectible Minifigures
12880,IDEA086,images/IDEA086.jpg,LEGO Ideas,LEGO Ideas
12881,COLMAR04,images/COLMAR04.jpg,Collectible Minifigures,Collectible Minifigures
12882,MIN090,images/MIN090.jpg,Minecraft,Minecraft
12883,HP302,images/HP302.jpg,Harry Potter,Harry Potter
12884,HP301,images/HP301.jpg,Harry Potter,Harry Potter
12885,TWN409,images/TWN409.jpg,Town,Town
12886,CTY1245,images/CTY1245.jpg,Town,Town
12887,HOL227,images/HOL227.jpg,Holiday & Event,Holiday & Event
12888,CTY1269,images/CTY1269.jpg,Town,Town
12889,IDEA081,images/IDEA081.jpg,LEGO Ideas,LEGO Ideas
12890,HOL229,images/HOL229.jpg,Holiday & Event,Holiday & Event
12891,TWN447,images/TWN447.jpg,Town,Town
12892,SH0779,images/SH0779.jpg,Super Heroes,Super Heroes
12893,NJO0704,images/NJO0704.jpg,NINJAGO,NINJAGO
12894,NJO0658,images/NJO0658.jpg,NINJAGO,NINJAGO
12895,NJO0731,images/NJO0731.jpg,NINJAGO,NINJAGO
12896,NJO0712,images/NJO0712.jpg,NINJAGO,NINJAGO
12897,NJO0642,images/NJO0642.jpg,NINJAGO,NINJAGO
12898,SH0706,images/SH0706.jpg,Super Heroes,Super Heroes
12899,JW074,images/JW074.jpg,Jurassic World,Jurassic World
12900,HOL224,images/HOL224.jpg,Holiday & Event,Holiday & Event
12901,SW1147,images/SW1147.jpg,Star Wars,Star Wars
12902,NJO0710,images/NJO0710.jpg,NINJAGO,NINJAGO
12903,NJO0635,images/NJO0635.jpg,NINJAGO,NINJAGO
12904,NJO0713,images/NJO0713.jpg,NINJAGO,NINJAGO
12905,NJO0670,images/NJO0670.jpg,NINJAGO,NINJAGO
12906,NJO0647,images/NJO0647.jpg,NINJAGO,NINJAGO
12907,NJO0699,images/NJO0699.jpg,NINJAGO,NINJAGO
12908,NJO0687,images/NJO0687.jpg,NINJAGO,NINJAGO
12909,NJO0690,images/NJO0690.jpg,NINJAGO,NINJAGO
12910,COLMAR09,images/COLMAR09.jpg,Collectible Minifigures,Collectible Minifigures
12911,VID038,images/VID038.jpg,Vidiyo,Other
12912,COLMAR08,images/COLMAR08.jpg,Collectible Minifigures,Collectible Minifigures
12913,SC097,images/SC097.jpg,SPEED CHAMPIONS,SPEED CHAMPIONS
12914,TWN421,images/TWN421.jpg,Town,Town
12915,JW086,images/JW086.jpg,Jurassic World,Jurassic World
12916,90398PB045,images/90398PB045.jpg,Harry Potter,Harry Potter
12917,HP360,images/HP360.jpg,Harry Potter,Harry Potter
12918,HP354,images/HP354.jpg,Harry Potter,Harry Potter
12919,HP350,images/HP350.jpg,Harry Potter,Harry Potter
12920,HP392,images/HP392.jpg,Harry Potter,Harry Potter
12921,SH0789,images/SH0789.jpg,Super Heroes,Super Heroes
12922,HFW001,images/HFW001.jpg,Horizon,Other
12923,CTY1349,images/CTY1349.jpg,Town,Town
12924,SH0801,images/SH0801.jpg,Super Heroes,Super Heroes
12925,IDEA115,images/IDEA115.jpg,LEGO Ideas,LEGO Ideas
12926,COLTM08,images/COLTM08.jpg,Collectible Minifigures,Collectible Minifigures
12927,DP160,images/DP160.jpg,Disney,Disney
12928,DP147,images/DP147.jpg,Disney,Disney
12929,MAR0088,images/MAR0088.jpg,Super Mario,Super Mario
12930,HP353,images/HP353.jpg,Harry Potter,Harry Potter
12931,DP164,images/DP164.jpg,Disney,Disney
12932,DP151,images/DP151.jpg,Disney,Disney
12933,DP150,images/DP150.jpg,Disney,Disney
12934,HP359,images/HP359.jpg,Harry Potter,Harry Potter
12935,SC098,images/SC098.jpg,SPEED CHAMPIONS,SPEED CHAMPIONS
12936,SC099,images/SC099.jpg,SPEED CHAMPIONS,SPEED CHAMPIONS
12937,SW1202,images/SW1202.jpg,Star Wars,Star Wars
12938,SW1241,images/SW1241.jpg,Star Wars,Star Wars
12939,SW1200,images/SW1200.jpg,Star Wars,Star Wars
12940,SW1221,images/SW1221.jpg,Star Wars,Star Wars
12941,TWN444,images/TWN444.jpg,Town,Town
12942,SH0840,images/SH0840.jpg,Super Heroes,Super Heroes
12943,SW1208,images/SW1208.jpg,Star Wars,Star Wars
12944,DP144,images/DP144.jpg,Disney,Disney
12945,MAR0093,images/MAR0093.jpg,Super Mario,Super Mario
12946,MAR0128,images/MAR0128.jpg,Super Mario,Super Mario
12947,MIN127,images/MIN127.jpg,Minecraft,Minecraft
12948,TWN420,images/TWN420.jpg,Town,Town
12949,MIN116,images/MIN116.jpg,Minecraft,Minecraft
12950,TWN432,images/TWN432.jpg,Town,Town
12951,SH0809,images/SH0809.jpg,Super Heroes,Super Heroes
12952,SH0786,images/SH0786.jpg,Super Heroes,Super Heroes
12953,SH0849,images/SH0849.jpg,Super Heroes,Super Heroes
12954,SW1213,images/SW1213.jpg,Star Wars,Star Wars
12955,SW1211,images/SW1211.jpg,Star Wars,Star Wars
12956,CTY1388,images/CTY1388.jpg,Town,Town
12957,CTY1387,images/CTY1387.jpg,Town,Town
12958,COLTM03,images/COLTM03.jpg,Collectible Minifigures,Collectible Minifigures
12959,TWN418,images/TWN418.jpg,Town,Town
12960,SW1224,images/SW1224.jpg,Star Wars,Star Wars
12961,SW1193,images/SW1193.jpg,Star Wars,Star Wars
12962,MAR0136,images/MAR0136.jpg,Super Mario,Super Mario
12963,MAR0125,images/MAR0125.jpg,Super Mario,Super Mario
12964,MAR0103,images/MAR0103.jpg,Super Mario,Super Mario
12965,CTY1391,images/CTY1391.jpg,Town,Town
12966,CTY1504,images/CTY1504.jpg,Town,Town
12967,COL394,images/COL394.jpg,Collectible Minifigures,Collectible Minifigures
12968,CAS575,images/CAS575.jpg,Castle,Castle
12969,CAS576,images/CAS576.jpg,Castle,Castle
12970,CAS574,images/CAS574.jpg,Castle,Castle
12971,SH0842,images/SH0842.jpg,Super Heroes,Super Heroes
12972,SH0839,images/SH0839.jpg,Super Heroes,Super Heroes
12973,SH0807,images/SH0807.jpg,Super Heroes,Super Heroes
12974,MAR0131,images/MAR0131.jpg,Super Mario,Super Mario
12975,NJO0735,images/NJO0735.jpg,NINJAGO,NINJAGO
12976,NJO0737,images/NJO0737.jpg,NINJAGO,NINJAGO
12977,NJO0718,images/NJO0718.jpg,NINJAGO,NINJAGO
12978,NJO0752,images/NJO0752.jpg,NINJAGO,NINJAGO
12979,MAR0139,images/MAR0139.jpg,Super Mario,Super Mario
12980,MAR0085,images/MAR0085.jpg,Super Mario,Super Mario
12981,MAR0104,images/MAR0104.jpg,Super Mario,Super Mario
12982,MAR0106,images/MAR0106.jpg,Super Mario,Super Mario
12983,MAR0124,images/MAR0124.jpg,Super Mario,Super Mario
12984,MAR0121,images/MAR0121.jpg,Super Mario,Super Mario
12985,CTY1394,images/CTY1394.jpg,Town,Town
12986,TWN426,images/TWN426.jpg,Town,Town
12987,CTY1493,images/CTY1493.jpg,Town,Town
12988,BDP045,images/BDP045.jpg,BrickLink Designer Program,BrickLink Designer Program
12989,BDP048,images/BDP048.jpg,BrickLink Designer Program,BrickLink Designer Program
12990,CTY1352,images/CTY1352.jpg,Town,Town
12991,SH0784,images/SH0784.jpg,Super Heroes,Super Heroes
12992,MAR0087,images/MAR0087.jpg,Super Mario,Super Mario
12993,CTY1491,images/CTY1491.jpg,Town,Town
12994,DIS066,images/DIS066.jpg,Lightyear,Other
12995,DIS065,images/DIS065.jpg,Lightyear,Other
12996,DIS070,images/DIS070.jpg,Lightyear,Other
12997,SW1238,images/SW1238.jpg,Star Wars,Star Wars
12998,SW1209,images/SW1209.jpg,Star Wars,Star Wars
12999,SW1201,images/SW1201.jpg,Star Wars,Star Wars
13000,SW1219,images/SW1219.jpg,Star Wars,Star Wars
13001,SH0818,images/SH0818.jpg,Super Heroes,Super Heroes
13002,SW1225,images/SW1225.jpg,Star Wars,Star Wars
13003,CTY1463,images/CTY1463.jpg,Town,Town
13004,CTY1468,images/CTY1468.jpg,Town,Town
13005,COL403,images/COL403.jpg,Collectible Minifigures,Collectible Minifigures
13006,SW1231,images/SW1231.jpg,Star Wars,Star Wars
13007,MAR0120,images/MAR0120.jpg,Super Mario,Super Mario
13008,MIN132,images/MIN132.jpg,Minecraft,Minecraft
13009,MK079,images/MK079.jpg,Monkie Kid,Monkie Kid
13010,MAR0101,images/MAR0101.jpg,Super Mario,Super Mario
13011,CHEF028,images/CHEF028.jpg,Town,Town
13012,BDP033,images/BDP033.jpg,BrickLink Designer Program,BrickLink Designer Program
13013,TWN431,images/TWN431.jpg,Town,Town
13014,SW1184,images/SW1184.jpg,Star Wars,Star Wars
13015,HOL259,images/HOL259.jpg,Holiday & Event,Holiday & Event
13016,TWN436,images/TWN436.jpg,Town,Town
13017,CTY1443,images/CTY1443.jpg,Town,Town
13018,CTY1343,images/CTY1343.jpg,Town,Town
13019,CTY1459,images/CTY1459.jpg,Town,Town
13020,CTY1361,images/CTY1361.jpg,Town,Town
13021,HOL288,images/HOL288.jpg,Holiday & Event,Holiday & Event
13022,BDP034,images/BDP034.jpg,BrickLink Designer Program,BrickLink Designer Program
13023,BDP058,images/BDP058.jpg,BrickLink Designer Program,BrickLink Designer Program
13024,TLS112,images/TLS112.jpg,LEGO Brand,LEGO Brand
13025,HOL278,images/HOL278.jpg,Holiday & Event,Holiday & Event
13026,HOL265,images/HOL265.jpg,Holiday & Event,Holiday & Event
13027,TWN467,images/TWN467.jpg,Town,Town
13028,HOL275,images/HOL275.jpg,Holiday & Event,Holiday & Event
13029,CTY1393,images/CTY1393.jpg,Town,Town
13030,CTY1497,images/CTY1497.jpg,Town,Town
13031,CTY1481,images/CTY1481.jpg,Town,Town
13032,HOL276,images/HOL276.jpg,Holiday & Event,Holiday & Event
13033,HOL272,images/HOL272.jpg,Holiday & Event,Holiday & Event
13034,HOL262,images/HOL262.jpg,Holiday & Event,Holiday & Event
13035,CTY1386,images/CTY1386.jpg,Town,Town
13036,CTY1333,images/CTY1333.jpg,Town,Town
13037,TWN427,images/TWN427.jpg,Town,Town
13038,TWN449,images/TWN449.jpg,Town,Town
13039,COL387,images/COL387.jpg,Collectible Minifigures,Collectible Minifigures
13040,CTY1499,images/CTY1499.jpg,Town,Town
13041,DP162,images/DP162.jpg,Disney,Disney
13042,CTY1339,images/CTY1339.jpg,Town,Town
13043,MK069,images/MK069.jpg,Monkie Kid,Monkie Kid
13044,MK068,images/MK068.jpg,Monkie Kid,Monkie Kid
13045,JW092,images/JW092.jpg,Jurassic World,Jurassic World
13046,JW079,images/JW079.jpg,Jurassic World,Jurassic World
13047,SP132,images/SP132.jpg,Space,Space
13048,SP133,images/SP133.jpg,Space,Space
13049,SW1189,images/SW1189.jpg,Star Wars,Star Wars
13050,SW1233,images/SW1233.jpg,Star Wars,Star Wars
13051,SW1206,images/SW1206.jpg,Star Wars,Star Wars
13052,SW1236,images/SW1236.jpg,Star Wars,Star Wars
13053,SW1207,images/SW1207.jpg,Star Wars,Star Wars
13054,SW1235,images/SW1235.jpg,Star Wars,Star Wars
13055,NJO0789,images/NJO0789.jpg,NINJAGO,NINJAGO
13056,NJO0740,images/NJO0740.jpg,NINJAGO,NINJAGO
13057,NJO0738,images/NJO0738.jpg,NINJAGO,NINJAGO
13058,NJO0717,images/NJO0717.jpg,NINJAGO,NINJAGO
13059,TWN423,images/TWN423.jpg,Town,Town
13060,MAR0089,images/MAR0089.jpg,Super Mario,Super Mario
13061,NJO0781,images/NJO0781.jpg,NINJAGO,NINJAGO
13062,NJO0758,images/NJO0758.jpg,NINJAGO,NINJAGO
13063,NJO0720,images/NJO0720.jpg,NINJAGO,NINJAGO
13064,NJO0782,images/NJO0782.jpg,NINJAGO,NINJAGO
13065,AVT002,images/AVT002.jpg,Avatar,Other
13066,CTY1472,images/CTY1472.jpg,Town,Town
13067,CTY1402,images/CTY1402.jpg,Town,Town
13068,CTY1405,images/CTY1405.jpg,Town,Town
13069,CTY1435,images/CTY1435.jpg,Town,Town
13070,CTY1403,images/CTY1403.jpg,Town,Town
13071,CTY1509,images/CTY1509.jpg,Town,Town
13072,CTY1404,images/CTY1404.jpg,Town,Town
13073,HP357,images/HP357.jpg,Harry Potter,Harry Potter
13074,IDEA105,images/IDEA105.jpg,LEGO Ideas,LEGO Ideas
13075,IDEA165,images/IDEA165.jpg,LEGO Ideas,LEGO Ideas
13076,IDEA107,images/IDEA107.jpg,LEGO Ideas,LEGO Ideas
13077,MIN108,images/MIN108.jpg,Minecraft,Minecraft
13078,NJO0787,images/NJO0787.jpg,NINJAGO,NINJAGO
13079,NJO0769,images/NJO0769.jpg,NINJAGO,NINJAGO
13080,NJO0766,images/NJO0766.jpg,NINJAGO,NINJAGO
13081,CTY1470,images/CTY1470.jpg,Town,Town
13082,CTY1494,images/CTY1494.jpg,Town,Town
13083,DIS079,images/DIS079.jpg,Disney,Disney
13084,DIS067,images/DIS067.jpg,Lightyear,Other
13085,IDEA109,images/IDEA109.jpg,LEGO Ideas,LEGO Ideas
13086,SW1228,images/SW1228.jpg,Star Wars,Star Wars
13087,SW1239,images/SW1239.jpg,Star Wars,Star Wars
13088,SH0833,images/SH0833.jpg,Super Heroes,Super Heroes
13089,JW101,images/JW101.jpg,Jurassic World,Jurassic World
13090,MIN109,images/MIN109.jpg,Minecraft,Minecraft
13091,BTF002,images/BTF002.jpg,Back to the Future,Other
13092,SH0796,images/SH0796.jpg,Super Heroes,Super Heroes
13093,CTY1341,images/CTY1341.jpg,Town,Town
13094,SH0802,images/SH0802.jpg,Super Heroes,Super Heroes
13095,MAR0102,images/MAR0102.jpg,Super Mario,Super Mario
13096,SC103,images/SC103.jpg,SPEED CHAMPIONS,SPEED CHAMPIONS
13097,DIS080,images/DIS080.jpg,Disney,Disney
13098,MAR0107,images/MAR0107.jpg,Super Mario,Super Mario
13099,JW081,images/JW081.jpg,Jurassic World,Jurassic World
13100,JW096,images/JW096.jpg,Jurassic World,Jurassic World
13101,CTY1428,images/CTY1428.jpg,Town,Town
13102,COLTM02,images/COLTM02.jpg,Collectible Minifigures,Collectible Minifigures
13103,IDEA164,images/IDEA164.jpg,LEGO Ideas,LEGO Ideas
13104,JW082,images/JW082.jpg,Jurassic World,Jurassic World
13105,CTY1346,images/CTY1346.jpg,Town,Town
13106,AVT007,images/AVT007.jpg,Avatar,Other
13107,JW083,images/JW083.jpg,Jurassic World,Jurassic World
13108,JW097,images/JW097.jpg,Jurassic World,Jurassic World
13109,JW085,images/JW085.jpg,Jurassic World,Jurassic World
13110,CTY1345,images/CTY1345.jpg,Town,Town
13111,HP385,images/HP385.jpg,Harry Potter,Harry Potter
13112,MK094,images/MK094.jpg,Monkie Kid,Monkie Kid
13113,SH0837,images/SH0837.jpg,Super Heroes,Super Heroes
13114,47205PB093,images/47205PB093.jpg,DUPLO,DUPLO
13115,47205PB092,images/47205PB092.jpg,DUPLO,DUPLO
13116,47205PB091,images/47205PB091.jpg,DUPLO,DUPLO
13117,47394PB327,images/47394PB327.jpg,DUPLO,DUPLO
13118,47394PB330,images/47394PB330.jpg,DUPLO,DUPLO
13119,47394PB329,images/47394PB329.jpg,DUPLO,DUPLO
13120,47394PB334,images/47394PB334.jpg,DUPLO,DUPLO
13121,47394PB335,images/47394PB335.jpg,DUPLO,DUPLO
13122,47394PB338,images/47394PB338.jpg,DUPLO,DUPLO
13123,47394PB331,images/47394PB331.jpg,DUPLO,DUPLO
13124,47394PB332,images/47394PB332.jpg,DUPLO,DUPLO
13125,47394PB328,images/47394PB328.jpg,DUPLO,DUPLO
13126,47394PB333,images/47394PB333.jpg,DUPLO,DUPLO
13127,47394PB336,images/47394PB336.jpg,DUPLO,DUPLO
13128,47394PB337,images/47394PB337.jpg,DUPLO,DUPLO
13129,47394PB339,images/47394PB339.jpg,DUPLO,DUPLO
13130,DUPCLOCK02,images/DUPCLOCK02.jpg,DUPLO,DUPLO
13131,84187PB01,images/84187PB01.jpg,DUPLO,DUPLO
13132,SW1234,images/SW1234.jpg,Star Wars,Star Wars
13133,IDEA114,images/IDEA114.jpg,LEGO Ideas,LEGO Ideas
13134,SH0827,images/SH0827.jpg,Super Heroes,Super Heroes
13135,CTY1452,images/CTY1452.jpg,Town,Town
13136,CTY1450,images/CTY1450.jpg,Town,Town
13137,CTY1451,images/CTY1451.jpg,Town,Town
13138,HOL294,images/HOL294.jpg,Holiday & Event,Holiday & Event
13139,HOL295,images/HOL295.jpg,Holiday & Event,Holiday & Event
13140,HOL293,images/HOL293.jpg,Holiday & Event,Holiday & Event
13141,DP143,images/DP143.jpg,Disney,Disney
13142,DP153,images/DP153.jpg,Disney,Disney
13143,DP158,images/DP158.jpg,Disney,Disney
13144,MK103,images/MK103.jpg,Monkie Kid,Monkie Kid
13145,MK090,images/MK090.jpg,Monkie Kid,Monkie Kid
13146,MK075,images/MK075.jpg,Monkie Kid,Monkie Kid
13147,CTY1444,images/CTY1444.jpg,Town,Town
13148,CTY1437,images/CTY1437.jpg,Town,Town
13149,CTY1442,images/CTY1442.jpg,Town,Town
13150,CTY1478,images/CTY1478.jpg,Town,Town
13151,CTY1438,images/CTY1438.jpg,Town,Town
13152,CTY1441,images/CTY1441.jpg,Town,Town
13153,BDP054,images/BDP054.jpg,BrickLink Designer Program,BrickLink Designer Program
13154,CTY1354,images/CTY1354.jpg,Town,Town
13155,BDP035,images/BDP035.jpg,BrickLink Designer Program,BrickLink Designer Program
13156,BDP037,images/BDP037.jpg,BrickLink Designer Program,BrickLink Designer Program
13157,BDP036,images/BDP036.jpg,BrickLink Designer Program,BrickLink Designer Program
13158,BDP046,images/BDP046.jpg,BrickLink Designer Program,BrickLink Designer Program
13159,BDP032,images/BDP032.jpg,BrickLink Designer Program,BrickLink Designer Program
13160,SW1192,images/SW1192.jpg,Star Wars,Star Wars
13161,COL407,images/COL407.jpg,Collectible Minifigures,Collectible Minifigures
13162,COL391,images/COL391.jpg,Collectible Minifigures,Collectible Minifigures
13163,CTY1358,images/CTY1358.jpg,Town,Town
13164,CTY1356,images/CTY1356.jpg,Town,Town
13165,CTY1399,images/CTY1399.jpg,Town,Town
13166,CTY1357,images/CTY1357.jpg,Town,Town
13167,CTY1371,images/CTY1371.jpg,Town,Town
13168,CTY1372,images/CTY1372.jpg,Town,Town
13169,CTY1370,images/CTY1370.jpg,Town,Town
13170,CTY1362,images/CTY1362.jpg,Town,Town
13171,CTY1360,images/CTY1360.jpg,Town,Town
13172,CTY1513,images/CTY1513.jpg,Town,Town
13173,CTY1502,images/CTY1502.jpg,Town,Town
13174,CTY1369,images/CTY1369.jpg,Town,Town
13175,CTY1433,images/CTY1433.jpg,Town,Town
13176,CTY1359,images/CTY1359.jpg,Town,Town
13177,CTY1288,images/CTY1288.jpg,Town,Town
13178,CTY1449,images/CTY1449.jpg,Town,Town
13179,FST046,images/FST046.jpg,FIRST LEGO League,Other
13180,FST048,images/FST048.jpg,FIRST LEGO League,Other
13181,FST047,images/FST047.jpg,FIRST LEGO League,Other
13182,FST051,images/FST051.jpg,FIRST LEGO League,Other
13183,FST049,images/FST049.jpg,FIRST LEGO League,Other
13184,FST050,images/FST050.jpg,FIRST LEGO League,Other
13185,BDP039,images/BDP039.jpg,BrickLink Designer Program,BrickLink Designer Program
13186,CTY1508,images/CTY1508.jpg,Town,Town
13187,COL393,images/COL393.jpg,Collectible Minifigures,Collectible Minifigures
13188,CAS573,images/CAS573.jpg,Castle,Castle
13189,CAS571,images/CAS571.jpg,Castle,Castle
13190,CAS557,images/CAS557.jpg,Castle,Castle
13191,CAS572,images/CAS572.jpg,Castle,Castle
13192,CAS558,images/CAS558.jpg,Castle,Castle
13193,CTY1483,images/CTY1483.jpg,Town,Town
13194,CTY1512,images/CTY1512.jpg,Town,Town
13195,MIN110,images/MIN110.jpg,Minecraft,Minecraft
13196,COLTM07,images/COLTM07.jpg,Collectible Minifigures,Collectible Minifigures
13197,JW087,images/JW087.jpg,Jurassic World,Jurassic World
13198,HP342,images/HP342.jpg,Harry Potter,Harry Potter
13199,MAR0090,images/MAR0090.jpg,Super Mario,Super Mario
13200,FRND0535,images/FRND0535.jpg,Friends,Friends
13201,FRND0564,images/FRND0564.jpg,Friends,Friends
13202,FRND0530,images/FRND0530.jpg,Friends,Friends
13203,FRND0505,images/FRND0505.jpg,Friends,Friends
13204,FRND0551,images/FRND0551.jpg,Friends,Friends
13205,FRND0517,images/FRND0517.jpg,Friends,Friends
13206,FRND0525,images/FRND0525.jpg,Friends,Friends
13207,FRND0547,images/FRND0547.jpg,Friends,Friends
13208,FRND0495,images/FRND0495.jpg,Friends,Friends
13209,FRND0507,images/FRND0507.jpg,Friends,Friends
13210,FRND0489,images/FRND0489.jpg,Friends,Friends
13211,FRND0528,images/FRND0528.jpg,Friends,Friends
13212,FRND0520,images/FRND0520.jpg,Friends,Friends
13213,FRND0546,images/FRND0546.jpg,Friends,Friends
13214,FRND0554,images/FRND0554.jpg,Friends,Friends
13215,FRND0501,images/FRND0501.jpg,Friends,Friends
13216,FRND0482,images/FRND0482.jpg,Friends,Friends
13217,FRND0565,images/FRND0565.jpg,Friends,Friends
13218,FRND0514,images/FRND0514.jpg,Friends,Friends
13219,FRND0493,images/FRND0493.jpg,Friends,Friends
13220,FRND0553,images/FRND0553.jpg,Friends,Friends
13221,FRND0540,images/FRND0540.jpg,Friends,Friends
13222,FRND0531,images/FRND0531.jpg,Friends,Friends
13223,FRND0538,images/FRND0538.jpg,Friends,Friends
13224,FRND0492,images/FRND0492.jpg,Friends,Friends
13225,FRND0529,images/FRND0529.jpg,Friends,Friends
13226,FRND0532,images/FRND0532.jpg,Friends,Friends
13227,FRND0534,images/FRND0534.jpg,Friends,Friends
13228,FRND0491,images/FRND0491.jpg,Friends,Friends
13229,FRND0500,images/FRND0500.jpg,Friends,Friends
13230,FRND0526,images/FRND0526.jpg,Friends,Friends
13231,FRND0485,images/FRND0485.jpg,Friends,Friends
13232,FRND0521,images/FRND0521.jpg,Friends,Friends
13233,FRND0542,images/FRND0542.jpg,Friends,Friends
13234,FRND0494,images/FRND0494.jpg,Friends,Friends
13235,FRND0503,images/FRND0503.jpg,Friends,Friends
13236,FRND0516,images/FRND0516.jpg,Friends,Friends
13237,FRND0523,images/FRND0523.jpg,Friends,Friends
13238,FRND0487,images/FRND0487.jpg,Friends,Friends
13239,FRND0543,images/FRND0543.jpg,Friends,Friends
13240,FRND0497,images/FRND0497.jpg,Friends,Friends
13241,FRND0512,images/FRND0512.jpg,Friends,Friends
13242,FRND0522,images/FRND0522.jpg,Friends,Friends
13243,FRND0549,images/FRND0549.jpg,Friends,Friends
13244,FRND0562,images/FRND0562.jpg,Friends,Friends
13245,FRND0527,images/FRND0527.jpg,Friends,Friends
13246,FRND0504,images/FRND0504.jpg,Friends,Friends
13247,FRND0483,images/FRND0483.jpg,Friends,Friends
13248,FRND0555,images/FRND0555.jpg,Friends,Friends
13249,FRND0508,images/FRND0508.jpg,Friends,Friends
13250,FRND0563,images/FRND0563.jpg,Friends,Friends
13251,FRND0556,images/FRND0556.jpg,Friends,Friends
13252,FRND0496,images/FRND0496.jpg,Friends,Friends
13253,FRND0509,images/FRND0509.jpg,Friends,Friends
13254,FRND0558,images/FRND0558.jpg,Friends,Friends
13255,FRND0539,images/FRND0539.jpg,Friends,Friends
13256,FRND0498,images/FRND0498.jpg,Friends,Friends
13257,FRND0518,images/FRND0518.jpg,Friends,Friends
13258,FRND0536,images/FRND0536.jpg,Friends,Friends
13259,FRND0510,images/FRND0510.jpg,Friends,Friends
13260,FRND0515,images/FRND0515.jpg,Friends,Friends
13261,FRND0537,images/FRND0537.jpg,Friends,Friends
13262,FRND0533,images/FRND0533.jpg,Friends,Friends
13263,FRND0541,images/FRND0541.jpg,Friends,Friends
13264,FRND0524,images/FRND0524.jpg,Friends,Friends
13265,FRND0499,images/FRND0499.jpg,Friends,Friends
13266,FRND0550,images/FRND0550.jpg,Friends,Friends
13267,FRND0560,images/FRND0560.jpg,Friends,Friends
13268,FRND0557,images/FRND0557.jpg,Friends,Friends
13269,FRND0559,images/FRND0559.jpg,Friends,Friends
13270,FRND0552,images/FRND0552.jpg,Friends,Friends
13271,FRND0488,images/FRND0488.jpg,Friends,Friends
13272,FRND0484,images/FRND0484.jpg,Friends,Friends
13273,FRND0502,images/FRND0502.jpg,Friends,Friends
13274,FRND0513,images/FRND0513.jpg,Friends,Friends
13275,FRND0545,images/FRND0545.jpg,Friends,Friends
13276,FRND0490,images/FRND0490.jpg,Friends,Friends
13277,FRND0561,images/FRND0561.jpg,Friends,Friends
13278,FRND0544,images/FRND0544.jpg,Friends,Friends
13279,FRND0511,images/FRND0511.jpg,Friends,Friends
13280,FRND0506,images/FRND0506.jpg,Friends,Friends
13281,FRND0486,images/FRND0486.jpg,Friends,Friends
13282,FRND0519,images/FRND0519.jpg,Friends,Friends
13283,FRND0566,images/FRND0566.jpg,Friends,Friends
13284,MAR0117,images/MAR0117.jpg,Super Mario,Super Mario
13285,MAR0116,images/MAR0116.jpg,Super Mario,Super Mario
13286,TWN419,images/TWN419.jpg,Town,Town
13287,SW1196,images/SW1196.jpg,Star Wars,Star Wars
13288,MAR0097,images/MAR0097.jpg,Super Mario,Super Mario
13289,NJO0778,images/NJO0778.jpg,NINJAGO,NINJAGO
13290,NJO0756,images/NJO0756.jpg,NINJAGO,NINJAGO
13291,NJO0771,images/NJO0771.jpg,NINJAGO,NINJAGO
13292,NJO0777,images/NJO0777.jpg,NINJAGO,NINJAGO
13293,NJO0761,images/NJO0761.jpg,NINJAGO,NINJAGO
13294,HP343,images/HP343.jpg,Harry Potter,Harry Potter
13295,SH0794,images/SH0794.jpg,Super Heroes,Super Heroes
13296,HP388,images/HP388.jpg,Harry Potter,Harry Potter
13297,CTY1392,images/CTY1392.jpg,Town,Town
13298,BDP041,images/BDP041.jpg,BrickLink Designer Program,BrickLink Designer Program
13299,TWN422,images/TWN422.jpg,Town,Town
13300,NJO0751,images/NJO0751.jpg,NINJAGO,NINJAGO
13301,CTY1432,images/CTY1432.jpg,Town,Town
13302,MAR0108,images/MAR0108.jpg,Super Mario,Super Mario
13303,BDP043,images/BDP043.jpg,BrickLink Designer Program,BrickLink Designer Program
13304,COLTM04,images/COLTM04.jpg,Collectible Minifigures,Collectible Minifigures
13305,DIS076,images/DIS076.jpg,Disney,Disney
13306,MAR0123,images/MAR0123.jpg,Super Mario,Super Mario
13307,MAR0115,images/MAR0115.jpg,Super Mario,Super Mario
13308,MAR0086,images/MAR0086.jpg,Super Mario,Super Mario
13309,SH0812,images/SH0812.jpg,Super Heroes,Super Heroes
13310,MAR0098,images/MAR0098.jpg,Super Mario,Super Mario
13311,HOL264,images/HOL264.jpg,Holiday & Event,Holiday & Event
13312,HOL273,images/HOL273.jpg,Holiday & Event,Holiday & Event
13313,COL409,images/COL409.jpg,Collectible Minifigures,Collectible Minifigures
13314,SH0813,images/SH0813.jpg,Super Heroes,Super Heroes
13315,SH0803,images/SH0803.jpg,Super Heroes,Super Heroes
13316,CTY1482,images/CTY1482.jpg,Town,Town
13317,COL390,images/COL390.jpg,Collectible Minifigures,Collectible Minifigures
13318,SH0836,images/SH0836.jpg,Super Heroes,Super Heroes
13319,GEN171,images/GEN171.jpg,Promotional,Other
13320,CTY1429,images/CTY1429.jpg,Town,Town
13321,HOL290,images/HOL290.jpg,Holiday & Event,Holiday & Event
13322,MAR0130,images/MAR0130.jpg,Super Mario,Super Mario
13323,MK072,images/MK072.jpg,Monkie Kid,Monkie Kid
13324,SW1204,images/SW1204.jpg,Star Wars,Star Wars
13325,CTY1488,images/CTY1488.jpg,Town,Town
13326,SH0838,images/SH0838.jpg,Super Heroes,Super Heroes
13327,HP380,images/HP380.jpg,Harry Potter,Harry Potter
13328,HP346,images/HP346.jpg,Harry Potter,Harry Potter
13329,HP326,images/HP326.jpg,Harry Potter,Harry Potter
13330,HP364,images/HP364.jpg,Harry Potter,Harry Potter
13331,HP338,images/HP338.jpg,Harry Potter,Harry Potter
13332,HP387,images/HP387.jpg,Harry Potter,Harry Potter
13333,HP333,images/HP333.jpg,Harry Potter,Harry Potter
13334,HP366,images/HP366.jpg,Harry Potter,Harry Potter
13335,HP384,images/HP384.jpg,Harry Potter,Harry Potter
13336,HP349,images/HP349.jpg,Harry Potter,Harry Potter
13337,NJO0768,images/NJO0768.jpg,NINJAGO,NINJAGO
13338,DIS081,images/DIS081.jpg,Disney,Disney
13339,MK096,images/MK096.jpg,Monkie Kid,Monkie Kid
13340,HP365,images/HP365.jpg,Harry Potter,Harry Potter
13341,HP327,images/HP327.jpg,Harry Potter,Harry Potter
13342,HP331,images/HP331.jpg,Harry Potter,Harry Potter
13343,HP368,images/HP368.jpg,Harry Potter,Harry Potter
13344,HP378,images/HP378.jpg,Harry Potter,Harry Potter
13345,HP383,images/HP383.jpg,Harry Potter,Harry Potter
13346,COL402,images/COL402.jpg,Collectible Minifigures,Collectible Minifigures
13347,HOL287,images/HOL287.jpg,Holiday & Event,Holiday & Event
13348,HOL286,images/HOL286.jpg,Holiday & Event,Holiday & Event
13349,HP374,images/HP374.jpg,Harry Potter,Harry Potter
13350,CTY1337,images/CTY1337.jpg,Town,Town
13351,CTY1338,images/CTY1338.jpg,Town,Town
13352,CTY1340,images/CTY1340.jpg,Town,Town
13353,TWN433,images/TWN433.jpg,Town,Town
13354,CTY1434,images/CTY1434.jpg,Town,Town
13355,SW1187,images/SW1187.jpg,Star Wars,Star Wars
13356,SW1185,images/SW1185.jpg,Star Wars,Star Wars
13357,SW1188,images/SW1188.jpg,Star Wars,Star Wars
13358,SW1186,images/SW1186.jpg,Star Wars,Star Wars
13359,MK073,images/MK073.jpg,Monkie Kid,Monkie Kid
13360,HP393,images/HP393.jpg,Harry Potter,Harry Potter
13361,SH0798,images/SH0798.jpg,Super Heroes,Super Heroes
13362,CTY1389,images/CTY1389.jpg,Town,Town
13363,MAR0135,images/MAR0135.jpg,Super Mario,Super Mario
13364,MIN124,images/MIN124.jpg,Minecraft,Minecraft
13365,SW1217,images/SW1217.jpg,Star Wars,Star Wars
13366,SW1183,images/SW1183.jpg,Star Wars,Star Wars
13367,SW1223,images/SW1223.jpg,Star Wars,Star Wars
13368,SW1190,images/SW1190.jpg,Star Wars,Star Wars
13369,SW1229,images/SW1229.jpg,Star Wars,Star Wars
13370,SW1182,images/SW1182.jpg,Star Wars,Star Wars
13371,SH0823,images/SH0823.jpg,Super Heroes,Super Heroes
13372,SH0825,images/SH0825.jpg,Super Heroes,Super Heroes
13373,SH0828,images/SH0828.jpg,Super Heroes,Super Heroes
13374,SH0824,images/SH0824.jpg,Super Heroes,Super Heroes
13375,SH0806,images/SH0806.jpg,Super Heroes,Super Heroes
13376,SH0848,images/SH0848.jpg,Super Heroes,Super Heroes
13377,SH0845,images/SH0845.jpg,Super Heroes,Super Heroes
13378,DIS071,images/DIS071.jpg,Lightyear,Other
13379,DIS069,images/DIS069.jpg,Lightyear,Other
13380,AVT010,images/AVT010.jpg,Avatar,Other
13381,AVT013,images/AVT013.jpg,Avatar,Other
13382,AVT011,images/AVT011.jpg,Avatar,Other
13383,AVT006,images/AVT006.jpg,Avatar,Other
13384,SC102,images/SC102.jpg,SPEED CHAMPIONS,SPEED CHAMPIONS
13385,HP389,images/HP389.jpg,Harry Potter,Harry Potter
13386,GEN161,images/GEN161.jpg,Promotional,Other
13387,COLTM12,images/COLTM12.jpg,Collectible Minifigures,Collectible Minifigures
13388,CTY1348,images/CTY1348.jpg,Town,Town
13389,DP148,images/DP148.jpg,Disney,Disney
13390,NJO0755,images/NJO0755.jpg,NINJAGO,NINJAGO
13391,NJO0775,images/NJO0775.jpg,NINJAGO,NINJAGO
13392,NJO0786,images/NJO0786.jpg,NINJAGO,NINJAGO
13393,NJO0748,images/NJO0748.jpg,NINJAGO,NINJAGO
13394,NJO0729,images/NJO0729.jpg,NINJAGO,NINJAGO
13395,NJO0744,images/NJO0744.jpg,NINJAGO,NINJAGO
13396,NJO0722,images/NJO0722.jpg,NINJAGO,NINJAGO
13397,NJO0764,images/NJO0764.jpg,NINJAGO,NINJAGO
13398,IDEA112,images/IDEA112.jpg,LEGO Ideas,LEGO Ideas
13399,NJO0757,images/NJO0757.jpg,NINJAGO,NINJAGO
13400,NJO0772,images/NJO0772.jpg,NINJAGO,NINJAGO
13401,NJO0745,images/NJO0745.jpg,NINJAGO,NINJAGO
13402,NJO0747,images/NJO0747.jpg,NINJAGO,NINJAGO
13403,NJO0736,images/NJO0736.jpg,NINJAGO,NINJAGO
13404,NJO0739,images/NJO0739.jpg,NINJAGO,NINJAGO
13405,NJO0721,images/NJO0721.jpg,NINJAGO,NINJAGO
13406,NJO0762,images/NJO0762.jpg,NINJAGO,NINJAGO
13407,MAR0119,images/MAR0119.jpg,Super Mario,Super Mario
13408,SH0832,images/SH0832.jpg,Super Heroes,Super Heroes
13409,JW084,images/JW084.jpg,Jurassic World,Jurassic World
13410,IDEA117,images/IDEA117.jpg,LEGO Ideas,LEGO Ideas
13411,COLTM05,images/COLTM05.jpg,Collectible Minifigures,Collectible Minifigures
13412,IDEA108,images/IDEA108.jpg,LEGO Ideas,LEGO Ideas
13413,MAR0099,images/MAR0099.jpg,Super Mario,Super Mario
13414,SH0841,images/SH0841.jpg,Super Heroes,Super Heroes
13415,DP152,images/DP152.jpg,Disney,Disney
13416,SH0816,images/SH0816.jpg,Super Heroes,Super Heroes
13417,HP335,images/HP335.jpg,Harry Potter,Harry Potter
13418,COL408,images/COL408.jpg,Collectible Minifigures,Collectible Minifigures
13419,SH0814,images/SH0814.jpg,Super Heroes,Super Heroes
13420,SH0810,images/SH0810.jpg,Super Heroes,Super Heroes
13421,HP341,images/HP341.jpg,Harry Potter,Harry Potter
13422,SW1244,images/SW1244.jpg,Star Wars,Star Wars
13423,TWN443,images/TWN443.jpg,Town,Town
13424,CAS568,images/CAS568.jpg,Castle,Castle
13425,DP159,images/DP159.jpg,Disney,Disney
13426,SC095,images/SC095.jpg,SPEED CHAMPIONS,SPEED CHAMPIONS
13427,TLS113,images/TLS113.jpg,LEGO Brand,LEGO Brand
13428,TLS111,images/TLS111.jpg,LEGO Brand,LEGO Brand
13429,BDP057,images/BDP057.jpg,BrickLink Designer Program,BrickLink Designer Program
13430,BDP053,images/BDP053.jpg,BrickLink Designer Program,BrickLink Designer Program
13431,BDP056,images/BDP056.jpg,BrickLink Designer Program,BrickLink Designer Program
13432,BDP055,images/BDP055.jpg,BrickLink Designer Program,BrickLink Designer Program
13433,LLP032,images/LLP032.jpg,LEGOLAND Parks,Other
13434,LLP033,images/LLP033.jpg,LEGOLAND Parks,Other
13435,MAR0114,images/MAR0114.jpg,Super Mario,Super Mario
13436,JW098,images/JW098.jpg,Jurassic World,Jurassic World
13437,IDEA123,images/IDEA123.jpg,LEGO Ideas,LEGO Ideas
13438,IDEA124,images/IDEA124.jpg,LEGO Ideas,LEGO Ideas
13439,NJO0780,images/NJO0780.jpg,NINJAGO,NINJAGO
13440,HP390,images/HP390.jpg,Harry Potter,Harry Potter
13441,CAS561,images/CAS561.jpg,Castle,Castle
13442,CAS567,images/CAS567.jpg,Castle,Castle
13443,CAS565,images/CAS565.jpg,Castle,Castle
13444,CAS564,images/CAS564.jpg,Castle,Castle
13445,CAS559,images/CAS559.jpg,Castle,Castle
13446,CAS566,images/CAS566.jpg,Castle,Castle
13447,CAS560,images/CAS560.jpg,Castle,Castle
13448,CAS562,images/CAS562.jpg,Castle,Castle
13449,CAS563,images/CAS563.jpg,Castle,Castle
13450,MIN122,images/MIN122.jpg,Minecraft,Minecraft
13451,MIN123,images/MIN123.jpg,Minecraft,Minecraft
13452,NJO0796,images/NJO0796.jpg,NINJAGO,NINJAGO
13453,NJO0774,images/NJO0774.jpg,NINJAGO,NINJAGO
13454,NJO0715,images/NJO0715.jpg,NINJAGO,NINJAGO
13455,NJO0746,images/NJO0746.jpg,NINJAGO,NINJAGO
13456,NJO0725,images/NJO0725.jpg,NINJAGO,NINJAGO
13457,NJO0727,images/NJO0727.jpg,NINJAGO,NINJAGO
13458,NJO0767,images/NJO0767.jpg,NINJAGO,NINJAGO
13459,NJO0785,images/NJO0785.jpg,NINJAGO,NINJAGO
13460,CTY1485,images/CTY1485.jpg,Town,Town
13461,TWN435,images/TWN435.jpg,Town,Town
13462,NJO0803,images/NJO0803.jpg,NINJAGO,NINJAGO
13463,HP373,images/HP373.jpg,Harry Potter,Harry Potter
13464,SC096,images/SC096.jpg,SPEED CHAMPIONS,SPEED CHAMPIONS
13465,SH0787,images/SH0787.jpg,Super Heroes,Super Heroes
13466,MAR0122,images/MAR0122.jpg,Super Mario,Super Mario
13467,SW1199,images/SW1199.jpg,Star Wars,Star Wars
13468,SW1198,images/SW1198.jpg,Star Wars,Star Wars
13469,SW1203,images/SW1203.jpg,Star Wars,Star Wars
13470,SW1191,images/SW1191.jpg,Star Wars,Star Wars
13471,HP386,images/HP386.jpg,Harry Potter,Harry Potter
13472,HP347,images/HP347.jpg,Harry Potter,Harry Potter
13473,HOL280,images/HOL280.jpg,Holiday & Event,Holiday & Event
13474,MK081,images/MK081.jpg,Monkie Kid,Monkie Kid
13475,CTY1430,images/CTY1430.jpg,Town,Town
13476,CTY1436,images/CTY1436.jpg,Town,Town
13477,CTY1411,images/CTY1411.jpg,Town,Town
13478,CTY1422,images/CTY1422.jpg,Town,Town
13479,CTY1409,images/CTY1409.jpg,Town,Town
13480,CTY1413,images/CTY1413.jpg,Town,Town
13481,CTY1408,images/CTY1408.jpg,Town,Town
13482,CTY1423,images/CTY1423.jpg,Town,Town
13483,CTY1410,images/CTY1410.jpg,Town,Town
13484,CTY1431,images/CTY1431.jpg,Town,Town
13485,CTY1446,images/CTY1446.jpg,Town,Town
13486,CTY1421,images/CTY1421.jpg,Town,Town
13487,CTY1412,images/CTY1412.jpg,Town,Town
13488,CTY1427,images/CTY1427.jpg,Town,Town
13489,CTY1415,images/CTY1415.jpg,Town,Town
13490,CTY1424,images/CTY1424.jpg,Town,Town
13491,CTY1414,images/CTY1414.jpg,Town,Town
13492,CTY1407,images/CTY1407.jpg,Town,Town
13493,CTY1420,images/CTY1420.jpg,Town,Town
13494,SW1230,images/SW1230.jpg,Star Wars,Star Wars
13495,SH0846,images/SH0846.jpg,Super Heroes,Super Heroes
13496,SW1205,images/SW1205.jpg,Star Wars,Star Wars
13497,HP355,images/HP355.jpg,Harry Potter,Harry Potter
13498,HP325,images/HP325.jpg,Harry Potter,Harry Potter
13499,CTY1503,images/CTY1503.jpg,Town,Town
13500,CTY1390,images/CTY1390.jpg,Town,Town
13501,HP361,images/HP361.jpg,Harry Potter,Harry Potter
13502,JW078,images/JW078.jpg,Jurassic World,Jurassic World
13503,JW088,images/JW088.jpg,Jurassic World,Jurassic World
13504,CAS569,images/CAS569.jpg,Castle,Castle
13505,BDP044,images/BDP044.jpg,BrickLink Designer Program,BrickLink Designer Program
13506,BDP031,images/BDP031.jpg,BrickLink Designer Program,BrickLink Designer Program
13507,BDP042,images/BDP042.jpg,BrickLink Designer Program,BrickLink Designer Program
13508,TWN441,images/TWN441.jpg,Town,Town
13509,CTY1440,images/CTY1440.jpg,Town,Town
13510,HOL282,images/HOL282.jpg,Holiday & Event,Holiday & Event
13511,HOL274,images/HOL274.jpg,Holiday & Event,Holiday & Event
13512,HOL260,images/HOL260.jpg,Holiday & Event,Holiday & Event
13513,HOL263,images/HOL263.jpg,Holiday & Event,Holiday & Event
13514,TWN439,images/TWN439.jpg,Town,Town
13515,TWN424,images/TWN424.jpg,Town,Town
13516,HOL271,images/HOL271.jpg,Holiday & Event,Holiday & Event
13517,CTY1336,images/CTY1336.jpg,Town,Town
13518,HOL281,images/HOL281.jpg,Holiday & Event,Holiday & Event
13519,HOL267,images/HOL267.jpg,Holiday & Event,Holiday & Event
13520,HOL269,images/HOL269.jpg,Holiday & Event,Holiday & Event
13521,BTF001,images/BTF001.jpg,Back to the Future,Other
13522,HP344,images/HP344.jpg,Harry Potter,Harry Potter
13523,MAR0110,images/MAR0110.jpg,Super Mario,Super Mario
13524,CTY1406,images/CTY1406.jpg,Town,Town
13525,MK071,images/MK071.jpg,Monkie Kid,Monkie Kid
13526,MK088,images/MK088.jpg,Monkie Kid,Monkie Kid
13527,MK089,images/MK089.jpg,Monkie Kid,Monkie Kid
13528,MK084,images/MK084.jpg,Monkie Kid,Monkie Kid
13529,SC100,images/SC100.jpg,SPEED CHAMPIONS,SPEED CHAMPIONS
13530,SC101,images/SC101.jpg,SPEED CHAMPIONS,SPEED CHAMPIONS
13531,IDEA120,images/IDEA120.jpg,LEGO Ideas,LEGO Ideas
13532,DP146,images/DP146.jpg,Disney,Disney
13533,IDEA113,images/IDEA113.jpg,LEGO Ideas,LEGO Ideas
13534,DIS078,images/DIS078.jpg,Disney,Disney
13535,DIS075,images/DIS075.jpg,Disney,Disney
13536,DIS072,images/DIS072.jpg,Disney,Disney
13537,SH0808,images/SH0808.jpg,Super Heroes,Super Heroes
13538,SH0815,images/SH0815.jpg,Super Heroes,Super Heroes
13539,MIN128,images/MIN128.jpg,Minecraft,Minecraft
13540,DIS074,images/DIS074.jpg,Disney,Disney
13541,DIS077,images/DIS077.jpg,Disney,Disney
13542,DIS073,images/DIS073.jpg,Disney,Disney
13543,COLTM06,images/COLTM06.jpg,Collectible Minifigures,Collectible Minifigures
13544,DIS068,images/DIS068.jpg,Lightyear,Other
13545,AVT005,images/AVT005.jpg,Avatar,Other
13546,DP163,images/DP163.jpg,Disney,Disney
13547,HP372,images/HP372.jpg,Harry Potter,Harry Potter
13548,HP340,images/HP340.jpg,Harry Potter,Harry Potter
13549,MK101,images/MK101.jpg,Monkie Kid,Monkie Kid
13550,MK074,images/MK074.jpg,Monkie Kid,Monkie Kid
13551,MK105,images/MK105.jpg,Monkie Kid,Monkie Kid
13552,MK087,images/MK087.jpg,Monkie Kid,Monkie Kid
13553,MK065,images/MK065.jpg,Monkie Kid,Monkie Kid
13554,MK097,images/MK097.jpg,Monkie Kid,Monkie Kid
13555,MK082,images/MK082.jpg,Monkie Kid,Monkie Kid
13556,MK066,images/MK066.jpg,Monkie Kid,Monkie Kid
13557,MK092,images/MK092.jpg,Monkie Kid,Monkie Kid
13558,MAR0126,images/MAR0126.jpg,Super Mario,Super Mario
13559,CTY1347,images/CTY1347.jpg,Town,Town
13560,CTY1419,images/CTY1419.jpg,Town,Town
13561,CTY1480,images/CTY1480.jpg,Town,Town
13562,MK095,images/MK095.jpg,Monkie Kid,Monkie Kid
13563,MK086,images/MK086.jpg,Monkie Kid,Monkie Kid
13564,SH0799,images/SH0799.jpg,Super Heroes,Super Heroes
13565,DP149,images/DP149.jpg,Disney,Disney
13566,MAR0133,images/MAR0133.jpg,Super Mario,Super Mario
13567,SH0844,images/SH0844.jpg,Super Heroes,Super Heroes
13568,SH0835,images/SH0835.jpg,Super Heroes,Super Heroes
13569,SW1226,images/SW1226.jpg,Star Wars,Star Wars
13570,MIN119,images/MIN119.jpg,Minecraft,Minecraft
13571,HP370,images/HP370.jpg,Harry Potter,Harry Potter
13572,HP330,images/HP330.jpg,Harry Potter,Harry Potter
13573,AVT004,images/AVT004.jpg,Avatar,Other
13574,AVT012,images/AVT012.jpg,Avatar,Other
13575,AVT001,images/AVT001.jpg,Avatar,Other
13576,MK077,images/MK077.jpg,Monkie Kid,Monkie Kid
13577,MK099,images/MK099.jpg,Monkie Kid,Monkie Kid
13578,COL392,images/COL392.jpg,Collectible Minifigures,Collectible Minifigures
13579,NJO0750,images/NJO0750.jpg,NINJAGO,NINJAGO
13580,NJO0788,images/NJO0788.jpg,NINJAGO,NINJAGO
13581,MIN112,images/MIN112.jpg,Minecraft,Minecraft
13582,AVT009,images/AVT009.jpg,Avatar,Other
13583,COL398,images/COL398.jpg,Collectible Minifigures,Collectible Minifigures
13584,NJO0753,images/NJO0753.jpg,NINJAGO,NINJAGO
13585,NJO0743,images/NJO0743.jpg,NINJAGO,NINJAGO
13586,NJO0726,images/NJO0726.jpg,NINJAGO,NINJAGO
13587,HP369,images/HP369.jpg,Harry Potter,Harry Potter
13588,HP336,images/HP336.jpg,Harry Potter,Harry Potter
13589,SW1227,images/SW1227.jpg,Star Wars,Star Wars
13590,SW1220,images/SW1220.jpg,Star Wars,Star Wars
13591,SH0847,images/SH0847.jpg,Super Heroes,Super Heroes
13592,SW1214,images/SW1214.jpg,Star Wars,Star Wars
13593,IDEA110,images/IDEA110.jpg,LEGO Ideas,LEGO Ideas
13594,NJO0783,images/NJO0783.jpg,NINJAGO,NINJAGO
13595,JW100,images/JW100.jpg,Jurassic World,Jurassic World
13596,JW089,images/JW089.jpg,Jurassic World,Jurassic World
13597,IDEA111,images/IDEA111.jpg,LEGO Ideas,LEGO Ideas
13598,MAR0091,images/MAR0091.jpg,Super Mario,Super Mario
13599,CTY1353,images/CTY1353.jpg,Town,Town
13600,HP334,images/HP334.jpg,Harry Potter,Harry Potter
13601,CTY1474,images/CTY1474.jpg,Town,Town
13602,CTY1469,images/CTY1469.jpg,Town,Town
13603,CTY1492,images/CTY1492.jpg,Town,Town
13604,CTY1473,images/CTY1473.jpg,Town,Town
13605,MAR0112,images/MAR0112.jpg,Super Mario,Super Mario
13606,CTY1479,images/CTY1479.jpg,Town,Town
13607,CAS577,images/CAS577.jpg,Castle,Castle
13608,CAS570,images/CAS570.jpg,Castle,Castle
13609,CAS579,images/CAS579.jpg,Castle,Castle
13610,SW1210,images/SW1210.jpg,Star Wars,Star Wars
13611,HP351,images/HP351.jpg,Harry Potter,Harry Potter
13612,BDP038,images/BDP038.jpg,BrickLink Designer Program,BrickLink Designer Program
13613,IDEA119,images/IDEA119.jpg,LEGO Ideas,LEGO Ideas
13614,BDP047,images/BDP047.jpg,BrickLink Designer Program,BrickLink Designer Program
13615,MIN117,images/MIN117.jpg,Minecraft,Minecraft
13616,MIN118,images/MIN118.jpg,Minecraft,Minecraft
13617,MK104,images/MK104.jpg,Monkie Kid,Monkie Kid
13618,MK080,images/MK080.jpg,Monkie Kid,Monkie Kid
13619,MK067,images/MK067.jpg,Monkie Kid,Monkie Kid
13620,MAR0137,images/MAR0137.jpg,Super Mario,Super Mario
13621,HP358,images/HP358.jpg,Harry Potter,Harry Potter
13622,NJO0742,images/NJO0742.jpg,NINJAGO,NINJAGO
13623,CTY1511,images/CTY1511.jpg,Town,Town
13624,CTY1380,images/CTY1380.jpg,Town,Town
13625,CTY1363,images/CTY1363.jpg,Town,Town
13626,CTY1373,images/CTY1373.jpg,Town,Town
13627,CTY1475,images/CTY1475.jpg,Town,Town
13628,CTY1477,images/CTY1477.jpg,Town,Town
13629,CTY1510,images/CTY1510.jpg,Town,Town
13630,CTY1384,images/CTY1384.jpg,Town,Town
13631,CTY1381,images/CTY1381.jpg,Town,Town
13632,CTY1334,images/CTY1334.jpg,Town,Town
13633,CTY1378,images/CTY1378.jpg,Town,Town
13634,CTY1385,images/CTY1385.jpg,Town,Town
13635,CTY1377,images/CTY1377.jpg,Town,Town
13636,CTY1383,images/CTY1383.jpg,Town,Town
13637,CTY1367,images/CTY1367.jpg,Town,Town
13638,CTY1376,images/CTY1376.jpg,Town,Town
13639,CTY1448,images/CTY1448.jpg,Town,Town
13640,CTY1364,images/CTY1364.jpg,Town,Town
13641,CTY1368,images/CTY1368.jpg,Town,Town
13642,CTY1382,images/CTY1382.jpg,Town,Town
13643,CTY1365,images/CTY1365.jpg,Town,Town
13644,CTY1375,images/CTY1375.jpg,Town,Town
13645,CTY1379,images/CTY1379.jpg,Town,Town
13646,CTY1374,images/CTY1374.jpg,Town,Town
13647,MAR0105,images/MAR0105.jpg,Super Mario,Super Mario
13648,COL404,images/COL404.jpg,Collectible Minifigures,Collectible Minifigures
13649,CTY1489,images/CTY1489.jpg,Town,Town
13650,SW1232,images/SW1232.jpg,Star Wars,Star Wars
13651,TWN434,images/TWN434.jpg,Town,Town
13652,DP161,images/DP161.jpg,Disney,Disney
13653,HP356,images/HP356.jpg,Harry Potter,Harry Potter
13654,MAR0109,images/MAR0109.jpg,Super Mario,Super Mario
13655,HP329,images/HP329.jpg,Harry Potter,Harry Potter
13656,HP381,images/HP381.jpg,Harry Potter,Harry Potter
13657,HP367,images/HP367.jpg,Harry Potter,Harry Potter
13658,HP348,images/HP348.jpg,Harry Potter,Harry Potter
13659,HP332,images/HP332.jpg,Harry Potter,Harry Potter
13660,MAR0129,images/MAR0129.jpg,Super Mario,Super Mario
13661,NJO0724,images/NJO0724.jpg,NINJAGO,NINJAGO
13662,SW1195,images/SW1195.jpg,Star Wars,Star Wars
13663,COL395,images/COL395.jpg,Collectible Minifigures,Collectible Minifigures
13664,CTY1400,images/CTY1400.jpg,Town,Town
13665,CTY1401,images/CTY1401.jpg,Town,Town
13666,JW095,images/JW095.jpg,Jurassic World,Jurassic World
13667,JW077,images/JW077.jpg,Jurassic World,Jurassic World
13668,MIN125,images/MIN125.jpg,Minecraft,Minecraft
13669,HP391,images/HP391.jpg,Harry Potter,Harry Potter
13670,IDEA122,images/IDEA122.jpg,LEGO Ideas,LEGO Ideas
13671,CTY1506,images/CTY1506.jpg,Town,Town
13672,CTY1467,images/CTY1467.jpg,Town,Town
13673,TWN417,images/TWN417.jpg,Town,Town
13674,BDP040,images/BDP040.jpg,BrickLink Designer Program,BrickLink Designer Program
13675,MAR0127,images/MAR0127.jpg,Super Mario,Super Mario
13676,HP362,images/HP362.jpg,Harry Potter,Harry Potter
13677,COL401,images/COL401.jpg,Collectible Minifigures,Collectible Minifigures
13678,CTY1335,images/CTY1335.jpg,Town,Town
13679,CTY1344,images/CTY1344.jpg,Town,Town
13680,SW1237,images/SW1237.jpg,Star Wars,Star Wars
13681,SH0795,images/SH0795.jpg,Super Heroes,Super Heroes
13682,SH0822,images/SH0822.jpg,Super Heroes,Super Heroes
13683,CTY1447,images/CTY1447.jpg,Town,Town
13684,MK093,images/MK093.jpg,Monkie Kid,Monkie Kid
13685,COL386,images/COL386.jpg,Collectible Minifigures,Collectible Minifigures
13686,MIN113,images/MIN113.jpg,Minecraft,Minecraft
13687,HP382,images/HP382.jpg,Harry Potter,Harry Potter
13688,HP376,images/HP376.jpg,Harry Potter,Harry Potter
13689,HP328,images/HP328.jpg,Harry Potter,Harry Potter
13690,HP339,images/HP339.jpg,Harry Potter,Harry Potter
13691,COLTM01,images/COLTM01.jpg,Collectible Minifigures,Collectible Minifigures
13692,MIN129,images/MIN129.jpg,Minecraft,Minecraft
13693,MK083,images/MK083.jpg,Monkie Kid,Monkie Kid
13694,IDEA118,images/IDEA118.jpg,LEGO Ideas,LEGO Ideas
13695,NJO0776,images/NJO0776.jpg,NINJAGO,NINJAGO
13696,CTY1507,images/CTY1507.jpg,Town,Town
13697,MK091,images/MK091.jpg,Monkie Kid,Monkie Kid
13698,MK085,images/MK085.jpg,Monkie Kid,Monkie Kid
13699,HOL284,images/HOL284.jpg,Holiday & Event,Holiday & Event
13700,SW1240,images/SW1240.jpg,Star Wars,Star Wars
13701,HOL291,images/HOL291.jpg,Holiday & Event,Holiday & Event
13702,MK076,images/MK076.jpg,Monkie Kid,Monkie Kid
13703,MAR0092,images/MAR0092.jpg,Super Mario,Super Mario
13704,CTY1396,images/CTY1396.jpg,Town,Town
13705,CTY1484,images/CTY1484.jpg,Town,Town
13706,JW093,images/JW093.jpg,Jurassic World,Jurassic World
13707,JW094,images/JW094.jpg,Jurassic World,Jurassic World
13708,SH0788,images/SH0788.jpg,Super Heroes,Super Heroes
13709,CTY1486,images/CTY1486.jpg,Town,Town
13710,SH0843,images/SH0843.jpg,Super Heroes,Super Heroes
13711,SH0830,images/SH0830.jpg,Super Heroes,Super Heroes
13712,HP352,images/HP352.jpg,Harry Potter,Harry Potter
13713,HP371,images/HP371.jpg,Harry Potter,Harry Potter
13714,HP345,images/HP345.jpg,Harry Potter,Harry Potter
13715,HP337,images/HP337.jpg,Harry Potter,Harry Potter
13716,CTY1332,images/CTY1332.jpg,Town,Town
13717,TWN429,images/TWN429.jpg,Town,Town
13718,BDP049,images/BDP049.jpg,BrickLink Designer Program,BrickLink Designer Program
13719,CTY1501,images/CTY1501.jpg,Town,Town
13720,NJO0773,images/NJO0773.jpg,NINJAGO,NINJAGO
13721,COL389,images/COL389.jpg,Collectible Minifigures,Collectible Minifigures
13722,DP166,images/DP166.jpg,Disney,Disney
13723,COL400,images/COL400.jpg,Collectible Minifigures,Collectible Minifigures
13724,IDEA145,images/IDEA145.jpg,LEGO Ideas,LEGO Ideas
13725,IDEA146,images/IDEA146.jpg,LEGO Ideas,LEGO Ideas
13726,IDEA142,images/IDEA142.jpg,LEGO Ideas,LEGO Ideas
13727,IDEA144,images/IDEA144.jpg,LEGO Ideas,LEGO Ideas
13728,IDEA132,images/IDEA132.jpg,LEGO Ideas,LEGO Ideas
13729,IDEA130,images/IDEA130.jpg,LEGO Ideas,LEGO Ideas
13730,IDEA128,images/IDEA128.jpg,LEGO Ideas,LEGO Ideas
13731,IDEA136,images/IDEA136.jpg,LEGO Ideas,LEGO Ideas
13732,IDEA134,images/IDEA134.jpg,LEGO Ideas,LEGO Ideas
13733,IDEA140,images/IDEA140.jpg,LEGO Ideas,LEGO Ideas
13734,IDEA126,images/IDEA126.jpg,LEGO Ideas,LEGO Ideas
13735,IDEA138,images/IDEA138.jpg,LEGO Ideas,LEGO Ideas
13736,IDEA131,images/IDEA131.jpg,LEGO Ideas,LEGO Ideas
13737,IDEA129,images/IDEA129.jpg,LEGO Ideas,LEGO Ideas
13738,IDEA139,images/IDEA139.jpg,LEGO Ideas,LEGO Ideas
13739,IDEA141,images/IDEA141.jpg,LEGO Ideas,LEGO Ideas
13740,IDEA127,images/IDEA127.jpg,LEGO Ideas,LEGO Ideas
13741,IDEA125,images/IDEA125.jpg,LEGO Ideas,LEGO Ideas
13742,IDEA137,images/IDEA137.jpg,LEGO Ideas,LEGO Ideas
13743,IDEA143,images/IDEA143.jpg,LEGO Ideas,LEGO Ideas
13744,IDEA135,images/IDEA135.jpg,LEGO Ideas,LEGO Ideas
13745,IDEA133,images/IDEA133.jpg,LEGO Ideas,LEGO Ideas
13746,IDEA104,images/IDEA104.jpg,LEGO Ideas,LEGO Ideas
13747,JW080,images/JW080.jpg,Jurassic World,Jurassic World
13748,COL396,images/COL396.jpg,Collectible Minifigures,Collectible Minifigures
13749,CTY1425,images/CTY1425.jpg,Town,Town
13750,CTY1426,images/CTY1426.jpg,Town,Town
13751,CTY1460,images/CTY1460.jpg,Town,Town
13752,CTY1462,images/CTY1462.jpg,Town,Town
13753,CTY1461,images/CTY1461.jpg,Town,Town
13754,SH0800,images/SH0800.jpg,Super Heroes,Super Heroes
13755,SH0797,images/SH0797.jpg,Super Heroes,Super Heroes
13756,SH0829,images/SH0829.jpg,Super Heroes,Super Heroes
13757,IDEA116,images/IDEA116.jpg,LEGO Ideas,LEGO Ideas
13758,SH0834,images/SH0834.jpg,Super Heroes,Super Heroes
13759,COLTM10,images/COLTM10.jpg,Collectible Minifigures,Collectible Minifigures
13760,HP363,images/HP363.jpg,Harry Potter,Harry Potter
13761,MAR0094,images/MAR0094.jpg,Super Mario,Super Mario
13762,HOL289,images/HOL289.jpg,Holiday & Event,Holiday & Event
13763,CTY1397,images/CTY1397.jpg,Town,Town
13764,CTY1500,images/CTY1500.jpg,Town,Town
13765,CTY1458,images/CTY1458.jpg,Town,Town
13766,CTY1455,images/CTY1455.jpg,Town,Town
13767,CTY1496,images/CTY1496.jpg,Town,Town
13768,CTY1456,images/CTY1456.jpg,Town,Town
13769,CTY1457,images/CTY1457.jpg,Town,Town
13770,CTY1487,images/CTY1487.jpg,Town,Town
13771,CTY1454,images/CTY1454.jpg,Town,Town
13772,CTY1453,images/CTY1453.jpg,Town,Town
13773,CTY1498,images/CTY1498.jpg,Town,Town
13774,TWN428,images/TWN428.jpg,Town,Town
13775,CTY1476,images/CTY1476.jpg,Town,Town
13776,COL399,images/COL399.jpg,Collectible Minifigures,Collectible Minifigures
13777,COLTM11,images/COLTM11.jpg,Collectible Minifigures,Collectible Minifigures
13778,MK102,images/MK102.jpg,Monkie Kid,Monkie Kid
13779,MIN111,images/MIN111.jpg,Minecraft,Minecraft
13780,SW1216,images/SW1216.jpg,Star Wars,Star Wars
13781,CAS578,images/CAS578.jpg,Castle,Castle
13782,CTY1395,images/CTY1395.jpg,Town,Town
13783,HOL268,images/HOL268.jpg,Holiday & Event,Holiday & Event
13784,SW1222,images/SW1222.jpg,Star Wars,Star Wars
13785,SW1242,images/SW1242.jpg,Star Wars,Star Wars
13786,SW1212,images/SW1212.jpg,Star Wars,Star Wars
13787,NJO0779,images/NJO0779.jpg,NINJAGO,NINJAGO
13788,SW1243,images/SW1243.jpg,Star Wars,Star Wars
13789,SH0790,images/SH0790.jpg,Super Heroes,Super Heroes
13790,SH0785,images/SH0785.jpg,Super Heroes,Super Heroes
13791,SH0831,images/SH0831.jpg,Super Heroes,Super Heroes
13792,SW1194,images/SW1194.jpg,Star Wars,Star Wars
13793,SH0811,images/SH0811.jpg,Super Heroes,Super Heroes
13794,SH0804,images/SH0804.jpg,Super Heroes,Super Heroes
13795,DP145,images/DP145.jpg,Disney,Disney
13796,DP165,images/DP165.jpg,Disney,Disney
13797,JW099,images/JW099.jpg,Jurassic World,Jurassic World
13798,CTY1505,images/CTY1505.jpg,Town,Town
13799,MAR0096,images/MAR0096.jpg,Super Mario,Super Mario
13800,MAR0095,images/MAR0095.jpg,Super Mario,Super Mario
13801,MAR0138,images/MAR0138.jpg,Super Mario,Super Mario
13802,MAR0132,images/MAR0132.jpg,Super Mario,Super Mario
13803,IDEA121,images/IDEA121.jpg,LEGO Ideas,LEGO Ideas
13804,SW1215,images/SW1215.jpg,Star Wars,Star Wars
13805,SH0850,images/SH0850.jpg,Super Heroes,Super Heroes
13806,HP377,images/HP377.jpg,Harry Potter,Harry Potter
13807,CTY1464,images/CTY1464.jpg,Town,Town
13808,MK070,images/MK070.jpg,Monkie Kid,Monkie Kid
13809,CTY1471,images/CTY1471.jpg,Town,Town
13810,CTY1495,images/CTY1495.jpg,Town,Town
13811,CTY1465,images/CTY1465.jpg,Town,Town
13812,CTY1466,images/CTY1466.jpg,Town,Town
13813,HP379,images/HP379.jpg,Harry Potter,Harry Potter
13814,COL388,images/COL388.jpg,Collectible Minifigures,Collectible Minifigures
13815,AVT008,images/AVT008.jpg,Avatar,Other
13816,AVT003,images/AVT003.jpg,Avatar,Other
13817,COL406,images/COL406.jpg,Collectible Minifigures,Collectible Minifigures
13818,CTY1490,images/CTY1490.jpg,Town,Town
13819,NJO0759,images/NJO0759.jpg,NINJAGO,NINJAGO
13820,NJO0765,images/NJO0765.jpg,NINJAGO,NINJAGO
13821,NJO0754,images/NJO0754.jpg,NINJAGO,NINJAGO
13822,VIK039,images/VIK039.jpg,Vikings,Other
13823,VIK041,images/VIK041.jpg,Vikings,Other
13824,VIK040,images/VIK040.jpg,Vikings,Other
13825,VIK038,images/VIK038.jpg,Vikings,Other
13826,MIN121,images/MIN121.jpg,Minecraft,Minecraft
13827,MIN126,images/MIN126.jpg,Minecraft,Minecraft
13828,MIN120,images/MIN120.jpg,Minecraft,Minecraft
13829,MIN115,images/MIN115.jpg,Minecraft,Minecraft
13830,IDEA106,images/IDEA106.jpg,LEGO Ideas,LEGO Ideas
13831,NJO0723,images/NJO0723.jpg,NINJAGO,NINJAGO
13832,MAR0134,images/MAR0134.jpg,Super Mario,Super Mario
13833,COLTM09,images/COLTM09.jpg,Collectible Minifigures,Collectible Minifigures
13834,CTY1350,images/CTY1350.jpg,Town,Town
13835,SH0819,images/SH0819.jpg,Super Heroes,Super Heroes
13836,SH0820,images/SH0820.jpg,Super Heroes,Super Heroes
13837,MK098,images/MK098.jpg,Monkie Kid,Monkie Kid
13838,MK100,images/MK100.jpg,Monkie Kid,Monkie Kid
13839,HFW002,images/HFW002.jpg,Horizon,Other
13840,SW1197,images/SW1197.jpg,Star Wars,Star Wars
13841,COL397,images/COL397.jpg,Collectible Minifigures,Collectible Minifigures
13842,SH0821,images/SH0821.jpg,Super Heroes,Super Heroes
13843,MK078,images/MK078.jpg,Monkie Kid,Monkie Kid
13844,SW1218,images/SW1218.jpg,Star Wars,Star Wars
13845,JW091,images/JW091.jpg,Jurassic World,Jurassic World
13846,CTY1445,images/CTY1445.jpg,Town,Town
13847,COL405,images/COL405.jpg,Collectible Minifigures,Collectible Minifigures
13848,SH0805,images/SH0805.jpg,Super Heroes,Super Heroes
13849,TWN437,images/TWN437.jpg,Town,Town
13850,CTY1439,images/CTY1439.jpg,Town,Town
13851,HOL279,images/HOL279.jpg,Holiday & Event,Holiday & Event
13852,HOL261,images/HOL261.jpg,Holiday & Event,Holiday & Event
13853,HOL270,images/HOL270.jpg,Holiday & Event,Holiday & Event
13854,HOL277,images/HOL277.jpg,Holiday & Event,Holiday & Event
13855,TWN440,images/TWN440.jpg,Town,Town
13856,CTY1342,images/CTY1342.jpg,Town,Town
13857,TWN438,images/TWN438.jpg,Town,Town
13858,TWN430,images/TWN430.jpg,Town,Town
13859,TWN442,images/TWN442.jpg,Town,Town
13860,HOL266,images/HOL266.jpg,Holiday & Event,Holiday & Event
13861,SH0826,images/SH0826.jpg,Super Heroes,Super Heroes
13862,SH0793,images/SH0793.jpg,Super Heroes,Super Heroes
13863,NJO0716,images/NJO0716.jpg,NINJAGO,NINJAGO
13864,NJO0741,images/NJO0741.jpg,NINJAGO,NINJAGO
13865,NJO0784A,images/NJO0784A.jpg,NINJAGO,NINJAGO
13866,HOL258,images/HOL258.jpg,Holiday & Event,Holiday & Event
13867,MAR0113,images/MAR0113.jpg,Super Mario,Super Mario
13868,MAR0100,images/MAR0100.jpg,Super Mario,Super Mario
13869,MAR0111,images/MAR0111.jpg,Super Mario,Super Mario
13870,MIN130,images/MIN130.jpg,Minecraft,Minecraft
13871,MAR0118,images/MAR0118.jpg,Super Mario,Super Mario
13872,NJO0770,images/NJO0770.jpg,NINJAGO,NINJAGO
13873,NJO0760,images/NJO0760.jpg,NINJAGO,NINJAGO
13874,NJO0749,images/NJO0749.jpg,NINJAGO,NINJAGO
13875,NJO0728,images/NJO0728.jpg,NINJAGO,NINJAGO
13876,NJO0719,images/NJO0719.jpg,NINJAGO,NINJAGO
13877,NJO0763,images/NJO0763.jpg,NINJAGO,NINJAGO
13878,JW090,images/JW090.jpg,Jurassic World,Jurassic World
13879,MIN131,images/MIN131.jpg,Minecraft,Minecraft
13880,MIN133,images/MIN133.jpg,Minecraft,Minecraft
13881,MIN134,images/MIN134.jpg,Minecraft,Minecraft
13882,MIN135,images/MIN135.jpg,Minecraft,Minecraft
13883,BDP095,images/BDP095.jpg,BrickLink Designer Program,BrickLink Designer Program
13884,BDP094,images/BDP094.jpg,BrickLink Designer Program,BrickLink Designer Program
13885,BDP093,images/BDP093.jpg,BrickLink Designer Program,BrickLink Designer Program
13886,BDP096,images/BDP096.jpg,BrickLink Designer Program,BrickLink Designer Program
13887,HP462,images/HP462.jpg,Harry Potter,Harry Potter
13888,SH0877,images/SH0877.jpg,Super Heroes,Super Heroes
13889,SW1316,images/SW1316.jpg,Star Wars,Star Wars
13890,COLMAR13,images/COLMAR13.jpg,Collectible Minifigures,Collectible Minifigures
13891,SW1300,images/SW1300.jpg,Star Wars,Star Wars
13892,CTY1677,images/CTY1677.jpg,Town,Town
13893,CTY1673,images/CTY1673.jpg,Town,Town
13894,CTY1674,images/CTY1674.jpg,Town,Town
13895,CTY1602,images/CTY1602.jpg,Town,Town
13896,DRM022,images/DRM022.jpg,DREAMZzz,DREAMZzz
13897,SH0920,images/SH0920.jpg,Super Heroes,Super Heroes
13898,SH0883,images/SH0883.jpg,Super Heroes,Super Heroes
13899,DIS116,images/DIS116.jpg,Disney,Disney
13900,MIN145,images/MIN145.jpg,Minecraft,Minecraft
13901,IDEA160,images/IDEA160.jpg,LEGO Ideas,LEGO Ideas
13902,CTY1569,images/CTY1569.jpg,Town,Town
13903,SON005,images/SON005.jpg,Sonic the Hedgehog,Other
13904,HP397,images/HP397.jpg,Harry Potter,Harry Potter
13905,DIS126,images/DIS126.jpg,Disney,Disney
13906,DP182,images/DP182.jpg,Disney,Disney
13907,AVT021,images/AVT021.jpg,Avatar,Other
13908,CTY1622,images/CTY1622.jpg,Town,Town
13909,CTY1623,images/CTY1623.jpg,Town,Town
13910,CTY1621,images/CTY1621.jpg,Town,Town
13911,NJO0800,images/NJO0800.jpg,NINJAGO,NINJAGO
13912,NJO0799,images/NJO0799.jpg,NINJAGO,NINJAGO
13913,LOR129,images/LOR129.jpg,The Hobbit and The Lord of the Rings,The Hobbit and The Lord of the Rings
13914,MIN149,images/MIN149.jpg,Minecraft,Minecraft
13915,CTY1657,images/CTY1657.jpg,Town,Town
13916,CTY1690,images/CTY1690.jpg,Town,Town
13917,CTY1613,images/CTY1613.jpg,Town,Town
13918,CTY1614,images/CTY1614.jpg,Town,Town
13919,CTY1629,images/CTY1629.jpg,Town,Town
13920,CTY1641,images/CTY1641.jpg,Town,Town
13921,CTY1630,images/CTY1630.jpg,Town,Town
13922,CTY1607,images/CTY1607.jpg,Town,Town
13923,CTY1658,images/CTY1658.jpg,Town,Town
13924,CTY1608,images/CTY1608.jpg,Town,Town
13925,CTY1612,images/CTY1612.jpg,Town,Town
13926,CTY1640,images/CTY1640.jpg,Town,Town
13927,CTY1656,images/CTY1656.jpg,Town,Town
13928,CTY1639,images/CTY1639.jpg,Town,Town
13929,CTY1609,images/CTY1609.jpg,Town,Town
13930,CTY1610,images/CTY1610.jpg,Town,Town
13931,CTY1611,images/CTY1611.jpg,Town,Town
13932,DP178,images/DP178.jpg,Disney,Disney
13933,DP181,images/DP181.jpg,Disney,Disney
13934,DIS110,images/DIS110.jpg,Disney,Disney
13935,NJO0822,images/NJO0822.jpg,NINJAGO,NINJAGO
13936,NJO0834,images/NJO0834.jpg,NINJAGO,NINJAGO
13937,LOR121,images/LOR121.jpg,The Hobbit and The Lord of the Rings,The Hobbit and The Lord of the Rings
13938,DIS143,images/DIS143.jpg,Disney,Disney
13939,SOC156,images/SOC156.jpg,Sports,Sports
13940,SW1308,images/SW1308.jpg,Star Wars,Star Wars
13941,SW1291,images/SW1291.jpg,Star Wars,Star Wars
13942,SW1280,images/SW1280.jpg,Star Wars,Star Wars
13943,SW1261,images/SW1261.jpg,Star Wars,Star Wars
13944,TWN478,images/TWN478.jpg,Town,Town
13945,BDP077,images/BDP077.jpg,BrickLink Designer Program,BrickLink Designer Program
13946,DP176,images/DP176.jpg,Disney,Disney
13947,DIS099,images/DIS099.jpg,Collectible Minifigures,Collectible Minifigures
13948,MK116,images/MK116.jpg,Monkie Kid,Monkie Kid
13949,MAR0151,images/MAR0151.jpg,Super Mario,Super Mario
13950,NJO0828,images/NJO0828.jpg,NINJAGO,NINJAGO
13951,CTY1647,images/CTY1647.jpg,Town,Town
13952,TWN473,images/TWN473.jpg,Town,Town
13953,TWN453,images/TWN453.jpg,Town,Town
13954,SH0899,images/SH0899.jpg,Super Heroes,Super Heroes
13955,SH0886,images/SH0886.jpg,Super Heroes,Super Heroes
13956,SH0902,images/SH0902.jpg,Super Heroes,Super Heroes
13957,SH0880,images/SH0880.jpg,Super Heroes,Super Heroes
13958,SW1293,images/SW1293.jpg,Star Wars,Star Wars
13959,DIS108,images/DIS108.jpg,Collectible Minifigures,Collectible Minifigures
13960,TWN462,images/TWN462.jpg,Town,Town
13961,TWN461,images/TWN461.jpg,Town,Town
13962,COLMAR22,images/COLMAR22.jpg,Collectible Minifigures,Collectible Minifigures
13963,HP424,images/HP424.jpg,Harry Potter,Harry Potter
13964,HP446,images/HP446.jpg,Harry Potter,Harry Potter
13965,DP174,images/DP174.jpg,Disney,Disney
13966,DIS123,images/DIS123.jpg,Disney,Disney
13967,LOR117,images/LOR117.jpg,The Hobbit and The Lord of the Rings,The Hobbit and The Lord of the Rings
13968,MAR0155,images/MAR0155.jpg,Super Mario,Super Mario
13969,90398PB049,images/90398PB049.jpg,Castle,Castle
13970,SH0865,images/SH0865.jpg,Super Heroes,Super Heroes
13971,SH0851,images/SH0851.jpg,Super Heroes,Super Heroes
13972,SH0881,images/SH0881.jpg,Super Heroes,Super Heroes
13973,SH0922,images/SH0922.jpg,Super Heroes,Super Heroes
13974,SH0907,images/SH0907.jpg,Super Heroes,Super Heroes
13975,SP135,images/SP135.jpg,Space,Space
13976,SP134,images/SP134.jpg,Space,Space
13977,HP401,images/HP401.jpg,Harry Potter,Harry Potter
13978,HP410,images/HP410.jpg,Harry Potter,Harry Potter
13979,NJO0829,images/NJO0829.jpg,NINJAGO,NINJAGO
13980,MAR0144,images/MAR0144.jpg,Super Mario,Super Mario
13981,MAR0145,images/MAR0145.jpg,Super Mario,Super Mario
13982,SW1287,images/SW1287.jpg,Star Wars,Star Wars
13983,NJO0836,images/NJO0836.jpg,NINJAGO,NINJAGO
13984,SW1274,images/SW1274.jpg,Star Wars,Star Wars
13985,SW1245,images/SW1245.jpg,Star Wars,Star Wars
13986,HP455,images/HP455.jpg,Harry Potter,Harry Potter
13987,NJO0798,images/NJO0798.jpg,NINJAGO,NINJAGO
13988,NJO0801,images/NJO0801.jpg,NINJAGO,NINJAGO
13989,NJO0794,images/NJO0794.jpg,NINJAGO,NINJAGO
13990,NJO0795,images/NJO0795.jpg,NINJAGO,NINJAGO
13991,NJO0807,images/NJO0807.jpg,NINJAGO,NINJAGO
13992,NJO0793,images/NJO0793.jpg,NINJAGO,NINJAGO
13993,MAR0174,images/MAR0174.jpg,Super Mario,Super Mario
13994,NJO0791,images/NJO0791.jpg,NINJAGO,NINJAGO
13995,NJO0841,images/NJO0841.jpg,NINJAGO,NINJAGO
13996,LOR126,images/LOR126.jpg,The Hobbit and The Lord of the Rings,The Hobbit and The Lord of the Rings
13997,CTY1637,images/CTY1637.jpg,Town,Town
13998,BDP080,images/BDP080.jpg,BrickLink Designer Program,BrickLink Designer Program
13999,HOL323,images/HOL323.jpg,Holiday & Event,Holiday & Event
14000,SC104,images/SC104.jpg,SPEED CHAMPIONS,SPEED CHAMPIONS
14001,COL413,images/COL413.jpg,Collectible Minifigures,Collectible Minifigures
14002,SH0854,images/SH0854.jpg,Super Heroes,Super Heroes
14003,SH0884,images/SH0884.jpg,Super Heroes,Super Heroes
14004,IDEA157,images/IDEA157.jpg,LEGO Ideas,LEGO Ideas
14005,IDEA156,images/IDEA156.jpg,LEGO Ideas,LEGO Ideas
14006,IDEA152,images/IDEA152.jpg,LEGO Ideas,LEGO Ideas
14007,IDEA155,images/IDEA155.jpg,LEGO Ideas,LEGO Ideas
14008,IDEA154,images/IDEA154.jpg,LEGO Ideas,LEGO Ideas
14009,IDEA153,images/IDEA153.jpg,LEGO Ideas,LEGO Ideas
14010,IDEA151,images/IDEA151.jpg,LEGO Ideas,LEGO Ideas
14011,SON008,images/SON008.jpg,Sonic the Hedgehog,Other
14012,GDH003,images/GDH003.jpg,Gabby's Dollhouse,Other
14013,IDEA149,images/IDEA149.jpg,LEGO Ideas,LEGO Ideas
14014,IDEA148,images/IDEA148.jpg,LEGO Ideas,LEGO Ideas
14015,IDEA147,images/IDEA147.jpg,LEGO Ideas,LEGO Ideas
14016,IDEA150,images/IDEA150.jpg,LEGO Ideas,LEGO Ideas
14017,SH0908,images/SH0908.jpg,Super Heroes,Super Heroes
14018,SH0852,images/SH0852.jpg,Super Heroes,Super Heroes
14019,DRM024,images/DRM024.jpg,DREAMZzz,DREAMZzz
14020,DIS082,images/DIS082.jpg,Disney,Disney
14021,SH0911,images/SH0911.jpg,Super Heroes,Super Heroes
14022,SW1289,images/SW1289.jpg,Star Wars,Star Wars
14023,CTY1661,images/CTY1661.jpg,Town,Town
14024,CTY1660,images/CTY1660.jpg,Town,Town
14025,DIS091,images/DIS091.jpg,Disney,Disney
14026,CTY1684,images/CTY1684.jpg,Town,Town
14027,COL415,images/COL415.jpg,Collectible Minifigures,Collectible Minifigures
14028,MAR0158,images/MAR0158.jpg,Super Mario,Super Mario
14029,SH0885,images/SH0885.jpg,Super Heroes,Super Heroes
14030,HP405,images/HP405.jpg,Harry Potter,Harry Potter
14031,HP429,images/HP429.jpg,Harry Potter,Harry Potter
14032,NJO0833,images/NJO0833.jpg,NINJAGO,NINJAGO
14033,SW1306,images/SW1306.jpg,Star Wars,Star Wars
14034,HOL332,images/HOL332.jpg,Holiday & Event,Holiday & Event
14035,HOL351,images/HOL351.jpg,Holiday & Event,Holiday & Event
14036,TWN481,images/TWN481.jpg,Town,Town
14037,CTY1615,images/CTY1615.jpg,Town,Town
14038,CTY1655,images/CTY1655.jpg,Town,Town
14039,CTY1662,images/CTY1662.jpg,Town,Town
14040,FST045,images/FST045.jpg,FIRST LEGO League,Other
14041,TWN464,images/TWN464.jpg,Town,Town
14042,HOL317,images/HOL317.jpg,Holiday & Event,Holiday & Event
14043,HOL352,images/HOL352.jpg,Holiday & Event,Holiday & Event
14044,HOL327,images/HOL327.jpg,Holiday & Event,Holiday & Event
14045,CTY1686,images/CTY1686.jpg,Town,Town
14046,BDP081,images/BDP081.jpg,BrickLink Designer Program,BrickLink Designer Program
14047,FST037,images/FST037.jpg,FIRST LEGO League,Other
14048,TWN463,images/TWN463.jpg,Town,Town
14049,HOL308,images/HOL308.jpg,Holiday & Event,Holiday & Event
14050,HOL320,images/HOL320.jpg,Holiday & Event,Holiday & Event
14051,TWN480,images/TWN480.jpg,Town,Town
14052,CTY1520,images/CTY1520.jpg,Town,Town
14053,TWN470,images/TWN470.jpg,Holiday & Event,Holiday & Event
14054,TWN471,images/TWN471.jpg,Town,Town
14055,CTY1624,images/CTY1624.jpg,Town,Town
14056,CTY1643,images/CTY1643.jpg,Town,Town
14057,HP402,images/HP402.jpg,Harry Potter,Harry Potter
14058,HP418,images/HP418.jpg,Harry Potter,Harry Potter
14059,HP428,images/HP428.jpg,Harry Potter,Harry Potter
14060,SON009,images/SON009.jpg,Sonic the Hedgehog,Other
14061,DP168,images/DP168.jpg,Disney,Disney
14062,DIS132,images/DIS132.jpg,Disney,Disney
14063,DP173,images/DP173.jpg,Disney,Disney
14064,SP139,images/SP139.jpg,Space,Space
14065,SP136,images/SP136.jpg,Space,Space
14066,SP138,images/SP138.jpg,Space,Space
14067,SP137,images/SP137.jpg,Space,Space
14068,SW1277,images/SW1277.jpg,Star Wars,Star Wars
14069,SW1247,images/SW1247.jpg,Star Wars,Star Wars
14070,SW1305,images/SW1305.jpg,Star Wars,Star Wars
14071,SW1315,images/SW1315.jpg,Star Wars,Star Wars
14072,SW1304,images/SW1304.jpg,Star Wars,Star Wars
14073,SW1246,images/SW1246.jpg,Star Wars,Star Wars
14074,SW1248,images/SW1248.jpg,Star Wars,Star Wars
14075,SW1278,images/SW1278.jpg,Star Wars,Star Wars
14076,SW1276,images/SW1276.jpg,Star Wars,Star Wars
14077,TWN454,images/TWN454.jpg,Town,Town
14078,NJO0816,images/NJO0816.jpg,NINJAGO,NINJAGO
14079,CTY1644,images/CTY1644.jpg,Town,Town
14080,MAR0140,images/MAR0140.jpg,Super Mario,Super Mario
14081,COL419,images/COL419.jpg,Collectible Minifigures,Collectible Minifigures
14082,CTY1606,images/CTY1606.jpg,Town,Town
14083,BDP064,images/BDP064.jpg,BrickLink Designer Program,BrickLink Designer Program
14084,BDP063,images/BDP063.jpg,BrickLink Designer Program,BrickLink Designer Program
14085,CTY1605,images/CTY1605.jpg,Town,Town
14086,CTY1600,images/CTY1600.jpg,Town,Town
14087,CTY1554,images/CTY1554.jpg,Town,Town
14088,BDP062,images/BDP062.jpg,BrickLink Designer Program,BrickLink Designer Program
14089,CTY1601,images/CTY1601.jpg,Town,Town
14090,CTY1688,images/CTY1688.jpg,Town,Town
14091,CTY1553,images/CTY1553.jpg,Town,Town
14092,CTY1604,images/CTY1604.jpg,Town,Town
14093,CTY1691,images/CTY1691.jpg,Town,Town
14094,BDP059,images/BDP059.jpg,BrickLink Designer Program,BrickLink Designer Program
14095,BDP061,images/BDP061.jpg,BrickLink Designer Program,BrickLink Designer Program
14096,BDP060,images/BDP060.jpg,BrickLink Designer Program,BrickLink Designer Program
14097,CTY1603,images/CTY1603.jpg,Town,Town
14098,CTY1619,images/CTY1619.jpg,Town,Town
14099,MAR0141,images/MAR0141.jpg,Super Mario,Super Mario
14100,DRM008,images/DRM008.jpg,DREAMZzz,DREAMZzz
14101,DRM027,images/DRM027.jpg,DREAMZzz,DREAMZzz
14102,DRM034,images/DRM034.jpg,DREAMZzz,DREAMZzz
14103,CTY1584,images/CTY1584.jpg,Town,Town
14104,CTY1582,images/CTY1582.jpg,Town,Town
14105,CTY1583,images/CTY1583.jpg,Town,Town
14106,MK124,images/MK124.jpg,Monkie Kid,Monkie Kid
14107,SON006,images/SON006.jpg,Sonic the Hedgehog,Other
14108,AVT017,images/AVT017.jpg,Avatar,Other
14109,MAR0168,images/MAR0168.jpg,Super Mario,Super Mario
14110,DIS104,images/DIS104.jpg,Collectible Minifigures,Collectible Minifigures
14111,MIN155,images/MIN155.jpg,Minecraft,Minecraft
14112,SON007,images/SON007.jpg,Sonic the Hedgehog,Other
14113,CTY1537,images/CTY1537.jpg,Town,Town
14114,CTY1536,images/CTY1536.jpg,Town,Town
14115,CTY1538,images/CTY1538.jpg,Town,Town
14116,NJO0842,images/NJO0842.jpg,NINJAGO,NINJAGO
14117,CTY1663,images/CTY1663.jpg,Town,Town
14118,TWN477,images/TWN477.jpg,Town,Town
14119,DIS149,images/DIS149.jpg,Disney,Disney
14120,IDEA158,images/IDEA158.jpg,LEGO Ideas,LEGO Ideas
14121,NJO0844,images/NJO0844.jpg,NINJAGO,NINJAGO
14122,SW1249,images/SW1249.jpg,Star Wars,Star Wars
14123,SW1273,images/SW1273.jpg,Star Wars,Star Wars
14124,HP453,images/HP453.jpg,Harry Potter,Harry Potter
14125,JW106,images/JW106.jpg,Jurassic World,Jurassic World
14126,DRM023,images/DRM023.jpg,DREAMZzz,DREAMZzz
14127,MAR0166,images/MAR0166.jpg,Super Mario,Super Mario
14128,CTY1529,images/CTY1529.jpg,Town,Town
14129,CTY1689,images/CTY1689.jpg,Town,Town
14130,MIN153,images/MIN153.jpg,Minecraft,Minecraft
14131,MAR0164,images/MAR0164.jpg,Super Mario,Super Mario
14132,CTY1653,images/CTY1653.jpg,Town,Town
14133,SH0869,images/SH0869.jpg,Super Heroes,Super Heroes
14134,SH0909,images/SH0909.jpg,Super Heroes,Super Heroes
14135,NJO0838,images/NJO0838.jpg,NINJAGO,NINJAGO
14136,MAR0163,images/MAR0163.jpg,Super Mario,Super Mario
14137,JW105,images/JW105.jpg,Jurassic World,Jurassic World
14138,JW111,images/JW111.jpg,Jurassic World,Jurassic World
14139,SON003,images/SON003.jpg,Sonic the Hedgehog,Other
14140,JW107,images/JW107.jpg,Jurassic World,Jurassic World
14141,JW116,images/JW116.jpg,Jurassic World,Jurassic World
14142,JW104,images/JW104.jpg,Jurassic World,Jurassic World
14143,JW110,images/JW110.jpg,Jurassic World,Jurassic World
14144,SH0930,images/SH0930.jpg,Super Heroes,Super Heroes
14145,DIS097,images/DIS097.jpg,Collectible Minifigures,Collectible Minifigures
14146,SH0921,images/SH0921.jpg,Super Heroes,Super Heroes
14147,JW112,images/JW112.jpg,Jurassic World,Jurassic World
14148,JW108,images/JW108.jpg,Jurassic World,Jurassic World
14149,SH0890,images/SH0890.jpg,Super Heroes,Super Heroes
14150,HP461,images/HP461.jpg,Harry Potter,Harry Potter
14151,HP399,images/HP399.jpg,Harry Potter,Harry Potter
14152,HP412,images/HP412.jpg,Harry Potter,Harry Potter
14153,HP430,images/HP430.jpg,Harry Potter,Harry Potter
14154,HP447,images/HP447.jpg,Harry Potter,Harry Potter
14155,MIN138,images/MIN138.jpg,Minecraft,Minecraft
14156,CAS581,images/CAS581.jpg,Castle,Castle
14157,MK123,images/MK123.jpg,Monkie Kid,Monkie Kid
14158,SH0879,images/SH0879.jpg,Super Heroes,Super Heroes
14159,DRM018,images/DRM018.jpg,DREAMZzz,DREAMZzz
14160,DRM017,images/DRM017.jpg,DREAMZzz,DREAMZzz
14161,DRM028,images/DRM028.jpg,DREAMZzz,DREAMZzz
14162,DRM019,images/DRM019.jpg,DREAMZzz,DREAMZzz
14163,TWN451,images/TWN451.jpg,Town,Town
14164,MAR0161,images/MAR0161.jpg,Super Mario,Super Mario
14165,SH0933,images/SH0933.jpg,Super Heroes,Super Heroes
14166,47205PB098,images/47205PB098.jpg,DUPLO,DUPLO
14167,47205PB104,images/47205PB104.jpg,DUPLO,DUPLO
14168,47205PB106,images/47205PB106.jpg,DUPLO,DUPLO
14169,47205PB099,images/47205PB099.jpg,DUPLO,DUPLO
14170,47205PB109,images/47205PB109.jpg,DUPLO,DUPLO
14171,47205PB094,images/47205PB094.jpg,DUPLO,DUPLO
14172,47205PB096,images/47205PB096.jpg,DUPLO,DUPLO
14173,47205PB097,images/47205PB097.jpg,DUPLO,DUPLO
14174,47205PB107,images/47205PB107.jpg,DUPLO,DUPLO
14175,47205PB103,images/47205PB103.jpg,DUPLO,DUPLO
14176,47205PB110,images/47205PB110.jpg,DUPLO,DUPLO
14177,47205PB105,images/47205PB105.jpg,DUPLO,DUPLO
14178,47205PB095,images/47205PB095.jpg,DUPLO,DUPLO
14179,47394PB347,images/47394PB347.jpg,DUPLO,DUPLO
14180,47394PB345,images/47394PB345.jpg,DUPLO,DUPLO
14181,47205PB101,images/47205PB101.jpg,DUPLO,DUPLO
14182,47394PB344,images/47394PB344.jpg,DUPLO,DUPLO
14183,47394PB348,images/47394PB348.jpg,DUPLO,DUPLO
14184,47394PB346,images/47394PB346.jpg,DUPLO,DUPLO
14185,47394PB340,images/47394PB340.jpg,DUPLO,DUPLO
14186,47394PB341,images/47394PB341.jpg,DUPLO,DUPLO
14187,47394PB352,images/47394PB352.jpg,DUPLO,DUPLO
14188,47394PB350,images/47394PB350.jpg,DUPLO,DUPLO
14189,47394PB351,images/47394PB351.jpg,DUPLO,DUPLO
14190,47205PB100,images/47205PB100.jpg,DUPLO,DUPLO
14191,47205PB102,images/47205PB102.jpg,DUPLO,DUPLO
14192,47394PB349,images/47394PB349.jpg,DUPLO,DUPLO
14193,47394PB342,images/47394PB342.jpg,DUPLO,DUPLO
14194,47394PB343,images/47394PB343.jpg,DUPLO,DUPLO
14195,CRS113,images/CRS113.jpg,DUPLO,DUPLO
14196,CRS114,images/CRS114.jpg,DUPLO,DUPLO
14197,COLMAR21,images/COLMAR21.jpg,Collectible Minifigures,Collectible Minifigures
14198,CTY1650,images/CTY1650.jpg,Town,Town
14199,SH0891,images/SH0891.jpg,Super Heroes,Super Heroes
14200,LOR116,images/LOR116.jpg,The Hobbit and The Lord of the Rings,The Hobbit and The Lord of the Rings
14201,LOR114,images/LOR114.jpg,The Hobbit and The Lord of the Rings,The Hobbit and The Lord of the Rings
14202,LOR115,images/LOR115.jpg,The Hobbit and The Lord of the Rings,The Hobbit and The Lord of the Rings
14203,LOR130,images/LOR130.jpg,The Hobbit and The Lord of the Rings,The Hobbit and The Lord of the Rings
14204,LOR128,images/LOR128.jpg,The Hobbit and The Lord of the Rings,The Hobbit and The Lord of the Rings
14205,DIS125,images/DIS125.jpg,Disney,Disney
14206,DP183,images/DP183.jpg,Disney,Disney
14207,SW1297,images/SW1297.jpg,Star Wars,Star Wars
14208,SW1263,images/SW1263.jpg,Star Wars,Star Wars
14209,NJO0826,images/NJO0826.jpg,NINJAGO,NINJAGO
14210,MIN137,images/MIN137.jpg,Minecraft,Minecraft
14211,MIN151,images/MIN151.jpg,Minecraft,Minecraft
14212,MIN139,images/MIN139.jpg,Minecraft,Minecraft
14213,DIS101,images/DIS101.jpg,Collectible Minifigures,Collectible Minifigures
14214,DIS128,images/DIS128.jpg,Disney,Disney
14215,SW1298,images/SW1298.jpg,Star Wars,Star Wars
14216,BDP074,images/BDP074.jpg,BrickLink Designer Program,BrickLink Designer Program
14217,SH0929,images/SH0929.jpg,Super Heroes,Super Heroes
14218,COL416,images/COL416.jpg,Collectible Minifigures,Collectible Minifigures
14219,BDP069,images/BDP069.jpg,BrickLink Designer Program,BrickLink Designer Program
14220,CTY1580,images/CTY1580.jpg,Town,Town
14221,CTY1632,images/CTY1632.jpg,Town,Town
14222,CTY1523,images/CTY1523.jpg,Town,Town
14223,SC105,images/SC105.jpg,SPEED CHAMPIONS,SPEED CHAMPIONS
14224,IAJ048,images/IAJ048.jpg,Indiana Jones,Other
14225,SW1318,images/SW1318.jpg,Star Wars,Star Wars
14226,CTY1555,images/CTY1555.jpg,Town,Town
14227,CTY1545,images/CTY1545.jpg,Town,Town
14228,CTY1544,images/CTY1544.jpg,Town,Town
14229,CTY1551,images/CTY1551.jpg,Town,Town
14230,CTY1567,images/CTY1567.jpg,Town,Town
14231,CTY1549,images/CTY1549.jpg,Town,Town
14232,CTY1546,images/CTY1546.jpg,Town,Town
14233,CTY1556,images/CTY1556.jpg,Town,Town
14234,MAR0150,images/MAR0150.jpg,Super Mario,Super Mario
14235,SW1310,images/SW1310.jpg,Star Wars,Star Wars
14236,CTY1620,images/CTY1620.jpg,Town,Town
14237,DRM025,images/DRM025.jpg,DREAMZzz,DREAMZzz
14238,MAR0160,images/MAR0160.jpg,Super Mario,Super Mario
14239,DIS137,images/DIS137.jpg,Disney,Disney
14240,COL411,images/COL411.jpg,Collectible Minifigures,Collectible Minifigures
14241,90398PB050,images/90398PB050.jpg,Castle,Castle
14242,HP433,images/HP433.jpg,Harry Potter,Harry Potter
14243,SH0892,images/SH0892.jpg,Super Heroes,Super Heroes
14244,FRND0622,images/FRND0622.jpg,Friends,Friends
14245,FRND0626,images/FRND0626.jpg,Friends,Friends
14246,FRND0573,images/FRND0573.jpg,Friends,Friends
14247,FRND0568,images/FRND0568.jpg,Friends,Friends
14248,FRND0580,images/FRND0580.jpg,Friends,Friends
14249,FRND0633,images/FRND0633.jpg,Friends,Friends
14250,FRND0602,images/FRND0602.jpg,Friends,Friends
14251,FRND0660,images/FRND0660.jpg,Friends,Friends
14252,FRND0651,images/FRND0651.jpg,Friends,Friends
14253,FRND0612,images/FRND0612.jpg,Friends,Friends
14254,FRND0609,images/FRND0609.jpg,Friends,Friends
14255,FRND0586,images/FRND0586.jpg,Friends,Friends
14256,FRND0656,images/FRND0656.jpg,Friends,Friends
14257,FRND0664,images/FRND0664.jpg,Friends,Friends
14258,FRND0621,images/FRND0621.jpg,Friends,Friends
14259,FRND0606,images/FRND0606.jpg,Friends,Friends
14260,FRND0663,images/FRND0663.jpg,Friends,Friends
14261,FRND0576,images/FRND0576.jpg,Friends,Friends
14262,FRND0584,images/FRND0584.jpg,Friends,Friends
14263,FRND0620,images/FRND0620.jpg,Friends,Friends
14264,FRND0653,images/FRND0653.jpg,Friends,Friends
14265,FRND0667,images/FRND0667.jpg,Friends,Friends
14266,FRND0598,images/FRND0598.jpg,Friends,Friends
14267,FRND0601,images/FRND0601.jpg,Friends,Friends
14268,FRND0613,images/FRND0613.jpg,Friends,Friends
14269,FRND0644,images/FRND0644.jpg,Friends,Friends
14270,FRND0657,images/FRND0657.jpg,Friends,Friends
14271,FRND0647,images/FRND0647.jpg,Friends,Friends
14272,FRND0645,images/FRND0645.jpg,Friends,Friends
14273,FRND0595,images/FRND0595.jpg,Friends,Friends
14274,FRND0618,images/FRND0618.jpg,Friends,Friends
14275,FRND0666,images/FRND0666.jpg,Friends,Friends
14276,FRND0574,images/FRND0574.jpg,Friends,Friends
14277,FRND0597,images/FRND0597.jpg,Friends,Friends
14278,FRND0649,images/FRND0649.jpg,Friends,Friends
14279,FRND0610,images/FRND0610.jpg,Friends,Friends
14280,FRND0640,images/FRND0640.jpg,Friends,Friends
14281,FRND0577,images/FRND0577.jpg,Friends,Friends
14282,FRND0575,images/FRND0575.jpg,Friends,Friends
14283,FRND0639,images/FRND0639.jpg,Friends,Friends
14284,FRND0619,images/FRND0619.jpg,Friends,Friends
14285,FRND0578,images/FRND0578.jpg,Friends,Friends
14286,FRND0655,images/FRND0655.jpg,Friends,Friends
14287,FRND0638,images/FRND0638.jpg,Friends,Friends
14288,FRND0668,images/FRND0668.jpg,Friends,Friends
14289,FRND0587,images/FRND0587.jpg,Friends,Friends
14290,FRND0581,images/FRND0581.jpg,Friends,Friends
14291,FRND0654,images/FRND0654.jpg,Friends,Friends
14292,FRND0579,images/FRND0579.jpg,Friends,Friends
14293,FRND0593,images/FRND0593.jpg,Friends,Friends
14294,FRND0600,images/FRND0600.jpg,Friends,Friends
14295,FRND0583,images/FRND0583.jpg,Friends,Friends
14296,FRND0614,images/FRND0614.jpg,Friends,Friends
14297,FRND0567,images/FRND0567.jpg,Friends,Friends
14298,FRND0661,images/FRND0661.jpg,Friends,Friends
14299,FRND0658,images/FRND0658.jpg,Friends,Friends
14300,FRND0631,images/FRND0631.jpg,Friends,Friends
14301,FRND0624,images/FRND0624.jpg,Friends,Friends
14302,FRND0637,images/FRND0637.jpg,Friends,Friends
14303,FRND0615,images/FRND0615.jpg,Friends,Friends
14304,FRND0650,images/FRND0650.jpg,Friends,Friends
14305,FRND0623,images/FRND0623.jpg,Friends,Friends
14306,FRND0592,images/FRND0592.jpg,Friends,Friends
14307,FRND0585,images/FRND0585.jpg,Friends,Friends
14308,FRND0590,images/FRND0590.jpg,Friends,Friends
14309,FRND0608,images/FRND0608.jpg,Friends,Friends
14310,FRND0641,images/FRND0641.jpg,Friends,Friends
14311,FRND0611,images/FRND0611.jpg,Friends,Friends
14312,FRND0625,images/FRND0625.jpg,Friends,Friends
14313,FRND0604,images/FRND0604.jpg,Friends,Friends
14314,FRND0643,images/FRND0643.jpg,Friends,Friends
14315,FRND0628,images/FRND0628.jpg,Friends,Friends
14316,FRND0596,images/FRND0596.jpg,Friends,Friends
14317,FRND0591,images/FRND0591.jpg,Friends,Friends
14318,FRND0648,images/FRND0648.jpg,Friends,Friends
14319,FRND0569,images/FRND0569.jpg,Friends,Friends
14320,FRND0588,images/FRND0588.jpg,Friends,Friends
14321,FRND0630,images/FRND0630.jpg,Friends,Friends
14322,FRND0594,images/FRND0594.jpg,Friends,Friends
14323,FRND0603,images/FRND0603.jpg,Friends,Friends
14324,FRND0582,images/FRND0582.jpg,Friends,Friends
14325,FRND0589,images/FRND0589.jpg,Friends,Friends
14326,FRND0652,images/FRND0652.jpg,Friends,Friends
14327,FRND0627,images/FRND0627.jpg,Friends,Friends
14328,FRND0665,images/FRND0665.jpg,Friends,Friends
14329,FRND0617,images/FRND0617.jpg,Friends,Friends
14330,FRND0634,images/FRND0634.jpg,Friends,Friends
14331,FRND0571,images/FRND0571.jpg,Friends,Friends
14332,FRND0572,images/FRND0572.jpg,Friends,Friends
14333,FRND0635,images/FRND0635.jpg,Friends,Friends
14334,FRND0632,images/FRND0632.jpg,Friends,Friends
14335,FRND0570,images/FRND0570.jpg,Friends,Friends
14336,FRND0607,images/FRND0607.jpg,Friends,Friends
14337,FRND0659,images/FRND0659.jpg,Friends,Friends
14338,FRND0629,images/FRND0629.jpg,Friends,Friends
14339,FRND0662,images/FRND0662.jpg,Friends,Friends
14340,FRND0642,images/FRND0642.jpg,Friends,Friends
14341,FRND0599,images/FRND0599.jpg,Friends,Friends
14342,FRND0605,images/FRND0605.jpg,Friends,Friends
14343,FRND0616,images/FRND0616.jpg,Friends,Friends
14344,FRND0646,images/FRND0646.jpg,Friends,Friends
14345,FRND0636,images/FRND0636.jpg,Friends,Friends
14346,LOR112,images/LOR112.jpg,The Hobbit and The Lord of the Rings,The Hobbit and The Lord of the Rings
14347,MAR0165,images/MAR0165.jpg,Super Mario,Super Mario
14348,GDH002,images/GDH002.jpg,Gabby's Dollhouse,Other
14349,GDH001,images/GDH001.jpg,Gabby's Dollhouse,Other
14350,GDH006,images/GDH006.jpg,Gabby's Dollhouse,Other
14351,IDEA171,images/IDEA171.jpg,LEGO Ideas,LEGO Ideas
14352,CTY1543,images/CTY1543.jpg,Town,Town
14353,CTY1540,images/CTY1540.jpg,Town,Town
14354,CTY1541,images/CTY1541.jpg,Town,Town
14355,CTY1542,images/CTY1542.jpg,Town,Town
14356,LOR125,images/LOR125.jpg,The Hobbit and The Lord of the Rings,The Hobbit and The Lord of the Rings
14357,CTY1535,images/CTY1535.jpg,Town,Town
14358,DIS129,images/DIS129.jpg,Disney,Disney
14359,NJO0839,images/NJO0839.jpg,NINJAGO,NINJAGO
14360,NJO0802,images/NJO0802.jpg,NINJAGO,NINJAGO
14361,HP435,images/HP435.jpg,Harry Potter,Harry Potter
14362,NJO0804,images/NJO0804.jpg,NINJAGO,NINJAGO
14363,SH0861,images/SH0861.jpg,Super Heroes,Super Heroes
14364,SH0863,images/SH0863.jpg,Super Heroes,Super Heroes
14365,SH0868,images/SH0868.jpg,Super Heroes,Super Heroes
14366,LOR119,images/LOR119.jpg,The Hobbit and The Lord of the Rings,The Hobbit and The Lord of the Rings
14367,HP437,images/HP437.jpg,Harry Potter,Harry Potter
14368,HOL324,images/HOL324.jpg,Holiday & Event,Holiday & Event
14369,LOR118,images/LOR118.jpg,The Hobbit and The Lord of the Rings,The Hobbit and The Lord of the Rings
14370,CTY1530,images/CTY1530.jpg,Town,Town
14371,HP448,images/HP448.jpg,Harry Potter,Harry Potter
14372,HP452,images/HP452.jpg,Harry Potter,Harry Potter
14373,HP457,images/HP457.jpg,Harry Potter,Harry Potter
14374,MIN156,images/MIN156.jpg,Minecraft,Minecraft
14375,COLMAR20,images/COLMAR20.jpg,Collectible Minifigures,Collectible Minifigures
14376,SW1314,images/SW1314.jpg,Star Wars,Star Wars
14377,SW1252,images/SW1252.jpg,Star Wars,Star Wars
14378,MAR0147,images/MAR0147.jpg,Super Mario,Super Mario
14379,SH0888,images/SH0888.jpg,Super Heroes,Super Heroes
14380,MAR0152,images/MAR0152.jpg,Super Mario,Super Mario
14381,DRM002,images/DRM002.jpg,DREAMZzz,DREAMZzz
14382,HP450,images/HP450.jpg,Harry Potter,Harry Potter
14383,HP454,images/HP454.jpg,Harry Potter,Harry Potter
14384,HP445,images/HP445.jpg,Harry Potter,Harry Potter
14385,SH0874,images/SH0874.jpg,Super Heroes,Super Heroes
14386,MIN144,images/MIN144.jpg,Minecraft,Minecraft
14387,FST044,images/FST044.jpg,FIRST LEGO League,Other
14388,SW1284,images/SW1284.jpg,Star Wars,Star Wars
14389,HP407,images/HP407.jpg,Harry Potter,Harry Potter
14390,HP443,images/HP443.jpg,Harry Potter,Harry Potter
14391,HP458,images/HP458.jpg,Harry Potter,Harry Potter
14392,HP419,images/HP419.jpg,Harry Potter,Harry Potter
14393,HP396,images/HP396.jpg,Harry Potter,Harry Potter
14394,HP427,images/HP427.jpg,Harry Potter,Harry Potter
14395,HP408,images/HP408.jpg,Harry Potter,Harry Potter
14396,HP421,images/HP421.jpg,Harry Potter,Harry Potter
14397,HP438,images/HP438.jpg,Harry Potter,Harry Potter
14398,HP449,images/HP449.jpg,Harry Potter,Harry Potter
14399,HP413,images/HP413.jpg,Harry Potter,Harry Potter
14400,SH0925,images/SH0925.jpg,Super Heroes,Super Heroes
14401,COLMAR18,images/COLMAR18.jpg,Collectible Minifigures,Collectible Minifigures
14402,SW1311,images/SW1311.jpg,Star Wars,Star Wars
14403,HP409,images/HP409.jpg,Harry Potter,Harry Potter
14404,HP415,images/HP415.jpg,Harry Potter,Harry Potter
14405,HP439,images/HP439.jpg,Harry Potter,Harry Potter
14406,HP460,images/HP460.jpg,Harry Potter,Harry Potter
14407,MIN136,images/MIN136.jpg,Minecraft,Minecraft
14408,BDP089,images/BDP089.jpg,BrickLink Designer Program,BrickLink Designer Program
14409,CTY1652,images/CTY1652.jpg,Town,Town
14410,TWN472,images/TWN472.jpg,Town,Town
14411,SW1313,images/SW1313.jpg,Star Wars,Star Wars
14412,NJO0831,images/NJO0831.jpg,NINJAGO,NINJAGO
14413,IAJ054,images/IAJ054.jpg,Indiana Jones,Other
14414,SH0932,images/SH0932.jpg,Super Heroes,Super Heroes
14415,SH0857,images/SH0857.jpg,Super Heroes,Super Heroes
14416,MAR0153,images/MAR0153.jpg,Super Mario,Super Mario
14417,CTY1682,images/CTY1682.jpg,Town,Town
14418,CTY1683,images/CTY1683.jpg,Town,Town
14419,CTY1636,images/CTY1636.jpg,Town,Town
14420,CTY1616,images/CTY1616.jpg,Town,Town
14421,CTY1617,images/CTY1617.jpg,Town,Town
14422,SW1265,images/SW1265.jpg,Star Wars,Star Wars
14423,PI192,images/PI192.jpg,Pirates,Pirates
14424,PI191,images/PI191.jpg,Pirates,Pirates
14425,PI193,images/PI193.jpg,Pirates,Pirates
14426,PI196,images/PI196.jpg,Pirates,Pirates
14427,PI194,images/PI194.jpg,Pirates,Pirates
14428,PI188,images/PI188.jpg,Pirates,Pirates
14429,SW1275,images/SW1275.jpg,Star Wars,Star Wars
14430,SW1251,images/SW1251.jpg,Star Wars,Star Wars
14431,SW1260,images/SW1260.jpg,Star Wars,Star Wars
14432,NJO0815,images/NJO0815.jpg,NINJAGO,NINJAGO
14433,NJO0817,images/NJO0817.jpg,NINJAGO,NINJAGO
14434,NJO0827,images/NJO0827.jpg,NINJAGO,NINJAGO
14435,NJO0818,images/NJO0818.jpg,NINJAGO,NINJAGO
14436,IAJ046,images/IAJ046.jpg,Indiana Jones,Other
14437,IAJ049,images/IAJ049.jpg,Indiana Jones,Other
14438,IAJ056,images/IAJ056.jpg,Indiana Jones,Other
14439,DIS114,images/DIS114.jpg,Disney,Disney
14440,MK106,images/MK106.jpg,Monkie Kid,Monkie Kid
14441,MK107,images/MK107.jpg,Monkie Kid,Monkie Kid
14442,SH0910,images/SH0910.jpg,Super Heroes,Super Heroes
14443,SH0923,images/SH0923.jpg,Super Heroes,Super Heroes
14444,SH0853,images/SH0853.jpg,Super Heroes,Super Heroes
14445,SH0904,images/SH0904.jpg,Super Heroes,Super Heroes
14446,SH0914,images/SH0914.jpg,Super Heroes,Super Heroes
14447,DRM032,images/DRM032.jpg,DREAMZzz,DREAMZzz
14448,DRM001,images/DRM001.jpg,DREAMZzz,DREAMZzz
14449,DRM030,images/DRM030.jpg,DREAMZzz,DREAMZzz
14450,SW1309,images/SW1309.jpg,Star Wars,Star Wars
14451,DIS130,images/DIS130.jpg,Disney,Disney
14452,AVT022,images/AVT022.jpg,Avatar,Other
14453,DP170,images/DP170.jpg,Disney,Disney
14454,NJO0814,images/NJO0814.jpg,NINJAGO,NINJAGO
14455,DRM004,images/DRM004.jpg,DREAMZzz,DREAMZzz
14456,TWN456,images/TWN456.jpg,Town,Town
14457,JW118,images/JW118.jpg,Jurassic World,Jurassic World
14458,DIS094,images/DIS094.jpg,Collectible Minifigures,Collectible Minifigures
14459,JW103,images/JW103.jpg,Jurassic World,Jurassic World
14460,MIN142,images/MIN142.jpg,Minecraft,Minecraft
14461,NJO0830,images/NJO0830.jpg,NINJAGO,NINJAGO
14462,NJO0808,images/NJO0808.jpg,NINJAGO,NINJAGO
14463,NJO0811,images/NJO0811.jpg,NINJAGO,NINJAGO
14464,SW1268,images/SW1268.jpg,Star Wars,Star Wars
14465,DIS113,images/DIS113.jpg,Disney,Disney
14466,COLMAR19,images/COLMAR19.jpg,Collectible Minifigures,Collectible Minifigures
14467,SH0931,images/SH0931.jpg,Super Heroes,Super Heroes
14468,CTY1626,images/CTY1626.jpg,Town,Town
14469,DIS148,images/DIS148.jpg,Disney,Disney
14470,DIS111,images/DIS111.jpg,Disney,Disney
14471,AVT027,images/AVT027.jpg,Avatar,Other
14472,GDH007,images/GDH007.jpg,Gabby's Dollhouse,Other
14473,MIN146,images/MIN146.jpg,Minecraft,Minecraft
14474,DP184,images/DP184.jpg,Disney,Disney
14475,TWN468,images/TWN468.jpg,Town,Town
14476,MAR0169,images/MAR0169.jpg,Super Mario,Super Mario
14477,HP432,images/HP432.jpg,Harry Potter,Harry Potter
14478,CTY1574,images/CTY1574.jpg,Town,Town
14479,BDP075,images/BDP075.jpg,BrickLink Designer Program,BrickLink Designer Program
14480,MK114,images/MK114.jpg,Monkie Kid,Monkie Kid
14481,HP441,images/HP441.jpg,Harry Potter,Harry Potter
14482,LOR127,images/LOR127.jpg,The Hobbit and The Lord of the Rings,The Hobbit and The Lord of the Rings
14483,JW114,images/JW114.jpg,Jurassic World,Jurassic World
14484,NJO0790,images/NJO0790.jpg,NINJAGO,NINJAGO
14485,NJO0810,images/NJO0810.jpg,NINJAGO,NINJAGO
14486,NJO0813,images/NJO0813.jpg,NINJAGO,NINJAGO
14487,NJO0848,images/NJO0848.jpg,NINJAGO,NINJAGO
14488,AVT020,images/AVT020.jpg,Avatar,Other
14489,HOL326,images/HOL326.jpg,Holiday & Event,Holiday & Event
14490,HOL328,images/HOL328.jpg,Holiday & Event,Holiday & Event
14491,DRM005,images/DRM005.jpg,DREAMZzz,DREAMZzz
14492,SH0860,images/SH0860.jpg,Super Heroes,Super Heroes
14493,NJO0812,images/NJO0812.jpg,NINJAGO,NINJAGO
14494,HP422,images/HP422.jpg,Harry Potter,Harry Potter
14495,SW1307,images/SW1307.jpg,Star Wars,Star Wars
14496,SW1283,images/SW1283.jpg,Star Wars,Star Wars
14497,SW1266,images/SW1266.jpg,Star Wars,Star Wars
14498,SW1262,images/SW1262.jpg,Star Wars,Star Wars
14499,SW1267,images/SW1267.jpg,Star Wars,Star Wars
14500,HP403,images/HP403.jpg,Harry Potter,Harry Potter
14501,HOL306,images/HOL306.jpg,Holiday & Event,Holiday & Event
14502,HOL318,images/HOL318.jpg,Holiday & Event,Holiday & Event
14503,HOL305,images/HOL305.jpg,Holiday & Event,Holiday & Event
14504,HOL321,images/HOL321.jpg,Holiday & Event,Holiday & Event
14505,HOL322,images/HOL322.jpg,Holiday & Event,Holiday & Event
14506,HOL319,images/HOL319.jpg,Holiday & Event,Holiday & Event
14507,HOL313,images/HOL313.jpg,Holiday & Event,Holiday & Event
14508,HOL312,images/HOL312.jpg,Holiday & Event,Holiday & Event
14509,HOL314,images/HOL314.jpg,Holiday & Event,Holiday & Event
14510,HOL316,images/HOL316.jpg,Holiday & Event,Holiday & Event
14511,HOL315,images/HOL315.jpg,Holiday & Event,Holiday & Event
14512,HOL307,images/HOL307.jpg,Holiday & Event,Holiday & Event
14513,HOL311,images/HOL311.jpg,Holiday & Event,Holiday & Event
14514,HOL309,images/HOL309.jpg,Holiday & Event,Holiday & Event
14515,SW1269,images/SW1269.jpg,Star Wars,Star Wars
14516,HP463,images/HP463.jpg,Harry Potter,Harry Potter
14517,TWN457,images/TWN457.jpg,Town,Town
14518,FST038,images/FST038.jpg,FIRST LEGO League,Other
14519,MAR0173,images/MAR0173.jpg,Super Mario,Super Mario
14520,CAS580,images/CAS580.jpg,Castle,Castle
14521,CTY1634,images/CTY1634.jpg,Town,Town
14522,BDP085,images/BDP085.jpg,BrickLink Designer Program,BrickLink Designer Program
14523,DP177,images/DP177.jpg,Disney,Disney
14524,DIS127,images/DIS127.jpg,Disney,Disney
14525,FST043,images/FST043.jpg,FIRST LEGO League,Other
14526,BDP070,images/BDP070.jpg,BrickLink Designer Program,BrickLink Designer Program
14527,HOL349,images/HOL349.jpg,Holiday & Event,Holiday & Event
14528,TWN469,images/TWN469.jpg,Holiday & Event,Holiday & Event
14529,SW1259,images/SW1259.jpg,Star Wars,Star Wars
14530,SH0878,images/SH0878.jpg,Super Heroes,Super Heroes
14531,IAJ050,images/IAJ050.jpg,Indiana Jones,Other
14532,SW1301,images/SW1301.jpg,Star Wars,Star Wars
14533,IDEA163,images/IDEA163.jpg,LEGO Ideas,LEGO Ideas
14534,DRM003,images/DRM003.jpg,DREAMZzz,DREAMZzz
14535,DRM021,images/DRM021.jpg,DREAMZzz,DREAMZzz
14536,DRM016,images/DRM016.jpg,DREAMZzz,DREAMZzz
14537,IDEA159,images/IDEA159.jpg,LEGO Ideas,LEGO Ideas
14538,SH0882,images/SH0882.jpg,Super Heroes,Super Heroes
14539,SC108,images/SC108.jpg,SPEED CHAMPIONS,SPEED CHAMPIONS
14540,SC107,images/SC107.jpg,SPEED CHAMPIONS,SPEED CHAMPIONS
14541,CTY1539,images/CTY1539.jpg,Town,Town
14542,BDP072,images/BDP072.jpg,BrickLink Designer Program,BrickLink Designer Program
14543,SOC157,images/SOC157.jpg,Sports,Sports
14544,MK115,images/MK115.jpg,Monkie Kid,Monkie Kid
14545,MK110,images/MK110.jpg,Monkie Kid,Monkie Kid
14546,GDH004,images/GDH004.jpg,Gabby's Dollhouse,Other
14547,LOR124,images/LOR124.jpg,The Hobbit and The Lord of the Rings,The Hobbit and The Lord of the Rings
14548,HP417,images/HP417.jpg,Harry Potter,Harry Potter
14549,HP404,images/HP404.jpg,Harry Potter,Harry Potter
14550,DIS085,images/DIS085.jpg,Disney,Disney
14551,DIS115,images/DIS115.jpg,Disney,Disney
14552,DIS131,images/DIS131.jpg,Disney,Disney
14553,DIS147,images/DIS147.jpg,Disney,Disney
14554,DIS141,images/DIS141.jpg,Disney,Disney
14555,DIS102,images/DIS102.jpg,Collectible Minifigures,Collectible Minifigures
14556,DIS089,images/DIS089.jpg,Disney,Disney
14557,DIS142,images/DIS142.jpg,Disney,Disney
14558,DIS117,images/DIS117.jpg,Disney,Disney
14559,NJO0843,images/NJO0843.jpg,NINJAGO,NINJAGO
14560,SH0894,images/SH0894.jpg,Super Heroes,Super Heroes
14561,DP171,images/DP171.jpg,Disney,Disney
14562,DIS088,images/DIS088.jpg,Disney,Disney
14563,MAR0175,images/MAR0175.jpg,Super Mario,Super Mario
14564,HP423,images/HP423.jpg,Harry Potter,Harry Potter
14565,CTY1664,images/CTY1664.jpg,Town,Town
14566,MK132,images/MK132.jpg,Monkie Kid,Monkie Kid
14567,MK119,images/MK119.jpg,Monkie Kid,Monkie Kid
14568,MK126,images/MK126.jpg,Monkie Kid,Monkie Kid
14569,MK121,images/MK121.jpg,Monkie Kid,Monkie Kid
14570,MK127,images/MK127.jpg,Monkie Kid,Monkie Kid
14571,MK131,images/MK131.jpg,Monkie Kid,Monkie Kid
14572,MK113,images/MK113.jpg,Monkie Kid,Monkie Kid
14573,MK118,images/MK118.jpg,Monkie Kid,Monkie Kid
14574,CTY1672,images/CTY1672.jpg,Town,Town
14575,COLMAR14,images/COLMAR14.jpg,Collectible Minifigures,Collectible Minifigures
14576,SH0856,images/SH0856.jpg,Super Heroes,Super Heroes
14577,SW1290,images/SW1290.jpg,Star Wars,Star Wars
14578,MAR0171,images/MAR0171.jpg,Super Mario,Super Mario
14579,BDP068,images/BDP068.jpg,BrickLink Designer Program,BrickLink Designer Program
14580,SON011,images/SON011.jpg,Sonic the Hedgehog,Other
14581,CTY1631,images/CTY1631.jpg,Town,Town
14582,CTY1627,images/CTY1627.jpg,Town,Town
14583,CTY1571,images/CTY1571.jpg,Town,Town
14584,TWN459,images/TWN459.jpg,Town,Town
14585,TWN460,images/TWN460.jpg,Town,Town
14586,COLMAR15,images/COLMAR15.jpg,Collectible Minifigures,Collectible Minifigures
14587,DRM020,images/DRM020.jpg,DREAMZzz,DREAMZzz
14588,MK120,images/MK120.jpg,Monkie Kid,Monkie Kid
14589,MK129,images/MK129.jpg,Monkie Kid,Monkie Kid
14590,DRM031,images/DRM031.jpg,DREAMZzz,DREAMZzz
14591,DRM014,images/DRM014.jpg,DREAMZzz,DREAMZzz
14592,HOL325,images/HOL325.jpg,Holiday & Event,Holiday & Event
14593,SH0913,images/SH0913.jpg,Super Heroes,Super Heroes
14594,DIS124,images/DIS124.jpg,Disney,Disney
14595,DIS100,images/DIS100.jpg,Collectible Minifigures,Collectible Minifigures
14596,IAJ052,images/IAJ052.jpg,Indiana Jones,Other
14597,SH0876,images/SH0876.jpg,Super Heroes,Super Heroes
14598,SH0893,images/SH0893.jpg,Super Heroes,Super Heroes
14599,AVT019,images/AVT019.jpg,Avatar,Other
14600,MIN152,images/MIN152.jpg,Minecraft,Minecraft
14601,MIN147,images/MIN147.jpg,Minecraft,Minecraft
14602,HP425,images/HP425.jpg,Harry Potter,Harry Potter
14603,HP398,images/HP398.jpg,Harry Potter,Harry Potter
14604,COL423,images/COL423.jpg,Collectible Minifigures,Collectible Minifigures
14605,SON010,images/SON010.jpg,Sonic the Hedgehog,Other
14606,AVT024,images/AVT024.jpg,Avatar,Other
14607,DRM007,images/DRM007.jpg,DREAMZzz,DREAMZzz
14608,DRM012,images/DRM012.jpg,DREAMZzz,DREAMZzz
14609,CTY1645,images/CTY1645.jpg,Town,Town
14610,DRM010,images/DRM010.jpg,DREAMZzz,DREAMZzz
14611,NJO0809,images/NJO0809.jpg,NINJAGO,NINJAGO
14612,NJO0824,images/NJO0824.jpg,NINJAGO,NINJAGO
14613,SW1255,images/SW1255.jpg,Star Wars,Star Wars
14614,SH0870,images/SH0870.jpg,Super Heroes,Super Heroes
14615,DP185,images/DP185.jpg,Disney,Disney
14616,COL418,images/COL418.jpg,Collectible Minifigures,Collectible Minifigures
14617,IDEA175,images/IDEA175.jpg,LEGO Ideas,LEGO Ideas
14618,IDEA176,images/IDEA176.jpg,LEGO Ideas,LEGO Ideas
14619,IDEA179,images/IDEA179.jpg,LEGO Ideas,LEGO Ideas
14620,IDEA173,images/IDEA173.jpg,LEGO Ideas,LEGO Ideas
14621,IDEA172,images/IDEA172.jpg,LEGO Ideas,LEGO Ideas
14622,IDEA178,images/IDEA178.jpg,LEGO Ideas,LEGO Ideas
14623,IDEA174,images/IDEA174.jpg,LEGO Ideas,LEGO Ideas
14624,DIS092,images/DIS092.jpg,Collectible Minifigures,Collectible Minifigures
14625,SH0871,images/SH0871.jpg,Super Heroes,Super Heroes
14626,SH0872,images/SH0872.jpg,Super Heroes,Super Heroes
14627,JW102,images/JW102.jpg,Jurassic World,Jurassic World
14628,HP431,images/HP431.jpg,Harry Potter,Harry Potter
14629,TWN465,images/TWN465.jpg,Town,Town
14630,SW1303,images/SW1303.jpg,Star Wars,Star Wars
14631,SC109,images/SC109.jpg,SPEED CHAMPIONS,SPEED CHAMPIONS
14632,GDH005,images/GDH005.jpg,Gabby's Dollhouse,Other
14633,HP400,images/HP400.jpg,Harry Potter,Harry Potter
14634,CTY1573,images/CTY1573.jpg,Town,Town
14635,CTY1572,images/CTY1572.jpg,Town,Town
14636,CTY1528,images/CTY1528.jpg,Town,Town
14637,CTY1678,images/CTY1678.jpg,Town,Town
14638,CTY1679,images/CTY1679.jpg,Town,Town
14639,CTY1519,images/CTY1519.jpg,Town,Town
14640,SH0926,images/SH0926.jpg,Super Heroes,Super Heroes
14641,LOR123,images/LOR123.jpg,The Hobbit and The Lord of the Rings,The Hobbit and The Lord of the Rings
14642,DIS083,images/DIS083.jpg,Disney,Disney
14643,DIS087,images/DIS087.jpg,Disney,Disney
14644,FST042,images/FST042.jpg,FIRST LEGO League,Other
14645,SH0912,images/SH0912.jpg,Super Heroes,Super Heroes
14646,MK109,images/MK109.jpg,Monkie Kid,Monkie Kid
14647,MK128,images/MK128.jpg,Monkie Kid,Monkie Kid
14648,MAR0143,images/MAR0143.jpg,Super Mario,Super Mario
14649,DIS093,images/DIS093.jpg,Collectible Minifigures,Collectible Minifigures
14650,PI189,images/PI189.jpg,Pirates,Pirates
14651,PI197,images/PI197.jpg,Pirates,Pirates
14652,PI190,images/PI190.jpg,Pirates,Pirates
14653,MAR0172,images/MAR0172.jpg,Super Mario,Super Mario
14654,CTY1669,images/CTY1669.jpg,Town,Town
14655,SW1294,images/SW1294.jpg,Star Wars,Star Wars
14656,NJO0792,images/NJO0792.jpg,NINJAGO,NINJAGO
14657,TWN452,images/TWN452.jpg,Town,Town
14658,CTY1646,images/CTY1646.jpg,Town,Town
14659,TWN458,images/TWN458.jpg,Town,Town
14660,PLN203,images/PLN203.jpg,FIRST LEGO League,Other
14661,PLN206,images/PLN206.jpg,FIRST LEGO League,Other
14662,PLN199,images/PLN199.jpg,FIRST LEGO League,Other
14663,PLN200,images/PLN200.jpg,FIRST LEGO League,Other
14664,PLN205,images/PLN205.jpg,FIRST LEGO League,Other
14665,PLN204,images/PLN204.jpg,FIRST LEGO League,Other
14666,PLN201,images/PLN201.jpg,FIRST LEGO League,Other
14667,PLN197,images/PLN197.jpg,Educational & Dacta,Other
14668,PLN196,images/PLN196.jpg,Town,Town
14669,PLN202,images/PLN202.jpg,FIRST LEGO League,Other
14670,CTY1681,images/CTY1681.jpg,Town,Town
14671,CTY1680,images/CTY1680.jpg,Town,Town
14672,CTY1675,images/CTY1675.jpg,Town,Town
14673,DIS118,images/DIS118.jpg,Disney,Disney
14674,DIS103,images/DIS103.jpg,Collectible Minifigures,Collectible Minifigures
14675,CTY1586,images/CTY1586.jpg,Town,Town
14676,CTY1566,images/CTY1566.jpg,Town,Town
14677,CTY1558,images/CTY1558.jpg,Town,Town
14678,CTY1587,images/CTY1587.jpg,Town,Town
14679,CTY1564,images/CTY1564.jpg,Town,Town
14680,CTY1557,images/CTY1557.jpg,Town,Town
14681,CTY1525,images/CTY1525.jpg,Town,Town
14682,CTY1589,images/CTY1589.jpg,Town,Town
14683,CTY1560,images/CTY1560.jpg,Town,Town
14684,CTY1562,images/CTY1562.jpg,Town,Town
14685,CTY1563,images/CTY1563.jpg,Town,Town
14686,CTY1561,images/CTY1561.jpg,Town,Town
14687,CTY1588,images/CTY1588.jpg,Town,Town
14688,CTY1565,images/CTY1565.jpg,Town,Town
14689,CTY1570,images/CTY1570.jpg,Town,Town
14690,CTY1548,images/CTY1548.jpg,Town,Town
14691,CTY1559,images/CTY1559.jpg,Town,Town
14692,CTY1595,images/CTY1595.jpg,Town,Town
14693,CTY1526,images/CTY1526.jpg,Town,Town
14694,CTY1618,images/CTY1618.jpg,Town,Town
14695,MAR0142,images/MAR0142.jpg,Super Mario,Super Mario
14696,CTY1552,images/CTY1552.jpg,Town,Town
14697,TWN475,images/TWN475.jpg,Town,Town
14698,SC106,images/SC106.jpg,SPEED CHAMPIONS,SPEED CHAMPIONS
14699,COL420,images/COL420.jpg,Collectible Minifigures,Collectible Minifigures
14700,DIS133,images/DIS133.jpg,Disney,Disney
14701,DP179,images/DP179.jpg,Disney,Disney
14702,DIS135,images/DIS135.jpg,Disney,Disney
14703,DIS106,images/DIS106.jpg,Collectible Minifigures,Collectible Minifigures
14704,DIS136,images/DIS136.jpg,Disney,Disney
14705,DP175,images/DP175.jpg,Disney,Disney
14706,SW1282,images/SW1282.jpg,Star Wars,Star Wars
14707,SW1296,images/SW1296.jpg,Star Wars,Star Wars
14708,SW1264,images/SW1264.jpg,Star Wars,Star Wars
14709,IAJ047,images/IAJ047.jpg,Indiana Jones,Other
14710,SW1299,images/SW1299.jpg,Star Wars,Star Wars
14711,HP420,images/HP420.jpg,Harry Potter,Harry Potter
14712,DRM026,images/DRM026.jpg,DREAMZzz,DREAMZzz
14713,MAR0162,images/MAR0162.jpg,Super Mario,Super Mario
14714,CTY1665,images/CTY1665.jpg,Town,Town
14715,DIS098,images/DIS098.jpg,Collectible Minifigures,Collectible Minifigures
14716,CTY1671,images/CTY1671.jpg,Town,Town
14717,CTY1667,images/CTY1667.jpg,Town,Town
14718,CTY1593,images/CTY1593.jpg,Town,Town
14719,CTY1666,images/CTY1666.jpg,Town,Town
14720,CTY1670,images/CTY1670.jpg,Town,Town
14721,IDEA177,images/IDEA177.jpg,LEGO Ideas,LEGO Ideas
14722,MAR0167,images/MAR0167.jpg,Super Mario,Super Mario
14723,NJO0821,images/NJO0821.jpg,NINJAGO,NINJAGO
14724,DP169,images/DP169.jpg,Disney,Disney
14725,DP167,images/DP167.jpg,Disney,Disney
14726,DIS138,images/DIS138.jpg,Disney,Disney
14727,JW109,images/JW109.jpg,Jurassic World,Jurassic World
14728,DIS120,images/DIS120.jpg,Disney,Disney
14729,AVT018,images/AVT018.jpg,Avatar,Other
14730,SW1286,images/SW1286.jpg,Star Wars,Star Wars
14731,SW1285,images/SW1285.jpg,Star Wars,Star Wars
14732,SW1281,images/SW1281.jpg,Star Wars,Star Wars
14733,SW1279,images/SW1279.jpg,Star Wars,Star Wars
14734,TWN476,images/TWN476.jpg,Town,Town
14735,CTY1522,images/CTY1522.jpg,Town,Town
14736,CTY1521,images/CTY1521.jpg,Town,Town
14737,MAR0159,images/MAR0159.jpg,Super Mario,Super Mario
14738,SW1295,images/SW1295.jpg,Star Wars,Star Wars
14739,IAJ053,images/IAJ053.jpg,Indiana Jones,Other
14740,SW1317,images/SW1317.jpg,Star Wars,Star Wars
14741,HP451,images/HP451.jpg,Harry Potter,Harry Potter
14742,LOR120,images/LOR120.jpg,The Hobbit and The Lord of the Rings,The Hobbit and The Lord of the Rings
14743,LOR122,images/LOR122.jpg,The Hobbit and The Lord of the Rings,The Hobbit and The Lord of the Rings
14744,JW115,images/JW115.jpg,Jurassic World,Jurassic World
14745,DIS105,images/DIS105.jpg,Collectible Minifigures,Collectible Minifigures
14746,COL412,images/COL412.jpg,Collectible Minifigures,Collectible Minifigures
14747,CTY1635,images/CTY1635.jpg,Town,Town
14748,FST040,images/FST040.jpg,FIRST LEGO League,Other
14749,SH0875,images/SH0875.jpg,Super Heroes,Super Heroes
14750,SH0858,images/SH0858.jpg,Super Heroes,Super Heroes
14751,CTY1578,images/CTY1578.jpg,Town,Town
14752,COL422,images/COL422.jpg,Collectible Minifigures,Collectible Minifigures
14753,COL421,images/COL421.jpg,Collectible Minifigures,Collectible Minifigures
14754,CTY1625,images/CTY1625.jpg,Town,Town
14755,HP434,images/HP434.jpg,Harry Potter,Harry Potter
14756,HP416,images/HP416.jpg,Harry Potter,Harry Potter
14757,HP459,images/HP459.jpg,Harry Potter,Harry Potter
14758,HP436,images/HP436.jpg,Harry Potter,Harry Potter
14759,AVT026,images/AVT026.jpg,Avatar,Other
14760,DIS090,images/DIS090.jpg,Disney,Disney
14761,SW1302,images/SW1302.jpg,Star Wars,Star Wars
14762,DIS145,images/DIS145.jpg,Disney,Disney
14763,DIS144,images/DIS144.jpg,Disney,Disney
14764,IAJ051,images/IAJ051.jpg,Indiana Jones,Other
14765,SOC171,images/SOC171.jpg,Sports,Sports
14766,LOR113,images/LOR113.jpg,The Hobbit and The Lord of the Rings,The Hobbit and The Lord of the Rings
14767,SH0864,images/SH0864.jpg,Super Heroes,Super Heroes
14768,MK112,images/MK112.jpg,Monkie Kid,Monkie Kid
14769,MK130,images/MK130.jpg,Monkie Kid,Monkie Kid
14770,CTY1651,images/CTY1651.jpg,Town,Town
14771,IDEA161,images/IDEA161.jpg,LEGO Ideas,LEGO Ideas
14772,IAJ055,images/IAJ055.jpg,Indiana Jones,Other
14773,FST039,images/FST039.jpg,FIRST LEGO League,Other
14774,HP426,images/HP426.jpg,Harry Potter,Harry Potter
14775,CTY1594,images/CTY1594.jpg,Town,Town
14776,MIN143,images/MIN143.jpg,Minecraft,Minecraft
14777,COLMAR17,images/COLMAR17.jpg,Collectible Minifigures,Collectible Minifigures
14778,SH0917,images/SH0917.jpg,Super Heroes,Super Heroes
14779,SH0918,images/SH0918.jpg,Super Heroes,Super Heroes
14780,SH0919,images/SH0919.jpg,Super Heroes,Super Heroes
14781,SW1292,images/SW1292.jpg,Star Wars,Star Wars
14782,MK122,images/MK122.jpg,Monkie Kid,Monkie Kid
14783,DP172,images/DP172.jpg,Disney,Disney
14784,CTY1628,images/CTY1628.jpg,Town,Town
14785,GEN172,images/GEN172.jpg,Friends,Friends
14786,CTY1659,images/CTY1659.jpg,Town,Town
14787,GEN180,images/GEN180.jpg,LEGO Brand,LEGO Brand
14788,PI195,images/PI195.jpg,Pirates,Pirates
14789,CTY1638,images/CTY1638.jpg,Town,Town
14790,MAR0176,images/MAR0176.jpg,Super Mario,Super Mario
14791,DRM006,images/DRM006.jpg,DREAMZzz,DREAMZzz
14792,DIS134,images/DIS134.jpg,Disney,Disney
14793,CTY1633,images/CTY1633.jpg,Town,Town
14794,SW1256,images/SW1256.jpg,Star Wars,Star Wars
14795,SOC168,images/SOC168.jpg,Sports,Sports
14796,SOC154,images/SOC154.jpg,Sports,Sports
14797,SOC159,images/SOC159.jpg,Sports,Sports
14798,SOC163,images/SOC163.jpg,Sports,Sports
14799,SOC160,images/SOC160.jpg,Sports,Sports
14800,SOC167,images/SOC167.jpg,Sports,Sports
14801,SOC164,images/SOC164.jpg,Sports,Sports
14802,SOC166,images/SOC166.jpg,Sports,Sports
14803,SOC161,images/SOC161.jpg,Sports,Sports
14804,SOC165,images/SOC165.jpg,Sports,Sports
14805,SOC162,images/SOC162.jpg,Sports,Sports
14806,BDP067,images/BDP067.jpg,BrickLink Designer Program,BrickLink Designer Program
14807,SON004,images/SON004.jpg,Sonic the Hedgehog,Other
14808,SON001,images/SON001.jpg,Sonic the Hedgehog,Other
14809,NJO0820,images/NJO0820.jpg,NINJAGO,NINJAGO
14810,NJO0845,images/NJO0845.jpg,NINJAGO,NINJAGO
14811,DIS095,images/DIS095.jpg,Collectible Minifigures,Collectible Minifigures
14812,BDP073,images/BDP073.jpg,BrickLink Designer Program,BrickLink Designer Program
14813,TWN479,images/TWN479.jpg,Town,Town
14814,COL414,images/COL414.jpg,Collectible Minifigures,Collectible Minifigures
14815,BDP076,images/BDP076.jpg,BrickLink Designer Program,BrickLink Designer Program
14816,CTY1550,images/CTY1550.jpg,Town,Town
14817,AVT016,images/AVT016.jpg,Avatar,Other
14818,SH0867,images/SH0867.jpg,Super Heroes,Super Heroes
14819,SH0862,images/SH0862.jpg,Super Heroes,Super Heroes
14820,SH0855,images/SH0855.jpg,Super Heroes,Super Heroes
14821,SH0866,images/SH0866.jpg,Super Heroes,Super Heroes
14822,SH0905,images/SH0905.jpg,Super Heroes,Super Heroes
14823,MAR0157,images/MAR0157.jpg,Super Mario,Super Mario
14824,NJO0825,images/NJO0825.jpg,NINJAGO,NINJAGO
14825,CTY1524,images/CTY1524.jpg,Town,Town
14826,BDP066,images/BDP066.jpg,BrickLink Designer Program,BrickLink Designer Program
14827,MAR0170,images/MAR0170.jpg,Super Mario,Super Mario
14828,DIS146,images/DIS146.jpg,Disney,Disney
14829,SH0873,images/SH0873.jpg,Super Heroes,Super Heroes
14830,BDP090,images/BDP090.jpg,BrickLink Designer Program,BrickLink Designer Program
14831,MIN140,images/MIN140.jpg,Minecraft,Minecraft
14832,DIS107,images/DIS107.jpg,Collectible Minifigures,Collectible Minifigures
14833,COLMAR23,images/COLMAR23.jpg,Collectible Minifigures,Collectible Minifigures
14834,MIN141,images/MIN141.jpg,Minecraft,Minecraft
14835,CTY1648,images/CTY1648.jpg,Town,Town
14836,NJO0835,images/NJO0835.jpg,NINJAGO,NINJAGO
14837,CTY1592,images/CTY1592.jpg,Town,Town
14838,CTY1579,images/CTY1579.jpg,Town,Town
14839,CTY1591,images/CTY1591.jpg,Town,Town
14840,CTY1577,images/CTY1577.jpg,Town,Town
14841,CTY1575,images/CTY1575.jpg,Town,Town
14842,CTY1590,images/CTY1590.jpg,Town,Town
14843,CTY1576,images/CTY1576.jpg,Town,Town
14844,CTY1527,images/CTY1527.jpg,Town,Town
14845,CTY1531,images/CTY1531.jpg,Town,Town
14846,CTY1581,images/CTY1581.jpg,Town,Town
14847,MAR0156,images/MAR0156.jpg,Super Mario,Super Mario
14848,MAR0148,images/MAR0148.jpg,Super Mario,Super Mario
14849,DRM011,images/DRM011.jpg,DREAMZzz,DREAMZzz
14850,HP406,images/HP406.jpg,Harry Potter,Harry Potter
14851,NJO0846,images/NJO0846.jpg,NINJAGO,NINJAGO
14852,COL417,images/COL417.jpg,Collectible Minifigures,Collectible Minifigures
14853,CTY1668,images/CTY1668.jpg,Town,Town
14854,TWN455,images/TWN455.jpg,Town,Town
14855,SON002,images/SON002.jpg,Sonic the Hedgehog,Other
14856,TWN466,images/TWN466.jpg,Town,Town
14857,SH0934,images/SH0934.jpg,Super Heroes,Super Heroes
14858,NJO0832,images/NJO0832.jpg,NINJAGO,NINJAGO
14859,SH0896,images/SH0896.jpg,Super Heroes,Super Heroes
14860,SH0859,images/SH0859.jpg,Super Heroes,Super Heroes
14861,SH0906,images/SH0906.jpg,Super Heroes,Super Heroes
14862,SH0889,images/SH0889.jpg,Super Heroes,Super Heroes
14863,HP464,images/HP464.jpg,Harry Potter,Harry Potter
14864,MK111,images/MK111.jpg,Monkie Kid,Monkie Kid
14865,MK117,images/MK117.jpg,Monkie Kid,Monkie Kid
14866,HP411,images/HP411.jpg,Harry Potter,Harry Potter
14867,SH0900,images/SH0900.jpg,Super Heroes,Super Heroes
14868,SH0901,images/SH0901.jpg,Super Heroes,Super Heroes
14869,SH0903,images/SH0903.jpg,Super Heroes,Super Heroes
14870,SW1258,images/SW1258.jpg,Star Wars,Star Wars
14871,SH0887,images/SH0887.jpg,Super Heroes,Super Heroes
14872,DIS109,images/DIS109.jpg,Collectible Minifigures,Collectible Minifigures
14873,SH0897,images/SH0897.jpg,Super Heroes,Super Heroes
14874,SH0927,images/SH0927.jpg,Super Heroes,Super Heroes
14875,90398PB046,images/90398PB046.jpg,Super Heroes,Super Heroes
14876,COLMAR16,images/COLMAR16.jpg,Collectible Minifigures,Collectible Minifigures
14877,SH0915,images/SH0915.jpg,Super Heroes,Super Heroes
14878,DIS119,images/DIS119.jpg,Disney,Disney
14879,DIS096,images/DIS096.jpg,Collectible Minifigures,Collectible Minifigures
14880,JW113,images/JW113.jpg,Jurassic World,Jurassic World
14881,DIS121,images/DIS121.jpg,Disney,Disney
14882,DIS086,images/DIS086.jpg,Disney,Disney
14883,AVT023,images/AVT023.jpg,Avatar,Other
14884,AVT025,images/AVT025.jpg,Avatar,Other
14885,SH0928,images/SH0928.jpg,Super Heroes,Super Heroes
14886,HOL329,images/HOL329.jpg,Holiday & Event,Holiday & Event
14887,HOL330,images/HOL330.jpg,Holiday & Event,Holiday & Event
14888,CTY1654,images/CTY1654.jpg,Town,Town
14889,HP440,images/HP440.jpg,Harry Potter,Harry Potter
14890,BDP086,images/BDP086.jpg,BrickLink Designer Program,BrickLink Designer Program
14891,BDP082,images/BDP082.jpg,BrickLink Designer Program,BrickLink Designer Program
14892,SW1271,images/SW1271.jpg,Star Wars,Star Wars
14893,BDP083,images/BDP083.jpg,BrickLink Designer Program,BrickLink Designer Program
14894,BDP092,images/BDP092.jpg,BrickLink Designer Program,BrickLink Designer Program
14895,BDP088,images/BDP088.jpg,BrickLink Designer Program,BrickLink Designer Program
14896,BDP091,images/BDP091.jpg,BrickLink Designer Program,BrickLink Designer Program
14897,BDP087,images/BDP087.jpg,BrickLink Designer Program,BrickLink Designer Program
14898,BDP084,images/BDP084.jpg,BrickLink Designer Program,BrickLink Designer Program
14899,AVT015,images/AVT015.jpg,Avatar,Other
14900,AVT014,images/AVT014.jpg,Avatar,Other
14901,CTY1642,images/CTY1642.jpg,Town,Town
14902,MAR0149,images/MAR0149.jpg,Super Mario,Super Mario
14903,MK125,images/MK125.jpg,Monkie Kid,Monkie Kid
14904,SH0924,images/SH0924.jpg,Super Heroes,Super Heroes
14905,DP180,images/DP180.jpg,Disney,Disney
14906,DIS112,images/DIS112.jpg,Disney,Disney
14907,CTY1547,images/CTY1547.jpg,Town,Town
14908,SH0898,images/SH0898.jpg,Super Heroes,Super Heroes
14909,SW1257,images/SW1257.jpg,Star Wars,Star Wars
14910,SH0895,images/SH0895.jpg,Super Heroes,Super Heroes
14911,CTY1532,images/CTY1532.jpg,Town,Town
14912,CTY1649,images/CTY1649.jpg,Town,Town
14913,CTY1533,images/CTY1533.jpg,Town,Town
14914,SW1250,images/SW1250.jpg,Star Wars,Star Wars
14915,CTY1685,images/CTY1685.jpg,Town,Town
14916,IDEA168,images/IDEA168.jpg,LEGO Ideas,LEGO Ideas
14917,IDEA167,images/IDEA167.jpg,LEGO Ideas,LEGO Ideas
14918,IDEA169,images/IDEA169.jpg,LEGO Ideas,LEGO Ideas
14919,IDEA170,images/IDEA170.jpg,LEGO Ideas,LEGO Ideas
14920,HP414,images/HP414.jpg,Harry Potter,Harry Potter
14921,NJO0840,images/NJO0840.jpg,NINJAGO,NINJAGO
14922,NJO0849,images/NJO0849.jpg,NINJAGO,NINJAGO
14923,SH0916,images/SH0916.jpg,Super Heroes,Super Heroes
14924,BDP078,images/BDP078.jpg,BrickLink Designer Program,BrickLink Designer Program
14925,BDP079,images/BDP079.jpg,BrickLink Designer Program,BrickLink Designer Program
14926,DIS140,images/DIS140.jpg,Disney,Disney
14927,MIN148,images/MIN148.jpg,Minecraft,Minecraft
14928,CTY1687,images/CTY1687.jpg,Town,Town
14929,MAR0146,images/MAR0146.jpg,Super Mario,Super Mario
14930,DIS084,images/DIS084.jpg,Disney,Disney
14931,DIS122,images/DIS122.jpg,Disney,Disney
14932,DIS139,images/DIS139.jpg,Disney,Disney
14933,TWN474,images/TWN474.jpg,Town,Town
14934,IDEA162,images/IDEA162.jpg,LEGO Ideas,LEGO Ideas
14935,BDP065,images/BDP065.jpg,BrickLink Designer Program,BrickLink Designer Program
14936,HOL331,images/HOL331.jpg,Holiday & Event,Holiday & Event
14937,HOL335,images/HOL335.jpg,Holiday & Event,Holiday & Event
14938,HOL333,images/HOL333.jpg,Holiday & Event,Holiday & Event
14939,HOL334,images/HOL334.jpg,Holiday & Event,Holiday & Event
14940,MIN150,images/MIN150.jpg,Minecraft,Minecraft
14941,COLMAR24,images/COLMAR24.jpg,Collectible Minifigures,Collectible Minifigures
14942,HOL350,images/HOL350.jpg,Holiday & Event,Holiday & Event
14943,FST041,images/FST041.jpg,FIRST LEGO League,Other
14944,BDP071,images/BDP071.jpg,BrickLink Designer Program,BrickLink Designer Program
14945,FST036,images/FST036.jpg,FIRST LEGO League,Other
14946,FST035,images/FST035.jpg,FIRST LEGO League,Other
14947,CTY1568,images/CTY1568.jpg,Town,Town
14948,NJO0805,images/NJO0805.jpg,NINJAGO,NINJAGO
14949,NJO0823,images/NJO0823.jpg,NINJAGO,NINJAGO
14950,HOL310,images/HOL310.jpg,Holiday & Event,Holiday & Event
14951,MK108,images/MK108.jpg,Monkie Kid,Monkie Kid
14952,SW1270,images/SW1270.jpg,Star Wars,Star Wars
14953,SW1288,images/SW1288.jpg,Star Wars,Star Wars
14954,SOC158,images/SOC158.jpg,Sports,Sports
14955,DRM013,images/DRM013.jpg,DREAMZzz,DREAMZzz
14956,DRM033,images/DRM033.jpg,DREAMZzz,DREAMZzz
14957,NJO0806,images/NJO0806.jpg,NINJAGO,NINJAGO
14958,NJO0837,images/NJO0837.jpg,NINJAGO,NINJAGO
14959,NJO0819,images/NJO0819.jpg,NINJAGO,NINJAGO
14960,DRM029,images/DRM029.jpg,DREAMZzz,DREAMZzz
14961,DRM009,images/DRM009.jpg,DREAMZzz,DREAMZzz
14962,DRM015,images/DRM015.jpg,DREAMZzz,DREAMZzz
14963,COLDND06,images/COLDND06.jpg,Collectible Minifigures,Collectible Minifigures
14964,DIS170,images/DIS170.jpg,Disney,Disney
14965,SW1378,images/SW1378.jpg,Star Wars,Star Wars
14966,JW123,images/JW123.jpg,Jurassic World,Jurassic World
14967,TWN503,images/TWN503.jpg,Town,Town
14968,FORT002,images/FORT002.jpg,Fortnite,Other
14969,MNN032,images/MNN032.jpg,Despicable Me and Minions,Other
14970,SW1354,images/SW1354.jpg,Star Wars,Star Wars
14971,DRM037,images/DRM037.jpg,DREAMZzz,DREAMZzz
14972,HP488,images/HP488.jpg,Harry Potter,Harry Potter
14973,HP525,images/HP525.jpg,Harry Potter,Harry Potter
14974,MIN158,images/MIN158.jpg,Minecraft,Minecraft
14975,CTY1757,images/CTY1757.jpg,Town,Town
14976,CTY1727,images/CTY1727.jpg,Town,Town
14977,CTY1764,images/CTY1764.jpg,Town,Town
14978,COL446,images/COL446.jpg,Collectible Minifigures,Collectible Minifigures
14979,COL438,images/COL438.jpg,Collectible Minifigures,Collectible Minifigures
14980,CTY1720,images/CTY1720.jpg,Town,Town
14981,SW1332,images/SW1332.jpg,Star Wars,Star Wars
14982,DP192,images/DP192.jpg,Disney,Disney
14983,DP196,images/DP196.jpg,Disney,Disney
14984,DIS166,images/DIS166.jpg,Disney,Disney
14985,DIS163,images/DIS163.jpg,Disney,Disney
14986,CTY1825,images/CTY1825.jpg,Town,Town
14987,CTY1768,images/CTY1768.jpg,Town,Town
14988,HP478,images/HP478.jpg,Harry Potter,Harry Potter
14989,DIS150,images/DIS150.jpg,Disney,Disney
14990,DP189,images/DP189.jpg,Disney,Disney
14991,DP200,images/DP200.jpg,Disney,Disney
14992,DP193,images/DP193.jpg,Disney,Disney
14993,NJO0850,images/NJO0850.jpg,NINJAGO,NINJAGO
14994,NJO0866,images/NJO0866.jpg,NINJAGO,NINJAGO
14995,NJO0908,images/NJO0908.jpg,NINJAGO,NINJAGO
14996,NJO0898,images/NJO0898.jpg,NINJAGO,NINJAGO
14997,MIN157,images/MIN157.jpg,Minecraft,Minecraft
14998,HP514,images/HP514.jpg,Harry Potter,Harry Potter
14999,SC116,images/SC116.jpg,SPEED CHAMPIONS,SPEED CHAMPIONS
15000,SC117,images/SC117.jpg,SPEED CHAMPIONS,SPEED CHAMPIONS
15001,DRM059,images/DRM059.jpg,DREAMZzz,DREAMZzz
15002,SW1362,images/SW1362.jpg,Star Wars,Star Wars
15003,SW1393,images/SW1393.jpg,Star Wars,Star Wars
15004,SW1385,images/SW1385.jpg,Star Wars,Star Wars
15005,CTY1759,images/CTY1759.jpg,Town,Town
15006,CTY1726,images/CTY1726.jpg,Town,Town
15007,CTY1753,images/CTY1753.jpg,Town,Town
15008,CTY1698,images/CTY1698.jpg,Town,Town
15009,CTY1762,images/CTY1762.jpg,Town,Town
15010,CTY1708,images/CTY1708.jpg,Town,Town
15011,CTY1695,images/CTY1695.jpg,Town,Town
15012,CTY1754,images/CTY1754.jpg,Town,Town
15013,CTY1722,images/CTY1722.jpg,Town,Town
15014,CTY1693,images/CTY1693.jpg,Town,Town
15015,CTY1707,images/CTY1707.jpg,Town,Town
15016,CTY1692,images/CTY1692.jpg,Town,Town
15017,CTY1755,images/CTY1755.jpg,Town,Town
15018,CTY1694,images/CTY1694.jpg,Town,Town
15019,CTY1706,images/CTY1706.jpg,Town,Town
15020,CTY1763,images/CTY1763.jpg,Town,Town
15021,CTY1745,images/CTY1745.jpg,Town,Town
15022,CTY1697,images/CTY1697.jpg,Town,Town
15023,CTY1729,images/CTY1729.jpg,Town,Town
15024,CTY1758,images/CTY1758.jpg,Town,Town
15025,CTY1775,images/CTY1775.jpg,Town,Town
15026,CTY1696,images/CTY1696.jpg,Town,Town
15027,CTY1709,images/CTY1709.jpg,Town,Town
15028,SC113,images/SC113.jpg,SPEED CHAMPIONS,SPEED CHAMPIONS
15029,ANI012,images/ANI012.jpg,Animal Crossing,Other
15030,MK139,images/MK139.jpg,Monkie Kid,Monkie Kid
15031,DIS151,images/DIS151.jpg,Disney,Disney
15032,DIS153,images/DIS153.jpg,Disney,Disney
15033,DP194,images/DP194.jpg,Disney,Disney
15034,TWN497,images/TWN497.jpg,Town,Town
15035,CTY1823,images/CTY1823.jpg,Town,Town
15036,FRND0675,images/FRND0675.jpg,Friends,Friends
15037,FRND0762,images/FRND0762.jpg,Friends,Friends
15038,GDH012,images/GDH012.jpg,Gabby's Dollhouse,Other
15039,GDH011,images/GDH011.jpg,Gabby's Dollhouse,Other
15040,MIN176,images/MIN176.jpg,Minecraft,Minecraft
15041,BDP111,images/BDP111.jpg,BrickLink Designer Program,BrickLink Designer Program
15042,HOL369,images/HOL369.jpg,Holiday & Event,Holiday & Event
15043,CTY1735,images/CTY1735.jpg,Town,Town
15044,CTY1785,images/CTY1785.jpg,Town,Town
15045,IDEA208,images/IDEA208.jpg,LEGO Ideas,LEGO Ideas
15046,BDP132,images/BDP132.jpg,BrickLink Designer Program,BrickLink Designer Program
15047,DUN008,images/DUN008.jpg,Dune,Other
15048,IDEA197,images/IDEA197.jpg,LEGO Ideas,LEGO Ideas
15049,HP494,images/HP494.jpg,Harry Potter,Harry Potter
15050,DIS159,images/DIS159.jpg,Disney,Disney
15051,SH0965,images/SH0965.jpg,Super Heroes,Super Heroes
15052,TLM082,images/TLM082.jpg,The LEGO Movie,Other
15053,SH0988,images/SH0988.jpg,Super Heroes,Super Heroes
15054,SH0964,images/SH0964.jpg,Super Heroes,Super Heroes
15055,SH0986,images/SH0986.jpg,Super Heroes,Super Heroes
15056,SH0958,images/SH0958.jpg,Super Heroes,Super Heroes
15057,SH0962,images/SH0962.jpg,Super Heroes,Super Heroes
15058,SH0956,images/SH0956.jpg,Super Heroes,Super Heroes
15059,FORT001,images/FORT001.jpg,Fortnite,Other
15060,SW1320,images/SW1320.jpg,Star Wars,Star Wars
15061,SW1338,images/SW1338.jpg,Star Wars,Star Wars
15062,SW1365,images/SW1365.jpg,Star Wars,Star Wars
15063,IDEA199,images/IDEA199.jpg,LEGO Ideas,LEGO Ideas
15064,JW121,images/JW121.jpg,Jurassic World,Jurassic World
15065,SW1383,images/SW1383.jpg,Star Wars,Star Wars
15066,HP510,images/HP510.jpg,Harry Potter,Harry Potter
15067,SH0996,images/SH0996.jpg,Super Heroes,Super Heroes
15068,BDP107,images/BDP107.jpg,BrickLink Designer Program,BrickLink Designer Program
15069,BDP103,images/BDP103.jpg,BrickLink Designer Program,BrickLink Designer Program
15070,NJO0910,images/NJO0910.jpg,NINJAGO,NINJAGO
15071,COL448,images/COL448.jpg,Collectible Minifigures,Collectible Minifigures
15072,MIN166,images/MIN166.jpg,Minecraft,Minecraft
15073,NJO0913,images/NJO0913.jpg,NINJAGO,NINJAGO
15074,SC111,images/SC111.jpg,SPEED CHAMPIONS,SPEED CHAMPIONS
15075,SC110,images/SC110.jpg,SPEED CHAMPIONS,SPEED CHAMPIONS
15076,NJO0889,images/NJO0889.jpg,NINJAGO,NINJAGO
15077,MAR0199,images/MAR0199.jpg,Super Mario,Super Mario
15078,MAR0187,images/MAR0187.jpg,Super Mario,Super Mario
15079,IDEA209,images/IDEA209.jpg,LEGO Ideas,LEGO Ideas
15080,SW1368,images/SW1368.jpg,Star Wars,Star Wars
15081,MAR0179,images/MAR0179.jpg,Super Mario,Super Mario
15082,MAR0184,images/MAR0184.jpg,Super Mario,Super Mario
15083,FST053,images/FST053.jpg,FIRST LEGO League,Other
15084,FORT003,images/FORT003.jpg,Fortnite,Other
15085,IDEA200,images/IDEA200.jpg,LEGO Ideas,LEGO Ideas
15086,MIN171,images/MIN171.jpg,Minecraft,Minecraft
15087,ANI009,images/ANI009.jpg,Animal Crossing,Other
15088,TWN496,images/TWN496.jpg,Town,Town
15089,TWN495,images/TWN495.jpg,Town,Town
15090,CTY1769,images/CTY1769.jpg,Town,Town
15091,CTY1770,images/CTY1770.jpg,Town,Town
15092,CTY1771,images/CTY1771.jpg,Town,Town
15093,CTY1772,images/CTY1772.jpg,Town,Town
15094,SW1377,images/SW1377.jpg,Star Wars,Star Wars
15095,DIS169,images/DIS169.jpg,Disney,Disney
15096,CTY1734,images/CTY1734.jpg,Town,Town
15097,SH1003,images/SH1003.jpg,Super Heroes,Super Heroes
15098,SH0973,images/SH0973.jpg,Super Heroes,Super Heroes
15099,SW1328,images/SW1328.jpg,Star Wars,Star Wars
15100,CTY1815,images/CTY1815.jpg,Town,Town
15101,CAS582,images/CAS582.jpg,Castle,Castle
15102,SH0961,images/SH0961.jpg,Super Heroes,Super Heroes
15103,HP507,images/HP507.jpg,Harry Potter,Harry Potter
15104,MAR0205,images/MAR0205.jpg,Super Mario,Super Mario
15105,DUN007,images/DUN007.jpg,Dune,Other
15106,HP511,images/HP511.jpg,Harry Potter,Harry Potter
15107,MAR0183,images/MAR0183.jpg,Super Mario,Super Mario
15108,HOL337,images/HOL337.jpg,Holiday & Event,Holiday & Event
15109,IDEA189,images/IDEA189.jpg,LEGO Ideas,LEGO Ideas
15110,TWN488,images/TWN488.jpg,Town,Town
15111,TWN499,images/TWN499.jpg,Town,Town
15112,CTY1786,images/CTY1786.jpg,Town,Town
15113,CTY1820,images/CTY1820.jpg,Town,Town
15114,LLP036,images/LLP036.jpg,LEGOLAND Parks,Other
15115,CTY1806,images/CTY1806.jpg,Town,Town
15116,TWN501,images/TWN501.jpg,Town,Town
15117,HOL342,images/HOL342.jpg,Holiday & Event,Holiday & Event
15118,IDEA207,images/IDEA207.jpg,LEGO Ideas,LEGO Ideas
15119,CTY1792,images/CTY1792.jpg,Town,Town
15120,BDP110,images/BDP110.jpg,BrickLink Designer Program,BrickLink Designer Program
15121,IDEA204,images/IDEA204.jpg,LEGO Ideas,LEGO Ideas
15122,CTY1802,images/CTY1802.jpg,Town,Town
15123,HOL339,images/HOL339.jpg,Holiday & Event,Holiday & Event
15124,TWN504,images/TWN504.jpg,Town,Town
15125,CTY1740,images/CTY1740.jpg,Town,Town
15126,CTY1821,images/CTY1821.jpg,Town,Town
15127,CTY1797,images/CTY1797.jpg,Town,Town
15128,TWN502,images/TWN502.jpg,Town,Town
15129,TWN498,images/TWN498.jpg,Town,Town
15130,HP469,images/HP469.jpg,Harry Potter,Harry Potter
15131,HP522,images/HP522.jpg,Harry Potter,Harry Potter
15132,HP523,images/HP523.jpg,Harry Potter,Harry Potter
15133,NJO0861,images/NJO0861.jpg,NINJAGO,NINJAGO
15134,NJO0901,images/NJO0901.jpg,NINJAGO,NINJAGO
15135,DIS152,images/DIS152.jpg,Disney,Disney
15136,CTY1776,images/CTY1776.jpg,Town,Town
15137,CTY1780,images/CTY1780.jpg,Town,Town
15138,CTY1765,images/CTY1765.jpg,Town,Town
15139,CTY1777,images/CTY1777.jpg,Town,Town
15140,CTY1779,images/CTY1779.jpg,Town,Town
15141,CTY1778,images/CTY1778.jpg,Town,Town
15142,CTY1767,images/CTY1767.jpg,Town,Town
15143,SP142,images/SP142.jpg,Space,Space
15144,SP145,images/SP145.jpg,Space,Space
15145,SP144,images/SP144.jpg,Space,Space
15146,SP143,images/SP143.jpg,Space,Space
15147,SP146,images/SP146.jpg,Space,Space
15148,SP140,images/SP140.jpg,Space,Space
15149,SP141,images/SP141.jpg,Space,Space
15150,SW1329,images/SW1329.jpg,Star Wars,Star Wars
15151,SW1319,images/SW1319.jpg,Star Wars,Star Wars
15152,SW1337,images/SW1337.jpg,Star Wars,Star Wars
15153,MIN168,images/MIN168.jpg,Minecraft,Minecraft
15154,NJO0888,images/NJO0888.jpg,NINJAGO,NINJAGO
15155,NJO0894,images/NJO0894.jpg,NINJAGO,NINJAGO
15156,NJO0909,images/NJO0909.jpg,NINJAGO,NINJAGO
15157,NJO0863,images/NJO0863.jpg,NINJAGO,NINJAGO
15158,NJO0900,images/NJO0900.jpg,NINJAGO,NINJAGO
15159,SW1374,images/SW1374.jpg,Star Wars,Star Wars
15160,CTY1816,images/CTY1816.jpg,Town,Town
15161,CTY1788,images/CTY1788.jpg,Town,Town
15162,CTY1818,images/CTY1818.jpg,Town,Town
15163,CTY1789,images/CTY1789.jpg,Town,Town
15164,CTY1787,images/CTY1787.jpg,Town,Town
15165,CTY1819,images/CTY1819.jpg,Town,Town
15166,CTY1710,images/CTY1710.jpg,Town,Town
15167,CTY1756,images/CTY1756.jpg,Town,Town
15168,CTY1817,images/CTY1817.jpg,Town,Town
15169,DRM067,images/DRM067.jpg,DREAMZzz,DREAMZzz
15170,DRM050,images/DRM050.jpg,DREAMZzz,DREAMZzz
15171,FORT006,images/FORT006.jpg,Fortnite,Other
15172,FORT004,images/FORT004.jpg,Fortnite,Other
15173,SH0941,images/SH0941.jpg,Super Heroes,Super Heroes
15174,SH0992,images/SH0992.jpg,Super Heroes,Super Heroes
15175,GDH009,images/GDH009.jpg,Gabby's Dollhouse,Other
15176,HP487,images/HP487.jpg,Harry Potter,Harry Potter
15177,JW119,images/JW119.jpg,Jurassic World,Jurassic World
15178,JW125,images/JW125.jpg,Jurassic World,Jurassic World
15179,SW1366,images/SW1366.jpg,Star Wars,Star Wars
15180,SW1367,images/SW1367.jpg,Star Wars,Star Wars
15181,SW1325,images/SW1325.jpg,Star Wars,Star Wars
15182,SW1330,images/SW1330.jpg,Star Wars,Star Wars
15183,SW1333,images/SW1333.jpg,Star Wars,Star Wars
15184,SW1364,images/SW1364.jpg,Star Wars,Star Wars
15185,HP471,images/HP471.jpg,Harry Potter,Harry Potter
15186,FST054,images/FST054.jpg,FIRST LEGO League,Other
15187,DRM047,images/DRM047.jpg,DREAMZzz,DREAMZzz
15188,DRM058,images/DRM058.jpg,DREAMZzz,DREAMZzz
15189,DIS155,images/DIS155.jpg,Disney,Disney
15190,CTY1795,images/CTY1795.jpg,Town,Town
15191,CTY1796,images/CTY1796.jpg,Town,Town
15192,DRM049,images/DRM049.jpg,DREAMZzz,DREAMZzz
15193,DRM055,images/DRM055.jpg,DREAMZzz,DREAMZzz
15194,DRM056,images/DRM056.jpg,DREAMZzz,DREAMZzz
15195,DIS168,images/DIS168.jpg,Disney,Disney
15196,DRM051,images/DRM051.jpg,DREAMZzz,DREAMZzz
15197,DIS161,images/DIS161.jpg,Disney,Disney
15198,MAR0182,images/MAR0182.jpg,Super Mario,Super Mario
15199,DUN006,images/DUN006.jpg,Dune,Other
15200,SH0946,images/SH0946.jpg,Super Heroes,Super Heroes
15201,SH0947,images/SH0947.jpg,Super Heroes,Super Heroes
15202,HP520,images/HP520.jpg,Harry Potter,Harry Potter
15203,IDEA185,images/IDEA185.jpg,LEGO Ideas,LEGO Ideas
15204,COLDND04,images/COLDND04.jpg,Collectible Minifigures,Collectible Minifigures
15205,SH0977,images/SH0977.jpg,Super Heroes,Super Heroes
15206,DRM046,images/DRM046.jpg,DREAMZzz,DREAMZzz
15207,DRM063,images/DRM063.jpg,DREAMZzz,DREAMZzz
15208,DRM066,images/DRM066.jpg,DREAMZzz,DREAMZzz
15209,DRM065,images/DRM065.jpg,DREAMZzz,DREAMZzz
15210,FORT007,images/FORT007.jpg,Fortnite,Other
15211,SW1418,images/SW1418.jpg,Star Wars,Star Wars
15212,SW1340,images/SW1340.jpg,Star Wars,Star Wars
15213,MAR0200,images/MAR0200.jpg,Super Mario,Super Mario
15214,DUN004,images/DUN004.jpg,Dune,Other
15215,DUN003,images/DUN003.jpg,Dune,Other
15216,47394PB354,images/47394PB354.jpg,DUPLO,DUPLO
15217,47394PB353,images/47394PB353.jpg,DUPLO,DUPLO
15218,47205PB111,images/47205PB111.jpg,DUPLO,DUPLO
15219,47205PB112,images/47205PB112.jpg,DUPLO,DUPLO
15220,47205PB113,images/47205PB113.jpg,DUPLO,DUPLO
15221,47394PB358,images/47394PB358.jpg,DUPLO,DUPLO
15222,47394PB356,images/47394PB356.jpg,DUPLO,DUPLO
15223,47394PB357,images/47394PB357.jpg,DUPLO,DUPLO
15224,47205PB119,images/47205PB119.jpg,DUPLO,DUPLO
15225,47205PB115,images/47205PB115.jpg,DUPLO,DUPLO
15226,47394PB360,images/47394PB360.jpg,DUPLO,DUPLO
15227,47394PB355,images/47394PB355.jpg,DUPLO,DUPLO
15228,47394PB359,images/47394PB359.jpg,DUPLO,DUPLO
15229,47205PB117,images/47205PB117.jpg,DUPLO,DUPLO
15230,47205PB118,images/47205PB118.jpg,DUPLO,DUPLO
15231,47205PB114,images/47205PB114.jpg,DUPLO,DUPLO
15232,47205PB120,images/47205PB120.jpg,DUPLO,DUPLO
15233,47205PB116,images/47205PB116.jpg,DUPLO,DUPLO
15234,DUPMERMAID05,images/DUPMERMAID05.jpg,DUPLO,DUPLO
15235,DUPMERMAID03,images/DUPMERMAID03.jpg,DUPLO,DUPLO
15236,DUPMERMAID04,images/DUPMERMAID04.jpg,DUPLO,DUPLO
15237,CRS115,images/CRS115.jpg,DUPLO,DUPLO
15238,COLDND01,images/COLDND01.jpg,Collectible Minifigures,Collectible Minifigures
15239,IDEA180,images/IDEA180.jpg,LEGO Ideas,LEGO Ideas
15240,COL425,images/COL425.jpg,Collectible Minifigures,Collectible Minifigures
15241,MNN025,images/MNN025.jpg,Despicable Me and Minions,Other
15242,MIN159,images/MIN159.jpg,Minecraft,Minecraft
15243,SON022,images/SON022.jpg,Sonic the Hedgehog,Other
15244,SON020,images/SON020.jpg,Sonic the Hedgehog,Other
15245,SH0945,images/SH0945.jpg,Super Heroes,Super Heroes
15246,SH0951,images/SH0951.jpg,Super Heroes,Super Heroes
15247,HOL363,images/HOL363.jpg,Holiday & Event,Holiday & Event
15248,HOL364,images/HOL364.jpg,Holiday & Event,Holiday & Event
15249,HOL366,images/HOL366.jpg,Holiday & Event,Holiday & Event
15250,HOL365,images/HOL365.jpg,Holiday & Event,Holiday & Event
15251,HOL367,images/HOL367.jpg,Holiday & Event,Holiday & Event
15252,COLDND09,images/COLDND09.jpg,Collectible Minifigures,Collectible Minifigures
15253,IDEA181,images/IDEA181.jpg,LEGO Ideas,LEGO Ideas
15254,WCK008,images/WCK008.jpg,Wicked,Other
15255,WCK003,images/WCK003.jpg,Wicked,Other
15256,WCK004,images/WCK004.jpg,Wicked,Other
15257,DP190,images/DP190.jpg,Disney,Disney
15258,DP197,images/DP197.jpg,Disney,Disney
15259,DP191,images/DP191.jpg,Disney,Disney
15260,MIN201,images/MIN201.jpg,Minecraft,Minecraft
15261,MIN189,images/MIN189.jpg,Minecraft,Minecraft
15262,MIN188,images/MIN188.jpg,Minecraft,Minecraft
15263,WED003,images/WED003.jpg,Wednesday,Other
15264,WED005,images/WED005.jpg,Wednesday,Other
15265,NJO0879,images/NJO0879.jpg,NINJAGO,NINJAGO
15266,MK148,images/MK148.jpg,Monkie Kid,Monkie Kid
15267,DP203,images/DP203.jpg,Disney,Disney
15268,SW1355,images/SW1355.jpg,Star Wars,Star Wars
15269,SH1000,images/SH1000.jpg,Super Heroes,Super Heroes
15270,CTY1761,images/CTY1761.jpg,Town,Town
15271,HP484,images/HP484.jpg,Harry Potter,Harry Potter
15272,ANI004,images/ANI004.jpg,Animal Crossing,Other
15273,SW1351,images/SW1351.jpg,Star Wars,Star Wars
15274,SC121,images/SC121.jpg,SPEED CHAMPIONS,SPEED CHAMPIONS
15275,COL434,images/COL434.jpg,Collectible Minifigures,Collectible Minifigures
15276,FST056,images/FST056.jpg,FIRST LEGO League,Other
15277,COL424,images/COL424.jpg,Collectible Minifigures,Collectible Minifigures
15278,CTY1731,images/CTY1731.jpg,Town,Town
15279,CTY1732,images/CTY1732.jpg,Town,Town
15280,CTY1794,images/CTY1794.jpg,Town,Town
15281,CTY1713,images/CTY1713.jpg,Town,Town
15282,CTY1748,images/CTY1748.jpg,Town,Town
15283,CTY1715,images/CTY1715.jpg,Town,Town
15284,CTY1714,images/CTY1714.jpg,Town,Town
15285,CTY1733,images/CTY1733.jpg,Town,Town
15286,CTY1747,images/CTY1747.jpg,Town,Town
15287,CTY1746,images/CTY1746.jpg,Town,Town
15288,CTY1716,images/CTY1716.jpg,Town,Town
15289,CTY1783,images/CTY1783.jpg,Town,Town
15290,CTY1739,images/CTY1739.jpg,Town,Town
15291,CTY1717,images/CTY1717.jpg,Town,Town
15292,SH0980,images/SH0980.jpg,Super Heroes,Super Heroes
15293,CTY1799,images/CTY1799.jpg,Town,Town
15294,COL430,images/COL430.jpg,Collectible Minifigures,Collectible Minifigures
15295,WCK010,images/WCK010.jpg,Wicked,Other
15296,HP497,images/HP497.jpg,Harry Potter,Harry Potter
15297,BDP108,images/BDP108.jpg,BrickLink Designer Program,BrickLink Designer Program
15298,HOL341,images/HOL341.jpg,Holiday & Event,Holiday & Event
15299,COL443,images/COL443.jpg,Collectible Minifigures,Collectible Minifigures
15300,DP187,images/DP187.jpg,Disney,Disney
15301,SC114,images/SC114.jpg,SPEED CHAMPIONS,SPEED CHAMPIONS
15302,DIS164,images/DIS164.jpg,Disney,Disney
15303,BDP128,images/BDP128.jpg,BrickLink Designer Program,BrickLink Designer Program
15304,BDP127,images/BDP127.jpg,BrickLink Designer Program,BrickLink Designer Program
15305,CTY1809,images/CTY1809.jpg,Town,Town
15306,CTY1810,images/CTY1810.jpg,Town,Town
15307,GEN189,images/GEN189.jpg,Promotional,Other
15308,HP515,images/HP515.jpg,Harry Potter,Harry Potter
15309,FRND0766,images/FRND0766.jpg,Friends,Friends
15310,FRND0699,images/FRND0699.jpg,Friends,Friends
15311,FRND0709,images/FRND0709.jpg,Friends,Friends
15312,FRND0764,images/FRND0764.jpg,Friends,Friends
15313,FRND0670,images/FRND0670.jpg,Friends,Friends
15314,FRND0686,images/FRND0686.jpg,Friends,Friends
15315,FRND0756,images/FRND0756.jpg,Friends,Friends
15316,FRND0723,images/FRND0723.jpg,Friends,Friends
15317,FRND0676,images/FRND0676.jpg,Friends,Friends
15318,FRND0708,images/FRND0708.jpg,Friends,Friends
15319,FRND0697,images/FRND0697.jpg,Friends,Friends
15320,FRND0711,images/FRND0711.jpg,Friends,Friends
15321,FRND0677,images/FRND0677.jpg,Friends,Friends
15322,FRND0721,images/FRND0721.jpg,Friends,Friends
15323,FRND0733,images/FRND0733.jpg,Friends,Friends
15324,FRND0753,images/FRND0753.jpg,Friends,Friends
15325,FRND0737,images/FRND0737.jpg,Friends,Friends
15326,FRND0693,images/FRND0693.jpg,Friends,Friends
15327,FRND0749,images/FRND0749.jpg,Friends,Friends
15328,FRND0747,images/FRND0747.jpg,Friends,Friends
15329,FRND0687,images/FRND0687.jpg,Friends,Friends
15330,FRND0720,images/FRND0720.jpg,Friends,Friends
15331,FRND0743,images/FRND0743.jpg,Friends,Friends
15332,FRND0715,images/FRND0715.jpg,Friends,Friends
15333,FRND0748,images/FRND0748.jpg,Friends,Friends
15334,FRND0705,images/FRND0705.jpg,Friends,Friends
15335,FRND0698,images/FRND0698.jpg,Friends,Friends
15336,FRND0683,images/FRND0683.jpg,Friends,Friends
15337,FRND0732,images/FRND0732.jpg,Friends,Friends
15338,FRND0702,images/FRND0702.jpg,Friends,Friends
15339,FRND0700,images/FRND0700.jpg,Friends,Friends
15340,FRND0680,images/FRND0680.jpg,Friends,Friends
15341,FRND0672,images/FRND0672.jpg,Friends,Friends
15342,FRND0696,images/FRND0696.jpg,Friends,Friends
15343,FRND0691,images/FRND0691.jpg,Friends,Friends
15344,FRND0758,images/FRND0758.jpg,Friends,Friends
15345,FRND0682,images/FRND0682.jpg,Friends,Friends
15346,FRND0706,images/FRND0706.jpg,Friends,Friends
15347,FRND0755,images/FRND0755.jpg,Friends,Friends
15348,FRND0719,images/FRND0719.jpg,Friends,Friends
15349,FRND0713,images/FRND0713.jpg,Friends,Friends
15350,FRND0694,images/FRND0694.jpg,Friends,Friends
15351,FRND0685,images/FRND0685.jpg,Friends,Friends
15352,FRND0765,images/FRND0765.jpg,Friends,Friends
15353,FRND0744,images/FRND0744.jpg,Friends,Friends
15354,FRND0712,images/FRND0712.jpg,Friends,Friends
15355,FRND0731,images/FRND0731.jpg,Friends,Friends
15356,FRND0759,images/FRND0759.jpg,Friends,Friends
15357,FRND0690,images/FRND0690.jpg,Friends,Friends
15358,FRND0707,images/FRND0707.jpg,Friends,Friends
15359,FRND0751,images/FRND0751.jpg,Friends,Friends
15360,FRND0718,images/FRND0718.jpg,Friends,Friends
15361,FRND0717,images/FRND0717.jpg,Friends,Friends
15362,FRND0669,images/FRND0669.jpg,Friends,Friends
15363,FRND0734,images/FRND0734.jpg,Friends,Friends
15364,FRND0728,images/FRND0728.jpg,Friends,Friends
15365,FRND0726,images/FRND0726.jpg,Friends,Friends
15366,FRND0689,images/FRND0689.jpg,Friends,Friends
15367,FRND0754,images/FRND0754.jpg,Friends,Friends
15368,FRND0727,images/FRND0727.jpg,Friends,Friends
15369,FRND0703,images/FRND0703.jpg,Friends,Friends
15370,FRND0724,images/FRND0724.jpg,Friends,Friends
15371,FRND0722,images/FRND0722.jpg,Friends,Friends
15372,FRND0681,images/FRND0681.jpg,Friends,Friends
15373,FRND0673,images/FRND0673.jpg,Friends,Friends
15374,FRND0710,images/FRND0710.jpg,Friends,Friends
15375,FRND0752,images/FRND0752.jpg,Friends,Friends
15376,FRND0729,images/FRND0729.jpg,Friends,Friends
15377,FRND0730,images/FRND0730.jpg,Friends,Friends
15378,FRND0738,images/FRND0738.jpg,Friends,Friends
15379,FRND0821,images/FRND0821.jpg,Friends,Friends
15380,FRND0739,images/FRND0739.jpg,Friends,Friends
15381,FRND0692,images/FRND0692.jpg,Friends,Friends
15382,FRND0679,images/FRND0679.jpg,Friends,Friends
15383,FRND0688,images/FRND0688.jpg,Friends,Friends
15384,FRND0761,images/FRND0761.jpg,Friends,Friends
15385,FRND0757,images/FRND0757.jpg,Friends,Friends
15386,FRND0769,images/FRND0769.jpg,Friends,Friends
15387,FRND0701,images/FRND0701.jpg,Friends,Friends
15388,FRND0716,images/FRND0716.jpg,Friends,Friends
15389,FRND0745,images/FRND0745.jpg,Friends,Friends
15390,FRND0678,images/FRND0678.jpg,Friends,Friends
15391,FRND0704,images/FRND0704.jpg,Friends,Friends
15392,FRND0695,images/FRND0695.jpg,Friends,Friends
15393,FRND0714,images/FRND0714.jpg,Friends,Friends
15394,FRND0760,images/FRND0760.jpg,Friends,Friends
15395,FRND0746,images/FRND0746.jpg,Friends,Friends
15396,FRND0741,images/FRND0741.jpg,Friends,Friends
15397,FRND0671,images/FRND0671.jpg,Friends,Friends
15398,FRND0750,images/FRND0750.jpg,Friends,Friends
15399,FRND0770,images/FRND0770.jpg,Friends,Friends
15400,FRND0763,images/FRND0763.jpg,Friends,Friends
15401,FRND0767,images/FRND0767.jpg,Friends,Friends
15402,FRND0740,images/FRND0740.jpg,Friends,Friends
15403,FRND0684,images/FRND0684.jpg,Friends,Friends
15404,FRND0674,images/FRND0674.jpg,Friends,Friends
15405,FRND0736,images/FRND0736.jpg,Friends,Friends
15406,FRND0725,images/FRND0725.jpg,Friends,Friends
15407,FRND0742,images/FRND0742.jpg,Friends,Friends
15408,FRND0768,images/FRND0768.jpg,Friends,Friends
15409,FRND0735,images/FRND0735.jpg,Friends,Friends
15410,LOR131,images/LOR131.jpg,The Hobbit and The Lord of the Rings,The Hobbit and The Lord of the Rings
15411,BDP126,images/BDP126.jpg,BrickLink Designer Program,BrickLink Designer Program
15412,GDH010,images/GDH010.jpg,Gabby's Dollhouse,Other
15413,GDH008,images/GDH008.jpg,Gabby's Dollhouse,Other
15414,SH0994,images/SH0994.jpg,Super Heroes,Super Heroes
15415,SH0976,images/SH0976.jpg,Super Heroes,Super Heroes
15416,IDEA212,images/IDEA212.jpg,LEGO Ideas,LEGO Ideas
15417,TWN520,images/TWN520.jpg,Town,Town
15418,IDEA203,images/IDEA203.jpg,LEGO Ideas,LEGO Ideas
15419,HP504,images/HP504.jpg,Harry Potter,Harry Potter
15420,BDP119,images/BDP119.jpg,BrickLink Designer Program,BrickLink Designer Program
15421,BDP116,images/BDP116.jpg,BrickLink Designer Program,BrickLink Designer Program
15422,BDP118,images/BDP118.jpg,BrickLink Designer Program,BrickLink Designer Program
15423,BDP117,images/BDP117.jpg,BrickLink Designer Program,BrickLink Designer Program
15424,BDP115,images/BDP115.jpg,BrickLink Designer Program,BrickLink Designer Program
15425,HP516,images/HP516.jpg,Harry Potter,Harry Potter
15426,IDEA202,images/IDEA202.jpg,LEGO Ideas,LEGO Ideas
15427,SH0954,images/SH0954.jpg,Super Heroes,Super Heroes
15428,SH0949,images/SH0949.jpg,Super Heroes,Super Heroes
15429,HP512,images/HP512.jpg,Harry Potter,Harry Potter
15430,COLDND02,images/COLDND02.jpg,Collectible Minifigures,Collectible Minifigures
15431,WCK009,images/WCK009.jpg,Wicked,Other
15432,WCK005,images/WCK005.jpg,Wicked,Other
15433,WCK001,images/WCK001.jpg,Wicked,Other
15434,IDEA182,images/IDEA182.jpg,LEGO Ideas,LEGO Ideas
15435,COL428,images/COL428.jpg,Collectible Minifigures,Collectible Minifigures
15436,MK143,images/MK143.jpg,Monkie Kid,Monkie Kid
15437,LOR133,images/LOR133.jpg,The Hobbit and The Lord of the Rings,The Hobbit and The Lord of the Rings
15438,MAR0190,images/MAR0190.jpg,Super Mario,Super Mario
15439,MAR0191,images/MAR0191.jpg,Super Mario,Super Mario
15440,MAR0192,images/MAR0192.jpg,Super Mario,Super Mario
15441,MAR0196,images/MAR0196.jpg,Super Mario,Super Mario
15442,MAR0195,images/MAR0195.jpg,Super Mario,Super Mario
15443,LOR136,images/LOR136.jpg,The Hobbit and The Lord of the Rings,The Hobbit and The Lord of the Rings
15444,SW1356,images/SW1356.jpg,Star Wars,Star Wars
15445,SH0957,images/SH0957.jpg,Super Heroes,Super Heroes
15446,DRM043,images/DRM043.jpg,DREAMZzz,DREAMZzz
15447,DRM042,images/DRM042.jpg,DREAMZzz,DREAMZzz
15448,SH0978,images/SH0978.jpg,Super Heroes,Super Heroes
15449,SH0935,images/SH0935.jpg,Super Heroes,Super Heroes
15450,MNN027,images/MNN027.jpg,Despicable Me and Minions,Other
15451,MNN028,images/MNN028.jpg,Despicable Me and Minions,Other
15452,DIS156,images/DIS156.jpg,Disney,Disney
15453,SON023,images/SON023.jpg,Sonic the Hedgehog,Other
15454,DUN005,images/DUN005.jpg,Dune,Other
15455,COLDND05,images/COLDND05.jpg,Collectible Minifigures,Collectible Minifigures
15456,SW1371,images/SW1371.jpg,Star Wars,Star Wars
15457,DIS157,images/DIS157.jpg,Disney,Disney
15458,CTY1798,images/CTY1798.jpg,Town,Town
15459,SH0959,images/SH0959.jpg,Super Heroes,Super Heroes
15460,COL432,images/COL432.jpg,Collectible Minifigures,Collectible Minifigures
15461,HP495,images/HP495.jpg,Harry Potter,Harry Potter
15462,HP467,images/HP467.jpg,Harry Potter,Harry Potter
15463,HP481,images/HP481.jpg,Harry Potter,Harry Potter
15464,HP475,images/HP475.jpg,Harry Potter,Harry Potter
15465,HP519,images/HP519.jpg,Harry Potter,Harry Potter
15466,HP470,images/HP470.jpg,Harry Potter,Harry Potter
15467,HP466,images/HP466.jpg,Harry Potter,Harry Potter
15468,HP509,images/HP509.jpg,Harry Potter,Harry Potter
15469,SH0969,images/SH0969.jpg,Super Heroes,Super Heroes
15470,TWN508,images/TWN508.jpg,Town,Town
15471,HP476,images/HP476.jpg,Harry Potter,Harry Potter
15472,HP468,images/HP468.jpg,Harry Potter,Harry Potter
15473,MIN190,images/MIN190.jpg,Minecraft,Minecraft
15474,MIN181,images/MIN181.jpg,Minecraft,Minecraft
15475,MIN180,images/MIN180.jpg,Minecraft,Minecraft
15476,CTY1725,images/CTY1725.jpg,Town,Town
15477,CTY1808,images/CTY1808.jpg,Town,Town
15478,SH0967,images/SH0967.jpg,Super Heroes,Super Heroes
15479,SH0966,images/SH0966.jpg,Super Heroes,Super Heroes
15480,SH0982,images/SH0982.jpg,Super Heroes,Super Heroes
15481,MIN177,images/MIN177.jpg,Minecraft,Minecraft
15482,SH0970,images/SH0970.jpg,Super Heroes,Super Heroes
15483,SH0971,images/SH0971.jpg,Super Heroes,Super Heroes
15484,COL444,images/COL444.jpg,Collectible Minifigures,Collectible Minifigures
15485,SH0995,images/SH0995.jpg,Super Heroes,Super Heroes
15486,SW1346,images/SW1346.jpg,Star Wars,Star Wars
15487,SW1373,images/SW1373.jpg,Star Wars,Star Wars
15488,SW1376,images/SW1376.jpg,Star Wars,Star Wars
15489,SW1375,images/SW1375.jpg,Star Wars,Star Wars
15490,SW1343,images/SW1343.jpg,Star Wars,Star Wars
15491,SW1326,images/SW1326.jpg,Star Wars,Star Wars
15492,SW1327,images/SW1327.jpg,Star Wars,Star Wars
15493,SW1331,images/SW1331.jpg,Star Wars,Star Wars
15494,NJO0886,images/NJO0886.jpg,NINJAGO,NINJAGO
15495,NJO0887,images/NJO0887.jpg,NINJAGO,NINJAGO
15496,COL437,images/COL437.jpg,Collectible Minifigures,Collectible Minifigures
15497,CAS586,images/CAS586.jpg,Castle,Castle
15498,SH0983,images/SH0983.jpg,Super Heroes,Super Heroes
15499,SH0981,images/SH0981.jpg,Super Heroes,Super Heroes
15500,SH0974,images/SH0974.jpg,Super Heroes,Super Heroes
15501,SH0952,images/SH0952.jpg,Super Heroes,Super Heroes
15502,DIS154,images/DIS154.jpg,Disney,Disney
15503,ANI014,images/ANI014.jpg,Animal Crossing,Other
15504,ANI003,images/ANI003.jpg,Animal Crossing,Other
15505,DRM045,images/DRM045.jpg,DREAMZzz,DREAMZzz
15506,SW1388,images/SW1388.jpg,Star Wars,Star Wars
15507,IDEA192,images/IDEA192.jpg,LEGO Ideas,LEGO Ideas
15508,SON025,images/SON025.jpg,Sonic the Hedgehog,Other
15509,NJO0873,images/NJO0873.jpg,NINJAGO,NINJAGO
15510,NJO0852,images/NJO0852.jpg,NINJAGO,NINJAGO
15511,NJO0892,images/NJO0892.jpg,NINJAGO,NINJAGO
15512,SH0991,images/SH0991.jpg,Super Heroes,Super Heroes
15513,SW1379,images/SW1379.jpg,Star Wars,Star Wars
15514,SW1363,images/SW1363.jpg,Star Wars,Star Wars
15515,SW1353,images/SW1353.jpg,Star Wars,Star Wars
15516,NJO0897,images/NJO0897.jpg,NINJAGO,NINJAGO
15517,NJO0856,images/NJO0856.jpg,NINJAGO,NINJAGO
15518,NJO0871,images/NJO0871.jpg,NINJAGO,NINJAGO
15519,DIS162,images/DIS162.jpg,Disney,Disney
15520,GEN183,images/GEN183.jpg,Promotional,Other
15521,ANI008,images/ANI008.jpg,Animal Crossing,Other
15522,CTY1766,images/CTY1766.jpg,Town,Town
15523,ANI013,images/ANI013.jpg,Animal Crossing,Other
15524,NJO0870,images/NJO0870.jpg,NINJAGO,NINJAGO
15525,NJO0882,images/NJO0882.jpg,NINJAGO,NINJAGO
15526,NJO0896,images/NJO0896.jpg,NINJAGO,NINJAGO
15527,NJO0858,images/NJO0858.jpg,NINJAGO,NINJAGO
15528,NJO0890,images/NJO0890.jpg,NINJAGO,NINJAGO
15529,NJO0864,images/NJO0864.jpg,NINJAGO,NINJAGO
15530,MAR0185,images/MAR0185.jpg,Super Mario,Super Mario
15531,ANI005,images/ANI005.jpg,Animal Crossing,Other
15532,SW1352,images/SW1352.jpg,Star Wars,Star Wars
15533,SW1336,images/SW1336.jpg,Star Wars,Star Wars
15534,JW124,images/JW124.jpg,Jurassic World,Jurassic World
15535,SON014,images/SON014.jpg,Sonic the Hedgehog,Other
15536,MAR0198,images/MAR0198.jpg,Super Mario,Super Mario
15537,SW1386,images/SW1386.jpg,Star Wars,Star Wars
15538,SON016,images/SON016.jpg,Sonic the Hedgehog,Other
15539,SON021,images/SON021.jpg,Sonic the Hedgehog,Other
15540,SW1394,images/SW1394.jpg,Star Wars,Star Wars
15541,DUN002,images/DUN002.jpg,Dune,Other
15542,MK142,images/MK142.jpg,Monkie Kid,Monkie Kid
15543,MAR0188,images/MAR0188.jpg,Super Mario,Super Mario
15544,SC115,images/SC115.jpg,SPEED CHAMPIONS,SPEED CHAMPIONS
15545,SW1369,images/SW1369.jpg,Star Wars,Star Wars
15546,HP490,images/HP490.jpg,Harry Potter,Harry Potter
15547,MK140,images/MK140.jpg,Monkie Kid,Monkie Kid
15548,CTY1811,images/CTY1811.jpg,Town,Town
15549,LLP034,images/LLP034.jpg,LEGOLAND Parks,Other
15550,LLP035,images/LLP035.jpg,LEGOLAND Parks,Other
15551,MK159,images/MK159.jpg,Monkie Kid,Monkie Kid
15552,IDEA201,images/IDEA201.jpg,LEGO Ideas,LEGO Ideas
15553,LOZ002,images/LOZ002.jpg,The Legend of Zelda,Other
15554,LOZ003,images/LOZ003.jpg,The Legend of Zelda,Other
15555,CAS589,images/CAS589.jpg,Castle,Castle
15556,SH0938,images/SH0938.jpg,Super Heroes,Super Heroes
15557,NJO0876,images/NJO0876.jpg,NINJAGO,NINJAGO
15558,NJO0911,images/NJO0911.jpg,NINJAGO,NINJAGO
15559,NJO0884,images/NJO0884.jpg,NINJAGO,NINJAGO
15560,NJO0860,images/NJO0860.jpg,NINJAGO,NINJAGO
15561,NJO0853,images/NJO0853.jpg,NINJAGO,NINJAGO
15562,NJO0880,images/NJO0880.jpg,NINJAGO,NINJAGO
15563,IDEA195,images/IDEA195.jpg,LEGO Ideas,LEGO Ideas
15564,DRM039,images/DRM039.jpg,DREAMZzz,DREAMZzz
15565,DRM060,images/DRM060.jpg,DREAMZzz,DREAMZzz
15566,DRM057,images/DRM057.jpg,DREAMZzz,DREAMZzz
15567,SH0968,images/SH0968.jpg,Super Heroes,Super Heroes
15568,NJO0918,images/NJO0918.jpg,NINJAGO,NINJAGO
15569,NJO0862,images/NJO0862.jpg,NINJAGO,NINJAGO
15570,NJO0893,images/NJO0893.jpg,NINJAGO,NINJAGO
15571,HP501,images/HP501.jpg,Harry Potter,Harry Potter
15572,MNN026,images/MNN026.jpg,Despicable Me and Minions,Other
15573,DIS167,images/DIS167.jpg,Disney,Disney
15574,SW1370,images/SW1370.jpg,Star Wars,Star Wars
15575,SW1312,images/SW1312.jpg,Star Wars,Star Wars
15576,SW1382,images/SW1382.jpg,Star Wars,Star Wars
15577,COL440,images/COL440.jpg,Collectible Minifigures,Collectible Minifigures
15578,HP506,images/HP506.jpg,Harry Potter,Harry Potter
15579,WCK006,images/WCK006.jpg,Wicked,Other
15580,HP499,images/HP499.jpg,Harry Potter,Harry Potter
15581,DRM054,images/DRM054.jpg,DREAMZzz,DREAMZzz
15582,SH0940,images/SH0940.jpg,Super Heroes,Super Heroes
15583,SH0997,images/SH0997.jpg,Super Heroes,Super Heroes
15584,MK154,images/MK154.jpg,Monkie Kid,Monkie Kid
15585,HOL346,images/HOL346.jpg,Holiday & Event,Holiday & Event
15586,CTY1822,images/CTY1822.jpg,Town,Town
15587,IDEA205,images/IDEA205.jpg,LEGO Ideas,LEGO Ideas
15588,HOL344,images/HOL344.jpg,Holiday & Event,Holiday & Event
15589,HOL354,images/HOL354.jpg,Holiday & Event,Holiday & Event
15590,IDEA211,images/IDEA211.jpg,LEGO Ideas,LEGO Ideas
15591,CTY1791,images/CTY1791.jpg,Town,Town
15592,HOL343,images/HOL343.jpg,Holiday & Event,Holiday & Event
15593,IDEA213,images/IDEA213.jpg,LEGO Ideas,LEGO Ideas
15594,SW1344,images/SW1344.jpg,Star Wars,Star Wars
15595,SW1345,images/SW1345.jpg,Star Wars,Star Wars
15596,ANI007,images/ANI007.jpg,Animal Crossing,Other
15597,DIS165,images/DIS165.jpg,Disney,Disney
15598,MNN031,images/MNN031.jpg,Despicable Me and Minions,Other
15599,ANI006,images/ANI006.jpg,Animal Crossing,Other
15600,DRM041,images/DRM041.jpg,DREAMZzz,DREAMZzz
15601,DRM044,images/DRM044.jpg,DREAMZzz,DREAMZzz
15602,DRM053,images/DRM053.jpg,DREAMZzz,DREAMZzz
15603,DRM096,images/DRM096.jpg,DREAMZzz,DREAMZzz
15604,DRM062,images/DRM062.jpg,DREAMZzz,DREAMZzz
15605,IDEA190,images/IDEA190.jpg,LEGO Ideas,LEGO Ideas
15606,SC112,images/SC112.jpg,SPEED CHAMPIONS,SPEED CHAMPIONS
15607,MNN019,images/MNN019.jpg,Despicable Me and Minions,Other
15608,MNN021,images/MNN021.jpg,Despicable Me and Minions,Other
15609,MNN033,images/MNN033.jpg,Despicable Me and Minions,Other
15610,MNN029,images/MNN029.jpg,Despicable Me and Minions,Other
15611,MNN030,images/MNN030.jpg,Despicable Me and Minions,Other
15612,MK165,images/MK165.jpg,Monkie Kid,Monkie Kid
15613,MK153,images/MK153.jpg,Monkie Kid,Monkie Kid
15614,MK161,images/MK161.jpg,Monkie Kid,Monkie Kid
15615,MK141,images/MK141.jpg,Monkie Kid,Monkie Kid
15616,MK173,images/MK173.jpg,Monkie Kid,Monkie Kid
15617,FORT008,images/FORT008.jpg,Fortnite,Other
15618,SC119,images/SC119.jpg,SPEED CHAMPIONS,SPEED CHAMPIONS
15619,SC118,images/SC118.jpg,SPEED CHAMPIONS,SPEED CHAMPIONS
15620,IDEA184,images/IDEA184.jpg,LEGO Ideas,LEGO Ideas
15621,MIN187,images/MIN187.jpg,Minecraft,Minecraft
15622,MIN185,images/MIN185.jpg,Minecraft,Minecraft
15623,MIN183,images/MIN183.jpg,Minecraft,Minecraft
15624,MIN182,images/MIN182.jpg,Minecraft,Minecraft
15625,MIN186,images/MIN186.jpg,Minecraft,Minecraft
15626,MIN184,images/MIN184.jpg,Minecraft,Minecraft
15627,MIN175,images/MIN175.jpg,Minecraft,Minecraft
15628,COLDND07,images/COLDND07.jpg,Collectible Minifigures,Collectible Minifigures
15629,MNN016,images/MNN016.jpg,Despicable Me and Minions,Other
15630,MNN018,images/MNN018.jpg,Despicable Me and Minions,Other
15631,MNN022,images/MNN022.jpg,Despicable Me and Minions,Other
15632,MNN020,images/MNN020.jpg,Despicable Me and Minions,Other
15633,MNN024,images/MNN024.jpg,Despicable Me and Minions,Other
15634,MNN023,images/MNN023.jpg,Despicable Me and Minions,Other
15635,MNN017,images/MNN017.jpg,Despicable Me and Minions,Other
15636,DIS173,images/DIS173.jpg,Disney,Disney
15637,NJO0878,images/NJO0878.jpg,NINJAGO,NINJAGO
15638,DP198,images/DP198.jpg,Disney,Disney
15639,MOA005,images/MOA005.jpg,Disney,Disney
15640,TWN506,images/TWN506.jpg,Town,Town
15641,TWN505,images/TWN505.jpg,Town,Town
15642,SW1342,images/SW1342.jpg,Star Wars,Star Wars
15643,HP508,images/HP508.jpg,Harry Potter,Harry Potter
15644,MK138,images/MK138.jpg,Monkie Kid,Monkie Kid
15645,MK170,images/MK170.jpg,Monkie Kid,Monkie Kid
15646,MK171,images/MK171.jpg,Monkie Kid,Monkie Kid
15647,MK149,images/MK149.jpg,Monkie Kid,Monkie Kid
15648,MK133,images/MK133.jpg,Monkie Kid,Monkie Kid
15649,MK152,images/MK152.jpg,Monkie Kid,Monkie Kid
15650,MK150,images/MK150.jpg,Monkie Kid,Monkie Kid
15651,MK172,images/MK172.jpg,Monkie Kid,Monkie Kid
15652,MK166,images/MK166.jpg,Monkie Kid,Monkie Kid
15653,MK151,images/MK151.jpg,Monkie Kid,Monkie Kid
15654,MK160,images/MK160.jpg,Monkie Kid,Monkie Kid
15655,CTY1760,images/CTY1760.jpg,Town,Town
15656,SW1357,images/SW1357.jpg,Star Wars,Star Wars
15657,DP188,images/DP188.jpg,Disney,Disney
15658,BDP101,images/BDP101.jpg,BrickLink Designer Program,BrickLink Designer Program
15659,BDP099,images/BDP099.jpg,BrickLink Designer Program,BrickLink Designer Program
15660,BDP104,images/BDP104.jpg,BrickLink Designer Program,BrickLink Designer Program
15661,BDP102,images/BDP102.jpg,BrickLink Designer Program,BrickLink Designer Program
15662,BDP105,images/BDP105.jpg,BrickLink Designer Program,BrickLink Designer Program
15663,BDP098,images/BDP098.jpg,BrickLink Designer Program,BrickLink Designer Program
15664,BDP097,images/BDP097.jpg,BrickLink Designer Program,BrickLink Designer Program
15665,BDP100,images/BDP100.jpg,BrickLink Designer Program,BrickLink Designer Program
15666,HP489,images/HP489.jpg,Harry Potter,Harry Potter
15667,SW1339,images/SW1339.jpg,Star Wars,Star Wars
15668,LOR140,images/LOR140.jpg,The Hobbit and The Lord of the Rings,The Hobbit and The Lord of the Rings
15669,SH0963,images/SH0963.jpg,Super Heroes,Super Heroes
15670,DRM035,images/DRM035.jpg,DREAMZzz,DREAMZzz
15671,NJO0907,images/NJO0907.jpg,NINJAGO,NINJAGO
15672,MK146,images/MK146.jpg,Monkie Kid,Monkie Kid
15673,MK162,images/MK162.jpg,Monkie Kid,Monkie Kid
15674,DRM064,images/DRM064.jpg,DREAMZzz,DREAMZzz
15675,HOL361,images/HOL361.jpg,Holiday & Event,Holiday & Event
15676,COL429,images/COL429.jpg,Collectible Minifigures,Collectible Minifigures
15677,IDEA186,images/IDEA186.jpg,LEGO Ideas,LEGO Ideas
15678,MAR0180,images/MAR0180.jpg,Super Mario,Super Mario
15679,SC120,images/SC120.jpg,SPEED CHAMPIONS,SPEED CHAMPIONS
15680,SW1324,images/SW1324.jpg,Star Wars,Star Wars
15681,TWN490,images/TWN490.jpg,Town,Town
15682,TWN484,images/TWN484.jpg,Town,Town
15683,TWN485,images/TWN485.jpg,Town,Town
15684,TWN486,images/TWN486.jpg,Town,Town
15685,TWN487,images/TWN487.jpg,Town,Town
15686,TWN489,images/TWN489.jpg,Town,Town
15687,TWN491,images/TWN491.jpg,Town,Town
15688,TWN492,images/TWN492.jpg,Town,Town
15689,SW1350,images/SW1350.jpg,Star Wars,Star Wars
15690,WCK002,images/WCK002.jpg,Wicked,Other
15691,MIN169,images/MIN169.jpg,Minecraft,Minecraft
15692,DRM040,images/DRM040.jpg,DREAMZzz,DREAMZzz
15693,HP472,images/HP472.jpg,Harry Potter,Harry Potter
15694,MK168,images/MK168.jpg,Monkie Kid,Monkie Kid
15695,SW1372,images/SW1372.jpg,Star Wars,Star Wars
15696,SW1358,images/SW1358.jpg,Star Wars,Star Wars
15697,SW1322,images/SW1322.jpg,Star Wars,Star Wars
15698,COL441,images/COL441.jpg,Collectible Minifigures,Collectible Minifigures
15699,MK158,images/MK158.jpg,Monkie Kid,Monkie Kid
15700,NJO0874,images/NJO0874.jpg,NINJAGO,NINJAGO
15701,NJO0912,images/NJO0912.jpg,NINJAGO,NINJAGO
15702,NJO0867,images/NJO0867.jpg,NINJAGO,NINJAGO
15703,NJO0865,images/NJO0865.jpg,NINJAGO,NINJAGO
15704,NJO0885,images/NJO0885.jpg,NINJAGO,NINJAGO
15705,NJO0881,images/NJO0881.jpg,NINJAGO,NINJAGO
15706,BDP141,images/BDP141.jpg,BrickLink Designer Program,BrickLink Designer Program
15707,BDP142,images/BDP142.jpg,BrickLink Designer Program,BrickLink Designer Program
15708,BDP140,images/BDP140.jpg,BrickLink Designer Program,BrickLink Designer Program
15709,LOR134,images/LOR134.jpg,The Hobbit and The Lord of the Rings,The Hobbit and The Lord of the Rings
15710,LOR138,images/LOR138.jpg,The Hobbit and The Lord of the Rings,The Hobbit and The Lord of the Rings
15711,LOR137,images/LOR137.jpg,The Hobbit and The Lord of the Rings,The Hobbit and The Lord of the Rings
15712,LOR135,images/LOR135.jpg,The Hobbit and The Lord of the Rings,The Hobbit and The Lord of the Rings
15713,IDEA183,images/IDEA183.jpg,LEGO Ideas,LEGO Ideas
15714,MIN163,images/MIN163.jpg,Minecraft,Minecraft
15715,COL447,images/COL447.jpg,Collectible Minifigures,Collectible Minifigures
15716,HP505,images/HP505.jpg,Harry Potter,Harry Potter
15717,BDP106,images/BDP106.jpg,BrickLink Designer Program,BrickLink Designer Program
15718,HP492,images/HP492.jpg,Harry Potter,Harry Potter
15719,MAR0194,images/MAR0194.jpg,Super Mario,Super Mario
15720,MAR0193,images/MAR0193.jpg,Super Mario,Super Mario
15721,CTY1723,images/CTY1723.jpg,Town,Town
15722,CTY1724,images/CTY1724.jpg,Town,Town
15723,BDP135,images/BDP135.jpg,BrickLink Designer Program,BrickLink Designer Program
15724,BDP139,images/BDP139.jpg,BrickLink Designer Program,BrickLink Designer Program
15725,BDP133,images/BDP133.jpg,BrickLink Designer Program,BrickLink Designer Program
15726,DUN001,images/DUN001.jpg,Dune,Other
15727,SW1341,images/SW1341.jpg,Star Wars,Star Wars
15728,CAS584,images/CAS584.jpg,Castle,Castle
15729,MAR0177,images/MAR0177.jpg,Super Mario,Super Mario
15730,HP517,images/HP517.jpg,Harry Potter,Harry Potter
15731,COL435,images/COL435.jpg,Collectible Minifigures,Collectible Minifigures
15732,TWN507,images/TWN507.jpg,Town,Town
15733,IDEA214,images/IDEA214.jpg,LEGO Ideas,LEGO Ideas
15734,BDP131,images/BDP131.jpg,BrickLink Designer Program,BrickLink Designer Program
15735,MK147,images/MK147.jpg,Monkie Kid,Monkie Kid
15736,MK174,images/MK174.jpg,Monkie Kid,Monkie Kid
15737,MK163,images/MK163.jpg,Monkie Kid,Monkie Kid
15738,MAR0186,images/MAR0186.jpg,Super Mario,Super Mario
15739,MAR0201,images/MAR0201.jpg,Super Mario,Super Mario
15740,MAR0202,images/MAR0202.jpg,Super Mario,Super Mario
15741,BDP146,images/BDP146.jpg,BrickLink Designer Program,BrickLink Designer Program
15742,BDP145,images/BDP145.jpg,BrickLink Designer Program,BrickLink Designer Program
15743,BDP147,images/BDP147.jpg,BrickLink Designer Program,BrickLink Designer Program
15744,BDP144,images/BDP144.jpg,BrickLink Designer Program,BrickLink Designer Program
15745,BDP143,images/BDP143.jpg,BrickLink Designer Program,BrickLink Designer Program
15746,CTY1744,images/CTY1744.jpg,Town,Town
15747,CTY1737,images/CTY1737.jpg,Town,Town
15748,CTY1738,images/CTY1738.jpg,Town,Town
15749,CTY1750,images/CTY1750.jpg,Town,Town
15750,CTY1704,images/CTY1704.jpg,Town,Town
15751,CTY1702,images/CTY1702.jpg,Town,Town
15752,CTY1749,images/CTY1749.jpg,Town,Town
15753,CTY1699,images/CTY1699.jpg,Town,Town
15754,CTY1701,images/CTY1701.jpg,Town,Town
15755,CTY1703,images/CTY1703.jpg,Town,Town
15756,CTY1752,images/CTY1752.jpg,Town,Town
15757,CTY1736,images/CTY1736.jpg,Town,Town
15758,CTY1751,images/CTY1751.jpg,Town,Town
15759,CTY1728,images/CTY1728.jpg,Town,Town
15760,CTY1705,images/CTY1705.jpg,Town,Town
15761,CTY1700,images/CTY1700.jpg,Town,Town
15762,CTY1730,images/CTY1730.jpg,Town,Town
15763,CTY1790,images/CTY1790.jpg,Town,Town
15764,SW1381,images/SW1381.jpg,Star Wars,Star Wars
15765,SW1389,images/SW1389.jpg,Star Wars,Star Wars
15766,SW1348,images/SW1348.jpg,Star Wars,Star Wars
15767,LOZ004,images/LOZ004.jpg,The Legend of Zelda,Other
15768,HP524,images/HP524.jpg,Harry Potter,Harry Potter
15769,HP500,images/HP500.jpg,Harry Potter,Harry Potter
15770,HP473,images/HP473.jpg,Harry Potter,Harry Potter
15771,HP480,images/HP480.jpg,Harry Potter,Harry Potter
15772,HP493,images/HP493.jpg,Harry Potter,Harry Potter
15773,HP485,images/HP485.jpg,Harry Potter,Harry Potter
15774,SH0998,images/SH0998.jpg,Super Heroes,Super Heroes
15775,SH0990,images/SH0990.jpg,Super Heroes,Super Heroes
15776,CAS588,images/CAS588.jpg,Castle,Castle
15777,SW1334A,images/SW1334A.jpg,Star Wars,Star Wars
15778,CTY1742,images/CTY1742.jpg,Town,Town
15779,CTY1718,images/CTY1718.jpg,Town,Town
15780,CTY1711,images/CTY1711.jpg,Town,Town
15781,CTY1712,images/CTY1712.jpg,Town,Town
15782,CTY1719,images/CTY1719.jpg,Town,Town
15783,CTY1743,images/CTY1743.jpg,Town,Town
15784,MIN164,images/MIN164.jpg,Minecraft,Minecraft
15785,DP186,images/DP186.jpg,Disney,Disney
15786,FORT009,images/FORT009.jpg,Fortnite,Other
15787,SW1392,images/SW1392.jpg,Star Wars,Star Wars
15788,SW1391,images/SW1391.jpg,Star Wars,Star Wars
15789,SW1359,images/SW1359.jpg,Star Wars,Star Wars
15790,SH1001,images/SH1001.jpg,Super Heroes,Super Heroes
15791,MK136,images/MK136.jpg,Monkie Kid,Monkie Kid
15792,MK155,images/MK155.jpg,Monkie Kid,Monkie Kid
15793,HOL340,images/HOL340.jpg,Holiday & Event,Holiday & Event
15794,TWN494,images/TWN494.jpg,Town,Town
15795,TWN493,images/TWN493.jpg,Town,Town
15796,COL439,images/COL439.jpg,Collectible Minifigures,Collectible Minifigures
15797,SON013,images/SON013.jpg,Sonic the Hedgehog,Other
15798,LOR141,images/LOR141.jpg,The Hobbit and The Lord of the Rings,The Hobbit and The Lord of the Rings
15799,SW1323,images/SW1323.jpg,Star Wars,Star Wars
15800,COL445,images/COL445.jpg,Collectible Minifigures,Collectible Minifigures
15801,CTY1803,images/CTY1803.jpg,Town,Town
15802,CTY1805,images/CTY1805.jpg,Town,Town
15803,CTY1801,images/CTY1801.jpg,Town,Town
15804,CTY1807,images/CTY1807.jpg,Town,Town
15805,CTY1800,images/CTY1800.jpg,Town,Town
15806,CTY1804,images/CTY1804.jpg,Town,Town
15807,NJO0914,images/NJO0914.jpg,NINJAGO,NINJAGO
15808,SH0936,images/SH0936.jpg,Super Heroes,Super Heroes
15809,SH0942,images/SH0942.jpg,Super Heroes,Super Heroes
15810,HP477,images/HP477.jpg,Harry Potter,Harry Potter
15811,HP496,images/HP496.jpg,Harry Potter,Harry Potter
15812,HP513,images/HP513.jpg,Harry Potter,Harry Potter
15813,HP482,images/HP482.jpg,Harry Potter,Harry Potter
15814,SH0937,images/SH0937.jpg,Super Heroes,Super Heroes
15815,ANI002,images/ANI002.jpg,Animal Crossing,Other
15816,SON015,images/SON015.jpg,Sonic the Hedgehog,Other
15817,MAR0204,images/MAR0204.jpg,Super Mario,Super Mario
15818,HP474,images/HP474.jpg,Harry Potter,Harry Potter
15819,SH1002,images/SH1002.jpg,Super Heroes,Super Heroes
15820,SW1395,images/SW1395.jpg,Star Wars,Star Wars
15821,CTY1741,images/CTY1741.jpg,Town,Town
15822,SW1387,images/SW1387.jpg,Star Wars,Star Wars
15823,IDEA193,images/IDEA193.jpg,LEGO Ideas,LEGO Ideas
15824,IDEA191,images/IDEA191.jpg,LEGO Ideas,LEGO Ideas
15825,JW122,images/JW122.jpg,Jurassic World,Jurassic World
15826,JW120,images/JW120.jpg,Jurassic World,Jurassic World
15827,LOR132,images/LOR132.jpg,The Hobbit and The Lord of the Rings,The Hobbit and The Lord of the Rings
15828,MK145,images/MK145.jpg,Monkie Kid,Monkie Kid
15829,MK164,images/MK164.jpg,Monkie Kid,Monkie Kid
15830,HOL362,images/HOL362.jpg,Holiday & Event,Holiday & Event
15831,IDEA194,images/IDEA194.jpg,LEGO Ideas,LEGO Ideas
15832,MAR0178,images/MAR0178.jpg,Super Mario,Super Mario
15833,LOR139,images/LOR139.jpg,The Hobbit and The Lord of the Rings,The Hobbit and The Lord of the Rings
15834,SW1335,images/SW1335.jpg,Star Wars,Star Wars
15835,HP491,images/HP491.jpg,Harry Potter,Harry Potter
15836,MK156,images/MK156.jpg,Monkie Kid,Monkie Kid
15837,SW1380,images/SW1380.jpg,Star Wars,Star Wars
15838,SON012,images/SON012.jpg,Sonic the Hedgehog,Other
15839,SON017,images/SON017.jpg,Sonic the Hedgehog,Other
15840,CAS587,images/CAS587.jpg,Castle,Castle
15841,IDEA196,images/IDEA196.jpg,LEGO Ideas,LEGO Ideas
15842,SW1361,images/SW1361.jpg,Star Wars,Star Wars
15843,MK144,images/MK144.jpg,Monkie Kid,Monkie Kid
15844,BDP136,images/BDP136.jpg,BrickLink Designer Program,BrickLink Designer Program
15845,GEN188,images/GEN188.jpg,Promotional,Other
15846,FST055,images/FST055.jpg,FIRST LEGO League,Other
15847,IDEA187,images/IDEA187.jpg,LEGO Ideas,LEGO Ideas
15848,IDEA188,images/IDEA188.jpg,LEGO Ideas,LEGO Ideas
15849,MIN178,images/MIN178.jpg,Minecraft,Minecraft
15850,MIN165,images/MIN165.jpg,Minecraft,Minecraft
15851,DIS158,images/DIS158.jpg,Disney,Disney
15852,BDP113,images/BDP113.jpg,BrickLink Designer Program,BrickLink Designer Program
15853,BDP114,images/BDP114.jpg,BrickLink Designer Program,BrickLink Designer Program
15854,DRM036,images/DRM036.jpg,DREAMZzz,DREAMZzz
15855,DIS160,images/DIS160.jpg,Disney,Disney
15856,DP202,images/DP202.jpg,Disney,Disney
15857,CTY1721,images/CTY1721.jpg,Town,Town
15858,SON024,images/SON024.jpg,Sonic the Hedgehog,Other
15859,NJO0855,images/NJO0855.jpg,NINJAGO,NINJAGO
15860,NJO0877,images/NJO0877.jpg,NINJAGO,NINJAGO
15861,NJO0902,images/NJO0902.jpg,NINJAGO,NINJAGO
15862,NJO0915,images/NJO0915.jpg,NINJAGO,NINJAGO
15863,COL442,images/COL442.jpg,Collectible Minifigures,Collectible Minifigures
15864,COL436,images/COL436.jpg,Collectible Minifigures,Collectible Minifigures
15865,MK134,images/MK134.jpg,Monkie Kid,Monkie Kid
15866,SH0950,images/SH0950.jpg,Super Heroes,Super Heroes
15867,SH0943,images/SH0943.jpg,Super Heroes,Super Heroes
15868,SH0985,images/SH0985.jpg,Super Heroes,Super Heroes
15869,SH0955,images/SH0955.jpg,Super Heroes,Super Heroes
15870,CTY1774,images/CTY1774.jpg,Town,Town
15871,CTY1813,images/CTY1813.jpg,Town,Town
15872,CTY1812,images/CTY1812.jpg,Town,Town
15873,CTY1814,images/CTY1814.jpg,Town,Town
15874,COL427,images/COL427.jpg,Collectible Minifigures,Collectible Minifigures
15875,SH0975,images/SH0975.jpg,Super Heroes,Super Heroes
15876,NJO0917,images/NJO0917.jpg,NINJAGO,NINJAGO
15877,MIN200,images/MIN200.jpg,Minecraft,Minecraft
15878,MIN160,images/MIN160.jpg,Minecraft,Minecraft
15879,SH0993,images/SH0993.jpg,Super Heroes,Super Heroes
15880,COLDND08,images/COLDND08.jpg,Collectible Minifigures,Collectible Minifigures
15881,MIN172,images/MIN172.jpg,Minecraft,Minecraft
15882,SW1321,images/SW1321.jpg,Star Wars,Star Wars
15883,SON019,images/SON019.jpg,Sonic the Hedgehog,Other
15884,HP521,images/HP521.jpg,Harry Potter,Harry Potter
15885,MIN161,images/MIN161.jpg,Minecraft,Minecraft
15886,MIN170,images/MIN170.jpg,Minecraft,Minecraft
15887,COLDND11,images/COLDND11.jpg,Collectible Minifigures,Collectible Minifigures
15888,SON018,images/SON018.jpg,Sonic the Hedgehog,Other
15889,ANI011,images/ANI011.jpg,Animal Crossing,Other
15890,CAS583,images/CAS583.jpg,Castle,Castle
15891,COLDND12,images/COLDND12.jpg,Collectible Minifigures,Collectible Minifigures
15892,NJO0905,images/NJO0905.jpg,NINJAGO,NINJAGO
15893,HP486,images/HP486.jpg,Harry Potter,Harry Potter
15894,MK169,images/MK169.jpg,Monkie Kid,Monkie Kid
15895,SH0960,images/SH0960.jpg,Super Heroes,Super Heroes
15896,COLDND10,images/COLDND10.jpg,Collectible Minifigures,Collectible Minifigures
15897,IDEA198,images/IDEA198.jpg,LEGO Ideas,LEGO Ideas
15898,MK167,images/MK167.jpg,Monkie Kid,Monkie Kid
15899,DRM038,images/DRM038.jpg,DREAMZzz,DREAMZzz
15900,WCK007,images/WCK007.jpg,Wicked,Other
15901,WED002,images/WED002.jpg,Wednesday,Other
15902,SH0972,images/SH0972.jpg,Super Heroes,Super Heroes
15903,SH0979,images/SH0979.jpg,Super Heroes,Super Heroes
15904,DP201,images/DP201.jpg,Disney,Disney
15905,BDP129,images/BDP129.jpg,BrickLink Designer Program,BrickLink Designer Program
15906,COLDND03,images/COLDND03.jpg,Collectible Minifigures,Collectible Minifigures
15907,MAR0206,images/MAR0206.jpg,Super Mario,Super Mario
15908,ANI001,images/ANI001.jpg,Animal Crossing,Other
15909,BDP112,images/BDP112.jpg,BrickLink Designer Program,BrickLink Designer Program
15910,BDP109,images/BDP109.jpg,BrickLink Designer Program,BrickLink Designer Program
15911,CTY1773,images/CTY1773.jpg,Town,Town
15912,NJO0904,images/NJO0904.jpg,NINJAGO,NINJAGO
15913,BDP134,images/BDP134.jpg,BrickLink Designer Program,BrickLink Designer Program
15914,BDP137,images/BDP137.jpg,BrickLink Designer Program,BrickLink Designer Program
15915,COL433,images/COL433.jpg,Collectible Minifigures,Collectible Minifigures
15916,BDP121,images/BDP121.jpg,BrickLink Designer Program,BrickLink Designer Program
15917,BDP123,images/BDP123.jpg,BrickLink Designer Program,BrickLink Designer Program
15918,BDP138,images/BDP138.jpg,BrickLink Designer Program,BrickLink Designer Program
15919,BDP122,images/BDP122.jpg,BrickLink Designer Program,BrickLink Designer Program
15920,BDP125,images/BDP125.jpg,BrickLink Designer Program,BrickLink Designer Program
15921,BDP124,images/BDP124.jpg,BrickLink Designer Program,BrickLink Designer Program
15922,BDP120,images/BDP120.jpg,BrickLink Designer Program,BrickLink Designer Program
15923,CTY1781,images/CTY1781.jpg,Town,Town
15924,CTY1782,images/CTY1782.jpg,Town,Town
15925,CTY1784,images/CTY1784.jpg,Town,Town
15926,BDP130,images/BDP130.jpg,BrickLink Designer Program,BrickLink Designer Program
15927,FORT005,images/FORT005.jpg,Fortnite,Other
15928,COL431,images/COL431.jpg,Collectible Minifigures,Collectible Minifigures
15929,MIN162,images/MIN162.jpg,Minecraft,Minecraft
15930,DP195,images/DP195.jpg,Disney,Disney
15931,COL426,images/COL426.jpg,Collectible Minifigures,Collectible Minifigures
15932,SH0984,images/SH0984.jpg,Super Heroes,Super Heroes
15933,SH0948,images/SH0948.jpg,Super Heroes,Super Heroes
15934,HP498,images/HP498.jpg,Harry Potter,Harry Potter
15935,MIN173,images/MIN173.jpg,Minecraft,Minecraft
15936,SW1390,images/SW1390.jpg,Star Wars,Star Wars
15937,HOL345,images/HOL345.jpg,Holiday & Event,Holiday & Event
15938,SH0944,images/SH0944.jpg,Super Heroes,Super Heroes
15939,SH0987,images/SH0987.jpg,Super Heroes,Super Heroes
15940,WED001,images/WED001.jpg,Wednesday,Other
15941,WED004,images/WED004.jpg,Wednesday,Other
15942,MK135,images/MK135.jpg,Monkie Kid,Monkie Kid
15943,MAR0203,images/MAR0203.jpg,Super Mario,Super Mario
15944,ANI010,images/ANI010.jpg,Animal Crossing,Other
15945,SW1349,images/SW1349.jpg,Star Wars,Star Wars
15946,HP502,images/HP502.jpg,Harry Potter,Harry Potter
15947,HP503,images/HP503.jpg,Harry Potter,Harry Potter
15948,NJO0869,images/NJO0869.jpg,NINJAGO,NINJAGO
15949,NJO0916,images/NJO0916.jpg,NINJAGO,NINJAGO
15950,NJO0854,images/NJO0854.jpg,NINJAGO,NINJAGO
15951,NJO0857,images/NJO0857.jpg,NINJAGO,NINJAGO
15952,NJO0895,images/NJO0895.jpg,NINJAGO,NINJAGO
15953,NJO0899,images/NJO0899.jpg,NINJAGO,NINJAGO
15954,NJO0903,images/NJO0903.jpg,NINJAGO,NINJAGO
15955,NJO0851,images/NJO0851.jpg,NINJAGO,NINJAGO
15956,MIN179,images/MIN179.jpg,Minecraft,Minecraft
15957,CAS585,images/CAS585.jpg,Castle,Castle
15958,SH0989,images/SH0989.jpg,Super Heroes,Super Heroes
15959,SH0939,images/SH0939.jpg,Super Heroes,Super Heroes
15960,HOL336,images/HOL336.jpg,Holiday & Event,Holiday & Event
15961,HOL338,images/HOL338.jpg,Holiday & Event,Holiday & Event
15962,TWN500,images/TWN500.jpg,Town,Town
15963,IDEA206,images/IDEA206.jpg,LEGO Ideas,LEGO Ideas
15964,HOL347,images/HOL347.jpg,Holiday & Event,Holiday & Event
15965,CTY1824,images/CTY1824.jpg,Town,Town
15966,FST052,images/FST052.jpg,FIRST LEGO League,Other
15967,HOL353,images/HOL353.jpg,Holiday & Event,Holiday & Event
15968,CTY1793,images/CTY1793.jpg,Town,Town
15969,IDEA215,images/IDEA215.jpg,LEGO Ideas,LEGO Ideas
15970,IDEA210,images/IDEA210.jpg,LEGO Ideas,LEGO Ideas
15971,SW1384,images/SW1384.jpg,Star Wars,Star Wars
15972,NJO0883,images/NJO0883.jpg,NINJAGO,NINJAGO
15973,NJO0872,images/NJO0872.jpg,NINJAGO,NINJAGO
15974,JW126,images/JW126.jpg,Jurassic World,Jurassic World
15975,HOL348,images/HOL348.jpg,Holiday & Event,Holiday & Event
15976,MAR0197,images/MAR0197.jpg,Super Mario,Super Mario
15977,MAR0181,images/MAR0181.jpg,Super Mario,Super Mario
15978,MAR0189,images/MAR0189.jpg,Super Mario,Super Mario
15979,SW1360,images/SW1360.jpg,Star Wars,Star Wars
15980,LOZ001,images/LOZ001.jpg,The Legend of Zelda,Other
15981,NJO0875,images/NJO0875.jpg,NINJAGO,NINJAGO
15982,NJO0891,images/NJO0891.jpg,NINJAGO,NINJAGO
15983,NJO0906,images/NJO0906.jpg,NINJAGO,NINJAGO
15984,NJO0859,images/NJO0859.jpg,NINJAGO,NINJAGO
15985,DRM061,images/DRM061.jpg,DREAMZzz,DREAMZzz
15986,DRM052,images/DRM052.jpg,DREAMZzz,DREAMZzz
15987,DRM048,images/DRM048.jpg,DREAMZzz,DREAMZzz
15988,SH0953,images/SH0953.jpg,Super Heroes,Super Heroes
15989,MIN174,images/MIN174.jpg,Minecraft,Minecraft
15990,SW1473,images/SW1473.jpg,Star Wars,Star Wars
15991,SW1428,images/SW1428.jpg,Star Wars,Star Wars
15992,HP587,images/HP587.jpg,Harry Potter,Harry Potter
15993,JW142,images/JW142.jpg,Jurassic World,Jurassic World
15994,SW1468,images/SW1468.jpg,Star Wars,Star Wars
15995,SW1470,images/SW1470.jpg,Star Wars,Star Wars
15996,CTY1876,images/CTY1876.jpg,Town,Town
15997,SW1396,images/SW1396.jpg,Star Wars,Star Wars
15998,CTY1918,images/CTY1918.jpg,Town,Town
15999,CTY1844,images/CTY1844.jpg,Town,Town
16000,DRM089,images/DRM089.jpg,DREAMZzz,DREAMZzz
16001,HP560,images/HP560.jpg,Harry Potter,Harry Potter
16002,SH1041,images/SH1041.jpg,Super Heroes,Super Heroes
16003,MIN233,images/MIN233.jpg,Minecraft,Minecraft
16004,MIN197,images/MIN197.jpg,Minecraft,Minecraft
16005,IDEA219,images/IDEA219.jpg,LEGO Ideas,LEGO Ideas
16006,HP575,images/HP575.jpg,Harry Potter,Harry Potter
16007,HRZ001,images/HRZ001.jpg,Horizon,Other
16008,SW1398,images/SW1398.jpg,Star Wars,Star Wars
16009,POC048,images/POC048.jpg,Pirates of the Caribbean,Other
16010,IDEA268,images/IDEA268.jpg,LEGO Ideas,LEGO Ideas
16011,HP593,images/HP593.jpg,Harry Potter,Harry Potter
16012,DP209,images/DP209.jpg,Disney,Disney
16013,DP210,images/DP210.jpg,Disney,Disney
16014,DP235,images/DP235.jpg,Disney,Disney
16015,DP228,images/DP228.jpg,Disney,Disney
16016,SH1045,images/SH1045.jpg,Super Heroes,Super Heroes
16017,SH1010,images/SH1010.jpg,Super Heroes,Super Heroes
16018,BDP226,images/BDP226.jpg,BrickLink Designer Program,BrickLink Designer Program
16019,BDP228,images/BDP228.jpg,BrickLink Designer Program,BrickLink Designer Program
16020,BDP225,images/BDP225.jpg,BrickLink Designer Program,BrickLink Designer Program
16021,BDP227,images/BDP227.jpg,BrickLink Designer Program,BrickLink Designer Program
16022,BDP224,images/BDP224.jpg,BrickLink Designer Program,BrickLink Designer Program
16023,CTY1893,images/CTY1893.jpg,Town,Town
16024,CTY1938,images/CTY1938.jpg,Town,Town
16025,CTY1897,images/CTY1897.jpg,Town,Town
16026,CTY1899,images/CTY1899.jpg,Town,Town
16027,CTY1898,images/CTY1898.jpg,Town,Town
16028,CTY1896,images/CTY1896.jpg,Town,Town
16029,CTY1895,images/CTY1895.jpg,Town,Town
16030,CTY1894,images/CTY1894.jpg,Town,Town
16031,DP204,images/DP204.jpg,Disney,Disney
16032,DP227,images/DP227.jpg,Disney,Disney
16033,NJO0972,images/NJO0972.jpg,NINJAGO,NINJAGO
16034,NJO0981,images/NJO0981.jpg,NINJAGO,NINJAGO
16035,NJO0921,images/NJO0921.jpg,NINJAGO,NINJAGO
16036,NJO0960,images/NJO0960.jpg,NINJAGO,NINJAGO
16037,OP011,images/OP011.jpg,One Piece,Other
16038,SW1426,images/SW1426.jpg,Star Wars,Star Wars
16039,SC125,images/SC125.jpg,SPEED CHAMPIONS,SPEED CHAMPIONS
16040,DRM093,images/DRM093.jpg,DREAMZzz,DREAMZzz
16041,SW1466,images/SW1466.jpg,Star Wars,Star Wars
16042,SW1400,images/SW1400.jpg,Star Wars,Star Wars
16043,SW1403,images/SW1403.jpg,Star Wars,Star Wars
16044,SW1397,images/SW1397.jpg,Star Wars,Star Wars
16045,IDEA272,images/IDEA272.jpg,LEGO Ideas,LEGO Ideas
16046,CTY1937,images/CTY1937.jpg,Town,Town
16047,CTY1849,images/CTY1849.jpg,Town,Town
16048,IDEA273,images/IDEA273.jpg,LEGO Ideas,LEGO Ideas
16049,COL452,images/COL452.jpg,Collectible Minifigures,Collectible Minifigures
16050,JW141,images/JW141.jpg,Jurassic World,Jurassic World
16051,IDEA257,images/IDEA257.jpg,LEGO Ideas,LEGO Ideas
16052,SH1058,images/SH1058.jpg,Super Heroes,Super Heroes
16053,NIKE001,images/NIKE001.jpg,Nike,Other
16054,SW1444,images/SW1444.jpg,Star Wars,Star Wars
16055,SW1439,images/SW1439.jpg,Star Wars,Star Wars
16056,MAR0212,images/MAR0212.jpg,Super Mario,Super Mario
16057,MAR0213,images/MAR0213.jpg,Super Mario,Super Mario
16058,MAR0210,images/MAR0210.jpg,Super Mario,Super Mario
16059,MIN215,images/MIN215.jpg,Minecraft,Minecraft
16060,BLU003,images/BLU003.jpg,Bluey,Other
16061,BDP231,images/BDP231.jpg,BrickLink Designer Program,BrickLink Designer Program
16062,SH1084,images/SH1084.jpg,Super Heroes,Super Heroes
16063,OP020,images/OP020.jpg,One Piece,Other
16064,CTY1926,images/CTY1926.jpg,Town,Town
16065,HOL394,images/HOL394.jpg,Holiday & Event,Holiday & Event
16066,NIKE002,images/NIKE002.jpg,Nike,Other
16067,SH1021,images/SH1021.jpg,Super Heroes,Super Heroes
16068,SH1005,images/SH1005.jpg,Super Heroes,Super Heroes
16069,SH1077,images/SH1077.jpg,Super Heroes,Super Heroes
16070,SH1071,images/SH1071.jpg,Super Heroes,Super Heroes
16071,SH1088,images/SH1088.jpg,Super Heroes,Super Heroes
16072,SH1083,images/SH1083.jpg,Super Heroes,Super Heroes
16073,FORT012,images/FORT012.jpg,Fortnite,Other
16074,CTY1874,images/CTY1874.jpg,Town,Town
16075,DP215,images/DP215.jpg,Disney,Disney
16076,FORT010,images/FORT010.jpg,Fortnite,Other
16077,IDEA216,images/IDEA216.jpg,LEGO Ideas,LEGO Ideas
16078,HP533,images/HP533.jpg,Harry Potter,Harry Potter
16079,DP213,images/DP213.jpg,Disney,Disney
16080,SH1051,images/SH1051.jpg,Super Heroes,Super Heroes
16081,IDEA233,images/IDEA233.jpg,LEGO Ideas,LEGO Ideas
16082,WED011,images/WED011.jpg,Wednesday,Other
16083,LOR144,images/LOR144.jpg,The Hobbit and The Lord of the Rings,The Hobbit and The Lord of the Rings
16084,BLU001,images/BLU001.jpg,Bluey,Other
16085,BDP218,images/BDP218.jpg,BrickLink Designer Program,BrickLink Designer Program
16086,BDP217,images/BDP217.jpg,BrickLink Designer Program,BrickLink Designer Program
16087,BDP208,images/BDP208.jpg,BrickLink Designer Program,BrickLink Designer Program
16088,BDP216,images/BDP216.jpg,BrickLink Designer Program,BrickLink Designer Program
16089,BDP215,images/BDP215.jpg,BrickLink Designer Program,BrickLink Designer Program
16090,SH1019,images/SH1019.jpg,Super Heroes,Super Heroes
16091,POC052,images/POC052.jpg,Pirates of the Caribbean,Other
16092,SH1012,images/SH1012.jpg,Super Heroes,Super Heroes
16093,BDP209,images/BDP209.jpg,BrickLink Designer Program,BrickLink Designer Program
16094,CAS594,images/CAS594.jpg,Castle,Castle
16095,SP147,images/SP147.jpg,Space,Space
16096,SP148,images/SP148.jpg,Space,Space
16097,HP595,images/HP595.jpg,Harry Potter,Harry Potter
16098,ANI022,images/ANI022.jpg,Animal Crossing,Other
16099,MIN198,images/MIN198.jpg,Minecraft,Minecraft
16100,MAR0215,images/MAR0215.jpg,Super Mario,Super Mario
16101,MAR0230,images/MAR0230.jpg,Super Mario,Super Mario
16102,BLU005,images/BLU005.jpg,Bluey,Other
16103,BLU004,images/BLU004.jpg,Bluey,Other
16104,BLU007,images/BLU007.jpg,Bluey,Other
16105,DIS184,images/DIS184.jpg,Disney,Disney
16106,IDEA237,images/IDEA237.jpg,LEGO Ideas,LEGO Ideas
16107,SW1407,images/SW1407.jpg,Star Wars,Star Wars
16108,COL456,images/COL456.jpg,Collectible Minifigures,Collectible Minifigures
16109,WCK026,images/WCK026.jpg,Wicked,Other
16110,HOL388,images/HOL388.jpg,Holiday & Event,Holiday & Event
16111,IDEA261,images/IDEA261.jpg,LEGO Ideas,LEGO Ideas
16112,MIN207,images/MIN207.jpg,Minecraft,Minecraft
16113,SC136,images/SC136.jpg,SPEED CHAMPIONS,SPEED CHAMPIONS
16114,OP004,images/OP004.jpg,One Piece,Other
16115,BDP212,images/BDP212.jpg,BrickLink Designer Program,BrickLink Designer Program
16116,SON031,images/SON031.jpg,Sonic the Hedgehog,Other
16117,SW1443,images/SW1443.jpg,Star Wars,Star Wars
16118,DIS183,images/DIS183.jpg,Disney,Disney
16119,SC128,images/SC128.jpg,SPEED CHAMPIONS,SPEED CHAMPIONS
16120,SW1440,images/SW1440.jpg,Star Wars,Star Wars
16121,MIN193,images/MIN193.jpg,Minecraft,Minecraft
16122,IDEA228,images/IDEA228.jpg,LEGO Ideas,LEGO Ideas
16123,BDP149,images/BDP149.jpg,BrickLink Designer Program,BrickLink Designer Program
16124,SH1096,images/SH1096.jpg,Super Heroes,Super Heroes
16125,SH1093,images/SH1093.jpg,Super Heroes,Super Heroes
16126,SH1056,images/SH1056.jpg,Super Heroes,Super Heroes
16127,SH1011,images/SH1011.jpg,Super Heroes,Super Heroes
16128,POC044,images/POC044.jpg,Pirates of the Caribbean,Other
16129,TREK006,images/TREK006.jpg,Star Trek,Other
16130,MAR0228,images/MAR0228.jpg,Super Mario,Super Mario
16131,IDEA218,images/IDEA218.jpg,LEGO Ideas,LEGO Ideas
16132,HOL405,images/HOL405.jpg,Holiday & Event,Holiday & Event
16133,HOL404,images/HOL404.jpg,Holiday & Event,Holiday & Event
16134,HOL406,images/HOL406.jpg,Holiday & Event,Holiday & Event
16135,SW1410,images/SW1410.jpg,Star Wars,Star Wars
16136,COL459,images/COL459.jpg,Collectible Minifigures,Collectible Minifigures
16137,SON030,images/SON030.jpg,Sonic the Hedgehog,Other
16138,SH1089,images/SH1089.jpg,Super Heroes,Super Heroes
16139,HP596,images/HP596.jpg,Harry Potter,Harry Potter
16140,ANI020,images/ANI020.jpg,Animal Crossing,Other
16141,MK181,images/MK181.jpg,Monkie Kid,Monkie Kid
16142,MK175,images/MK175.jpg,Monkie Kid,Monkie Kid
16143,IDEA252,images/IDEA252.jpg,LEGO Ideas,LEGO Ideas
16144,IDEA217,images/IDEA217.jpg,LEGO Ideas,LEGO Ideas
16145,COLSPI08,images/COLSPI08.jpg,Collectible Minifigures,Collectible Minifigures
16146,DP221,images/DP221.jpg,Disney,Disney
16147,CTY1934,images/CTY1934.jpg,Town,Town
16148,IDEA244,images/IDEA244.jpg,LEGO Ideas,LEGO Ideas
16149,CTY1930,images/CTY1930.jpg,Town,Town
16150,HOL374,images/HOL374.jpg,Holiday & Event,Holiday & Event
16151,CTY1850,images/CTY1850.jpg,Town,Town
16152,HOL371,images/HOL371.jpg,Holiday & Event,Holiday & Event
16153,BDP148,images/BDP148.jpg,BrickLink Designer Program,BrickLink Designer Program
16154,BDP230,images/BDP230.jpg,BrickLink Designer Program,BrickLink Designer Program
16155,CTY1932,images/CTY1932.jpg,Town,Town
16156,CTY1927,images/CTY1927.jpg,Town,Town
16157,IDEA243,images/IDEA243.jpg,LEGO Ideas,LEGO Ideas
16158,BLU002,images/BLU002.jpg,Bluey,Other
16159,BLU006,images/BLU006.jpg,Bluey,Other
16160,HP590,images/HP590.jpg,Harry Potter,Harry Potter
16161,HP576,images/HP576.jpg,Harry Potter,Harry Potter
16162,OP009,images/OP009.jpg,One Piece,Other
16163,GDH014,images/GDH014.jpg,Gabby's Dollhouse,Other
16164,NJO0966,images/NJO0966.jpg,NINJAGO,NINJAGO
16165,DP212,images/DP212.jpg,Disney,Disney
16166,DP205,images/DP205.jpg,Disney,Disney
16167,IDEA264,images/IDEA264.jpg,LEGO Ideas,LEGO Ideas
16168,IDEA227,images/IDEA227.jpg,LEGO Ideas,LEGO Ideas
16169,IDEA230,images/IDEA230.jpg,LEGO Ideas,LEGO Ideas
16170,SW1408,images/SW1408.jpg,Star Wars,Star Wars
16171,SW1431,images/SW1431.jpg,Star Wars,Star Wars
16172,SW1429,images/SW1429.jpg,Star Wars,Star Wars
16173,SW1425,images/SW1425.jpg,Star Wars,Star Wars
16174,SW1402,images/SW1402.jpg,Star Wars,Star Wars
16175,SW1401,images/SW1401.jpg,Star Wars,Star Wars
16176,SW1399,images/SW1399.jpg,Star Wars,Star Wars
16177,SW1422,images/SW1422.jpg,Star Wars,Star Wars
16178,SW1423,images/SW1423.jpg,Star Wars,Star Wars
16179,DP218,images/DP218.jpg,Disney,Disney
16180,NJO0985,images/NJO0985.jpg,NINJAGO,NINJAGO
16181,NJO0936,images/NJO0936.jpg,NINJAGO,NINJAGO
16182,NJO0970,images/NJO0970.jpg,NINJAGO,NINJAGO
16183,TREK003,images/TREK003.jpg,Star Trek,Other
16184,SW1427,images/SW1427.jpg,Star Wars,Star Wars
16185,CTY1855,images/CTY1855.jpg,Town,Town
16186,CTY1909,images/CTY1909.jpg,Town,Town
16187,CTY1862,images/CTY1862.jpg,Town,Town
16188,CTY1854,images/CTY1854.jpg,Town,Town
16189,CTY1910,images/CTY1910.jpg,Town,Town
16190,CTY1919,images/CTY1919.jpg,Town,Town
16191,CTY1936,images/CTY1936.jpg,Town,Town
16192,GDH015,images/GDH015.jpg,Gabby's Dollhouse,Other
16193,DRM069,images/DRM069.jpg,DREAMZzz,DREAMZzz
16194,DRM082,images/DRM082.jpg,DREAMZzz,DREAMZzz
16195,GEN191,images/GEN191.jpg,Promotional,Other
16196,GEN190,images/GEN190.jpg,Promotional,Other
16197,POC047,images/POC047.jpg,Pirates of the Caribbean,Other
16198,TREK007,images/TREK007.jpg,Star Trek,Other
16199,MIN222,images/MIN222.jpg,Minecraft,Minecraft
16200,DIS188,images/DIS188.jpg,Disney,Disney
16201,DIS180,images/DIS180.jpg,Disney,Disney
16202,COL457,images/COL457.jpg,Collectible Minifigures,Collectible Minifigures
16203,HOL395,images/HOL395.jpg,Holiday & Event,Holiday & Event
16204,DRM094,images/DRM094.jpg,DREAMZzz,DREAMZzz
16205,DRM070,images/DRM070.jpg,DREAMZzz,DREAMZzz
16206,DRM095,images/DRM095.jpg,DREAMZzz,DREAMZzz
16207,DRM081,images/DRM081.jpg,DREAMZzz,DREAMZzz
16208,DRM080,images/DRM080.jpg,DREAMZzz,DREAMZzz
16209,DRM074,images/DRM074.jpg,DREAMZzz,DREAMZzz
16210,DRM092,images/DRM092.jpg,DREAMZzz,DREAMZzz
16211,DRM077,images/DRM077.jpg,DREAMZzz,DREAMZzz
16212,CTY1925,images/CTY1925.jpg,Town,Town
16213,CTY1880,images/CTY1880.jpg,Town,Town
16214,DIS187,images/DIS187.jpg,Disney,Disney
16215,SW1436,images/SW1436.jpg,Star Wars,Star Wars
16216,SW1415,images/SW1415.jpg,Star Wars,Star Wars
16217,SW1483,images/SW1483.jpg,Star Wars,Star Wars
16218,DIS179,images/DIS179.jpg,Disney,Disney
16219,MIN210,images/MIN210.jpg,Minecraft,Minecraft
16220,LOR151,images/LOR151.jpg,The Hobbit and The Lord of the Rings,The Hobbit and The Lord of the Rings
16221,HP557,images/HP557.jpg,Harry Potter,Harry Potter
16222,SW1411,images/SW1411.jpg,Star Wars,Star Wars
16223,MIN225,images/MIN225.jpg,Minecraft,Minecraft
16224,SW1482,images/SW1482.jpg,Star Wars,Star Wars
16225,CTY1872,images/CTY1872.jpg,Town,Town
16226,IDEA246,images/IDEA246.jpg,LEGO Ideas,LEGO Ideas
16227,HP534,images/HP534.jpg,Harry Potter,Harry Potter
16228,CTY1917,images/CTY1917.jpg,Town,Town
16229,SC137,images/SC137.jpg,SPEED CHAMPIONS,SPEED CHAMPIONS
16230,MAR0207,images/MAR0207.jpg,Super Mario,Super Mario
16231,CTY1861,images/CTY1861.jpg,Town,Town
16232,CTY1860,images/CTY1860.jpg,Town,Town
16233,DRM097,images/DRM097.jpg,DREAMZzz,DREAMZzz
16234,NJO0957,images/NJO0957.jpg,NINJAGO,NINJAGO
16235,WCK011,images/WCK011.jpg,Wicked,Other
16236,TWN521,images/TWN521.jpg,Town,Town
16237,JW129,images/JW129.jpg,Jurassic World,Jurassic World
16238,TREK001,images/TREK001.jpg,Star Trek,Other
16239,JW128,images/JW128.jpg,Jurassic World,Jurassic World
16240,JW136,images/JW136.jpg,Jurassic World,Jurassic World
16241,NJO0952,images/NJO0952.jpg,NINJAGO,NINJAGO
16242,SH1037,images/SH1037.jpg,Super Heroes,Super Heroes
16243,SH1060,images/SH1060.jpg,Super Heroes,Super Heroes
16244,HP532,images/HP532.jpg,Harry Potter,Harry Potter
16245,HP591,images/HP591.jpg,Harry Potter,Harry Potter
16246,90398PB057,images/90398PB057.jpg,Harry Potter,Harry Potter
16247,NJO0992,images/NJO0992.jpg,NINJAGO,NINJAGO
16248,NJO0926,images/NJO0926.jpg,NINJAGO,NINJAGO
16249,NJO0954,images/NJO0954.jpg,NINJAGO,NINJAGO
16250,NJO0920,images/NJO0920.jpg,NINJAGO,NINJAGO
16251,NJO0931,images/NJO0931.jpg,NINJAGO,NINJAGO
16252,CTY1908,images/CTY1908.jpg,Town,Town
16253,DRM090,images/DRM090.jpg,DREAMZzz,DREAMZzz
16254,NJO0980,images/NJO0980.jpg,NINJAGO,NINJAGO
16255,NJO0964,images/NJO0964.jpg,NINJAGO,NINJAGO
16256,NJO0924,images/NJO0924.jpg,NINJAGO,NINJAGO
16257,SW1419,images/SW1419.jpg,Star Wars,Star Wars
16258,SW1452,images/SW1452.jpg,Star Wars,Star Wars
16259,HP565,images/HP565.jpg,Harry Potter,Harry Potter
16260,SH1042,images/SH1042.jpg,Super Heroes,Super Heroes
16261,SH1036,images/SH1036.jpg,Super Heroes,Super Heroes
16262,JW137,images/JW137.jpg,Jurassic World,Jurassic World
16263,47394PB373,images/47394PB373.jpg,DUPLO,DUPLO
16264,47205PB129,images/47205PB129.jpg,DUPLO,DUPLO
16265,47205PB128,images/47205PB128.jpg,DUPLO,DUPLO
16266,47205PB124,images/47205PB124.jpg,DUPLO,DUPLO
16267,47205PB125,images/47205PB125.jpg,DUPLO,DUPLO
16268,47205PB126,images/47205PB126.jpg,DUPLO,DUPLO
16269,47205PB121,images/47205PB121.jpg,DUPLO,DUPLO
16270,47205PB130,images/47205PB130.jpg,DUPLO,DUPLO
16271,47205PB127,images/47205PB127.jpg,DUPLO,DUPLO
16272,47394PB372,images/47394PB372.jpg,DUPLO,DUPLO
16273,47205PB123,images/47205PB123.jpg,DUPLO,DUPLO
16274,47394PB371,images/47394PB371.jpg,DUPLO,DUPLO
16275,47394PB370,images/47394PB370.jpg,DUPLO,DUPLO
16276,47394PB364,images/47394PB364.jpg,DUPLO,DUPLO
16277,47394PB362,images/47394PB362.jpg,DUPLO,DUPLO
16278,47394PB366,images/47394PB366.jpg,DUPLO,DUPLO
16279,47394PB374,images/47394PB374.jpg,DUPLO,DUPLO
16280,47394PB367,images/47394PB367.jpg,DUPLO,DUPLO
16281,47394PB365,images/47394PB365.jpg,DUPLO,DUPLO
16282,47394PB368,images/47394PB368.jpg,DUPLO,DUPLO
16283,47394PB369,images/47394PB369.jpg,DUPLO,DUPLO
16284,47394PB363,images/47394PB363.jpg,DUPLO,DUPLO
16285,47205PB122,images/47205PB122.jpg,DUPLO,DUPLO
16286,SW1421,images/SW1421.jpg,Star Wars,Star Wars
16287,SH1063,images/SH1063.jpg,Super Heroes,Super Heroes
16288,IDEA221,images/IDEA221.jpg,LEGO Ideas,LEGO Ideas
16289,HOL393,images/HOL393.jpg,Holiday & Event,Holiday & Event
16290,HOL392,images/HOL392.jpg,Holiday & Event,Holiday & Event
16291,HOL387,images/HOL387.jpg,Holiday & Event,Holiday & Event
16292,HOL385,images/HOL385.jpg,Holiday & Event,Holiday & Event
16293,HOL382,images/HOL382.jpg,Holiday & Event,Holiday & Event
16294,HOL386,images/HOL386.jpg,Holiday & Event,Holiday & Event
16295,HOL383,images/HOL383.jpg,Holiday & Event,Holiday & Event
16296,POC050,images/POC050.jpg,Pirates of the Caribbean,Other
16297,WCK022,images/WCK022.jpg,Wicked,Other
16298,WCK028,images/WCK028.jpg,Wicked,Other
16299,WCK025,images/WCK025.jpg,Wicked,Other
16300,WCK013,images/WCK013.jpg,Wicked,Other
16301,WCK019,images/WCK019.jpg,Wicked,Other
16302,DP211,images/DP211.jpg,Disney,Disney
16303,DP233,images/DP233.jpg,Disney,Disney
16304,DP230,images/DP230.jpg,Disney,Disney
16305,IDEA238,images/IDEA238.jpg,LEGO Ideas,LEGO Ideas
16306,SW1405,images/SW1405.jpg,Star Wars,Star Wars
16307,MIN231,images/MIN231.jpg,Minecraft,Minecraft
16308,MIN227,images/MIN227.jpg,Minecraft,Minecraft
16309,MIN226,images/MIN226.jpg,Minecraft,Minecraft
16310,WED008,images/WED008.jpg,Wednesday,Other
16311,TREK010,images/TREK010.jpg,Star Trek,Other
16312,MK182,images/MK182.jpg,Monkie Kid,Monkie Kid
16313,HP558,images/HP558.jpg,Harry Potter,Harry Potter
16314,HP545,images/HP545.jpg,Harry Potter,Harry Potter
16315,ANI025,images/ANI025.jpg,Animal Crossing,Other
16316,CTY1935,images/CTY1935.jpg,Town,Town
16317,CTY1851,images/CTY1851.jpg,Town,Town
16318,HOL375,images/HOL375.jpg,Holiday & Event,Holiday & Event
16319,SIM045,images/SIM045.jpg,The Simpsons,Other
16320,LOR147,images/LOR147.jpg,The Hobbit and The Lord of the Rings,The Hobbit and The Lord of the Rings
16321,SC122,images/SC122.jpg,SPEED CHAMPIONS,SPEED CHAMPIONS
16322,BDP213,images/BDP213.jpg,BrickLink Designer Program,BrickLink Designer Program
16323,MAR0221,images/MAR0221.jpg,Super Mario,Super Mario
16324,DP222,images/DP222.jpg,Disney,Disney
16325,CTY1883,images/CTY1883.jpg,Town,Town
16326,CTY1873,images/CTY1873.jpg,Town,Town
16327,CTY1903,images/CTY1903.jpg,Town,Town
16328,CTY1892,images/CTY1892.jpg,Town,Town
16329,CTY1891,images/CTY1891.jpg,Town,Town
16330,CTY1884,images/CTY1884.jpg,Town,Town
16331,CTY1843,images/CTY1843.jpg,Town,Town
16332,IDEA247,images/IDEA247.jpg,LEGO Ideas,LEGO Ideas
16333,NJO0991,images/NJO0991.jpg,NINJAGO,NINJAGO
16334,WCK023,images/WCK023.jpg,Wicked,Other
16335,WCK021,images/WCK021.jpg,Wicked,Other
16336,HP572,images/HP572.jpg,Harry Potter,Harry Potter
16337,BDP172,images/BDP172.jpg,BrickLink Designer Program,BrickLink Designer Program
16338,BDP176,images/BDP176.jpg,BrickLink Designer Program,BrickLink Designer Program
16339,BDP171,images/BDP171.jpg,BrickLink Designer Program,BrickLink Designer Program
16340,BDP174,images/BDP174.jpg,BrickLink Designer Program,BrickLink Designer Program
16341,BDP170,images/BDP170.jpg,BrickLink Designer Program,BrickLink Designer Program
16342,BDP168,images/BDP168.jpg,BrickLink Designer Program,BrickLink Designer Program
16343,BDP177,images/BDP177.jpg,BrickLink Designer Program,BrickLink Designer Program
16344,BDP167,images/BDP167.jpg,BrickLink Designer Program,BrickLink Designer Program
16345,BDP175,images/BDP175.jpg,BrickLink Designer Program,BrickLink Designer Program
16346,BDP173,images/BDP173.jpg,BrickLink Designer Program,BrickLink Designer Program
16347,BDP166,images/BDP166.jpg,BrickLink Designer Program,BrickLink Designer Program
16348,CTY1832,images/CTY1832.jpg,Town,Town
16349,CTY1837,images/CTY1837.jpg,Town,Town
16350,CTY1863,images/CTY1863.jpg,Town,Town
16351,CTY1848,images/CTY1848.jpg,Town,Town
16352,CTY1846,images/CTY1846.jpg,Town,Town
16353,CTY1831,images/CTY1831.jpg,Town,Town
16354,CTY1838,images/CTY1838.jpg,Town,Town
16355,CTY1882,images/CTY1882.jpg,Town,Town
16356,CTY1881,images/CTY1881.jpg,Town,Town
16357,CTY1847,images/CTY1847.jpg,Town,Town
16358,CTY1835,images/CTY1835.jpg,Town,Town
16359,CTY1833,images/CTY1833.jpg,Town,Town
16360,CTY1834,images/CTY1834.jpg,Town,Town
16361,CTY1836,images/CTY1836.jpg,Town,Town
16362,CTY1865,images/CTY1865.jpg,Town,Town
16363,CTY1864,images/CTY1864.jpg,Town,Town
16364,CTY1867,images/CTY1867.jpg,Town,Town
16365,CTY1866,images/CTY1866.jpg,Town,Town
16366,CTY1841,images/CTY1841.jpg,Town,Town
16367,CTY1840,images/CTY1840.jpg,Town,Town
16368,CTY1839,images/CTY1839.jpg,Town,Town
16369,BDP253,images/BDP253.jpg,BrickLink Designer Program,BrickLink Designer Program
16370,NJO0977,images/NJO0977.jpg,NINJAGO,NINJAGO
16371,IDEA267,images/IDEA267.jpg,LEGO Ideas,LEGO Ideas
16372,TWN528,images/TWN528.jpg,Town,Town
16373,90398PB064,images/90398PB064.jpg,Harry Potter,Harry Potter
16374,90398PB063,images/90398PB063.jpg,Harry Potter,Harry Potter
16375,FRND0773,images/FRND0773.jpg,Friends,Friends
16376,FRND0782,images/FRND0782.jpg,Friends,Friends
16377,FRND0838,images/FRND0838.jpg,Friends,Friends
16378,FRND0855,images/FRND0855.jpg,Friends,Friends
16379,FRND0812,images/FRND0812.jpg,Friends,Friends
16380,FRND0842,images/FRND0842.jpg,Friends,Friends
16381,FRND0843,images/FRND0843.jpg,Friends,Friends
16382,FRND0833,images/FRND0833.jpg,Friends,Friends
16383,FRND0775,images/FRND0775.jpg,Friends,Friends
16384,FRND0801,images/FRND0801.jpg,Friends,Friends
16385,FRND0831,images/FRND0831.jpg,Friends,Friends
16386,FRND0858,images/FRND0858.jpg,Friends,Friends
16387,FRND0850,images/FRND0850.jpg,Friends,Friends
16388,FRND0854,images/FRND0854.jpg,Friends,Friends
16389,FRND0779,images/FRND0779.jpg,Friends,Friends
16390,FRND0791,images/FRND0791.jpg,Friends,Friends
16391,FRND0777,images/FRND0777.jpg,Friends,Friends
16392,FRND0771,images/FRND0771.jpg,Friends,Friends
16393,FRND0794,images/FRND0794.jpg,Friends,Friends
16394,FRND0825,images/FRND0825.jpg,Friends,Friends
16395,FRND0813,images/FRND0813.jpg,Friends,Friends
16396,FRND0827,images/FRND0827.jpg,Friends,Friends
16397,FRND0802,images/FRND0802.jpg,Friends,Friends
16398,FRND0799,images/FRND0799.jpg,Friends,Friends
16399,FRND0848,images/FRND0848.jpg,Friends,Friends
16400,FRND0820,images/FRND0820.jpg,Friends,Friends
16401,FRND0785,images/FRND0785.jpg,Friends,Friends
16402,FRND0780,images/FRND0780.jpg,Friends,Friends
16403,FRND0835,images/FRND0835.jpg,Friends,Friends
16404,FRND0796,images/FRND0796.jpg,Friends,Friends
16405,FRND0788,images/FRND0788.jpg,Friends,Friends
16406,FRND0803,images/FRND0803.jpg,Friends,Friends
16407,FRND0810,images/FRND0810.jpg,Friends,Friends
16408,FRND0805,images/FRND0805.jpg,Friends,Friends
16409,FRND0816,images/FRND0816.jpg,Friends,Friends
16410,FRND0857,images/FRND0857.jpg,Friends,Friends
16411,FRND0852,images/FRND0852.jpg,Friends,Friends
16412,FRND0836,images/FRND0836.jpg,Friends,Friends
16413,FRND0846,images/FRND0846.jpg,Friends,Friends
16414,FRND0790,images/FRND0790.jpg,Friends,Friends
16415,FRND0778,images/FRND0778.jpg,Friends,Friends
16416,FRND0814,images/FRND0814.jpg,Friends,Friends
16417,FRND0837,images/FRND0837.jpg,Friends,Friends
16418,FRND0856,images/FRND0856.jpg,Friends,Friends
16419,FRND0789,images/FRND0789.jpg,Friends,Friends
16420,FRND0809,images/FRND0809.jpg,Friends,Friends
16421,FRND0845,images/FRND0845.jpg,Friends,Friends
16422,FRND0829,images/FRND0829.jpg,Friends,Friends
16423,FRND0776,images/FRND0776.jpg,Friends,Friends
16424,FRND0853,images/FRND0853.jpg,Friends,Friends
16425,FRND0774,images/FRND0774.jpg,Friends,Friends
16426,FRND0828,images/FRND0828.jpg,Friends,Friends
16427,FRND0840,images/FRND0840.jpg,Friends,Friends
16428,FRND0859,images/FRND0859.jpg,Friends,Friends
16429,FRND0826,images/FRND0826.jpg,Friends,Friends
16430,FRND0806,images/FRND0806.jpg,Friends,Friends
16431,FRND0832,images/FRND0832.jpg,Friends,Friends
16432,FRND0772,images/FRND0772.jpg,Friends,Friends
16433,FRND0787,images/FRND0787.jpg,Friends,Friends
16434,FRND0793,images/FRND0793.jpg,Friends,Friends
16435,FRND0851,images/FRND0851.jpg,Friends,Friends
16436,FRND0834,images/FRND0834.jpg,Friends,Friends
16437,FRND0781,images/FRND0781.jpg,Friends,Friends
16438,FRND0807,images/FRND0807.jpg,Friends,Friends
16439,FRND0818,images/FRND0818.jpg,Friends,Friends
16440,FRND0817,images/FRND0817.jpg,Friends,Friends
16441,FRND0819,images/FRND0819.jpg,Friends,Friends
16442,FRND0784,images/FRND0784.jpg,Friends,Friends
16443,FRND0800,images/FRND0800.jpg,Friends,Friends
16444,FRND0849,images/FRND0849.jpg,Friends,Friends
16445,FRND0823,images/FRND0823.jpg,Friends,Friends
16446,FRND0808,images/FRND0808.jpg,Friends,Friends
16447,FRND0804,images/FRND0804.jpg,Friends,Friends
16448,FRND0797,images/FRND0797.jpg,Friends,Friends
16449,FRND0786,images/FRND0786.jpg,Friends,Friends
16450,FRND0795,images/FRND0795.jpg,Friends,Friends
16451,FRND0783,images/FRND0783.jpg,Friends,Friends
16452,FRND0830,images/FRND0830.jpg,Friends,Friends
16453,FRND0811,images/FRND0811.jpg,Friends,Friends
16454,FRND0841,images/FRND0841.jpg,Friends,Friends
16455,FRND0822,images/FRND0822.jpg,Friends,Friends
16456,FRND0815,images/FRND0815.jpg,Friends,Friends
16457,FRND0844,images/FRND0844.jpg,Friends,Friends
16458,FRND0798,images/FRND0798.jpg,Friends,Friends
16459,FRND0824,images/FRND0824.jpg,Friends,Friends
16460,FRND0839,images/FRND0839.jpg,Friends,Friends
16461,FRND0792,images/FRND0792.jpg,Friends,Friends
16462,FRND0847,images/FRND0847.jpg,Friends,Friends
16463,LOR143,images/LOR143.jpg,The Hobbit and The Lord of the Rings,The Hobbit and The Lord of the Rings
16464,ANI023,images/ANI023.jpg,Animal Crossing,Other
16465,GDH016,images/GDH016.jpg,Gabby's Dollhouse,Other
16466,GDH013,images/GDH013.jpg,Gabby's Dollhouse,Other
16467,SW1430,images/SW1430.jpg,Star Wars,Star Wars
16468,SW1481,images/SW1481.jpg,Star Wars,Star Wars
16469,TWN531,images/TWN531.jpg,Town,Town
16470,LOR153,images/LOR153.jpg,The Hobbit and The Lord of the Rings,The Hobbit and The Lord of the Rings
16471,LOR142,images/LOR142.jpg,The Hobbit and The Lord of the Rings,The Hobbit and The Lord of the Rings
16472,OP021,images/OP021.jpg,One Piece,Other
16473,MIN216,images/MIN216.jpg,Minecraft,Minecraft
16474,90398PB060,images/90398PB060.jpg,Harry Potter,Harry Potter
16475,DP217,images/DP217.jpg,Disney,Disney
16476,IDEA241,images/IDEA241.jpg,LEGO Ideas,LEGO Ideas
16477,SW1469,images/SW1469.jpg,Star Wars,Star Wars
16478,IDEA223,images/IDEA223.jpg,LEGO Ideas,LEGO Ideas
16479,TWN529,images/TWN529.jpg,Town,Town
16480,SH1024,images/SH1024.jpg,Super Heroes,Super Heroes
16481,SH1030,images/SH1030.jpg,Super Heroes,Super Heroes
16482,HP535,images/HP535.jpg,Harry Potter,Harry Potter
16483,90398PB061,images/90398PB061.jpg,Harry Potter,Harry Potter
16484,HOL390,images/HOL390.jpg,Holiday & Event,Holiday & Event
16485,WCK027,images/WCK027.jpg,Wicked,Other
16486,WCK024,images/WCK024.jpg,Wicked,Other
16487,WCK029,images/WCK029.jpg,Wicked,Other
16488,WCK016,images/WCK016.jpg,Wicked,Other
16489,WCK015,images/WCK015.jpg,Wicked,Other
16490,MIN230,images/MIN230.jpg,Minecraft,Minecraft
16491,ANI026,images/ANI026.jpg,Animal Crossing,Other
16492,SW1442,images/SW1442.jpg,Star Wars,Star Wars
16493,MAR0229,images/MAR0229.jpg,Super Mario,Super Mario
16494,SW1471,images/SW1471.jpg,Star Wars,Star Wars
16495,IDEA253,images/IDEA253.jpg,LEGO Ideas,LEGO Ideas
16496,MIN218,images/MIN218.jpg,Minecraft,Minecraft
16497,SH1066,images/SH1066.jpg,Super Heroes,Super Heroes
16498,MAR0223,images/MAR0223.jpg,Super Mario,Super Mario
16499,IDEA236,images/IDEA236.jpg,LEGO Ideas,LEGO Ideas
16500,IDEA232,images/IDEA232.jpg,LEGO Ideas,LEGO Ideas
16501,FORT011,images/FORT011.jpg,Fortnite,Other
16502,TREK009,images/TREK009.jpg,Star Trek,Other
16503,COLSPI04,images/COLSPI04.jpg,Collectible Minifigures,Collectible Minifigures
16504,TLS124,images/TLS124.jpg,LEGO Brand,LEGO Brand
16505,COL449,images/COL449.jpg,Collectible Minifigures,Collectible Minifigures
16506,SW1457,images/SW1457.jpg,Star Wars,Star Wars
16507,SW1458,images/SW1458.jpg,Star Wars,Star Wars
16508,HP592,images/HP592.jpg,Harry Potter,Harry Potter
16509,BDP150,images/BDP150.jpg,BrickLink Designer Program,BrickLink Designer Program
16510,BDP155,images/BDP155.jpg,BrickLink Designer Program,BrickLink Designer Program
16511,BDP151,images/BDP151.jpg,BrickLink Designer Program,BrickLink Designer Program
16512,BDP154,images/BDP154.jpg,BrickLink Designer Program,BrickLink Designer Program
16513,BDP152,images/BDP152.jpg,BrickLink Designer Program,BrickLink Designer Program
16514,BDP153,images/BDP153.jpg,BrickLink Designer Program,BrickLink Designer Program
16515,SH1080,images/SH1080.jpg,Super Heroes,Super Heroes
16516,HP582,images/HP582.jpg,Harry Potter,Harry Potter
16517,HP538,images/HP538.jpg,Harry Potter,Harry Potter
16518,HP544,images/HP544.jpg,Harry Potter,Harry Potter
16519,HP528,images/HP528.jpg,Harry Potter,Harry Potter
16520,HP589,images/HP589.jpg,Harry Potter,Harry Potter
16521,HP551,images/HP551.jpg,Harry Potter,Harry Potter
16522,90398PB053,images/90398PB053.jpg,Harry Potter,Harry Potter
16523,NJO0949,images/NJO0949.jpg,NINJAGO,NINJAGO
16524,POC051,images/POC051.jpg,Pirates of the Caribbean,Other
16525,OP024,images/OP024.jpg,One Piece,Other
16526,CTY1885,images/CTY1885.jpg,Town,Town
16527,MIN217,images/MIN217.jpg,Minecraft,Minecraft
16528,BDP211,images/BDP211.jpg,BrickLink Designer Program,BrickLink Designer Program
16529,HP571,images/HP571.jpg,Harry Potter,Harry Potter
16530,HP530,images/HP530.jpg,Harry Potter,Harry Potter
16531,HP588,images/HP588.jpg,Harry Potter,Harry Potter
16532,HP553,images/HP553.jpg,Harry Potter,Harry Potter
16533,90398PB056,images/90398PB056.jpg,Harry Potter,Harry Potter
16534,MIN249,images/MIN249.jpg,Minecraft,Minecraft
16535,MIN247,images/MIN247.jpg,Minecraft,Minecraft
16536,MIN203,images/MIN203.jpg,Minecraft,Minecraft
16537,MIN255,images/MIN255.jpg,Minecraft,Minecraft
16538,MIN248,images/MIN248.jpg,Minecraft,Minecraft
16539,MIN232,images/MIN232.jpg,Minecraft,Minecraft
16540,SH1061,images/SH1061.jpg,Super Heroes,Super Heroes
16541,COLSPI02,images/COLSPI02.jpg,Collectible Minifigures,Collectible Minifigures
16542,HOL380,images/HOL380.jpg,Holiday & Event,Holiday & Event
16543,HOL379,images/HOL379.jpg,Holiday & Event,Holiday & Event
16544,HOL377,images/HOL377.jpg,Holiday & Event,Holiday & Event
16545,HOL378,images/HOL378.jpg,Holiday & Event,Holiday & Event
16546,SIM043,images/SIM043.jpg,The Simpsons,Other
16547,DP232,images/DP232.jpg,Disney,Disney
16548,HP584,images/HP584.jpg,Harry Potter,Harry Potter
16549,CAS595,images/CAS595.jpg,Castle,Castle
16550,CAS590,images/CAS590.jpg,Castle,Castle
16551,CAS592,images/CAS592.jpg,Castle,Castle
16552,CAS591,images/CAS591.jpg,Castle,Castle
16553,CTY1845,images/CTY1845.jpg,Town,Town
16554,CTY1868,images/CTY1868.jpg,Town,Town
16555,SW1479,images/SW1479.jpg,Star Wars,Star Wars
16556,SH1013,images/SH1013.jpg,Super Heroes,Super Heroes
16557,SH1043,images/SH1043.jpg,Super Heroes,Super Heroes
16558,HOL402,images/HOL402.jpg,Holiday & Event,Holiday & Event
16559,HOL403,images/HOL403.jpg,Holiday & Event,Holiday & Event
16560,MIN195,images/MIN195.jpg,Minecraft,Minecraft
16561,MIN229,images/MIN229.jpg,Minecraft,Minecraft
16562,MIN196,images/MIN196.jpg,Minecraft,Minecraft
16563,MIN194,images/MIN194.jpg,Minecraft,Minecraft
16564,SW1420,images/SW1420.jpg,Star Wars,Star Wars
16565,SW1462,images/SW1462.jpg,Star Wars,Star Wars
16566,SW1416,images/SW1416.jpg,Star Wars,Star Wars
16567,SW1477,images/SW1477.jpg,Star Wars,Star Wars
16568,SW1474,images/SW1474.jpg,Star Wars,Star Wars
16569,SW1472,images/SW1472.jpg,Star Wars,Star Wars
16570,SW1465,images/SW1465.jpg,Star Wars,Star Wars
16571,SW1475,images/SW1475.jpg,Star Wars,Star Wars
16572,SW1449,images/SW1449.jpg,Star Wars,Star Wars
16573,SW1478,images/SW1478.jpg,Star Wars,Star Wars
16574,SW1480,images/SW1480.jpg,Star Wars,Star Wars
16575,BDP262,images/BDP262.jpg,BrickLink Designer Program,BrickLink Designer Program
16576,BDP264,images/BDP264.jpg,BrickLink Designer Program,BrickLink Designer Program
16577,SW1456,images/SW1456.jpg,Star Wars,Star Wars
16578,SW1464,images/SW1464.jpg,Star Wars,Star Wars
16579,SW1455,images/SW1455.jpg,Star Wars,Star Wars
16580,SW1463,images/SW1463.jpg,Star Wars,Star Wars
16581,SW1454,images/SW1454.jpg,Star Wars,Star Wars
16582,SW1484,images/SW1484.jpg,Star Wars,Star Wars
16583,DRM075,images/DRM075.jpg,DREAMZzz,DREAMZzz
16584,SW1461,images/SW1461.jpg,Star Wars,Star Wars
16585,TWN522,images/TWN522.jpg,Town,Town
16586,IDEA270,images/IDEA270.jpg,LEGO Ideas,LEGO Ideas
16587,MIN212,images/MIN212.jpg,Minecraft,Minecraft
16588,SH1035,images/SH1035.jpg,Super Heroes,Super Heroes
16589,SH1008,images/SH1008.jpg,Super Heroes,Super Heroes
16590,SH1048,images/SH1048.jpg,Super Heroes,Super Heroes
16591,SH1017,images/SH1017.jpg,Super Heroes,Super Heroes
16592,SH1015,images/SH1015.jpg,Super Heroes,Super Heroes
16593,SH1040,images/SH1040.jpg,Super Heroes,Super Heroes
16594,SH1046,images/SH1046.jpg,Super Heroes,Super Heroes
16595,SH1038,images/SH1038.jpg,Super Heroes,Super Heroes
16596,SH1067,images/SH1067.jpg,Super Heroes,Super Heroes
16597,SH1047,images/SH1047.jpg,Super Heroes,Super Heroes
16598,SH1074,images/SH1074.jpg,Super Heroes,Super Heroes
16599,IDEA271,images/IDEA271.jpg,LEGO Ideas,LEGO Ideas
16600,JW139,images/JW139.jpg,Jurassic World,Jurassic World
16601,SW1409,images/SW1409.jpg,Star Wars,Star Wars
16602,FORT013,images/FORT013.jpg,Fortnite,Other
16603,DRM071,images/DRM071.jpg,DREAMZzz,DREAMZzz
16604,DRM072,images/DRM072.jpg,DREAMZzz,DREAMZzz
16605,SH1059,images/SH1059.jpg,Super Heroes,Super Heroes
16606,IDEA222,images/IDEA222.jpg,LEGO Ideas,LEGO Ideas
16607,IDEA266,images/IDEA266.jpg,LEGO Ideas,LEGO Ideas
16608,GEN194,images/GEN194.jpg,Promotional,Other
16609,SW1433,images/SW1433.jpg,Star Wars,Star Wars
16610,SW1406,images/SW1406.jpg,Star Wars,Star Wars
16611,DP224,images/DP224.jpg,Disney,Disney
16612,CTY1907,images/CTY1907.jpg,Town,Town
16613,SW1445,images/SW1445.jpg,Star Wars,Star Wars
16614,NJO0945,images/NJO0945.jpg,NINJAGO,NINJAGO
16615,CTY1905,images/CTY1905.jpg,Town,Town
16616,DIS182,images/DIS182.jpg,Disney,Disney
16617,COL451,images/COL451.jpg,Collectible Minifigures,Collectible Minifigures
16618,SH1052,images/SH1052.jpg,Super Heroes,Super Heroes
16619,POC046,images/POC046.jpg,Pirates of the Caribbean,Other
16620,ANI019,images/ANI019.jpg,Animal Crossing,Other
16621,MIN205,images/MIN205.jpg,Minecraft,Minecraft
16622,JW127,images/JW127.jpg,Jurassic World,Jurassic World
16623,SW1412,images/SW1412.jpg,Star Wars,Star Wars
16624,NJO0947,images/NJO0947.jpg,NINJAGO,NINJAGO
16625,NJO0930,images/NJO0930.jpg,NINJAGO,NINJAGO
16626,NJO0961,images/NJO0961.jpg,NINJAGO,NINJAGO
16627,NJO0925,images/NJO0925.jpg,NINJAGO,NINJAGO
16628,NJO0967,images/NJO0967.jpg,NINJAGO,NINJAGO
16629,NJO0990,images/NJO0990.jpg,NINJAGO,NINJAGO
16630,HP581,images/HP581.jpg,Harry Potter,Harry Potter
16631,HP574,images/HP574.jpg,Harry Potter,Harry Potter
16632,SW1432,images/SW1432.jpg,Star Wars,Star Wars
16633,SC127,images/SC127.jpg,SPEED CHAMPIONS,SPEED CHAMPIONS
16634,SH1078,images/SH1078.jpg,Super Heroes,Super Heroes
16635,MAR0226,images/MAR0226.jpg,Super Mario,Super Mario
16636,GDH017,images/GDH017.jpg,Gabby's Dollhouse,Other
16637,BDP219,images/BDP219.jpg,BrickLink Designer Program,BrickLink Designer Program
16638,BDP222,images/BDP222.jpg,BrickLink Designer Program,BrickLink Designer Program
16639,BDP210,images/BDP210.jpg,BrickLink Designer Program,BrickLink Designer Program
16640,OP025,images/OP025.jpg,One Piece,Other
16641,IDEA234,images/IDEA234.jpg,LEGO Ideas,LEGO Ideas
16642,IDEA229,images/IDEA229.jpg,LEGO Ideas,LEGO Ideas
16643,SH1070,images/SH1070.jpg,Super Heroes,Super Heroes
16644,DP208,images/DP208.jpg,Disney,Disney
16645,DP236,images/DP236.jpg,Disney,Disney
16646,DP229,images/DP229.jpg,Disney,Disney
16647,NJO0978,images/NJO0978.jpg,NINJAGO,NINJAGO
16648,MAR0211,images/MAR0211.jpg,Super Mario,Super Mario
16649,SW1434,images/SW1434.jpg,Star Wars,Star Wars
16650,SC135,images/SC135.jpg,SPEED CHAMPIONS,SPEED CHAMPIONS
16651,SC134,images/SC134.jpg,SPEED CHAMPIONS,SPEED CHAMPIONS
16652,90398PB062,images/90398PB062.jpg,Harry Potter,Harry Potter
16653,IDEA263,images/IDEA263.jpg,LEGO Ideas,LEGO Ideas
16654,JW140,images/JW140.jpg,Jurassic World,Jurassic World
16655,DP216,images/DP216.jpg,Disney,Disney
16656,IDEA239,images/IDEA239.jpg,LEGO Ideas,LEGO Ideas
16657,LLP037,images/LLP037.jpg,LEGOLAND Parks,Other
16658,ANI015,images/ANI015.jpg,Animal Crossing,Other
16659,MAR0216,images/MAR0216.jpg,Super Mario,Super Mario
16660,TWN518,images/TWN518.jpg,Town,Town
16661,SH1007,images/SH1007.jpg,Super Heroes,Super Heroes
16662,TREK005,images/TREK005.jpg,Star Trek,Other
16663,TREK004,images/TREK004.jpg,Star Trek,Other
16664,TREK008,images/TREK008.jpg,Star Trek,Other
16665,MAR0214,images/MAR0214.jpg,Super Mario,Super Mario
16666,DIS175,images/DIS175.jpg,Disney,Disney
16667,ANI021,images/ANI021.jpg,Animal Crossing,Other
16668,BDP223,images/BDP223.jpg,BrickLink Designer Program,BrickLink Designer Program
16669,SIM046,images/SIM046.jpg,The Simpsons,Other
16670,HP561,images/HP561.jpg,Harry Potter,Harry Potter
16671,NJO0928,images/NJO0928.jpg,NINJAGO,NINJAGO
16672,NJO0959,images/NJO0959.jpg,NINJAGO,NINJAGO
16673,NJO0974,images/NJO0974.jpg,NINJAGO,NINJAGO
16674,NJO0929,images/NJO0929.jpg,NINJAGO,NINJAGO
16675,DRM091,images/DRM091.jpg,DREAMZzz,DREAMZzz
16676,DRM085,images/DRM085.jpg,DREAMZzz,DREAMZzz
16677,COL455,images/COL455.jpg,Collectible Minifigures,Collectible Minifigures
16678,NJO0944,images/NJO0944.jpg,NINJAGO,NINJAGO
16679,NJO0935,images/NJO0935.jpg,NINJAGO,NINJAGO
16680,NJO0927,images/NJO0927.jpg,NINJAGO,NINJAGO
16681,HP531,images/HP531.jpg,Harry Potter,Harry Potter
16682,BDP158,images/BDP158.jpg,BrickLink Designer Program,BrickLink Designer Program
16683,BDP157,images/BDP157.jpg,BrickLink Designer Program,BrickLink Designer Program
16684,IDEA259,images/IDEA259.jpg,LEGO Ideas,LEGO Ideas
16685,MOA008,images/MOA008.jpg,Disney,Disney
16686,HP526,images/HP526.jpg,Harry Potter,Harry Potter
16687,SW1476,images/SW1476.jpg,Star Wars,Star Wars
16688,SW1460,images/SW1460.jpg,Star Wars,Star Wars
16689,SW1453,images/SW1453.jpg,Star Wars,Star Wars
16690,DP219,images/DP219.jpg,Disney,Disney
16691,HP594,images/HP594.jpg,Harry Potter,Harry Potter
16692,HP529,images/HP529.jpg,Harry Potter,Harry Potter
16693,WED009,images/WED009.jpg,Wednesday,Other
16694,90398PB065,images/90398PB065.jpg,Collectible Minifigures,Collectible Minifigures
16695,ANI017,images/ANI017.jpg,Animal Crossing,Other
16696,90398PB054,images/90398PB054.jpg,Harry Potter,Harry Potter
16697,HP541,images/HP541.jpg,Harry Potter,Harry Potter
16698,HP583,images/HP583.jpg,Harry Potter,Harry Potter
16699,WCK030,images/WCK030.jpg,Wicked,Other
16700,WCK017,images/WCK017.jpg,Wicked,Other
16701,OP002,images/OP002.jpg,One Piece,Other
16702,DIS181,images/DIS181.jpg,Disney,Disney
16703,IDEA260,images/IDEA260.jpg,LEGO Ideas,LEGO Ideas
16704,HOL372,images/HOL372.jpg,Holiday & Event,Holiday & Event
16705,CTY1931,images/CTY1931.jpg,Town,Town
16706,HP578,images/HP578.jpg,Harry Potter,Harry Potter
16707,HP559,images/HP559.jpg,Harry Potter,Harry Potter
16708,HP563,images/HP563.jpg,Harry Potter,Harry Potter
16709,HP568,images/HP568.jpg,Harry Potter,Harry Potter
16710,COLSPI09,images/COLSPI09.jpg,Collectible Minifigures,Collectible Minifigures
16711,IDEA225,images/IDEA225.jpg,LEGO Ideas,LEGO Ideas
16712,WED007,images/WED007.jpg,Wednesday,Other
16713,JW134,images/JW134.jpg,Jurassic World,Jurassic World
16714,POC049,images/POC049.jpg,Pirates of the Caribbean,Other
16715,SH1062,images/SH1062.jpg,Super Heroes,Super Heroes
16716,DRM078,images/DRM078.jpg,DREAMZzz,DREAMZzz
16717,DRM084,images/DRM084.jpg,DREAMZzz,DREAMZzz
16718,DRM086,images/DRM086.jpg,DREAMZzz,DREAMZzz
16719,DRM068,images/DRM068.jpg,DREAMZzz,DREAMZzz
16720,MOA010,images/MOA010.jpg,Disney,Disney
16721,DP214,images/DP214.jpg,Disney,Disney
16722,COLSPI11,images/COLSPI11.jpg,Collectible Minifigures,Collectible Minifigures
16723,SC131,images/SC131.jpg,SPEED CHAMPIONS,SPEED CHAMPIONS
16724,FORT017,images/FORT017.jpg,Fortnite,Other
16725,SW1450,images/SW1450.jpg,Star Wars,Star Wars
16726,BDP179,images/BDP179.jpg,BrickLink Designer Program,BrickLink Designer Program
16727,BDP180,images/BDP180.jpg,BrickLink Designer Program,BrickLink Designer Program
16728,BDP186,images/BDP186.jpg,BrickLink Designer Program,BrickLink Designer Program
16729,BDP185,images/BDP185.jpg,BrickLink Designer Program,BrickLink Designer Program
16730,BDP178,images/BDP178.jpg,BrickLink Designer Program,BrickLink Designer Program
16731,BDP182,images/BDP182.jpg,BrickLink Designer Program,BrickLink Designer Program
16732,BDP181,images/BDP181.jpg,BrickLink Designer Program,BrickLink Designer Program
16733,BDP184,images/BDP184.jpg,BrickLink Designer Program,BrickLink Designer Program
16734,BDP183,images/BDP183.jpg,BrickLink Designer Program,BrickLink Designer Program
16735,MK176,images/MK176.jpg,Monkie Kid,Monkie Kid
16736,SC124,images/SC124.jpg,SPEED CHAMPIONS,SPEED CHAMPIONS
16737,BDP206,images/BDP206.jpg,BrickLink Designer Program,BrickLink Designer Program
16738,BDP205,images/BDP205.jpg,BrickLink Designer Program,BrickLink Designer Program
16739,BDP207,images/BDP207.jpg,BrickLink Designer Program,BrickLink Designer Program
16740,BDP204,images/BDP204.jpg,BrickLink Designer Program,BrickLink Designer Program
16741,LOR148,images/LOR148.jpg,The Hobbit and The Lord of the Rings,The Hobbit and The Lord of the Rings
16742,SON029,images/SON029.jpg,Sonic the Hedgehog,Other
16743,IDEA258,images/IDEA258.jpg,LEGO Ideas,LEGO Ideas
16744,MIN236,images/MIN236.jpg,Minecraft,Minecraft
16745,MIN234,images/MIN234.jpg,Minecraft,Minecraft
16746,MIN238,images/MIN238.jpg,Minecraft,Minecraft
16747,MIN239,images/MIN239.jpg,Minecraft,Minecraft
16748,COLSPI05,images/COLSPI05.jpg,Collectible Minifigures,Collectible Minifigures
16749,OP017,images/OP017.jpg,One Piece,Other
16750,IDEA254,images/IDEA254.jpg,LEGO Ideas,LEGO Ideas
16751,COLSPI03,images/COLSPI03.jpg,Collectible Minifigures,Collectible Minifigures
16752,COLSPI01,images/COLSPI01.jpg,Collectible Minifigures,Collectible Minifigures
16753,MIN219,images/MIN219.jpg,Minecraft,Minecraft
16754,HP579,images/HP579.jpg,Harry Potter,Harry Potter
16755,DIS186,images/DIS186.jpg,Disney,Disney
16756,MOA007,images/MOA007.jpg,Disney,Disney
16757,NJO0955,images/NJO0955.jpg,NINJAGO,NINJAGO
16758,CTY1879,images/CTY1879.jpg,Town,Town
16759,SC130,images/SC130.jpg,SPEED CHAMPIONS,SPEED CHAMPIONS
16760,MOA009,images/MOA009.jpg,Disney,Disney
16761,OP016,images/OP016.jpg,One Piece,Other
16762,OP018,images/OP018.jpg,One Piece,Other
16763,OP007,images/OP007.jpg,One Piece,Other
16764,OP012,images/OP012.jpg,One Piece,Other
16765,OP003,images/OP003.jpg,One Piece,Other
16766,MK180,images/MK180.jpg,Monkie Kid,Monkie Kid
16767,MK178,images/MK178.jpg,Monkie Kid,Monkie Kid
16768,NJO0940,images/NJO0940.jpg,NINJAGO,NINJAGO
16769,WED010,images/WED010.jpg,Wednesday,Other
16770,SW1448,images/SW1448.jpg,Star Wars,Star Wars
16771,90398PB059,images/90398PB059.jpg,Harry Potter,Harry Potter
16772,DIS178,images/DIS178.jpg,Disney,Disney
16773,SH1004,images/SH1004.jpg,Super Heroes,Super Heroes
16774,SH1082,images/SH1082.jpg,Super Heroes,Super Heroes
16775,DRM088,images/DRM088.jpg,DREAMZzz,DREAMZzz
16776,MK179,images/MK179.jpg,Monkie Kid,Monkie Kid
16777,HOL384,images/HOL384.jpg,Holiday & Event,Holiday & Event
16778,HOL376,images/HOL376.jpg,Holiday & Event,Holiday & Event
16779,HP580,images/HP580.jpg,Harry Potter,Harry Potter
16780,DP220,images/DP220.jpg,Disney,Disney
16781,LOR146,images/LOR146.jpg,The Hobbit and The Lord of the Rings,The Hobbit and The Lord of the Rings
16782,DP226,images/DP226.jpg,Disney,Disney
16783,BDP246,images/BDP246.jpg,BrickLink Designer Program,BrickLink Designer Program
16784,BDP245,images/BDP245.jpg,BrickLink Designer Program,BrickLink Designer Program
16785,BDP250,images/BDP250.jpg,BrickLink Designer Program,BrickLink Designer Program
16786,BDP249,images/BDP249.jpg,BrickLink Designer Program,BrickLink Designer Program
16787,BDP251,images/BDP251.jpg,BrickLink Designer Program,BrickLink Designer Program
16788,BDP248,images/BDP248.jpg,BrickLink Designer Program,BrickLink Designer Program
16789,BDP247,images/BDP247.jpg,BrickLink Designer Program,BrickLink Designer Program
16790,OP005,images/OP005.jpg,One Piece,Other
16791,OP010,images/OP010.jpg,One Piece,Other
16792,DIS177,images/DIS177.jpg,Disney,Disney
16793,HP527,images/HP527.jpg,Harry Potter,Harry Potter
16794,90398PB058,images/90398PB058.jpg,Harry Potter,Harry Potter
16795,MIN209,images/MIN209.jpg,Minecraft,Minecraft
16796,HP562,images/HP562.jpg,Harry Potter,Harry Potter
16797,HP555,images/HP555.jpg,Harry Potter,Harry Potter
16798,HP569,images/HP569.jpg,Harry Potter,Harry Potter
16799,HP549,images/HP549.jpg,Harry Potter,Harry Potter
16800,HP543,images/HP543.jpg,Harry Potter,Harry Potter
16801,HP566,images/HP566.jpg,Harry Potter,Harry Potter
16802,TWN519,images/TWN519.jpg,Town,Town
16803,SW1417,images/SW1417.jpg,Star Wars,Star Wars
16804,NJO0938,images/NJO0938.jpg,NINJAGO,NINJAGO
16805,IDEA245,images/IDEA245.jpg,LEGO Ideas,LEGO Ideas
16806,SH1065,images/SH1065.jpg,Super Heroes,Super Heroes
16807,NJO0933,images/NJO0933.jpg,NINJAGO,NINJAGO
16808,NJO0932,images/NJO0932.jpg,NINJAGO,NINJAGO
16809,NJO0988,images/NJO0988.jpg,NINJAGO,NINJAGO
16810,NJO0969,images/NJO0969.jpg,NINJAGO,NINJAGO
16811,SW1424,images/SW1424.jpg,Star Wars,Star Wars
16812,SW1467,images/SW1467.jpg,Star Wars,Star Wars
16813,SH1031,images/SH1031.jpg,Super Heroes,Super Heroes
16814,SIM047,images/SIM047.jpg,The Simpsons,Other
16815,DP231,images/DP231.jpg,Disney,Disney
16816,DP234,images/DP234.jpg,Disney,Disney
16817,DP207,images/DP207.jpg,Disney,Disney
16818,HP542,images/HP542.jpg,Harry Potter,Harry Potter
16819,DRM087,images/DRM087.jpg,DREAMZzz,DREAMZzz
16820,IDEA269,images/IDEA269.jpg,LEGO Ideas,LEGO Ideas
16821,IDEA251,images/IDEA251.jpg,LEGO Ideas,LEGO Ideas
16822,IDEA250,images/IDEA250.jpg,LEGO Ideas,LEGO Ideas
16823,SC123,images/SC123.jpg,SPEED CHAMPIONS,SPEED CHAMPIONS
16824,FORT014,images/FORT014.jpg,Fortnite,Other
16825,TWN523,images/TWN523.jpg,Town,Town
16826,IDEA231,images/IDEA231.jpg,LEGO Ideas,LEGO Ideas
16827,IDEA235,images/IDEA235.jpg,LEGO Ideas,LEGO Ideas
16828,CTY1877,images/CTY1877.jpg,Town,Town
16829,CTY1915,images/CTY1915.jpg,Town,Town
16830,MIN204,images/MIN204.jpg,Minecraft,Minecraft
16831,CTY1929,images/CTY1929.jpg,Town,Town
16832,COLSPI12,images/COLSPI12.jpg,Collectible Minifigures,Collectible Minifigures
16833,COLSPI06,images/COLSPI06.jpg,Collectible Minifigures,Collectible Minifigures
16834,BDP214,images/BDP214.jpg,BrickLink Designer Program,BrickLink Designer Program
16835,FORT015,images/FORT015.jpg,Fortnite,Other
16836,SH1039,images/SH1039.jpg,Super Heroes,Super Heroes
16837,HP556,images/HP556.jpg,Harry Potter,Harry Potter
16838,LOR149,images/LOR149.jpg,The Hobbit and The Lord of the Rings,The Hobbit and The Lord of the Rings
16839,COLSPI10,images/COLSPI10.jpg,Collectible Minifigures,Collectible Minifigures
16840,COLSPI13,images/COLSPI13.jpg,Collectible Minifigures,Collectible Minifigures
16841,COLSPI07,images/COLSPI07.jpg,Collectible Minifigures,Collectible Minifigures
16842,HP567,images/HP567.jpg,Harry Potter,Harry Potter
16843,WCK018,images/WCK018.jpg,Wicked,Other
16844,MIN213,images/MIN213.jpg,Minecraft,Minecraft
16845,MAR0220,images/MAR0220.jpg,Super Mario,Super Mario
16846,MAR0227,images/MAR0227.jpg,Super Mario,Super Mario
16847,BDP261,images/BDP261.jpg,BrickLink Designer Program,BrickLink Designer Program
16848,BDP255,images/BDP255.jpg,BrickLink Designer Program,BrickLink Designer Program
16849,BDP258,images/BDP258.jpg,BrickLink Designer Program,BrickLink Designer Program
16850,BDP257,images/BDP257.jpg,BrickLink Designer Program,BrickLink Designer Program
16851,BDP259,images/BDP259.jpg,BrickLink Designer Program,BrickLink Designer Program
16852,BDP256,images/BDP256.jpg,BrickLink Designer Program,BrickLink Designer Program
16853,BDP260,images/BDP260.jpg,BrickLink Designer Program,BrickLink Designer Program
16854,BDP252,images/BDP252.jpg,BrickLink Designer Program,BrickLink Designer Program
16855,BDP263,images/BDP263.jpg,BrickLink Designer Program,BrickLink Designer Program
16856,BDP254,images/BDP254.jpg,BrickLink Designer Program,BrickLink Designer Program
16857,COL458,images/COL458.jpg,Collectible Minifigures,Collectible Minifigures
16858,SW1441,images/SW1441.jpg,Star Wars,Star Wars
16859,NJO0937,images/NJO0937.jpg,NINJAGO,NINJAGO
16860,CTY1842,images/CTY1842.jpg,Town,Town
16861,PLN208,images/PLN208.jpg,Educational & Dacta,Other
16862,PLN209,images/PLN209.jpg,Educational & Dacta,Other
16863,PLN210,images/PLN210.jpg,Educational & Dacta,Other
16864,SW1414,images/SW1414.jpg,Star Wars,Star Wars
16865,COL453,images/COL453.jpg,Collectible Minifigures,Collectible Minifigures
16866,SH1086,images/SH1086.jpg,Super Heroes,Super Heroes
16867,CTY1888,images/CTY1888.jpg,Town,Town
16868,CTY1890,images/CTY1890.jpg,Town,Town
16869,CTY1901,images/CTY1901.jpg,Town,Town
16870,CTY1887,images/CTY1887.jpg,Town,Town
16871,CTY1826,images/CTY1826.jpg,Town,Town
16872,CTY1923,images/CTY1923.jpg,Town,Town
16873,CTY1912,images/CTY1912.jpg,Town,Town
16874,CTY1900,images/CTY1900.jpg,Town,Town
16875,CTY1853,images/CTY1853.jpg,Town,Town
16876,CTY1886,images/CTY1886.jpg,Town,Town
16877,CTY1922,images/CTY1922.jpg,Town,Town
16878,CTY1889,images/CTY1889.jpg,Town,Town
16879,CTY1911,images/CTY1911.jpg,Town,Town
16880,CTY1902,images/CTY1902.jpg,Town,Town
16881,CTY1913,images/CTY1913.jpg,Town,Town
16882,CTY1914,images/CTY1914.jpg,Town,Town
16883,BDP243,images/BDP243.jpg,BrickLink Designer Program,BrickLink Designer Program
16884,BDP244,images/BDP244.jpg,BrickLink Designer Program,BrickLink Designer Program
16885,BDP242,images/BDP242.jpg,BrickLink Designer Program,BrickLink Designer Program
16886,ANI016,images/ANI016.jpg,Animal Crossing,Other
16887,SC133,images/SC133.jpg,SPEED CHAMPIONS,SPEED CHAMPIONS
16888,HOL389,images/HOL389.jpg,Holiday & Event,Holiday & Event
16889,DP206,images/DP206.jpg,Disney,Disney
16890,MAR0218,images/MAR0218.jpg,Super Mario,Super Mario
16891,SW1459,images/SW1459.jpg,Star Wars,Star Wars
16892,HP536,images/HP536.jpg,Harry Potter,Harry Potter
16893,HP554,images/HP554.jpg,Harry Potter,Harry Potter
16894,HP540,images/HP540.jpg,Harry Potter,Harry Potter
16895,TWN525,images/TWN525.jpg,Town,Town
16896,HP570,images/HP570.jpg,Harry Potter,Harry Potter
16897,COL454,images/COL454.jpg,Collectible Minifigures,Collectible Minifigures
16898,BDP220,images/BDP220.jpg,BrickLink Designer Program,BrickLink Designer Program
16899,SW1404,images/SW1404.jpg,Star Wars,Star Wars
16900,SH1072,images/SH1072.jpg,Super Heroes,Super Heroes
16901,DP225,images/DP225.jpg,Disney,Disney
16902,MIN228,images/MIN228.jpg,Minecraft,Minecraft
16903,SH1026,images/SH1026.jpg,Super Heroes,Super Heroes
16904,SH1049,images/SH1049.jpg,Super Heroes,Super Heroes
16905,NJO0950,images/NJO0950.jpg,NINJAGO,NINJAGO
16906,JW138,images/JW138.jpg,Jurassic World,Jurassic World
16907,IDEA265,images/IDEA265.jpg,LEGO Ideas,LEGO Ideas
16908,BDP188,images/BDP188.jpg,BrickLink Designer Program,BrickLink Designer Program
16909,BDP191,images/BDP191.jpg,BrickLink Designer Program,BrickLink Designer Program
16910,BDP189,images/BDP189.jpg,BrickLink Designer Program,BrickLink Designer Program
16911,BDP190,images/BDP190.jpg,BrickLink Designer Program,BrickLink Designer Program
16912,BDP187,images/BDP187.jpg,BrickLink Designer Program,BrickLink Designer Program
16913,IDEA226,images/IDEA226.jpg,LEGO Ideas,LEGO Ideas
16914,SH1079,images/SH1079.jpg,Super Heroes,Super Heroes
16915,SH1068,images/SH1068.jpg,Super Heroes,Super Heroes
16916,NJO0995,images/NJO0995.jpg,NINJAGO,NINJAGO
16917,NJO0986,images/NJO0986.jpg,NINJAGO,NINJAGO
16918,NJO0941,images/NJO0941.jpg,NINJAGO,NINJAGO
16919,NJO0987,images/NJO0987.jpg,NINJAGO,NINJAGO
16920,HP577,images/HP577.jpg,Harry Potter,Harry Potter
16921,HP550,images/HP550.jpg,Harry Potter,Harry Potter
16922,HP552,images/HP552.jpg,Harry Potter,Harry Potter
16923,HP585,images/HP585.jpg,Harry Potter,Harry Potter
16924,90398PB055,images/90398PB055.jpg,Harry Potter,Harry Potter
16925,OP019,images/OP019.jpg,One Piece,Other
16926,OP006,images/OP006.jpg,One Piece,Other
16927,OP013,images/OP013.jpg,One Piece,Other
16928,IDEA220,images/IDEA220.jpg,LEGO Ideas,LEGO Ideas
16929,LOR150,images/LOR150.jpg,The Hobbit and The Lord of the Rings,The Hobbit and The Lord of the Rings
16930,NJO0976,images/NJO0976.jpg,NINJAGO,NINJAGO
16931,MIN202,images/MIN202.jpg,Minecraft,Minecraft
16932,LOR145,images/LOR145.jpg,The Hobbit and The Lord of the Rings,The Hobbit and The Lord of the Rings
16933,MK177,images/MK177.jpg,Monkie Kid,Monkie Kid
16934,OP014,images/OP014.jpg,One Piece,Other
16935,OP022,images/OP022.jpg,One Piece,Other
16936,HOL381,images/HOL381.jpg,Holiday & Event,Holiday & Event
16937,MIN241,images/MIN241.jpg,Minecraft,Minecraft
16938,ANI018,images/ANI018.jpg,Animal Crossing,Other
16939,WCK012,images/WCK012.jpg,Wicked,Other
16940,SH1085,images/SH1085.jpg,Super Heroes,Super Heroes
16941,IDEA248,images/IDEA248.jpg,LEGO Ideas,LEGO Ideas
16942,SW1447,images/SW1447.jpg,Star Wars,Star Wars
16943,CTY1859,images/CTY1859.jpg,Town,Town
16944,CTY1856,images/CTY1856.jpg,Town,Town
16945,CTY1858,images/CTY1858.jpg,Town,Town
16946,CTY1857,images/CTY1857.jpg,Town,Town
16947,DIS176,images/DIS176.jpg,Disney,Disney
16948,SH1087,images/SH1087.jpg,Super Heroes,Super Heroes
16949,SH1076,images/SH1076.jpg,Super Heroes,Super Heroes
16950,CAS593,images/CAS593.jpg,Castle,Castle
16951,MIN206,images/MIN206.jpg,Minecraft,Minecraft
16952,OP001,images/OP001.jpg,One Piece,Other
16953,TWN524,images/TWN524.jpg,Town,Town
16954,HP573,images/HP573.jpg,Harry Potter,Harry Potter
16955,HP586,images/HP586.jpg,Harry Potter,Harry Potter
16956,HOL391,images/HOL391.jpg,Holiday & Event,Holiday & Event
16957,MAR0225,images/MAR0225.jpg,Super Mario,Super Mario
16958,SIM048,images/SIM048.jpg,The Simpsons,Other
16959,BDP221,images/BDP221.jpg,BrickLink Designer Program,BrickLink Designer Program
16960,SW1437,images/SW1437.jpg,Star Wars,Star Wars
16961,MIN221,images/MIN221.jpg,Minecraft,Minecraft
16962,MOA006,images/MOA006.jpg,Disney,Disney
16963,IDEA224,images/IDEA224.jpg,LEGO Ideas,LEGO Ideas
16964,CTY1878,images/CTY1878.jpg,Town,Town
16965,BDP169,images/BDP169.jpg,BrickLink Designer Program,BrickLink Designer Program
16966,BDP156,images/BDP156.jpg,BrickLink Designer Program,BrickLink Designer Program
16967,TWN526,images/TWN526.jpg,Town,Town
16968,CTY1916,images/CTY1916.jpg,Town,Town
16969,HP547,images/HP547.jpg,Harry Potter,Harry Potter
16970,LOR152,images/LOR152.jpg,The Hobbit and The Lord of the Rings,The Hobbit and The Lord of the Rings
16971,MIN235,images/MIN235.jpg,Minecraft,Minecraft
16972,SW1451,images/SW1451.jpg,Star Wars,Star Wars
16973,CTY1870,images/CTY1870.jpg,Town,Town
16974,CTY1871,images/CTY1871.jpg,Town,Town
16975,SW1438,images/SW1438.jpg,Star Wars,Star Wars
16976,SON027,images/SON027.jpg,Sonic the Hedgehog,Other
16977,NJO0975,images/NJO0975.jpg,NINJAGO,NINJAGO
16978,NJO0919,images/NJO0919.jpg,NINJAGO,NINJAGO
16979,CTY1830,images/CTY1830.jpg,Town,Town
16980,CTY1828,images/CTY1828.jpg,Town,Town
16981,CTY1829,images/CTY1829.jpg,Town,Town
16982,CTY1827,images/CTY1827.jpg,Town,Town
16983,MIN223,images/MIN223.jpg,Minecraft,Minecraft
16984,FORT016,images/FORT016.jpg,Fortnite,Other
16985,NJO0982,images/NJO0982.jpg,NINJAGO,NINJAGO
16986,NJO0983,images/NJO0983.jpg,NINJAGO,NINJAGO
16987,NJO0968,images/NJO0968.jpg,NINJAGO,NINJAGO
16988,NJO0973,images/NJO0973.jpg,NINJAGO,NINJAGO
16989,NJO0989,images/NJO0989.jpg,NINJAGO,NINJAGO
16990,SH1034,images/SH1034.jpg,Super Heroes,Super Heroes
16991,SH1029,images/SH1029.jpg,Super Heroes,Super Heroes
16992,SH1033,images/SH1033.jpg,Super Heroes,Super Heroes
16993,SH1053,images/SH1053.jpg,Super Heroes,Super Heroes
16994,SH1057,images/SH1057.jpg,Super Heroes,Super Heroes
16995,SH1020,images/SH1020.jpg,Super Heroes,Super Heroes
16996,SH1064,images/SH1064.jpg,Super Heroes,Super Heroes
16997,SH1027,images/SH1027.jpg,Super Heroes,Super Heroes
16998,CTY1852,images/CTY1852.jpg,Town,Town
16999,SIM044,images/SIM044.jpg,The Simpsons,Other
17000,HP546,images/HP546.jpg,Harry Potter,Harry Potter
17001,CTY1928,images/CTY1928.jpg,Town,Town
17002,SH1091,images/SH1091.jpg,Super Heroes,Super Heroes
17003,HP539,images/HP539.jpg,Harry Potter,Harry Potter
17004,BDP236,images/BDP236.jpg,BrickLink Designer Program,BrickLink Designer Program
17005,GEN192,images/GEN192.jpg,Architecture,Other
17006,GEN193,images/GEN193.jpg,Architecture,Other
17007,COL460,images/COL460.jpg,Collectible Minifigures,Collectible Minifigures
17008,IDEA262,images/IDEA262.jpg,LEGO Ideas,LEGO Ideas
17009,MIN199,images/MIN199.jpg,Minecraft,Minecraft
17010,MIN214,images/MIN214.jpg,Minecraft,Minecraft
17011,MIN208,images/MIN208.jpg,Minecraft,Minecraft
17012,MIN237,images/MIN237.jpg,Minecraft,Minecraft
17013,DIS174,images/DIS174.jpg,Disney,Disney
17014,ANI024,images/ANI024.jpg,Animal Crossing,Other
17015,MIN220,images/MIN220.jpg,Minecraft,Minecraft
17016,SH1050,images/SH1050.jpg,Super Heroes,Super Heroes
17017,SC132,images/SC132.jpg,SPEED CHAMPIONS,SPEED CHAMPIONS
17018,SON026,images/SON026.jpg,Sonic the Hedgehog,Other
17019,SH1055,images/SH1055.jpg,Super Heroes,Super Heroes
17020,SH1006,images/SH1006.jpg,Super Heroes,Super Heroes
17021,CTY1875,images/CTY1875.jpg,Town,Town
17022,SON028,images/SON028.jpg,Sonic the Hedgehog,Other
17023,CTY1906,images/CTY1906.jpg,Town,Town
17024,NJO0943,images/NJO0943.jpg,NINJAGO,NINJAGO
17025,JW132,images/JW132.jpg,Jurassic World,Jurassic World
17026,SH1094,images/SH1094.jpg,Super Heroes,Super Heroes
17027,SH1044,images/SH1044.jpg,Super Heroes,Super Heroes
17028,BDP163,images/BDP163.jpg,BrickLink Designer Program,BrickLink Designer Program
17029,BDP164,images/BDP164.jpg,BrickLink Designer Program,BrickLink Designer Program
17030,BDP165,images/BDP165.jpg,BrickLink Designer Program,BrickLink Designer Program
17031,BDP161,images/BDP161.jpg,BrickLink Designer Program,BrickLink Designer Program
17032,BDP160,images/BDP160.jpg,BrickLink Designer Program,BrickLink Designer Program
17033,BDP162,images/BDP162.jpg,BrickLink Designer Program,BrickLink Designer Program
17034,BDP159,images/BDP159.jpg,BrickLink Designer Program,BrickLink Designer Program
17035,SH1022,images/SH1022.jpg,Super Heroes,Super Heroes
17036,SH1075,images/SH1075.jpg,Super Heroes,Super Heroes
17037,SH1090,images/SH1090.jpg,Super Heroes,Super Heroes
17038,SH1081,images/SH1081.jpg,Super Heroes,Super Heroes
17039,SH1018,images/SH1018.jpg,Super Heroes,Super Heroes
17040,SH1032,images/SH1032.jpg,Super Heroes,Super Heroes
17041,WCK020,images/WCK020.jpg,Wicked,Other
17042,SH1069,images/SH1069.jpg,Super Heroes,Super Heroes
17043,SH1014,images/SH1014.jpg,Super Heroes,Super Heroes
17044,MAR0217,images/MAR0217.jpg,Super Mario,Super Mario
17045,MAR0224,images/MAR0224.jpg,Super Mario,Super Mario
17046,WCK014,images/WCK014.jpg,Wicked,Other
17047,MAR0209,images/MAR0209.jpg,Super Mario,Super Mario
17048,MAR0208,images/MAR0208.jpg,Super Mario,Super Mario
17049,CTY1869,images/CTY1869.jpg,Town,Town
17050,IDEA242,images/IDEA242.jpg,LEGO Ideas,LEGO Ideas
17051,IDEA240,images/IDEA240.jpg,LEGO Ideas,LEGO Ideas
17052,CTY1921,images/CTY1921.jpg,Town,Town
17053,CTY1920,images/CTY1920.jpg,Town,Town
17054,CTY1904,images/CTY1904.jpg,Town,Town
17055,CTY1924,images/CTY1924.jpg,Town,Town
17056,SH1025,images/SH1025.jpg,Super Heroes,Super Heroes
17057,SW1446,images/SW1446.jpg,Star Wars,Star Wars
17058,TWN513,images/TWN513.jpg,Town,Town
17059,TWN517,images/TWN517.jpg,Town,Town
17060,TWN515,images/TWN515.jpg,Town,Town
17061,TWN512,images/TWN512.jpg,Town,Town
17062,TWN511,images/TWN511.jpg,Town,Town
17063,TWN514,images/TWN514.jpg,Town,Town
17064,TWN510,images/TWN510.jpg,Town,Town
17065,TWN516,images/TWN516.jpg,Town,Town
17066,NJO0951,images/NJO0951.jpg,NINJAGO,NINJAGO
17067,SH1023,images/SH1023.jpg,Super Heroes,Super Heroes
17068,NJO0963,images/NJO0963.jpg,NINJAGO,NINJAGO
17069,NJO0979,images/NJO0979.jpg,NINJAGO,NINJAGO
17070,SH1073,images/SH1073.jpg,Super Heroes,Super Heroes
17071,SH1009,images/SH1009.jpg,Super Heroes,Super Heroes
17072,OP015,images/OP015.jpg,One Piece,Other
17073,OP008,images/OP008.jpg,One Piece,Other
17074,BDP233,images/BDP233.jpg,BrickLink Designer Program,BrickLink Designer Program
17075,TWN530,images/TWN530.jpg,Town,Town
17076,BDP237,images/BDP237.jpg,BrickLink Designer Program,BrickLink Designer Program
17077,BDP234,images/BDP234.jpg,BrickLink Designer Program,BrickLink Designer Program
17078,BDP229,images/BDP229.jpg,BrickLink Designer Program,BrickLink Designer Program
17079,BDP232,images/BDP232.jpg,BrickLink Designer Program,BrickLink Designer Program
17080,BDP238,images/BDP238.jpg,BrickLink Designer Program,BrickLink Designer Program
17081,BDP241,images/BDP241.jpg,BrickLink Designer Program,BrickLink Designer Program
17082,BDP239,images/BDP239.jpg,BrickLink Designer Program,BrickLink Designer Program
17083,BDP235,images/BDP235.jpg,BrickLink Designer Program,BrickLink Designer Program
17084,BDP240,images/BDP240.jpg,BrickLink Designer Program,BrickLink Designer Program
17085,HRZ002,images/HRZ002.jpg,Horizon,Other
17086,SH1028,images/SH1028.jpg,Super Heroes,Super Heroes
17087,HP564,images/HP564.jpg,Harry Potter,Harry Potter
17088,IDEA255,images/IDEA255.jpg,LEGO Ideas,LEGO Ideas
17089,MIN224,images/MIN224.jpg,Minecraft,Minecraft
17090,MIN211,images/MIN211.jpg,Minecraft,Minecraft
17091,IDEA256,images/IDEA256.jpg,LEGO Ideas,LEGO Ideas
17092,SC126,images/SC126.jpg,SPEED CHAMPIONS,SPEED CHAMPIONS
17093,DRM079,images/DRM079.jpg,DREAMZzz,DREAMZzz
17094,SH1092,images/SH1092.jpg,Super Heroes,Super Heroes
17095,DP223,images/DP223.jpg,Disney,Disney
17096,MAR0222,images/MAR0222.jpg,Super Mario,Super Mario
17097,WED006,images/WED006.jpg,Wednesday,Other
17098,TWN527,images/TWN527.jpg,Town,Town
17099,TREK002,images/TREK002.jpg,Star Trek,Other
17100,SW1435,images/SW1435.jpg,Star Wars,Star Wars
17101,BDP193,images/BDP193.jpg,BrickLink Designer Program,BrickLink Designer Program
17102,BDP192,images/BDP192.jpg,BrickLink Designer Program,BrickLink Designer Program
17103,BDP194,images/BDP194.jpg,BrickLink Designer Program,BrickLink Designer Program
17104,BDP203,images/BDP203.jpg,BrickLink Designer Program,BrickLink Designer Program
17105,BDP202,images/BDP202.jpg,BrickLink Designer Program,BrickLink Designer Program
17106,BDP200,images/BDP200.jpg,BrickLink Designer Program,BrickLink Designer Program
17107,BDP199,images/BDP199.jpg,BrickLink Designer Program,BrickLink Designer Program
17108,BDP197,images/BDP197.jpg,BrickLink Designer Program,BrickLink Designer Program
17109,BDP201,images/BDP201.jpg,BrickLink Designer Program,BrickLink Designer Program
17110,BDP198,images/BDP198.jpg,BrickLink Designer Program,BrickLink Designer Program
17111,BDP196,images/BDP196.jpg,BrickLink Designer Program,BrickLink Designer Program
17112,BDP195,images/BDP195.jpg,BrickLink Designer Program,BrickLink Designer Program
17113,POC045,images/POC045.jpg,Pirates of the Caribbean,Other
17114,SC129,images/SC129.jpg,SPEED CHAMPIONS,SPEED CHAMPIONS
17115,IDEA249,images/IDEA249.jpg,LEGO Ideas,LEGO Ideas
17116,SH1016,images/SH1016.jpg,Super Heroes,Super Heroes
17117,MIN191,images/MIN191.jpg,Minecraft,Minecraft
17118,COL450,images/COL450.jpg,Collectible Minifigures,Collectible Minifigures
17119,CTY1933,images/CTY1933.jpg,Town,Town
17120,HOL373,images/HOL373.jpg,Holiday & Event,Holiday & Event
17121,MAR0219,images/MAR0219.jpg,Super Mario,Super Mario
17122,DIS189,images/DIS189.jpg,Disney,Disney
17123,DIS185,images/DIS185.jpg,Disney,Disney
17124,NJO0958,images/NJO0958.jpg,NINJAGO,NINJAGO
17125,NJO0984,images/NJO0984.jpg,NINJAGO,NINJAGO
17126,NJO0923,images/NJO0923.jpg,NINJAGO,NINJAGO
17127,JW133,images/JW133.jpg,Jurassic World,Jurassic World
17128,HOL370,images/HOL370.jpg,Holiday & Event,Holiday & Event
17129,NJO0922,images/NJO0922.jpg,NINJAGO,NINJAGO
17130,NJO0953,images/NJO0953.jpg,NINJAGO,NINJAGO
17131,NJO0942,images/NJO0942.jpg,NINJAGO,NINJAGO
17132,NJO0934,images/NJO0934.jpg,NINJAGO,NINJAGO
17133,NJO0965,images/NJO0965.jpg,NINJAGO,NINJAGO
17134,NJO0939,images/NJO0939.jpg,NINJAGO,NINJAGO
17135,NJO0971,images/NJO0971.jpg,NINJAGO,NINJAGO
17136,NJO0948,images/NJO0948.jpg,NINJAGO,NINJAGO
17137,OP023,images/OP023.jpg,One Piece,Other
17138,DRM076,images/DRM076.jpg,DREAMZzz,DREAMZzz
17139,DRM083,images/DRM083.jpg,DREAMZzz,DREAMZzz
17140,MIN240,images/MIN240.jpg,Minecraft,Minecraft
17141,MIN192,images/MIN192.jpg,Minecraft,Minecraft
17142,JW135,images/JW135.jpg,Jurassic World,Jurassic World
17143,NJO1032,images/NJO1032.jpg,NINJAGO,NINJAGO
17144,NJO1020,images/NJO1020.jpg,NINJAGO,NINJAGO
17145,DP237,images/DP237.jpg,Disney,Disney
17146,DRM101,images/DRM101.jpg,DREAMZzz,DREAMZzz
17147,DRM109,images/DRM109.jpg,DREAMZzz,DREAMZzz
17148,NJO1031,images/NJO1031.jpg,NINJAGO,NINJAGO
17149,SP150,images/SP150.jpg,Educational & Dacta,Other
17150,SP149,images/SP149.jpg,Educational & Dacta,Other
17151,SW1485,images/SW1485.jpg,Star Wars,Star Wars
17152,SC143,images/SC143.jpg,SPEED CHAMPIONS,SPEED CHAMPIONS
17153,SW1490,images/SW1490.jpg,Star Wars,Star Wars
17154,MIN251,images/MIN251.jpg,Minecraft,Minecraft
17155,ST024,images/ST024.jpg,Stranger Things,Other
17156,HOL413,images/HOL413.jpg,Holiday & Event,Holiday & Event
17157,HOL412,images/HOL412.jpg,Holiday & Event,Holiday & Event
17158,HOL408,images/HOL408.jpg,Holiday & Event,Holiday & Event
17159,NJO1014,images/NJO1014.jpg,NINJAGO,NINJAGO
17160,CTY1958,images/CTY1958.jpg,Town,Town
17161,CTY1962,images/CTY1962.jpg,Town,Town
17162,CTY1959,images/CTY1959.jpg,Town,Town
17163,CTY1956,images/CTY1956.jpg,Town,Town
17164,CTY1963,images/CTY1963.jpg,Town,Town
17165,CTY1957,images/CTY1957.jpg,Town,Town
17166,CTY1960,images/CTY1960.jpg,Town,Town
17167,SW1489,images/SW1489.jpg,Star Wars,Star Wars
17168,NJO1035,images/NJO1035.jpg,NINJAGO,NINJAGO
17169,NJO1038,images/NJO1038.jpg,NINJAGO,NINJAGO
17170,NJO1004,images/NJO1004.jpg,NINJAGO,NINJAGO
17171,NJO1027,images/NJO1027.jpg,NINJAGO,NINJAGO
17172,CTY1940,images/CTY1940.jpg,Town,Town
17173,MIN250,images/MIN250.jpg,Minecraft,Minecraft
17174,DRM108,images/DRM108.jpg,DREAMZzz,DREAMZzz
17175,DRM112,images/DRM112.jpg,DREAMZzz,DREAMZzz
17176,MIN254,images/MIN254.jpg,Minecraft,Minecraft
17177,HP599,images/HP599.jpg,Harry Potter,Harry Potter
17178,HP614,images/HP614.jpg,Harry Potter,Harry Potter
17179,CTY1952,images/CTY1952.jpg,Town,Town
17180,CTY1951,images/CTY1951.jpg,Town,Town
17181,HP602,images/HP602.jpg,Harry Potter,Harry Potter
17182,SC139,images/SC139.jpg,SPEED CHAMPIONS,SPEED CHAMPIONS
17183,NJO1028,images/NJO1028.jpg,NINJAGO,NINJAGO
17184,NJO1026,images/NJO1026.jpg,NINJAGO,NINJAGO
17185,HP608,images/HP608.jpg,Harry Potter,Harry Potter
17186,CTY1944,images/CTY1944.jpg,Town,Town
17187,CTY1942,images/CTY1942.jpg,Town,Town
17188,CTY1941,images/CTY1941.jpg,Town,Town
17189,CTY1943,images/CTY1943.jpg,Town,Town
17190,ST019,images/ST019.jpg,Stranger Things,Other
17191,NJO1042,images/NJO1042.jpg,NINJAGO,NINJAGO
17192,NJO1030,images/NJO1030.jpg,NINJAGO,NINJAGO
17193,ST011,images/ST011.jpg,Stranger Things,Other
17194,NJO1045,images/NJO1045.jpg,NINJAGO,NINJAGO
17195,CTY1945,images/CTY1945.jpg,Town,Town
17196,NJO1021,images/NJO1021.jpg,NINJAGO,NINJAGO
17197,SC142,images/SC142.jpg,SPEED CHAMPIONS,SPEED CHAMPIONS
17198,CTY1947,images/CTY1947.jpg,Town,Town
17199,CTY1949,images/CTY1949.jpg,Town,Town
17200,CTY1948,images/CTY1948.jpg,Town,Town
17201,CTY1950,images/CTY1950.jpg,Town,Town
17202,NJO1000,images/NJO1000.jpg,NINJAGO,NINJAGO
17203,FRND0884,images/FRND0884.jpg,Friends,Friends
17204,FRND0870,images/FRND0870.jpg,Friends,Friends
17205,FRND0862,images/FRND0862.jpg,Friends,Friends
17206,FRND0873,images/FRND0873.jpg,Friends,Friends
17207,FRND0860,images/FRND0860.jpg,Friends,Friends
17208,FRND0875,images/FRND0875.jpg,Friends,Friends
17209,FRND0871,images/FRND0871.jpg,Friends,Friends
17210,FRND0863,images/FRND0863.jpg,Friends,Friends
17211,FRND0865,images/FRND0865.jpg,Friends,Friends
17212,FRND0883,images/FRND0883.jpg,Friends,Friends
17213,FRND0879,images/FRND0879.jpg,Friends,Friends
17214,FRND0872,images/FRND0872.jpg,Friends,Friends
17215,FRND0864,images/FRND0864.jpg,Friends,Friends
17216,FRND0866,images/FRND0866.jpg,Friends,Friends
17217,FRND0881,images/FRND0881.jpg,Friends,Friends
17218,FRND0878,images/FRND0878.jpg,Friends,Friends
17219,FRND0880,images/FRND0880.jpg,Friends,Friends
17220,FRND0868,images/FRND0868.jpg,Friends,Friends
17221,FRND0877,images/FRND0877.jpg,Friends,Friends
17222,FRND0882,images/FRND0882.jpg,Friends,Friends
17223,FRND0867,images/FRND0867.jpg,Friends,Friends
17224,FRND0861,images/FRND0861.jpg,Friends,Friends
17225,FRND0869,images/FRND0869.jpg,Friends,Friends
17226,FRND0876,images/FRND0876.jpg,Friends,Friends
17227,FRND0874,images/FRND0874.jpg,Friends,Friends
17228,CTY1939,images/CTY1939.jpg,Town,Town
17229,SH1095,images/SH1095.jpg,Super Heroes,Super Heroes
17230,SH1109,images/SH1109.jpg,Super Heroes,Super Heroes
17231,HOL411,images/HOL411.jpg,Holiday & Event,Holiday & Event
17232,HOL410,images/HOL410.jpg,Holiday & Event,Holiday & Event
17233,SH1108,images/SH1108.jpg,Super Heroes,Super Heroes
17234,DRM102,images/DRM102.jpg,DREAMZzz,DREAMZzz
17235,DRM107,images/DRM107.jpg,DREAMZzz,DREAMZzz
17236,DRM113,images/DRM113.jpg,DREAMZzz,DREAMZzz
17237,DRM106,images/DRM106.jpg,DREAMZzz,DREAMZzz
17238,HP597,images/HP597.jpg,Harry Potter,Harry Potter
17239,HP605,images/HP605.jpg,Harry Potter,Harry Potter
17240,HP607,images/HP607.jpg,Harry Potter,Harry Potter
17241,HP610,images/HP610.jpg,Harry Potter,Harry Potter
17242,NJO1023,images/NJO1023.jpg,NINJAGO,NINJAGO
17243,HP606,images/HP606.jpg,Harry Potter,Harry Potter
17244,HP611,images/HP611.jpg,Harry Potter,Harry Potter
17245,ST017,images/ST017.jpg,Stranger Things,Other
17246,CTY1946,images/CTY1946.jpg,Town,Town
17247,SH1104,images/SH1104.jpg,Super Heroes,Super Heroes
17248,SH1097,images/SH1097.jpg,Super Heroes,Super Heroes
17249,SH1103,images/SH1103.jpg,Super Heroes,Super Heroes
17250,DRM104,images/DRM104.jpg,DREAMZzz,DREAMZzz
17251,DRM111,images/DRM111.jpg,DREAMZzz,DREAMZzz
17252,SH1100,images/SH1100.jpg,Super Heroes,Super Heroes
17253,NJO1047,images/NJO1047.jpg,NINJAGO,NINJAGO
17254,NJO1049,images/NJO1049.jpg,NINJAGO,NINJAGO
17255,NJO0998,images/NJO0998.jpg,NINJAGO,NINJAGO
17256,NJO1017,images/NJO1017.jpg,NINJAGO,NINJAGO
17257,ST022,images/ST022.jpg,Stranger Things,Other
17258,SC141,images/SC141.jpg,SPEED CHAMPIONS,SPEED CHAMPIONS
17259,ST023,images/ST023.jpg,Stranger Things,Other
17260,MIN257,images/MIN257.jpg,Minecraft,Minecraft
17261,NJO1008,images/NJO1008.jpg,NINJAGO,NINJAGO
17262,NJO1048,images/NJO1048.jpg,NINJAGO,NINJAGO
17263,NJO1046,images/NJO1046.jpg,NINJAGO,NINJAGO
17264,NJO1040,images/NJO1040.jpg,NINJAGO,NINJAGO
17265,NJO0997,images/NJO0997.jpg,NINJAGO,NINJAGO
17266,NJO1015,images/NJO1015.jpg,NINJAGO,NINJAGO
17267,NJO1029,images/NJO1029.jpg,NINJAGO,NINJAGO
17268,NJO1041,images/NJO1041.jpg,NINJAGO,NINJAGO
17269,NJO1005,images/NJO1005.jpg,NINJAGO,NINJAGO
17270,DRM099,images/DRM099.jpg,DREAMZzz,DREAMZzz
17271,DRM114,images/DRM114.jpg,DREAMZzz,DREAMZzz
17272,NJO1016,images/NJO1016.jpg,NINJAGO,NINJAGO
17273,NJO1025,images/NJO1025.jpg,NINJAGO,NINJAGO
17274,NJO1024,images/NJO1024.jpg,NINJAGO,NINJAGO
17275,ST018,images/ST018.jpg,Stranger Things,Other
17276,HOL414,images/HOL414.jpg,Holiday & Event,Holiday & Event
17277,CTY1955,images/CTY1955.jpg,Town,Town
17278,SW1487,images/SW1487.jpg,Star Wars,Star Wars
17279,SW1486,images/SW1486.jpg,Star Wars,Star Wars
17280,SC138,images/SC138.jpg,SPEED CHAMPIONS,SPEED CHAMPIONS
17281,NJO1011,images/NJO1011.jpg,NINJAGO,NINJAGO
17282,NJO1006,images/NJO1006.jpg,NINJAGO,NINJAGO
17283,DRM103,images/DRM103.jpg,DREAMZzz,DREAMZzz
17284,ST015,images/ST015.jpg,Stranger Things,Other
17285,NJO1010,images/NJO1010.jpg,NINJAGO,NINJAGO
17286,SC144,images/SC144.jpg,SPEED CHAMPIONS,SPEED CHAMPIONS
17287,MIN243,images/MIN243.jpg,Minecraft,Minecraft
17288,MIN244,images/MIN244.jpg,Minecraft,Minecraft
17289,MIN242,images/MIN242.jpg,Minecraft,Minecraft
17290,ST016,images/ST016.jpg,Stranger Things,Other
17291,MIN252,images/MIN252.jpg,Minecraft,Minecraft
17292,DRM110,images/DRM110.jpg,DREAMZzz,DREAMZzz
17293,ST010,images/ST010.jpg,Stranger Things,Other
17294,NJO1037,images/NJO1037.jpg,NINJAGO,NINJAGO
17295,NJO1044,images/NJO1044.jpg,NINJAGO,NINJAGO
17296,NJO1012,images/NJO1012.jpg,NINJAGO,NINJAGO
17297,SH1101,images/SH1101.jpg,Super Heroes,Super Heroes
17298,ST020,images/ST020.jpg,Stranger Things,Other
17299,DRM105,images/DRM105.jpg,DREAMZzz,DREAMZzz
17300,NJO1019,images/NJO1019.jpg,NINJAGO,NINJAGO
17301,NJO1043,images/NJO1043.jpg,NINJAGO,NINJAGO
17302,NJO1050,images/NJO1050.jpg,NINJAGO,NINJAGO
17303,NJO1036,images/NJO1036.jpg,NINJAGO,NINJAGO
17304,NJO1007,images/NJO1007.jpg,NINJAGO,NINJAGO
17305,HP600,images/HP600.jpg,Harry Potter,Harry Potter
17306,HP609,images/HP609.jpg,Harry Potter,Harry Potter
17307,HP603,images/HP603.jpg,Harry Potter,Harry Potter
17308,NJO1009,images/NJO1009.jpg,NINJAGO,NINJAGO
17309,CTY1965,images/CTY1965.jpg,Town,Town
17310,CTY1964,images/CTY1964.jpg,Town,Town
17311,SH1098,images/SH1098.jpg,Super Heroes,Super Heroes
17312,SH1106,images/SH1106.jpg,Super Heroes,Super Heroes
17313,ST012,images/ST012.jpg,Stranger Things,Other
17314,HP604,images/HP604.jpg,Harry Potter,Harry Potter
17315,HP612,images/HP612.jpg,Harry Potter,Harry Potter
17316,HP613,images/HP613.jpg,Harry Potter,Harry Potter
17317,NJO1002,images/NJO1002.jpg,NINJAGO,NINJAGO
17318,TWN537,images/TWN537.jpg,Town,Town
17319,TWN534,images/TWN534.jpg,Town,Town
17320,TWN536,images/TWN536.jpg,Town,Town
17321,TWN538,images/TWN538.jpg,Town,Town
17322,TWN532,images/TWN532.jpg,Town,Town
17323,TWN535,images/TWN535.jpg,Town,Town
17324,TWN533,images/TWN533.jpg,Town,Town
17325,SON032,images/SON032.jpg,Sonic the Hedgehog,Other
17326,MIN253,images/MIN253.jpg,Minecraft,Minecraft
17327,CTY1966,images/CTY1966.jpg,Town,Town
17328,SON033,images/SON033.jpg,Sonic the Hedgehog,Other
17329,SC140,images/SC140.jpg,SPEED CHAMPIONS,SPEED CHAMPIONS
17330,NJO1034,images/NJO1034.jpg,NINJAGO,NINJAGO
17331,SH1110,images/SH1110.jpg,Super Heroes,Super Heroes
17332,SH1099,images/SH1099.jpg,Super Heroes,Super Heroes
17333,SH1105,images/SH1105.jpg,Super Heroes,Super Heroes
17334,SH1111,images/SH1111.jpg,Super Heroes,Super Heroes
17335,SH1107,images/SH1107.jpg,Super Heroes,Super Heroes
17336,NJO1013,images/NJO1013.jpg,NINJAGO,NINJAGO
17337,ST021,images/ST021.jpg,Stranger Things,Other
17338,MIN256,images/MIN256.jpg,Minecraft,Minecraft
17339,CTY1953,images/CTY1953.jpg,Town,Town
17340,HOL409,images/HOL409.jpg,Holiday & Event,Holiday & Event
17341,HP601,images/HP601.jpg,Harry Potter,Harry Potter
17342,SW1488,images/SW1488.jpg,Star Wars,Star Wars
17343,CTY1954,images/CTY1954.jpg,Town,Town
17344,ST014,images/ST014.jpg,Stranger Things,Other
17345,SH1102,images/SH1102.jpg,Super Heroes,Super Heroes
17346,TWN539,images/TWN539.jpg,Town,Town
17347,TWN540,images/TWN540.jpg,Town,Town
17348,MIN246,images/MIN246.jpg,Minecraft,Minecraft
17349,ST013,images/ST013.jpg,Stranger Things,Other
17350,CTY1961,images/CTY1961.jpg,Town,Town
17351,NJO0996,images/NJO0996.jpg,NINJAGO,NINJAGO
17352,HP598,images/HP598.jpg,Harry Potter,Harry Potter
17353,HOL407,images/HOL407.jpg,Holiday & Event,Holiday & Event
17354,NJO1018,images/NJO1018.jpg,NINJAGO,NINJAGO
17355,NJO1001,images/NJO1001.jpg,NINJAGO,NINJAGO
17356,NJO1022,images/NJO1022.jpg,NINJAGO,NINJAGO
17357,NJO0999,images/NJO0999.jpg,NINJAGO,NINJAGO
17358,NJO1039,images/NJO1039.jpg,NINJAGO,NINJAGO
17359,NJO1033,images/NJO1033.jpg,NINJAGO,NINJAGO
17360,NJO1003,images/NJO1003.jpg,NINJAGO,NINJAGO
17361,DRM100,images/DRM100.jpg,DREAMZzz,DREAMZzz
17362,MIN245,images/MIN245.jpg,Minecraft,Minecraft
